entity_id	business_name	business_address	country
S3-100029474	Environmental Guild & Co		US
S3-100113285	Gajanan Films Corp	T H G Marketing Private Limited Opposite Municipal Park Road, Muktsar, Gidderbaha, PB	India
S3-101613543	Marlee Sievert Carolina Inc.	Maine, ##239 Tims Cove Rd, Willimantic	US
S3-101683680	alphacare.com	A 204 Sawali Co Op Hsg Soc Plot 41 Sec 5 Khacgar, New Bombay, Raigarh, महाराष्ट्र	India
S3-101811194	Boyd, Wt & Viner Clough	Cincinnati, Ohio, 003566 Glenwood Pl	US
S3-101847360	5ádashivcreations.Com	B3/1203, Times Square Arcade, Opp. Rambaug, Nr, Ravija Plaza, Thaltej-shilaj Road, Tha, Ltej, Ahmedabad, GJ	India
S3-102277272	India Ansar Project Private [Limited]	H.no 503 Silver Arch, Aprtmnt 22 Feroz Shah Rd, New Delhi, Central Delhi, DL	India
S3-10253337	Kirti &-Partners Limited Private	#4Th Floor, Office-419-420, Zenon, Nr. Kiran Moters, New Civil Road, Surat, Surat City, GJ	India
S3-102679277	Cascade Health-Center (LLC)	313 Locke Street, Woodsboro, Texas	US
S3-102943062	Shri Shakti Private Limited Center	House No 63, Block -B Ground Floor, Parshant Vihar Rohini, Landmark Opp. C.r.p.f School, North West Delhi, New Delhi, DL	India
S3-103154542	Hearn LLC Center	7336 Route 29, Virginia, Falls Church	US
S3-103331717	Chiropractic Center	242 Godfreys Ln, Hertford, North Carolina	US
S3-1034244	Shakti Enterprises Limited Services	House No.546, Ratnagiri, Sangmeshwar, MH	India
S3-103468400	Little Hair Studio! Corporation	401 Seventh Street, Beardstown, Illinois	US
S3-103564473	Super Medical Centre  Co	Plot 913. 23/163A, KL, Ernakulam, Kalamassery	India
S3-103827885	लोटस एंटरप्राइजेज प्रा. लि.	Flat No. C 527, Pawar Enclave, S No. 86 / 3B Pune Solapur Road, Hadapsar, Poona, Pune, MH	India
S3-104517610	Pediatric Group Déntal		US
S3-104773719	Cross Endocrinology	17820 State Line Road, Illinois, Lansing	US
S3-105063195	Ear Nobe & Throat Pioneer-Associates Inc		US
S3-105209173	Masco Center	167- Ground Floor Abhay Khand - 1, Indrapuram, Ghaziabad, उत्तर प्रदेश	India
S3-105444830	Schoen-Tri-State Jpmorgan LLC	1500 Terrace Dr, # APT 31, Brownwood, Texas	US
S3-105621455	Leesa 5algado Prime Audio		US
S3-105714046	H0pper & Wilson Egh Inc	1716 Woodlawn Drive, Scotland Neck, North Carolina	US
S3-105717819	Raj-Consultancy Private	Block B-681 Krm Plaza, Regus No.2, Harrington Road. Chetpet, 8Th Floor, Chennai, TN	India
S3-105954325	ગ્રેટ સૂર્ય કન્સલ્ટિંગ પ્રાઇવેટ લિમિટેડ	Door No 350 Kanchan, Rajkot, ગુજરાત	India
S3-106314371	Diaz & Therapy Physical Mills	9300 Overhill Rd, <NULL>, Henrico, Virginia	US
S3-106333970	Cypress  Goldman	616 Porter Hill, # 168, Youngsville, North Carolina	US
S3-106454164	YWH Convnrtisdle LLC LLC	06220 Harvest St, Ohio, Springfield	US
S3-106633966	East Rídge Scuti, Inc	205 Dirks Dr, Wichita Falls, Texas	US
S3-106697507	Weber PC  Epr #87228	6- Saratoga Avenue, Waterford, New York	US
S3-10674037	Konstance Maclean Váneck LLC	1290 Mason Terrace Lane, null, Cypress, Texas	US
S3-106766489	Preferred-Industries Mortgage	742 Summer Pnace, # 304, Nashville, Tennessee	US
S3-106858818	Cranford, Mitchell and Brown Lion Llc	904 Lakeshore Dr, Kelleyss Island, Ohio	US
S3-107221991	JQ Pinnacle LLC 5ervice	420 West 6th St, Davenport, Iowa	US
S3-107362621	Calofayex	Tp 5/547, Near Mary Matha Cathedral, Thamarassery, Kozhikode, Kerala	India
S3-107454799	#cornerbistro	108 Bonhomme Lake Dr, # APT M, Saint Louis, Missouri	US
S3-107506795	Hetrick LP Ford Classic	0035 Clinton Street, Seneca Falls, New York	US
S3-107527711	TM Services Pvt Ltd.	Saltee Plaza, 6Th Floor, Room No - 612, Cabin -M25, Kolkata, Howrah, WB, Kolkata, 1/G Khudiram Bose Sarani	India
S3-107576086	R0salind B-Hernandez, DPM	##15 Quincy Close, Ridgefield, Connecticut	US
S3-107968680	Vaayuora Solutions Private Ltd	GJ, Shivalik, Shilp, Iscon Cross Road, 7Th Floor-719, Ahmadabad City	India
S3-108068657	Rocky Cénter	7430 Williams Avenue, Floor 0, Saint Louis, Missouri	US
S3-108633741	Veonexio f/k/a National Program III	2513 Dartford Drive, Crowley, TX	US
S3-108884203	H Q Kinney Inc	2005 Halbert Street, PO Box 4515, Fort Worth, Texas	US
S3-108916772	Deep Propmart Clinic	A/21, Shivshakti Chs Ltd., Indira Nagar, Opp. Madhuvan Society, J.p. Road, Andher, I (West), Mumbai, MH	India
S3-108925965	VF Quality	345 30 Avenue, Saint Cloud, Minnesota	US
S3-108993353	Tech Media Private	312 Sai Chambersnehruroad, Bombay, Mumbai, महाराष्ट्र	India
S3-109147973	Custom Regional Cola	1080 A State Road 519, Petaca, New Mexico	US
S3-109459561	Balaji Producer	Butlding No. 8/5- A5, Pb Business Point Nr, Hyundai Service Station, Nilambur, Malappuram, Malapuram, Keralam	India
S3-109505025	ಸೂರ್ಯ ಇಂಜಿನಿಯರಿಂಗ್ ಪ್ರೈವೇಟ್ ಲಿಮಿಟೆಡ್	No. 7, Bangalore, KA	India
S3-109671600	The Peon Star Metals LP	2930 33rd Street, Indianapolis, Indiana	US
S3-109760215	Internal Medicine Clinic	706 Edgewater Ridge Ct, Apex, North Carolina	US
S3-10984029	Helios (LLC)	1145 Church St, Jesup, Iowa	US
S3-11050411	Hammar, Travis and Mishler Sprott-Corp	57023 County Road 612, Kansas, Oklahoma	US
S3-11054457	BRIGHT BRIGHT CORPORATE, INC	Lead Line Rd, Virden CITY, Illinois	US
S3-110564350	Leque Wsellness LLC	27619 127th Avenue, Kent, Washington	US
S3-110844528	Smt Gsanaptit and Co #56067	H.no 546 Lecel 5, Pune, महाराष्ट्र	India
S3-110868255	Maurizia Barber Custom  Textiles Inc	1-5 Fineout Road, PO Box 5572, Deposit, New York	US
S3-110991076	Raj Trust	H No 44 S11 Shivaji Nagar, Mumbai, MH	India
S3-111013241	Keloavinyla née Chennai Pharmaceuticals Private Limited	32 12 Avadanam Ii Lane Choolai, Chennai, Tamil Nadu	India
S3-111087522	Developers Mangalam Pvt Ltd Services	No 08 1St Main, Bangalore North, Bangalore, KA	India
S3-111154851	oncologyphysicians.com	4611 Sycamore Dr, # APT 104, Lorain, Ohio	US
S3-111330943	community midwest association corp	77-A Woodcliff Road, Wellesley, Massachusetts	US
S3-112060410	Heritage Cemumdntiy LLC	149-153 Beach Avenue, # Apartment 301, Kennebunk, Maine	US
S3-112210786	optimal global madison	1073 Little Grave Creek Drive, GLN DALE, West Virginia	US
S3-11233050	Baldwin and Trant		US
S3-112557276	MARGEAUX'S BLUE BISTRO	171 Waldoboro Roda, Washington, Maine	US
S3-112746484	Healthcare Baramati Corp	Shalon Niwas, Vasantnagar, Pune, Baramati, MH	India
S3-112834985	Gulf Liquidity Llc	Yucaipa, PO Box 6919, California, #33847 Washington Drive	US
S3-113686227	Dermatology National Center Corporation	3036 Main Saint, Haover, Maine	US
S3-113868853	Flúxlumfaye	No 16/1B Ramkanta Bose Street, Kolkata, Howrah, Calcutta, WB	India
S3-114150597	tirupati computech private limited	H.no 10/160. E, Salem, Mettur, TN	India
S3-114218815	Gls Kitchen Pvt. Ltd	Block A-122 8/1104, Rajiv Gandhi Bypass, Ernad, Malappuram, Malapuram, കേരളം	India
S3-114378979	oliverakers.com | www.oliveraker.com	164 Moosehead Blvd, Maine, Bangor	US
S3-114621767	Heritage Research G1obal	02680 Rio Bravo Cir, La Riviera, California	US
S3-114646363	Haloarc	554 Cr 294, Alvin, Texas	US
S3-114668581	Drayora évo	2879 Invergarry Road, Memphis, Tennessee	US
S3-114725247	Beum	7401 Sleepy Hollow Drive, Tulsa, Oklahoma	US
S3-115176721	LLC Th0mpson Better Deutsche	Bluewater Road, Rockingham County, Virginia	US
S3-115477799	Barb Fortson Select  Center	##1 Lauderback Rd, Rogersville, Tennessee	US
S3-115889404	சில்வர் கன்சல்டன்ட்ஸ் பிரைவேட் லிமிடெட்	H.no #42, Narayanasamy Nagar Bharathi Rd, Telungupalayam, Coimbatore, TN	India
S3-115915832	Exports-Saru Services-Limited	Hn 311- C/o Ombeer Singh, उत्तर प्रदेश, Noida	India
S3-116283256	Modern	Uttar Pradesh, Gyanpur, Sant Ravidas Nagar, 32, Kemapur, Sitamarhi	India
S3-116575160	(india) Southern Management Private	K-43, Opp Plaza Cinema, Connaught Place, New Delhi, DL	India
S3-116690744	Ace Consultancy	No ##1, Bangalore, KA	India
S3-116701715	United Cirdnfolog LLC	2757 7nd St, Unit Suite E, Redmond, Oregon	US
S3-116744061	Prosperous Farms	C/o Prem Boss, Meghwalo, Ka Vas, Dhani Bazar, Barmer, RJ	India
S3-116923928	5arg Inida LLP	A-104 Krishna Shardha Apt Nilemore, Nallasopara West, Thane, महाराष्ट्र	India
S3-116965329	Meor LLC Partners	3107 Walnut Creek Drive, City Of Wilson, North Carolina	US
S3-117131502	Halcyon LLC Partners	5314 Casa Grande Drive, Topock, Arizona	US
S3-11719912	Clardy Greenland	Wythe Ave, Stephens City, Virginia	US
S3-117365780	new delhi servicesprivate private limited	#555 A 80/2/2/6, Ground Floor, Jeewan Nagar, South Delhi, Razapur, दिल्ली	India
S3-117370661	Rajmata Law-Chambers Private Limited	A/b 01, Bangalore, Kundalahalli, KA	India
S3-117524287	@prairieauto	16554 Brigadoon Trail, Gulf Shores, Alabama	US
S3-11752980	Let0urneau Neurosciences	9993- Alleghany Road, Unit Site 1067, Darien, New York	US
S3-117967737	Sheba Pesticides	2/395-21, Kannappan Nagar, Kattiganpalli, Krishnagiri, Dharmapuri, Krishnagiri, TN	India
S3-118368016	Sierra	750, Bountiful, Utah	US
S3-118428975	4-Legged  Dog	7141-B 16th Street, Unit 37, Arizona, Phoenix	US
S3-118617406	Pacific Empire	4701 Smokey Quartz Lane, Arlington, Texas	US
S3-118656129	Philbeck Díme	Texas, 249 Clear Lake City Blvd, Webster	US
S3-119206755	Primacy Trust	Mumbai, Ngpur, MH, 04 Shri Sunder Appt Medical College Road Near T B Ward Square Wanjari Nagar	India
S3-119522484	silver industries private limited	House No.65 (Basement), New Delhi, West Delhi, DL	India
S3-119604517	अल्फा सॉल्यूशंस प्राइवेट लिमिटेड	No ##12, Park Drive, Malibu Town, Sector 47, Gurgaon Kty., Gurgaon, HR	India
S3-119672792	MA Multiservices CORP	#35 Jijibhoy Dadabhoy Lanefort, Bombay, Mumbai, MH	India
S3-120498859	New Delhi Software	482 L-43-a Malviya Nagar, New Delhi, DL	India
S3-12050249	Billie, Marrs, Beauty LLC	Texas, 700 Commerce Park Dr, Grand Prairie	US
S3-120585447	Earthmovers Constellation Limited	Vill- Mahua Snigh Rae, Tola-mahua Singh Rae Post- Mahua, Ps-mahua, Mahua, BR	India
S3-120821165	Nexnex trading as Lyreon Sterling Inc.	560 Boyero Avenue, Pueblo West, CO	US
S3-120955522	Ansley's Wellness  Inc	0440 Green Acres Place, Algona, Washington	US
S3-121040654	Sunshine's Pinnacle Solutions Llc - 5581065873	223. Marlboro Road, Ardmore, Pennsylvania	US
S3-121085378	Choice Technologies Services	#12015 182nd Avenue, Village Of Bristol, Wisconsin	US
S3-121313897	Secure-Usa LLC	4163 1/2 Green Trail, Town Of Jackson, Wisconsin	US
S3-121402607	Onyxwexvera	18365 Mountain Road, Hanover County, Virginia	US
S3-121597783	National Investments L.L.C.	6641 Virginia Lane, Bessemer CDP, Alabama	US
S3-121609463	Leann Colon  Federal		US
S3-121672349	United 5chool Charter	15425 Haiuk Rd, Evansville, Indiana	US
S3-121979776	Anne Évans Rogers LLP	4137 Polkville Road, Shelyb, North Carolina	US
S3-122034320	Jones Newhold LLC	1860 Inglewood St, Mesa, Arizona	US
S3-122324004	ਹਰੀ ਸੋਲਿਊਸ਼ਨਜ਼ ਪ੍ਰਾਈਵੇਟ ਲਿਮਟਿਡ	Door No 5-Lhehal Colony Patiala, Punjab, Patiala, PB	India
S3-122480302	Grove Global	2104 Lakeview Parkway, Locust Grove, Virginia	US
S3-12262859	LIMITED VALUE FINANCE	759/34, Bhandarkar Road, Near Pyc Hindu Gymkhana, Pune, महाराष्ट्र	India
S3-123081077	অরিহন্ত ইনফ্রাস্ট্রাকচার প্রাইভেট লিমিটেড	C/oprabhat Rai, Amarpally, P.o. New Rangia, Matigara, Darjeeling, Darjiling, WB	India
S3-123086714	Thoothukkudi Tradex Co		India
S3-123171495	Gatiman Law Law Limited Center	#465 H.no.-69/5, Albony Lodge, Bahraich, उत्तर प्रदेश	India
S3-12346318	Colonial Colonial Dynamix Center	4895 Allen Avenue, Flagstaff, Arizona	US
S3-12375700	Bagwe Wafers Private Ltd	Sno D/672/3a State Bank Hsg, Pune, Pune City, MH	India
S3-123911694	a choice carlyle inc	18365 Mountain Rd, Hanover County, Virginia	US
S3-124122399	Diligence Trading Private  Limited	#45 Ranveer Nagar, Etawah, Etawa, I.t.i Chauraha Mainpuri Fatak, UP	India
S3-124127536	Horizon Wireless Associates Inc	229 Glenrock Drive, Charlotte, North Carolina	US
S3-124216815	KF Encaevoru Pvt Ltd	H.no 38-B Gobied Nagar, Ambala, HR	India
S3-12440513	Awadallah Family	2261 St Vincent Avenue, La Salle, Illinois	US
S3-12484751	Oncology Medicine	4 Collins Avenue, # B, Plymouth, Massachusetts	US
S3-124981948	Allied Initiative	Oregon, 38108 Olney Ln, Astoria	US
S3-124985388	Shree Limited Services	No. 13, Jagannath Nivas, Ground Floor, Avantikabai Gokhale Cross Road, Opera Ho, Use, Mumbai, Mumbai City, MH	India
S3-125030122	Ogle Cómplete Open	006743 Highway 56, # A, Chauvin, Louisiana	US
S3-125070393	Pediatric Partners Associates Inc.		US
S3-125287699	Sunderland Baptist Assocoiogiron		US
S3-125420906	Dr Jsr Bizcon Private		India
S3-125689054	Unique Private Limited (Partners)	D-13, Shopping Centre-ii Mansarovar Garden, New Delhi, DL	India
S3-125936517	Lee Mitsubishi	150 Old Liverpool Road, Unit Apartment 403, Salina, NY	US
S3-125985129	SY Muniyield	5336 Riviera Dr, Fort Wayne, Indiana	US
S3-125997147	Horizon	106 Hampton Vista Drive, Manorville, New York	US
S3-12601663	Atlantic Mitsui	930 M St, # 408, Washington, District of Columbia	US
S3-126059605	Vision Care of Klamath	0584 Old Midland Road, null, Klamath Falls, Oregon	US
S3-126144852	Bharat Fóod Private	No G-701, Mumbai, MH	India
S3-126366503	Orthopedic Highland	301-303 Teague Street, WAKE Fores CDP, North Carolina	US
S3-126560737	Allahabad Theccloogis LLP	13/15, Allahabad, UP	India
S3-126770398	Environmental Council Cre	College Hwy, Southwick, Massachusetts	US
S3-126956196	Sun Limited Private Systems	Plot No.-62, Block-c, Goverdhan Kunj, Bhondsi, Gurgaon, हरियाणा	India
S3-127091046	Smart  Trading Advisors	#5577 165th Place, Portlannd, Oregon	US
S3-127198618	Leong  Medical	5436 Bigfork Rd, Missoula, Montana	US
S3-127354316	Jobye Mack  Inc Center	11625 Robinson Drive, # Apartment 309, Coon Rapids, Minnesota	US
S3-127446116	*** Cornerstone Quality Pet Care	1716 Lynn Street, Mishawaka, Indiana	US
S3-127715999	Reyes Midwest Sunshine (LLC)	173 Sherman Street, Phoenix, Arizona	US
S3-127733918	Oncology Group	3556 Piedomnt Rd, Unit 108, Atlant Atownship, Georgia	US
S3-128008293	Zetanovi t/a Elite Telecom Union	Mcminnville, OR, 355 Russ Court	US
S3-128384129	Sltoe PLLC	735C Charlton St, Massachusetts, Southbridge	US
S3-128460522	Vaughn Martino and Aiello Consultants LLC	320 Foley Street, Sullivan, Indiana	US
S3-12892049	Bee, Muller and Hirschfeld Telecommunication L.L.C.	North Carolina, 243 Norwood Hollow Road, Banner Elk	US
S3-128967763	téchnologyprivatess.com	#1164, Central Delhi, DL	India
S3-129004961	Rivera Valley Epr (Llc)	Yonkers, New York, 492 Mclean Ave, Unit Apartment 1	US
S3-129074341	New Delhi Service Private	Noida, DL, F-90/3c/1 Okhla Industriallrea Ph 1, South Delhi	India
S3-129082904	Rodi Youngblood (Partners)	201- Picea Dr, Austin, Texas	US
S3-129121239	Gentry Supreme Biopharmaceuticals Ltd Ltd	618 Danny Lane, Franklin, Tennessee	US
S3-129229237	LIFE TECH PRÍVATE LIMITED	405, Mehta Court Annex, 13, Gilder Lane, Mumbai, MH	India
S3-12964700	Span Media	Door No 277 D- 298, DL, Basement Defence Colony, New Delhi	India
S3-129845560	5ervice Ferrify Inc	2302 Branson Landing, Unit Unit 302A, Branson, Missouri	US
S3-130183293	Shiv  Enterprises Private [Limited]	C/o.teja Seeds And Pesticides, Church Complex, Main Road, Krishna, Guntur, AP	India
S3-130229744	Flores'S Constdlnts Inc.	Dohm Avenue, Guilford, Connecticut	US
S3-130267472	COMMERClAL INVESTMENT ADVISORS LLC	5515 Mills Civic Pkwy, Unit Suite 145, West Des Moines, Iowa	US
S3-130399752	Pyrafluxwex	Block C-676 Medicine Tower 1St Floor Near Sajjad Nursing Home Hamidia Road, Bhopal, MP	India
S3-130421599	East-Saint	475 22nd Street, East Saint Louis, Illinois	US
S3-13093145	Blossoms (Spices)	H.no 21, TN, Chennai	India
S3-131579096	Whale Industries-Group Limited Service	Pune City, Hno 2/1B Sno 9 Guajrwadi, MH, Pune	India
S3-131667507	बेस्ट इंटरनेशनल एलएलपी	#377 Guptabhavan, Regional Office Aurangabad, Aurangabad, महाराष्ट्र	India
S3-131721676	Empire Society	8263-8267 Harcourt Rd, Indianapolis, Indiana	US
S3-132161545	KAHN, GIROUX & WELCH GUARANTY	139 Whitehall Driev, Clarksville Township, Tennessee	US
S3-132247477	Shri Sushma India Company	C/o Beena Kumari P, Sai's 2366923 Paral Rd Cly Var, Po Kuthuparamba, Kannur, KL	India
S3-132367997	United Holdaicng Company	1009 Torngat Ct, PO Box 4049, Virginia Beach City, Virginia	US
S3-132435881	Shri Phenix Brothers  Private Limited	B-307, Phar Ganj, New Delhi, DL	India
S3-132436099	Eckles Guggenheim	3721 Queenswood Ln, Garlannd, Texas	US
S3-132452585	zzvendome.com	2190 State Rte 213, Tiptonville, Tennessee	US
S3-133062970	anchor chemical group	2 South St, Beacon CDP, New York	US
S3-133165377	Empire Acp LLC  Center	001201 Harrill Street, # 1, Charlotte, North Carolina	US
S3-133503710	Foot Ankle Cascade Partners Partners Service	6070-6074 Moores Mill Rd, Alabama, Huntsville	US
S3-1336350	Yumapyra One dba Graham's Solutions Inc	AZ, Sedona, 4500 Thompson Road	US
S3-133689594	Shri SAWANT DESIGNERS PRIVATE LIMITED	Flat No. A-102, La Regencia, Panipat, HR	India
S3-133705918	Anchor Rlialbe Live LLC	3678 Lauren Court, Crisfield, Maryland	US
S3-134062377	American Council LLC LLC (ID: 53092)	998C Lookout Mountain Rd, # SITE A, Mcalester, Oklahoma	US
S3-134314470	Morales Robbyw PC	Washington, 5074 Lowell St, District of Columbia	US
S3-134557927	Jai LLP Center	পশ্চিমবঙ্গ, Kolkata, Howrah, Unit 7B	India
S3-134805820	Continental Marine	Tennessee, Nashville, 1801 Meridian Street, # 402	US
S3-134940450	Ltd Aim Dévelopers	Door No 1/44 Rashmi Khand, Eldeco Rashmi Khand, Sharda Nagar, Lucknow, UP	India
S3-135249363	Smgi & Co	#97 House No 922, Delhi, North West, DL	India
S3-135476577	ND Mercury LLC Center	1155 Omalley Dr, Lake Zurich, Illinois	US
S3-135506976	Private Invicta (India) Patient Limited	4, Jehan Plaza, New Gangapur Naka, Nashik, MH	India
S3-135863660	rayesprimeassociates.com	59 3000, Roosevelt, Utah	US
S3-136025145	*** Mumbai  Financial Pvt Limited	Mumbai Suburban, B3/8th Floor, MH, Mumbai	India
S3-13608450	Ksr Nursing Services	59, Namma Mane, Royal Palcid Phase-2, Haraluru Road Hsr Extension, Bangalore South, Bangalore South, KA	India
S3-136097792	Smt Chokshi Broems Private Limited	61/29/N3, Malda, Bardhaman, পশ্চিমবঙ্গ	India
S3-136800035	Morgan Bain LLC Services	21A Courtesy Dr, Thomasville, North Carolina	US
S3-137202105	Daon Continental	7667 136, Terrell, Texas	US
S3-137232069	Heartland Miinsatais	24 Piccadilly Court, Durham, North Carolina	US
S3-137263496	பாபா ஸ்ரீ டெவலப்பர்ஸ் லிமிடெட்	4Th Floor Peters Road Royapettah, Chennai, H.no G-278/102, TN	India
S3-137266029	Leach-Capstone LP	1713 Taylor Gaines Street, Austin, Texas	US
S3-137486842	West South Incorporated	37504 Oliver Dr, Selbyville, Delaware	US
S3-137608904	Vazquez,-Swanson & Burns Clinic	3316 Concord Ct, Lockport, Illinois	US
S3-137936234	Highland Services	77 Montauk Hwy, Brookhaven, New York	US
S3-138183509	Veracira Labs dba Vanton Cable L.L.C.	1025 Mulligan Drive, Oro Valley, AZ	US
S3-138608340	ॐ कंस्ट्रक्शन प्राइवेट लिमिटेड	राजस्थान, Mansarovar, Jaipur, 152/38	India
S3-138681824	Family (Medicine,)	Creekside Circle, North Canton, Ohio	US
S3-138734399	Premier Brown	Minnesota, Minneapolis, 3542- Architect Avenue	US
S3-138800454	kirtika solar limited	No.301, 3Rd Cross, Rustum Bagh Main Road, Bangalore, Bangalore North, KA	India
S3-13888208	Pacific Federation	53 North Street, Fl. 1, Galesubrg, Illinois	US
S3-139115636	Flytech  Brothers Private Ltd	9-2/30, Chah Kamal Purana Bazar, Hapur, Ghaziabad, UP	India
S3-139232892	West  Royal Tankers	525 Main St, Richardson, Texas	US
S3-139233218	Lowry  Family LLC Center	1501 1/2 New Hope St, Unit Rear, Norristown Borough, Pennsylvania	US
S3-139270367	ନର୍ଥ ବିଲଡର୍ସ୍ ଲିମିଟେଡ୍	No. 191 Market Building, Nayan Vihar At - Kasoti, Po - Pandiri, Kendrapara, OD	India
S3-13927832	Prosperous Farms  Private Limited	RJ, C/o Prem Boss, Barmer, Meghwalo, Ka Vas, Dhani Bazar	India
S3-139404511	Pr0sperous Farms Private	C/o Prem Bss, Meghwalo, Ka Vas, Dhani Bazar, Barmer, RJ	India
S3-139614569	Tisaia Green Group Service	3531 37th St, NULL, Town Of Grand Rapids, Wisconsin	US
S3-139894630	ಸ್ಮಾರ್ಟ್ ಮ್ಯಾನೇಜ್‌ಮೆಂಟ್ ಪ್ರೈವೇಟ್ ಲಿಮಿಟೆಡ್	ಕರ್ನಾಟಕ, H.no 201, Bangalore North, D.no.562/2-12, H I G House, Bangalore Urban	India
S3-139997234	Invicta  (India) Patient Private		India
S3-140112858	फर्स्ट फूड प्राइवेट लिमिटेड	201 First Floor, Supertech Emerald Court, Sector-93a, Noida, Gautam Buddha Nagar, Uttar Pradesh, Gautam Buddha Nagar, Dadri, UP	India
S3-14054909	Jasper Llc	8 Dalton Ct, Richlands, North Carolina	US
S3-140566609	Hunger Fellowship Inc.	01314 University Drive, Unit 31, Tempe, Arizona	US
S3-141078543	Horizon  Inc (ID: 10546)	1145d Micheline Terrace, Richmond, Virginia	US
S3-141295514	Eleanor W. Ph.D. Mathenia,	458 Columbia, Colville, Washington	US
S3-141335411	Peters Custom-Alphabet Corporation	15225 Shalimar Dr, Wilmer, Alabama	US
S3-14135513	Nevarez, Labarge and Woods  Horse LLC	05540 Atlantic Crossing Drive, Raleigh, North Carolina	US
S3-141374394	Angel It Limited Private	5-993/20/52, null, Gulbarga, KA	India
S3-141832724	Mi1estone Highrise Co.	House No.#280, Lig Housing Board Colony Saraswati Vihar, Chakkarpur, Gurgaon, HR	India
S3-142047535	oliveirasappliance.com - 5025762705	840 Miller Road, Ola, Arkansas	US
S3-142206754	eleanorwmathenia.com	458 Columbia, Colville, Washington	US
S3-142479434	Inc Peon Star Metals	33rd St, Indianapolis, Indiana	US
S3-142486674	Ortega Vcntfaruse LLC	201 1/2 Montana Wells Road, Rio Rancho, New Mexico	US
S3-142684195	faheydynamicgenesis.com	15 Lick Branch Maces Creek Rd, Viper, Kentucky	US
S3-142867134	Travis Aimei L.L.C.	331 Railroad St, Lovington, Illinois	US
S3-142908372	ഈസ്റ്റേൺ ഇൻവെസ്റ്റ്മെന്റ് പ്രൈവറ്റ് ലിമിറ്റഡ്	Room No. 380, Kumaranellur P O, Thrissur, KL	India
S3-14291072	Digital  Logistics LLC Digital	104th St, Omaha, Nebraska	US
S3-142999592	Credit Retail	16163 Beechnut St, Houston, Texas	US
S3-143001190	Schuler Capital Douglas, Llc	255 Lost Springs Ter, PMB 2321, Beaverton, Oregon	US
S3-143121763	Samudra Investments Private	Kanaiyalal No Madh, Mahesana, Vadnagar, GJ	India
S3-143138365	Ariela's Rapid Studios [P.C.]	Fl 1, Washington, 4428 26th Avenue, Lacey	US
S3-143156429	Chesney Meridian Lp	05 Harvest Hills Dr, Woodbine, Iowa	US
S3-143214262	Cedar	07477 Covered Bridge Dr, Floor Ground Floor, Waterloo, Illinois	US
S3-143273381	Namakkal It Private Límited	Floor, Bangalore, Bangalore Rural, KA	India
S3-143280710	Apex Inc Center	Victorville, California, 13195 Brant Rd	US
S3-143802519	Shri Eastern  Investment Pivte Limited	Room No. 380, 1St Floor, Bismillah Shopping Complex Market Road, Ottupara, Wadakancherry, Thrissur, Kumaranellur P O, KL	India
S3-143931248	Raviya Infra of Konnagar Konnagar Ltd	Door No #99/A Indira Gandhi Road Prasanna Vila, Ground Floor Flat No-13, Konnagar, Hooghly, WB	India
S3-143985594	Ectoonyx Co F/K/A Classic Mortgage Works	12739 Mcdowell Street, Le Grand, CA	US
S3-144033207	Suryatech Office Private	Dharm Bhakti Estate, Opp. Sonet Ceramic Old Ghuntu Road, Rajkot, Jambudia, GJ	India
S3-144245757	bhoomi tradecom pvt ltd	136 A, Hundred Feet Road, Gandhipuram, Coimbatore, தமிழ்நாடு	India
S3-144338647	Tri-State Medical Center Inc	192 61st Street, Galveston, Texas	US
S3-144497243	Premier Nutrition Systems LLC	Massachusetts, 190 1/2 Appleton St, Cambridge, N/A	US
S3-144509313	Green Sterling LLC Center	209 Mira Vista Drive, Santa Cruz, California	US
S3-144576601	Shri 5hare Kay Private (Limited)	No 11 Sunder Puri, Bulandshahr, UP, NULL	India
S3-144704370	Global Plk Learning Public Limited	##2-57, Madapur, Narsapur, Medak, తెలంగాణ	India
S3-144959840	FT Keystone Big Inc	Arizona, Chandler, 136 Willow Creek St, Fl 1	US
S3-145000481	Continental Patriot Iron Corporation	750 239th Ln, Sammamish, Washington	US
S3-14527076	M & M Commerce L.L.C.	250 Ivy Dr, Liberty Hill, Texas	US
S3-145308507	Kumaran Food Private Limited	#398 Gat No 605/1 Pirangutmulsi, Pune, MH	India
S3-145428330	clinicadvika.com	Flat No A-404, Bangalore, Bengaluru, ಕರ್ನಾಟಕ	India
S3-145598473	Mumbai Consultancy Limited Services	Mumbai Churchgate, Mumbai City, MH	India
S3-145812716	QTN Logistics Private [Ltd]	18-2-43/A/51/A/1, Ghazi Millat Colony, Chandrayana Gutta, Bandlaguda, Hyderabad, TG	India
S3-146082519	Sky Markdig Private Limited	MH, Pune City, Pune, Florentine Villa No 5, S No 60A/2/1B Cts Ghorpadi	India
S3-146547507	Multitude Trading Private	Mumbai, MH, 764- Rm No-697 9/2, Bandra	India
S3-146689487	Exports	Rangareddy, 231, Part 316, Diamond Road, Nallagandla, Gopannapalli, Sherrlingampa, Lli, Hyderabad, Flat No.69, Telangana	India
S3-146925744	Vantagepyra trading as Legacy Electronics Partners Corp	1019 Hugh Street, Frontenac, KS	US
S3-14698536	YJV Power Limited Services		India
S3-14707277	Olivia Consultants Private (Limited)	No 0039/2, Bannerghatta Road, Bangalore, Bengaluru, KA	India
S3-147711174	Jgbcra LLC	8 Dalton Court, Richlands, North Carolina	US
S3-147742565	Private Diligence Trading Limited	उत्तर प्रदेश, Etawah, I.t.i Chauraha Mainpuri Fatak, Etawa, 45 Ranveer Nagr	India
S3-147985479	XJX Limited Private  Tradewell	F1, First Floor, Block A Priyanka 3/574, Mugalivakkam Main Road Madhanandh, Apuram, Chennai, TN	India
S3-148053658	Cirapyra+ née Surya Producer Private Limited	C/O Nand Jee Dubey Vill, Dasiyawan Rampur, Kesath, Buxar, Bihar	India
S3-14814318	Summit Inc	1021 Avent Hill, Unit B3, Raleigh, North Carolina	US
S3-148518737	Sri @shivendesign	4/A, Floor - Grd, Recondo Compound, Sudam Kalu Ahire Marg, Glaxo, Worli Colo, Ny, Mumbai, Mumbai City, MH	India
S3-148548369	Services Srrsseae Intelligence Private Limited	No #169 Flat 20-15, Mumbai, Mumbai City, MH	India
S3-148568829	Capital Pi0neer Fast		US
S3-148950695	>> Ridge School of Medicine  Inc	Foxgrape Hollow, Beech Mountain, North Carolina	US
S3-148952273	Treichel &-Rennie	Aaron Cir, Vacaville, California	US
S3-148966530	Marlo Nguyne Oaktree, Inc	72 Cuontry Run Dr, Jackson, Tennessee	US
S3-149054551	Legacy LLC Cleaning	1305-1307 University Ave, # Unit 112, Waukee, Iowa	US
S3-149268343	ಈಸ್ಟ್ ಎನರ್ಜಿ ಪ್ರೈವೇಟ್ ಲಿಮಿಟೆಡ್	Shimoga, KA, Flr, 891, Savalanga Rd, Lal Bahadur Shastri Ngr	India
S3-14934788	क्रिएटिव प्रोजेक्ट्स लिमिटेड	12Thfloor/1, Mumbai, Mumbai City, महाराष्ट्र	India
S3-149535932	VALLEY STERLING INTERCONTINENTAL PARTNERS	Oklahoma, Bibxy, 13119 72nd Pl	US
S3-150054676	Ansley's Wellness LP	0440 Green Acres Pl, Algona, Washington	US
S3-150291009	Meva	01150 Powis Rd, Unit 7, W. Cihcago, Illinois	US
S3-150512306	Surgical  Care of Dixie	4089 Dixie Hwy, Dixie, West Virginia	US
S3-150588674	Ec0nomic  Deeorcgssnt Project	#45 Lake Mist Drive, null, Piperton, Tennessee	US
S3-150805296	Masco Fnodatsibn	Ghaziabad, Indrapuram, Ghaziabad, UP, 167- Ground Floor Abhay Khand - 1	India
S3-15083122	Hernandez  Crystal Enhanced Inc	9492 Debroux Ct, Town Of Gardner, Wisconsin	US
S3-151061089	SARAOR INC	Pine St, Biddeford, Maine	US
S3-151327758	All Agricultural  Worldwide Corp	Rowan Dr, Nashville, Tennessee	US
S3-151348292	Faulkner Patriot	Arizona, Buckeye, 1003- Eason Ave	US
S3-151739011	Pediatric Pártners Associates	10 Glen Ellen Boulevard, Millis, Massachusetts	US
S3-151921058	Sky All  Technology Private Limited	Plot D/626 32-B, South Delhi, New Delhi, DL	India
S3-152288304	Hari	Selliyamman Nagar, Perambalur, Tamil Nadu, Perambalur, 2/381C Senjeri Bypass	India
S3-152422323	Autism  Assistance	9944 Easton Sky Ln, Cypress, Texas	US
S3-152515064	Rose Developers Pvt Límited	Kakrola, DL, New Delhi, A ##17	India
S3-152654301	Lyreon Stllnig Inc.	560 Boeero Ave, Pueblo West, Colorado	US
S3-152704099	4448 Holdings Way Seventh	525-529 50th Place, Washington, District of Columbia	US
S3-153042506	Lewis  Fortune	Memphis, #2948 Harris Circle, Tennessee	US
S3-153151250	Summers, Ka1li M.D.	365 Camino Al Barranco, La Selva Beach, California	US
S3-153453727	Unique Sangh Corporation	Hatzan Bazar Madrasapally, Birbhum, Suri, WB	India
S3-153517200	Orbijax formerly: Sree Investment Private Limited	Gala 7, 1B, Singh Industrial Premises, Ram Mandir Road, Goregaon West, Mumbai, Mumbai City, Maharashtra	India
S3-153532515	Ram Premises Private [Limited]	Rupantar Building, 891 Jessore Road, 2Nd Floor, North 24 Parganas, Dum Dum Park, WB	India
S3-153541941	Flame Famtrri (India) Private Limited		India
S3-153552671	साउथ टेक्नोलॉजी लिमिटेड	Unti No 1301, 13Th Floor, Peninsula Business Park Tower B Senapati Bapat Marg, Lower Pare, L West, Bhiwandi, Mumbai City, MH	India
S3-153965669	Leach Capstone	1713 Taylor Gaines Street, Austin, Texas	US
S3-153974761	Shri  Diamond Venture Private Limited	Flat No E 704- Grand Ajnara Heritage Plot No Gh 01 B Sector 74, Noida, Gautam Buddha Nagar, UP	India
S3-154148380	Jennilee Saucier Gen Corporation	03628 Spruce St, City Of Racine, Wisconsin	US
S3-154366608	Certified Financial Ventures (Llc)	13 Davis Mtn Education Center #2 Rd, null, Fort Davis, Texas	US
S3-154452558	LLP Purti Software	HR, ##290 3 2, Gurgaon, Sadar Bazar, Old Delhi Road, Prem Nagar 2	India
S3-154585554	Unified Union Education (ID: 82098)	Oklahoma, Yale, 4114 Underwood Rd	US
S3-155250976	Alpha Tech  Private Limited	Sy No. 449/E, Hyderabad, TG	India
S3-155268729	Concepttravels.Com	Plot 692 Shreeji Inustries, Vadkun, Dahanu Road, Thane, MH	India
S3-15538015	Federal Glóbal LLC	22 Jackson St, Vernon, Indiana	US
S3-155948552	Swad  Pharmaceuticals Prgmalgte Limited	Door No ##222 First Flior, New Delhi, South Delhi, DL	India
S3-155968076	സ്വസ്തിക് ടെക്നോളജി എൽഎൽപി	171. 11/293, Nadackal, Kottayam, KL	India
S3-15613185	Super Foods প্রাইভেট লিমিটেড	388/2 Upen Banerjee Road (New 38 Upen Banerjee Roa Airport Road, 1St Floor, Parganas South, Kolkata, পশ্চিমবঙ্গ	India
S3-156242375	Bushway, Phmots + Beltran Center	Virginia, Spotsylvania County, 11110 Park Ridge Road	US
S3-156243891	United Project VI Corp	##351 Blue Glacier Loop, Sequim, Washington	US
S3-156308394	ಗುರು ಸರ್ವಿಸಸ್ ಪ್ರೈವೇಟ್ ಲಿಮಿಟೆಡ್	18, M.g. Road, Bangalore, ಕರ್ನಾಟಕ	India
S3-156353642	The Vertex Esports, L.L.C. | www.thevertex.com	7767 White Chapel Road, Newark, Ohio	US
S3-156430990	Youth Ministries	1017 Autumn Lane, Concord, North Carolina	US
S3-156524979	Macedo Valley Lnoncert	104 Oak Forest Ln, # H, Dallas, North Carolina	US
S3-156588948	રેડ ટેક્નોલોજી પ્રાઇવેટ લિમિટેડ	B/2/268, Madhuvrund Society, Swi Park, Nr Gopal Bag Soc, Neelkhanth Mahadev Man, Dir Road, Ahmedabad, ગુજરાત	India
S3-156666432	Solonyx	House No. 00253 Block Road Ekma, Ekma, Saran, BR	India
S3-156765328	Exim Marketing-Private	25, 1St Floor, 4Th Main Road, Inbetween 2Nd & 3Rd Cross, Chamarajpet, Bangalore, KA	India
S3-156785651	Ectotavowex d/b/a Clyola Neuberger Group	21 Elm Lane, Westerlo, NY	US
S3-156936093	Central Security Prodcuist	##14 Kimmie Court, Sacramento, California	US
S3-157148638	Frayda's Spécialists	36 Celestial Way, Marshall, North Carolina	US
S3-157474807	சாய் ஃபுட்ஸ் பிரைவேட் லிமிடெட்	#35, Chennai, TN	India
S3-157615679	Fateh Pur Foods	Fateh Pur, Baraiya, UP, Barabanki, C/o Atul Kumar	India
S3-157723808	Quozeph formerly Behavioral Health Unified Associates LLC	12514 Capstone Drive, Hagerstown, MD	US
S3-157889911	Federal Marine Advisors LLC	113 Main St, Jackson Center, Ohio	US
S3-158000931	Marj G. Branch, P.A., M.D., Inc	64 Medow Ln, West Norriton Township, Pennsylvania	US
S3-158009967	Llc Spurr and Hill Patriot	Narrow Ln, New Market, Alabama	US
S3-158047009	Allied Healthcare Corp	Plot 343 City Sr No 170 Word No 1, Plot 255-256/B, Bhavnagar, ગુજરાત	India
S3-158077522	Elite Property Services	005 Gallaudet St, Washington, District of Columbia	US
S3-158096574	ಹರಿ ಬಿಸಿನೆಸ್ ಪ್ರೈವೇಟ್ ಲಿಮಿಟೆಡ್	No.421, Iti Layout, Bangalore, ಕರ್ನಾಟಕ	India
S3-158304607	Keya  Livelihood Pvt	Block G-423 Marvel Cascada, Pune, MH	India
S3-15836225	Red Producer	Old Bhangrola Road, Sector 8, Near Airtel Building, Imt Manesar, Gurugram, हरियाणा	India
S3-158683954	L.L.C. Boo	3 Groom Street, Unit 3R, Dorchester, Massachusetts	US
S3-158718068	साईं प्रोजेक्ट्स प्राइवेट लिमिटेड	Rz- 18 H/2, West, South West Delhi, DL	India
S3-158846260	Bharat Exports Pvt Ltd	TG, 401Srivenkateswaraenclave, Rangareddy	India
S3-158851482	Limited Services Hcm Jewels (Services)	Plot No.: ##2224/2225, Kalpana Area, Khordha, Bhubaneswar, OD	India
S3-159112003	(Ltd) Panvel Sugar	Shop No. ##4, MH, Panvel	India
S3-159238066	Donnie Gamrocl Fitness	3531 Maris Way, Humble, Texas	US
S3-159636646	Cornerstone (Inc)	127 Hillcrest Road, PMB 3922, Maggie Valley, North Carolina	US
S3-159666196	Signature Nutrition	2351 Presbury St, Baltimore, Maryland	US
S3-159879945	QTN Logistics Limited (Services)	18-2-43/A/51/A/1, Hyderabad, Rangareddy, తెలంగాణ	India
S3-160213595	LVD Touch-Limited	Pune, Magarpatta City, Block C-0472 D-112, Pune, MH	India
S3-160266941	Rain Moore Total	3945b Octavia Ave, Illinois, Chicago	US
S3-160747785	Alcala Era	6566 Metso Road, NULL, Kettle River, Minnesota	US
S3-160960490	Oncology Better	1406. Whittier Ave, Hempstead, New York	US
S3-161083555	Juhl-Silicon	Cardinal Dr, Costa Mesa, California	US
S3-161568472	Mogal Consultancy Company	Hn C-290 Covaitechpark, Fl.1, Tw.1, 758/2, 759/2, Kovaithirungr, Coimbatore South, Coimbatore, TN	India
S3-161671320	Jenn Graves Better Systems	Us Highway 70, San Patricio, New Mexico	US
S3-161706573	commissiononparks.com	675 Read Street, Seekonk, Massachusetts	US
S3-162022375	Halowex Sys DBA: Jalandhar Experts Pvt Ltd	Industrial Plot No. 28, Kapurthala Road, Wariana Industrial Complex, Jalandhar, Punjab	India
S3-162104419	Miraciraonyxio D.B.A. Adarsh Polytechnic	Unit No 404, 4Th Floor, B-Wing, Maruti Chambers, Veera Desai Road, Near Yash Raj Studio, Andheri West, Mumbai, Maharashtra	India
S3-162110097	White Gelbal Private Limited	Cd-242, Second Floor Vishaka Enclave, New Delhi, DL	India
S3-162129103	Kost-+  Welsh	27 Park Towne Dr, Granite City, Illinois	US
S3-162199234	Peach Serve (India) [Private-Limited]	Tentulberia, <NULL>, Howrah, Kolkata, WB	India
S3-162843413	Shantaram Institute Of Technology	Block B-107 D-38/a, Ashok Marg C-scheme, Jaipur, Near Ahinsa Circle, राजस्थान	India
S3-162878027	Bright Bakery	Obsidian Avenue, Redmond, Oregon	US
S3-162965942	Yashodhara Gift Private Ltd	C/o Jashoda Mukherjee, পশ্চিমবঙ্গ, No: 226 Laxmipurmath Near Jora Mandir, Sudhanpur, Bardhaman	India
S3-163000717	RV Strátegic Ápplied LLC	296 Bethany Road, Franklin County, Virginia	US
S3-163029054	Ironclad-Pllc	181 Audubon Rd, Jacksonville, North Carolina	US
S3-163271648	Main Sctrheht Hypnosis	8805 1/2 Springsbury Pl, # 6, Hurstbourne, Kentucky	US
S3-163295180	Education Initiative	129 Chandler Way, Louisville CITY, Tennessee	US
S3-163357592	Lilly and Mcnally Inc.	247 Royal Parkway, Frankfort, Kentucky	US
S3-163495015	Golden Omega	813 Belanger Street, Houma, Louisiana	US
S3-164195993	Ray,, Myrtía MD, P.C.	21 5th St, # Apartment E, Marshield, Wisconsin	US
S3-164283251	Llc Maguire Distribution	364 900, Smithfield, Utah	US
S3-164461247	Dream Dream Private Limited Center	B-00404 Matruchhayas N Road Mulund (W), Mumbai, महाराष्ट्र	India
S3-164793220	Shyam Center	Rajesh S/o Sh. Ramkumar Village Mirzapur, Po Mirzapur, Hissar, हरियाणा	India
S3-165297369	Pierce Inc Services	Old Conover Startown Road, Newton Township, North Carolina	US
S3-165362667	Quantify Hóvnanian	Illinois, 742 2nd Street, West Brooklyn	US
S3-165452142	ZKJ  Limited Center	RJ, Deoli, Hn 1-814 98, Tonk	India
S3-166248042	Ortega LLC Ventures	New Mexico, Rio Rancho, 201 1/2 Montana Wells Road	US
S3-166402364	Lans Conductors Pcrieae-Limited	Plot 884 C/o Sangameshwar Motiram Patil Mukhed Mukhed Tq. Mukhed Mukhed, Nanded, महाराष्ट्र	India
S3-166545594	aarvendrasuppliers.com	A-08, Gaur Cascades, Ghaziabad, UP	India
S3-166890726	Sky Technology	Gandhi Nagar, 701, Inspire, Business Park, Shantigram, Bts-#1, GJ, Gandhinagar	India
S3-16692499	Smt Laxmi Consulting Private Limited	KL, Palakkad, 13/288, 1St Floor, Irumban Building, Sreekrishnapuram (Post)	India
S3-166949745	Ankita Medical Cenrte	9-4-62, Nizam Colony, Tolichowki, Hyderabad, TG	India
S3-166981825	கிளாசிக் சிஸ்டம்ஸ் பிரைவேட் லிமிடெட்	Left Portion Of Ground Floor, Chennai, தமிழ்நாடு	India
S3-167057593	Golden Producer	Office No-9, C-38 F/F, Gali No-13 Madhu Vihar, Near Hanuman Mandir, New Delhi, East Delhi, Delhi	India
S3-167093983	New Chits Delhi Corp	G - 53 Sarita Vihar, NULL, New Delhi, North Delhi, DL	India
S3-167350066	6reat Rare Holdings	##2036 Claremont Street, Northwest Annex, Arizona	US
S3-167690186	Angela	Plot No-142-904, Kendujhar Town, Keonjhar, Kendujhar, Orissa	India
S3-167737417	BQA Limited Private Tradeserve	Pune, MH, Mont Vert, Nr.datta Mandir, S.no.239, Flat No. I-60, Pune City	India
S3-168205354	Bright Solutions  Private Limited	Flat No C-801, Hyderabad, TG	India
S3-168271921	Quirino & Skídmore Services	1889-1893 Hart Street, Ridgewood, New York	US
S3-168338756	Bijnor Micro Ltd (Pvt)	738 00, Mohalla Mukarpur Khema Urf Mukarpur Khema, Bijnor, Bijnor, NULL, उत्तर प्रदेश	India
S3-168367210	Mr Samudra-Investments Private Limited	Kanaialal No Madh, Mahesana, GJ	India
S3-168532584	@1opezassets	Wisconsin, Town Of Farmington, W1797 A	US
S3-168621088	Raviya Software Gróup	Door No 201, 236/237 Raviwar Peth Near Jain Mandir, Pune, MH	India
S3-168671974	Sauceda  & Seocis	Asheville, 145 River Birch Grove Rd, Unit 108, North Carolina	US
S3-168733158	Desert Practice LLC Services	1513b Etain Road, Irving, Texas	US
S3-168741085	CHANDRAM FINANCE PRIVATE LIMITED	246- B Alagesan Road, Saibaba Colony, Coimbatore, TN	India
S3-168910800	Hari Enterprises Private	C/o Pooja, Padda Colony, Lohian Khas, Sultanpur, Jalandhar, PB	India
S3-168948	>> Safe  Dpc	Alabama, 1122 Briarwood Cir, Moody	US
S3-169000650	CB Márketing Private Límited	15 Sathiram East Stret Nilakottai Taluk, Dindigul, TN	India
S3-169003647	bieshorizontinto.com #94470	7500 Hunters Mill Rad, # APT J, Blacksburg, Virginia	US
S3-16906411	Umbravantage DBA Ahmedabad Centre Private Limited	710 -Fortune Business Hub, Science City Road, Ahmedabad, Gujarat	India
S3-169074849	CFT Arts  Inc.		US
S3-169137908	Morgan Advanced Bain L.L.C.	Courtesy Dr, Thomasville, North Carolina	US
S3-16923308	LLC Redwood	Stout Road, PMB 3132, Germantown, Tennessee	US
S3-16941816	BONDS ENTERPRISES, INC	2746 Fairway Dr, Draper, Virginia	US
S3-169422534	8illups  Iron	Wisconsin, Village Of Holmen, 1708 Red Clover Street	US
S3-169664067	Holderman & Parker Burtech (ID: 24520)	Grand Rapids Township, 23628 4st Street, Ohio	US
S3-169882318	Orbance Altisource Ltd	##325 Enchanted Forest Rd, Seeley Lake, Montana	US
S3-169898620	Taparia Fd Corporation	New Delhi, DL, 0078-A, Dilshad Garden	India
S3-169905071	Gresh Cóllege	22 June Street Terrace, Worcester, Massachusetts	US
S3-169946918	Shree Industries Limited Center	Building No. 139/6, Kandanath House, Chavakkad, Thrissur, KL	India
S3-170026143	gress's patriot pet care llc	220 Prospect Avenue, Findlay Township, Ohio	US
S3-170119480	ಇಂಡಿಯನ್ Consultants Private Limited	KA, First Floor, 26Th Main, 13Th Cross, H S R Layout Sector - 1, No 2588, Bangalore	India
S3-170195323	Allied Companies Inc	Poughkeepsie, 1 Dean Pl, New York	US
S3-170433338	Private Gujarat L0gistics Limited	New No 40, Chennai City Corporation, null, TN	India
S3-170503890	Ridge Frontier Shipping INC	Saratoga, 302- Evans Street, Indiana, <NULL>	US
S3-170757399	Smt Esteem (Services)	2 Kaibartapara Baburani Para Part Bhatapada Jagaddal, Parganas North, WB	India
S3-171164351	Womens Health Clinic  LLC	##407 Broadhead Dr, Unit 101, Spring Hill, Tennessee	US
S3-171239213	Flame Farmer (India) Private Ltd		India
S3-17125433	Arcdova fka Harbor Federation	511 Cedar Street, Ottawa, KS	US
S3-171624109	Twisted Auto Bofdy LLC	1428 Yorkshire Street, Fort Owrth, Texas	US
S3-171630642	Bridwell and Pitt P.L.L.C.	Unit 5, Georgetown, Massachusetts, 122 Main Street	US
S3-171876122	Fu, Emmert & Perkins	01710 Mt Hood Street, The Dalles, <NULL>, Oregon	US
S3-171910255	रेड हेल्थकेयर प्राइवेट लिमिटेड	51-A Friends Colony, East Delhi, Delhi, DL	India
S3-172008014	Rmb F0stndcatiosns Ltd	B-138/b, Bengaluru, ಕರ್ನಾಟಕ	India
S3-172091879	LLC Silver Pinnacle Shreya	Ogden Falls Boulevard, Osweog CDP, Illinois	US
S3-172218616	Mithi  Interiors	C/oanju M, Kollam, KL	India
S3-172317902	sotodasidds.com	02900 Danzig Pl, Louisville, Kentucky	US
S3-172713559	Mcarthur Aegon Of Lowell	Tapper St, Lowell, Indiana	US
S3-172767565	Maguire Distribution	Utah, Smithfield, 364 900	US
S3-173406800	Behavioral Health Partners LP	1457 Conslance Ave, NULL, Kettering, Ohio	US
S3-173543094	Heartland (Goldman)	704 Carolina Street, Hoxie, Arkansas	US
S3-173727206	Beloaria f/k/a Integrated Media Concepts Corp	3907 Skyland Drive, Kingsport, TN	US
S3-17379925	Tajpuria-Foundation #80683	103, Bakul Aparment Plot No. 3, Shivaji Nagar, Nagpur, महाराष्ट्र	India
S3-17438966	Empire 5trategy		US
S3-174474008	Bernita'S Petroleum Corp	10 Golf Course Lane, Thurmont, Maryland	US
S3-17462469	Bay Custom Prodlceis LLC	Grove Street, Pikeville, Tennessee	US
S3-174936848	Mira Turcios Royal Avalanche L.L.C.	7199 Kenneth Ct, Okeana, Ohio	US
S3-17493899	Hari  Care		India
S3-17495277	Fortune Finance Limited Services	MH, Rs No 226, Kolhapur	India
S3-175257215	Adc Build	A-304, Ahmedabad, ગુજરાત	India
S3-175933599	Rizaarc	120 Jacfson Street, Greenfield, Iowa	US
S3-176027893	Bernier Generation-LLC	7670 Quill Ln, Fl. 1, Scottsdale, Arizona	US
S3-176034356	Shrinath (India) Partners Service	A 8, New Delhi, DL	India
S3-176178476	Inc Ali's Empire Wireless	235 Brooks Rd, Binghamton, New York	US
S3-176181204	Guerrero, Mcwilliams and Keeton Jessamine Company	201 Canter Lane, Jessamine Co, Kentucky	US
S3-176571348	Edita Majewski Education (Llc)	Gallipoliss CITY, 351 Paxton Rd, Ohio	US
S3-176899673	Maple Lake Advanced Fuse Inc	40 Birch Ave, Maple Lake, Minnesota	US
S3-176929729	EH Management Private  Limited	Xxiv/532, 2Nd Floor Meda, Opp Dlf Nth, Seaport - Airport Roa, D, Kakkanad, കേരളം	India
S3-177253480	Nagpur Than Private Ltd	22/3, 7Th East Main Road, Gandhi Nagar, Vellore, TN	India
S3-177652536	Dental  Specialists	626 Dayton Saint, Edmonds, Washington	US
S3-177835579	and Mcdaniels Píasecki	720 Pacific Avenue, Portsmouh, Virginia	US
S3-177906458	Cardiology Cflnic Inc.	2750 Havenwood Drive, Unit Unit B, City Of Oshkosh, Wisconsin	US
S3-177940184	The Sholar, Alisa W., Ph.D.	2109 88rd Street, Kenosha, Wisconsin	US
S3-178415999	Proper, Carlile and Kleinhans	1229-1231 Columbiana Lisbon Road, # 91, Columbiana, Ohio	US
S3-178592236	Cobalt Lomdfeing	Community Way, <NULL>, Staunton City, Virginia	US
S3-178727963	Verile's Fresh	9496 Chesapeake Dr, North Royalton, Ohio	US
S3-179178329	Britt Best Willow [Llc]	0016955 Toronto Avenue, # Apartment 115, Prior Lake, Minnesota	US
S3-179312137	Memorial  Charities	Illinois, 904 Burton Place, Arlington Heights	US
S3-179594534	Gaor Secure Kochav-Llc	226 Cecil Ave, Spring Lake, North Carolina	US
S3-179719493	Private Sree Investment Limited	Gala 7, 1B, Singh Industrial Premises, Ram Mandir Road, Goregaon West, Mumbai, Mumbai City, MH	India
S3-179745767	India Newleaf Private Limited [Center]	0969 Office Gala No.1, Ground Floor, Shubham Industrial Building No.2 Dhumal Nagar Vasai East, Vasai, Thane, MH	India
S3-18004186	Brixcira a/k/a Halcial Midland	28 Dogwood Lane, Brookhaven, NY	US
S3-18030743	Lila Lila Satterlee Hovnanian LLC (ID: 26189)	Oakcrest Ln, Provo DCP, Utah	US
S3-180354467	TWIGG, ORALLA J., P.A.	New York, Bronx, 4226-C Ely Ave	US
S3-180371859	Safe Amc Llc	20 Brdway, Campbellsville, Kentucky	US
S3-180530441	Joint  For		India
S3-180771577	Delhi Technologies	R-546, 2Nd F, Front Portion, Main Road, New Rajender Nagar, West Delhi, Delhi, DL	India
S3-18096391	Best-Frontier Obic	California, Dixon, 910 Newgate Way	US
S3-181262122	Solutions Grace Private Limited Services	H.no 004Th Floor, Haveli, Pune, MH	India
S3-181507799	Pvt Developers Jain Farming Ltd	Promoter B - 126, Nirman Vihar, New Delhi, दिल्ली	India
S3-1815508	@marjinews0m | www.marjinews.com	Beech St, # 2R, Holyoke, Massachusetts	US
S3-181595855	>> meridian	#9 Pitts St, Massachusetts, Natick	US
S3-181802317	Devereaux & Blanchard Johnson LP	108 Roundtable Dr, Peters Township, Pennsylvania	US
S3-181937292	Tres  Fab Company	B-11/15 Gharkul Sector 15 Kharghar, Kharghar, Kharghar Navi Mumbai, MH	India
S3-182249565	Banks Pearl	IN, 118 I Street, Richmond	US
S3-182528496	Camp0s Inc Services	##3925 52, West Lafayette, Indiana	US
S3-182770463	GOSHEN PEDIATRIC DENTAL CARE ASSOCIATES	1 Hampton Hills Drive, Goshen, New York	US
S3-182961272	Grasso Rmlcky Cbre	Great Falls, 1219 13rd Street, Montana	US
S3-183426289	7brothers.com	3829 Ainsworth Avenue, Tacoma, Washington	US
S3-183464000	Om United Projects  Private Limited	Sumati Palace Shop No 501, Patna, BR	India
S3-183552696	The Empire Complete Acp  LLC	001201 Harrill St, Unit 1, Charlotte, North Carolina	US
S3-184039521	Williams & Moore Inc	17301 Zoo Stage Rd, Arizona, Vail	US
S3-184231149	93/59-[Flagstar]	19372 Lankford Hwy, Virginia, Cheriton	US
S3-184262424	LLC Scarb0rough Glass	12 Millmont Street, Unit Bsmt, Boston, Massachusetts	US
S3-184302399	harbor complete laboratories	121 Century Street, Sheppard Afb, Texas	US
S3-184458504	Beacon Logistics Consultants Center Corp	198 Ridgelawn Ave, N/A, Painesville, Ohio	US
S3-184484203	Risk LLC Plum	1551 Meadowlark Glen Rd, <NULL>, Prince William County, Virginia	US
S3-185005250	Harbor Pácific Return Inc	199 Stonecliff Drive, Rochester, New York	US
S3-185086847	Industries Vardan Fresh Limited	No 305 705, Delhi, <NULL>, DL	India
S3-185468998	Good इंडस्ट्रीज	130 Vrindavan Mukand Staff, Col L B Shastri Marg Ghatkopa Near Pipe Line, Mumbai, MH	India
S3-185622081	Tech Religious Co Center	Gagan Uno, Pune, Pune City, MH	India
S3-185824825	The Urology  Ridge Care Associates Inc	85 Telegraph Road, Ausable, New York	US
S3-185830354	Vista Solutions Private Limited	H.no 796 B-88, Ghaziabad, UP	India
S3-185836145	Natassia'S Cleaning Service	818B Sth 42, Town Of Liberty Grove, Wisconsin	US
S3-185853560	Aggy Trujillo Royal  Sab	Pineville Rd, Statesville, North Carolina	US
S3-185929397	INTERNATIONAL STAFFING INNOVATIONS BILLINGS	Westchester Sq, <NULL>, Billings CITY, Montana	US
S3-186066121	Brixrizaarc a/k/a Dawa Bazaar R.N.T. Marg Project Private Limited	124, Third Floor, Dawa Bazaar R.N.T. Marg, Indore, Madhya Pradesh	India
S3-18614329	Peer Enterprises Company	9-B, Sane Building, 2Nd Floor, 2Nd Nanabhai Lane, Mumbai, Fort, MH	India
S3-186651762	ஈஸ்டர்ன் கன்ஸ்ட்ரக்ஷன்ஸ் பிரைவேட் லிமிடெட்	Khan Palayam, 4Th Street, Madurai North, #36A/12, TN, Madurai	India
S3-186654634	Private Wealthy Solutions Ltd	Unit No. 703, Delhi, North West Delhi, DL	India
S3-186749058	Banner Farm	Plot 427 Nishit Diamond Complex 5/1129-30, Ra, Surat, GJ	India
S3-186774101	buis superior hotels inc.	##8621 Plainfield Ln, Cincinnati, Ohio	US
S3-18714279	Bhubaneswar Private Limited Center	Plot - 716 / 2304, Bhubaneswar, Khorda, Orissa	India
S3-187558512	Primary Care Advanced	Taylor Ave, La Pryor, Texas	US
S3-18761059	Lyrabrix DBA Certified Wholesale Company	263 New Boston Road, Sturbridge, MA	US
S3-187646272	Ross & Wággoner Yhn LP		US
S3-187667100	Shreeclinic.Com	61-1, Coimbatore, TN	India
S3-188114856	Irinexevo	Miranda Ave, Wyoming, Gillette	US
S3-188129705	Wildlife Association of Bremerton Corporation	145 Oak Street, Building C, Bremerton, Washington	US
S3-188489616	Baptist	248 Amherst Road, Unit 7C, Sunderland, MA	US
S3-188490337	सन फाइनेंस प्राइवेट लिमिटेड	At Post Wadebolhai, Rahu Road Taluka Haveli, Poona, Pune, MH	India
S3-188551640	Perfect Finance Pvt	C/o Munna Thakur, Ward No7, Ward No.-7, Ps-malahi, Areraj, East Champaran, बिहार	India
S3-188608240	vogtmorrowcom	5616 Kanawha Turnpike, Saint Albans, West Virginia	US
S3-188657047	AJ  Treasury	001413 13th Avenue, Bessemer, Alabama	US
S3-188809676	Core1la's Vanguard  Distribution	#2019 Livingston Avenue, Unit APT 43, Heena, Montana	US
S3-188923749	deep propmart clinic	A/21, Mumbai City, Mumbai, MH	India
S3-189098914	pediatricdentalgroup.com	451 Adams Avenue, Lebnaon, Tennessee	US
S3-18911493	डायनामिक Investment प्राइवेट लिमिटेड	Ho.no 671, At Sk. Rajur Palam, Parbhani, Parbhani, महाराष्ट्र	India
S3-18925596	Ss Technology Private	H.no 1164, Central Delhi, Delhi, DL	India
S3-189521913	Kulkarni Institute Prívate Limited	Dr.no-224, Ph-ii Kamalapuri Colony, Ganganagar, Hyderabad, Andhra Pradesh	India
S3-189773454	priority allied cameron	C, Kaukauna CDP, Wisconsin	US
S3-189780697	Gujarat  Consultancy Private Limited	3-46 B-21, South Delhi, New Delhi, दिल्ली	India
S3-190523386	Umbravio DBA: Mumbai Galvanizing LLP	Unit No 422, 4Th Floor, Neelgiri Industrial Estate, 183, Tokershi Jivraj Road, Sewri (West), Mumbai, Maharashtra	India
S3-190809662	LLC SURGICAL SPECIALISTS	5800- Sand Pebble Pl, Raleigh, North Carolina	US
S3-191222740	Unique Enterprises Limited Center	New No.11, NULL, Chennai, TN	India
S3-191239740	Surya Marketing Private	R.s No 7/2, Ram Nagar Vadgaon, Hatkanagale, Kolhapur, MH	India
S3-19144056	Pediatric Dental Health  LLC	Illinois, #101 York St, Elmhurst	US
S3-191571350	Red Pilates L.L.C.	320 1st St, Ramsey, Illinois	US
S3-191595378	Meenendra Pvt Ltd Services	No 2-31 Masjid Moth, New Delhi, South Delhi, दिल्ली	India
S3-191777537	Builders Hariom Engicon Pvt Ltd.	1219 A Rk Puram, Kota, राजस्थान	India
S3-19192086	Ariakelo	Mondeal Heights, Nr. Wide Angle Cinema, Ahmedabad, B-5-1401, Ahmadabad City, GJ	India
S3-192129105	Ricciardelli, Hilda C.,  PC Service | www.ricciardel.com	21303 Sr 81, Jennings Twp, Ohio	US
S3-192212207	G & E (Peace)	Jacksonville, 00113 Santa Fe Trl, Arkansas	US
S3-192483774	Laflamme  Health Center	9600 Nimbus Ave, Unit #260, Beaveerton, Oregon	US
S3-192503740	Katni Impex Ltd	Katni, Near Mammu Medical Rafi Ahmad Kidwai Ward, Tehsil-katni, MP, Roshan Nagar	India
S3-192678983	Royal Pvt Logistics Ltd	3Rd Floor, Howrah, Kolkata, WB	India
S3-192723724	NCC Contact	Nagareshwer Madnir Road Maulha Hatai, Regional Office Aurangabad, Nanded, MH	India
S3-192725946	DELHI COMMUNICATIONS PVT. LTD. - 9979997195	Delhi, Central Delhi, 650 First Floor Phatak Dupty Sultan Churiwalan, DL	India
S3-193154350	Straight EDGE AUTO BODY	515 Montgomery Ave, Unit Unit A, N. Wales, Pennsylvania	US
S3-19356617	EAR NO5E & THROAT CLÍNIC	1040 Nesthorn Drive, Crestline, California	US
S3-193946989	శివం బిల్డర్స్	తెలంగాణ, Guntur, Hyderabad, Flat No. N1	India
S3-194384041	Quobrix	4608 Commodore Dr, Stoow, Ohio	US
S3-194434612	विजन हॉस्पिटैलिटी	Cts No.1285 A/d, Marg (E), Mumbai, MH	India
S3-194584052	ऑल बिल्डर्स एलएलपी	205, Mumbai, Mumbai City, महाराष्ट्र	India
S3-194611471	Sunshine'S Pinnacle Sólutions LLC	223. Marlboro Road, Lower Merion Township, Pennsylvania	US
S3-19469119	Economic Dveenlpnt Center	608 Bowman Ln, PO Box 8738, Bowling Green, Kentucky	US
S3-194887837	Classic Aliled Vernal Vernal	2603 Eldorado Dr, Mobile, Alabama	US
S3-195035786	#orbancealtisource	##325 Enchanted Forest Rd, Seeley Lake, Montana	US
S3-195093887	Hawkins Shore of Weatherford-Inc.	2420 O'Connor Ran Dr, Weatherford, Fl 0, Texas	US
S3-195094009	Sp Direct Disciplined Llc	Maryland, Oakland, 2745 Oakland Sang Run Rd	US
S3-195558906	Wortham Scíentific LLC	Claybourne Ave, South Salt Lake City, Utah	US
S3-195619936	Craig's  Spa	3416 Kafka Road, Rio Rancho, New Mexico	US
S3-195918970	Ltd Agro Gwalior Resorts	D.no 15-9-262, Gowliguda, Hyderabad, TG	India
S3-196252682	Fortune Trading	Folor, Shree Shyam Motor, Near Ioc Petrol Pump Narnaul Road, Mahendragarh, HR	India
S3-196354912	Roblero Tri-State Enbridge, LLC	2 Monsignor Albert A. Jacobbe Rd, # 431, Boston, Massachusetts	US
S3-196362105	ONCOLOGY CASCADE CENTER LLC	##3175 Deep Forest Drive, Pinetop, Arizona	US
S3-196471806	Big Lgosetas Limited	Hotel Emperor 1-0/345-B, Ambayathode, Thamarssery, Kozhikode, NULL, KL	India
S3-19657102	Smt Vistar India Center Ltd	Santacruz (West), Mumbai, 2, MH	India
S3-196600168	Silver Finance Prívate Límited	Block E-940 Garden Reach Jetty-2 20 Garden Reach Road, Kolkata, WB	India
S3-196764206	Raex Capital Partners Llc	835 Quarry Rd, Jamestown, Ohio	US
S3-19685252	Coronado-Pacific	213 Fifteenth St, Ellendal Township, North Dakota	US
S3-196966604	Eydie Wallace Golden Agricultural Of Bedford Town Ltd	171 Oakwood St, Bedford, Virginia	US
S3-197000044	Mac Infra  (India) Pvt Ltd		India
S3-19702432	Supreme Muniholdings	Terre Haute, 136 Hulman Street, Indiana	US
S3-197087738	கிளாசிக் கன்சல்டன்ட்ஸ் பிரைவேட் லிமிடெட்	No.36, K.p.n.colony, 1St Street, Tirupur, Coimbatore, TN	India
S3-197111707	Quovio d/b/a Ssk Beverages Co	Nanda Block, Mahavir Enclave, New Delhi, Delhi, Rz S-5- A G/F	India
S3-19762633	Boyd,  West & Viner Clough Corp	Ohio, 003566 Glenwood Place, Cincinnati	US
S3-197833285	Drexnyla fka Value Telecom Global	6505 Little Dove Drive, Pine Bluff, AR	US
S3-197883457	Jain Frst Industries Private Limited	Door No 86 Mg-13d, Greater Noida, Gautam Buddha Nagar, UP	India
S3-197888194	Lyons Strategic Iron Works Llc	3712 Miranda Ave, Gillette, Wyoming	US
S3-197923160	Xylodrexzephx D.B.A. Safex Management	Amar Hill, Saki Vihar Road, Powai, Mumbai, Maharashtra	India
S3-197968601	Howard Holdings	6318 1/2 Raven Street, Chicago, Illinois	US
S3-19801856	The Wood, Dawn, [D.C.]	Unit 512, Washington, 811 Fourth Staeet, District of Columbia	US
S3-198020998	Anubhuti  Services	Plot No 222, K.v.rangareddy, Balanagar, TG	India
S3-19815285	Tully Taxable Corporation	Westgate Avenue, Durant, Oklahoma	US
S3-19838357	New Welfare Sóciety		India
S3-198551542	Mnm Trading	H.no 846 Bldg 5/3D, Flat No. 13, New Ajanta Avenue Society Kothrud, Poona, Pune, MH	India
S3-199169745	HKD HKD C0rporation		US
S3-199251320	Kew  Foods Private Limited	Adampur, Bhopal, Bhopal Four Ayodhya Bypass, मध्य प्रदेश	India
S3-199474833	Inchwad-Technologies Ltd.	Inchwad, #743 Bvg House, Pune, Premier Plaza Pune - Mumbai Road, Above Icici Bank, Ch, MH	India
S3-19954425	treichelrennie.com	279 Aaron Circle, Vacaville, California	US
S3-199577159	Summers,, Kalli (M.D.)	365 Camino Al Barranco, La Selva Bch, California	US
S3-199758733	dnnfoundationcenter.com	Door No 1-98/9/3/46 & 47, Hyderabad, TG	India
S3-199941860	spear rmg	2856 Spring Place Rd, Cleveland, Tennessee	US
S3-199994911	Continental Blue	Sunley Ln, Chesterfield, Missouri	US
S3-200068645	Heritage Research Glóbal LLC	02680 Rio Bravo Cir, Sacramento, California	US
S3-20014743	Rizabelo dba Youth Network	Chesapeake City, VA, 405 Ventosa Drive	US
S3-200303827	Rathore Seva  Samiti	NULL, MH, Pune City, C1, 2Nd Floor, Bramha Estate Kondhwa, Off.no.8	India
S3-20044143	Coastal Capital Partners Corp	Dallas, 200 Clinton Ave, Texas	US
S3-200895433	Patel Montessori School L.L.C.	Lagovista Ct, Fairfax County, Virginia	US
S3-201712443	VD Consulting-Private Ltd	Sikar, Fenin Villa Wno 5-6 Kisaan, RJ, Colony Nawalgarh Road, Sikar	India
S3-201730973	Sri Blue Plastomech  Ltd	H.no 413, K.v.rangareddy, TG	India
S3-201888063	Dr Primacy Trust Ltd	04 Shri Sunder Appt Medical College Road Near T B Ward Square Wanjari Nagar, Mumbai, Nagpur, महाराष्ट्र	India
S3-203746245	Star Payment Advisors (LP)	1550 105rd St, Edwardsville, Kansas	US
S3-203804323	Sri Fylfot Traders	Door No 4 No Fairlie Place Mezzanine Floor, Kolkata, Calcutta, WB	India
S3-204171770	colonial initiative llc llc	58 Jeffrey Alan Drive, Manchester, Connecticut	US
S3-204216977	Angel It Private-Limited	H.no.5-993/20/52, null, Gulbarga, KA	India
S3-204810001	Limited Ans Ventbtes	Scheme No.-14 Inter State Bus Terminal Dindayal Chowk Trimurti Nagar Jabalpur, Jabalpur, MP	India
S3-205044005	BQA Traesever Private Limited	महाराष्ट्र, Pune City, Pune, Flat No. I-60	India
S3-205117549	The Frayda Dukes, DPM, PC	1 Beartown Rd, Gang Mills, New York	US
S3-205467537	Smart Trading	#5577 165th Pl, Portlannd, Oregon	US
S3-205617724	Glancy Ridge Pimco	25 Second Street, City Of Evansville, Wisconsin	US
S3-205719659	Hari Consultants Consultants	#282, Bangalore, KA	India
S3-205778486	Keystone Allied Canadian Inc	6506 Mona Vista Dr, Houston, Texas	US
S3-206031335	I 8 R Pacfhi	Pacific, 393. White River Dr, Washington	US
S3-206078520	Global Jas-Technologies Private Ltd	A-#40, Krishna Nagar - Ii, Lal Kothi Tonk Road, Jaipur, राजस्थान	India
S3-206141879	Xrp Modern Hein	Foley-Beach Express, Unit Unit 106, Orange Beach, Alabama	US
S3-206401112	pamela h. roth, d.o., p.c. m.d.,	7920 Alta Cuesta Dr, Rancho Cucamonga, California	US
S3-206546943	Chesney LP Center	05 Harvest Hills Dr, Woodbine, Iowa	US
S3-206803247	Lewis  Fortune Enterprises		US
S3-206913276	Duffy-Express	30 Lorraine Avenue, # Apartment 6A, Mount Vernon, New York	US
S3-206960436	certifiedfinancial.com	13 Davis Mtn Education Center #2 Rd, null, Fort Davis, Texas	US
S3-206968612	Ma C0rp Center	35 Jojibhoy Dadabhoy Lanefort, Bombay, Mumbai, MH	India
S3-206996267	Siex Metropolitan  Mercator Inc		US
S3-207063431	Raja & Sons Co	C/o- Md. Faruk Uddin, Barasat - I, <NULL>, পশ্চিমবঙ্গ	India
S3-207234517	স্টার ইনভেস্টমেন্ট লিমিটেড	No 47 Mandir Road Flat No 4D1 P S Dum Dum, Calcutta, Kolkata, পশ্চিমবঙ্গ	India
S3-20731005	Main Street Hypnosis Inc		US
S3-207418140	India Srinivaas Tiles Pvt. Ltd.	Bldg No. 5 Room No. 15, Mumbai, Mumbai City, MH	India
S3-207447074	Young (India) Constructions Pvhoe Limited	C-4526 Dlf Phase 4, Gurgaon, हरियाणा	India
S3-207472608	Gapmnbhbi & Co	Pune, #546 Level 5, Dnyanvatsal Complex, Opp. Vandevi Mandir, Karve Nagar, Pune, MH	India
S3-207758425	Jaxfayesyn	2 Rockwood Place, North Castle, New York	US
S3-207977137	Sadguru Lifecare Pvt Ltd	Sy No.b14, Shed No.01, Industrial Estate, Anantapur, Ananthapur, AP	India
S3-208130562	Llewellyn Total-Technologies LLC	1520 Cleveland Avenue, City Of Racine, Wisconsin	US
S3-208405017	Falke, Lfésy & Meza Pharma Corp	70 58 St, Broolkyn, New York	US
S3-20852064	Daon Cóntinental Music Llc	136, Terrell, Texas	US
S3-208692427	boyd, west & viner clough	Cincinnati, Ohio, 003566 Glenwood Pl	US
S3-20878953	York Spacsphere	875 Spruce St, Waukee, Iowa	US
S3-209103626	Smt Apex Tceh Private  Limited	H. No. 10-3-444/120A P S Nagar, Hyderabad, TG	India
S3-2091411	qtnprivatelogistics.com	18-2-43/A/51/A/1, Ghazi Millat Colony, Chandrayana Gutta, Bandlaguda, Hyderabad, తెలంగాణ	India
S3-209197328	Vetecex LLC	2761 Stockton Blvd, Unit APT 420, Sacramento, California	US
S3-209469104	Seo Trust LP	8832 Town And Country Boulevard, Ellicott City, Maryland	US
S3-209596990	Ace Management Corporation	H No 1-10-90, Nizamabad, తెలంగాణ	India
S3-209918859	Veraaria	529D/164/Ff-10, Sun Tower Kanchana Vihari Marg, Kalyanpur, Lucknow, UP	India
S3-209978757	Environmental Guild LLC	200 1/2 Crestwood Drive, Avinger, Texas	US
S3-210139414	Valdez LLC Pyrophyte	Ocean SILE Beach, 1900 Kittrgll Drive, North Carolina	US
S3-210416480	Creative Biomedical	1217 Forums Ct, Wheeling, Illinois	US
S3-210520006	Sadashiv Creations Private  Limited	B3/1203, Times Square Arcade, Opp. Rambaug, Nr, Ravija Plaza, Thaltej-shilaj Road, Tha, Ltej, Ahmedabad, GJ	India
S3-210848250	Kirbie'S Creative Transport	17200 Bell Road, # 1701, Surprise, Arizona	US
S3-210918980	Simmons Veterinary Cniic Clinic	614 Kingsbridge Dr, Garland, Texas	US
S3-211012600	Beacon Logistics Consultants Center Co	198 Ridgelawn Ave, Ohio, N/A, Painesville City	US
S3-211069939	Creative Fortune Construction  Private Limited		India
S3-211210772	the dent pub!	4846 Waveland Ave, Chicago, Illinois	US
S3-211276605	The MW Priority L.L.C.	106 Fite Ave, Carthage, Tennessee	US
S3-211591548	Saraor INC	1 Pine St, Biddeford, Maine	US
S3-211856633	Integrated Media Concepts Corp.	390 Skyland Drive, Kingsport, Tennessee	US
S3-211990991	ડ્રીમ ઇન્ફોટેક પ્રા. લિ.	032, Unit B, 1St Floor, Plot 11T3-11T5 Block 11, Gandhi Nagar, Gandhinagar, GJ	India
S3-212064464	Gentile Great Pímco Corp	429 Kingscote Lane, Henrico County, Virginia	US
S3-212066139	Vignesh Micro	Kanti Niketan, East Champaran, Bihar, New Bus Stand Chhatauni Near Of Sports Club, P.O. Motihari, P.S., -Chhatauni, Motihari	India
S3-212121152	keifypremiermachines.c0m	615. Main Street, Whitewater, Kansas	US
S3-212154961	Ectoiri formerly: Laborers Local Union 122	418 Southeast Boulevard, Clinton, NC	US
S3-212295443	Miramira DBA: Grace Chapel	22 Lewis Drive, City Of Aberdeen, MD	US
S3-212362333	Finance Bright Estate Private  Limited	Plot R-710, T.t.c. Industrial Area Midc, Rabale, MH	India
S3-212466187	होटल कृष्ण इंफोटेक प्राइवेट लिमिटेड	D9, Gautam Buddha Nagar, UP, Noida	India
S3-212532054	Triplett Charter School LLC	Cabin Creek Rd, Alexandria City, Virginia	US
S3-212730905	Nexos Braves	# 10, Bowling Green CITY, Kentucky, 1546 State St	US
S3-212887984	Heartland Blue Lng LLC		US
S3-213202382	Timothea Coxocn Optimal Babcock	223 5th, Manila, Utah	US
S3-213234540	B Eight Crystal Golden	1143 Garden Drive, Newport News City, Virginia	US
S3-213376645	Premier Vanguard Data Llc	6115-6119 Pioneers Pt, Brecksville, Ohio	US
S3-213741099	Bagwe Wafers  Pirvate Limited	Sno D/672/3a State Bakn Hsg, Socy Shop N0.4 Bibawewadi, Pune City, Pune, MH	India
S3-213835616	Pune Private Limited Center	Office No. 39, Fourth Floor, Bandal Dhankude Plaza Right Bhusari Colony, Kothrud, Kothrud, MH	India
S3-214125577	GEVUE GRAND ELECTRICITY CARE	8720 Rio Grande Boulevard, Los Ranchos De Albuquerque, New Mexico	US
S3-214287859	Baramati Healthcare Corporation	Shalon Niwas, Vasantnagar, Pune, Baramati, MH	India
S3-2142984	Behavioral Clinic Health	1818 11800, Lewiston, Utah	US
S3-214660836	Allied  Tidewater	617 Jefferson St, Toluon, Illinois	US
S3-214801883	housingalliance.com	617 Carbon St, Syracuse, New York	US
S3-214991017	Bridwell and PLLC Pitt	# 5, Georgetown, 122 Main Street, Massachusetts	US
S3-215010021	Sree Perfect Private Limited Services	AP, Prakasam, Kandukur, Jayavaram, 1-3	India
S3-215120097	Deltaumbra Sys d/b/a Tech Infotech Private Limited	8-6-375/3/8, Sri Siddi Vinayaka Apartm, Karimnagar, Karim Nagar, Telangana	India
S3-215155033	Hietpas, Milena Pro LLC	325 P St, # 710, District of Columbia, Washington	US
S3-215179569	Shri Satin Consultancy	H.no 13-B, Vithalbaug, Bambhniyani Vadi Vidyanag, Bhavnagar, Kumbhan, ગુજરાત	India
S3-215285860	Hernandez Trading-Inc	12437 Stumptown Rd, Huntersville, North Carolina	US
S3-215286719	Safe Amc  LLC	20 Brdway, Campbellsville, Kentucky	US
S3-215482020	Southern Bank Limited Center	No 7 B Block Vasu Layout B1 Dattagally, Mysore, KA	India
S3-215725909	Jarlova  Services	131 Varnum Avenue, Lowell, Massachusetts	US
S3-216175149	coatesmiltonemera.com	328 Court Street, NULL, Prestonsburg, Kentucky	US
S3-216745998	Brixpyra née Little Hair Studio!	401 7th Street, Beardstown, IL	US
S3-217048423	gulfleapfrogbarnett.com	Washington Court House, Ohio, 526 Rawling St	US
S3-21736943	Chiropractic Clinic	108 Green St, Unit 1/2, Mendon, Ohio	US
S3-217533456	Silver Book  Store	#184 Old Hwy 19E, PMB 7943, Roan Mountain, Tennessee	US
S3-217957888	Heritage  Cloud Concepts Group	Texas, PMB 5455, 2304 Tobarra Ln, League City	US
S3-218053805	Lise Thomas Atlanticus  LP		US
S3-218083408	Rdg  Net L.L.C.	1937 S 30th Saint, Kentucky, Lousiville	US
S3-218448202	Avidova	Oregon, Mcminnville, 355-357 Russ Ct	US
S3-218494948	Private Premier Sunrise International Ltd	House, Ernakulam, Kerala, Keralam	India
S3-218732115	Advanced Wholesale Networks	17231 Foxgrove Lane, Tinley PARK CDP, Illinois	US
S3-218749853	Calokeloevo	390 Skyland Drive, Kingsport, Tennessee	US
S3-218866317	Data	9317 73rd Street Court, Gig Harbor, WA	US
S3-21888242	Dr Ambica Ha Pvt Ltd	##1, Kolkata, Howrah, WB	India
S3-21931624	Edenfield  Commodity		US
S3-219407266	Consolata's Flnncial	2573 Fort Rd, Belton, Texas	US
S3-219555830	Glyphyx Un LLC		US
S3-2195600	HKD		US
S3-21962216	consultingprudentcoircom	Ahmadabad City, ગુજરાત, Ahmedabad, 404, 4Th Floor Poonam Arcade, Nr. Asopalav Showroom, ##89 Ttcs Laboratory Llp	India
S3-219701242	VARANASI RESEARCH PRIVATE LIMITED	B 34/140 M-9, Gayatri Nagar Colony, Shukulpura, Varanasi, UP	India
S3-219762667	Star Equipments Private Limited	North East Delhi, D-525/25a F/f, DL, Kh.no-550, Gali No-12, Ashok Nagar	India
S3-220033600	Ivenium L.L.C. Services	7 Credit Dr, Mayflower, Arkansas	US
S3-220057908	Lux Mountain LLC Center	3045 Grandview Pl, Darien, Illinois	US
S3-220088124	Joy's Center	9319 Longwood Drive, Acton, Texas	US
S3-220186083	Dynamic Trusted Software Incorporated	925 Broadmoor Drive, City Of El Paso, Texas	US
S3-220594416	Mr Shree + Sóns (Llp)	Som Santi House, 152 Patparganj Industrial Estates, New Delhi, DL	India
S3-220732265	Grethel Gardner  Enclave LLC	1354 Smith Street, City Of Green Bay, Wisconsin	US
S3-220782585	PRIVATE PASUPATI CONSULTANTS LIMITED	Jaipur, B-00240 Meera Path Vaishali Nagar, Jaipur, RJ	India
S3-221024319	Mankin Telefonca PLLC	9402 Covey Ln, Bealey, Texas	US
S3-221106393	LLC SGF Mdioe	1520-D Wagner Drive, Gilbert, Arizona	US
S3-221220347	Ss Builders Private Ltd	Shop No 11, Bhopal, MP	India
S3-221405273	Vantagesol t/a The Dent Yoga	294 Lincoln Street, Abington, MA	US
S3-221466509	Mam India	Door No. Xv/34, U Brothers Building Guruvayoor Road, Kunnamkulam Post, Thrissur District, Thrissur, KL	India
S3-221664304	Prime Equity Global	4646 Carmen Street, Houston CITY, Texas	US
S3-221786955	आनंद इंजीनियरिंग प्राइवेट लिमिटेड	Door No 568 26, Silarpur, Near Secretariat, Mandi Ateli, Rewari, हरियाणा	India
S3-221870645	Spak Brothers	304/A, Shyamal Kunj 2, B/h Arya Shri, Opp Pentagon Appartment, Rajkot, GJ	India
S3-222385080	Corner Diner	00219 Evanston Ave, Tulsa, Oklahoma	US
S3-222487454	क्रिएटिव इंफ्रा प्राइवेट लिमिटेड	Block A-818 D-301, Plot No.1, Om Satyam Apartment Sector-iv, Dwarka, New Delhi, West Delhi, दिल्ली	India
S3-222537562	-- Faulkner Faulkner Patriot	1003- Eason Avenue, Buckeye, Arizona	US
S3-222732190	Keshri Có &	H.no 608 Wz-48 G/f, Krishna Park Extn, New Delhi, West Delhi, DL	India
S3-223035167	... Beltran Innovative Muniyield-LLC	0451 Ardmore Avenue, Villa Park, Unit J, Illinois	US
S3-22321313	Lise Thomas Atlanticus	236 Maynard Road, Rockwood Strip T1 R1 Nbkp, Maine	US
S3-223304619	Sirius  Purpose	3436 Sierra Springs Dr, Tucson CITY, Arizona	US
S3-223351016	Environmental Council Cte	826 R College Highway, Southwick, Massachusetts	US
S3-223450999	Long Urban	880 Stanwood Ave, Akrn, Ohio	US
S3-223742508	Hurley, Cathee, DO Inc.	##25 Cedar Cir, NULL, Stamford, Connecticut	US
S3-223764583	lee, stock & king mitsubishi inc	150 Old Liverpool Rd, Unit Apartment 403, Salina, New York	US
S3-223768612	FQX Builders Pvt [Ltd]	পশ্চিমবঙ্গ, 223/. 2Nd Floor, Howrah, N/A, Kolkata	India
S3-223975181	Nylavantage f/k/a Shaan Project Associates	Flat No.105, 10Th Block, Vaddepally Enclave Near Chittaramma Temple, Vivekanandanaga, R Colony, Kukatpally Hyderabad, Hyderabad, Telangana	India
S3-22437747	Perfect  Brothers Private Limited	Khachraud, Indore Region, C/o Daudayal Ramchandra Rathi Buddha Marg, MP	India
S3-224494923	Womens Health Cáscade Center L.L.C.	1800 1/2 Dalhousie Court, Unit Apartment A1, Parkville, Maryland	US
S3-224700639	Grasso Rya Cbre	1219 13rd Street, Great Falls, Montana	US
S3-2248264	City Of El Paso Harbor	10320 Montwood Dr, City Of El Paso, Texas	US
S3-224938812	AJ Treasury [LP]	13th Ave, Bessemer, Alabama	US
S3-225128055	Mountain  Society Corp	06490 19th Street, # #D, Tacoma CTY, Washington	US
S3-225490877	Kalra Brothers Limited Service	106 Kaji Sayed Street Masjid Bunder Mumbai Mh, Bombay, Mumbai City, महाराष्ट्र	India
S3-22575463	pérsontran.com	1251 Capitol Saddlery Trl, Austin, Texas	US
S3-225888889	@jonesnewhold	1860 Inglewood Street, Mesa Mountain View, Arizona	US
S3-225971819	sgfmedicine.com	Wagner Dr, Gilbert, Arizona	US
S3-22609629	Elder Harkness LLC Center	116 Foley Ln, PMB 414, Folsom, California	US
S3-226239783	Aura Medical Centre Center Company	Door No 8-4-390/A/8. Prem Nagar Erragadda, Hyderabad, Medchal Malkajgiri, తెలంగాణ	India
S3-226337568	Cascade-Health  Center LLC	313 Locke St, Woodsboro, Texas	US
S3-226465878	Luckn0w Automobiles Private	2/221, Lucknow, उत्तर प्रदेश	India
S3-226620680	Surya Producer प्राइवेट लिमिटेड	C/o Nand Jee Dubey Vill, Dasiyawan Rampur, Kesath, Buxar, BR	India
S3-22670799	LIMITED JAISWAL PRODUCTS	Room No. A-3/763h, Nh Service Road, Kodakara, Thrissur, KL	India
S3-226975583	ఇండో యునైటెడ్ హాస్పిటాలిటీ ప్రైవేట్ లిమిటెడ్	#14A, Andhra Pradesh, Hyderabad	India
S3-227155621	Platinum Learning Entarprbses-LLC	189 Parkstone Dr, Fraziers Bototm, West Virginia	US
S3-227433197	DRP	Agawam, 178 Valley Brook Road, MA	US
S3-227447751	Drayial Irenic		US
S3-227455433	r0salindbhernandez.com	##15 Quincy Close, Ridgefield, Connecticut	US
S3-227768476	Adarsh Polytechnic  Co	Mumbai, Unit No 404, Mumbai, MH	India
S3-227915658	X/U Mca	06285 Caldwell Rd, # #43, Gladstone, Oregon	US
S3-227962487	Heritage Talent Digital Inc.	721 Riveside Ave, <NULL>, Santa Cruz, California	US
S3-228324036	Family Rocky  Health	Hart Street, Malvern, Arkansas	US
S3-228411825	Keify Machines LLC Center	615. Main Street, Whitewater, Kansas	US
S3-22848829	JYl Prime Ínc	1209 La Rail Dr, Fl 1, Columbia, Missouri	US
S3-228813251	హై ఇంజనీరింగ్ లిమిటెడ్	Hill County, Sy. No. 192-198, Andhra Pradesh, Qutubullapur, K.v.rangareddy, H.no 539 Villa No. 08	India
S3-229147261	alprosser.com	00275 Pine Rd, <NULL>, Williams, Arizona	US
S3-229436504	Colonial Ctbiozeos LLC	31 Laurie Dr, Lockport, Illinois	US
S3-229478033	orthopediccenter.com	4225 1/2 Alabama Street, Houston, Texas	US
S3-229686554	Allied [Heslhmhrae]	Plot 343 City Sr No 170 Word No 1, Plot 255-256/B, Bhavnagar, ગુજરાત	India
S3-230011961	Numerouno Trading	Unit - Ps Abacus-625 Nh12, Action Area Iie, Newtown, North 24 Parganas, WB	India
S3-230100035	empire certified xrp	101- Fox Chase Dr, Gadsden, Alabama	US
S3-230234288	Pvt Digital Ag Ltd	Block D-840 Cts No. 41, Pune City, MH	India
S3-230301627	Dr Hari LLP Center	80, Pearl Best Heights-i, Nsp, Pitampura, Delhi, North West Delhi, DL	India
S3-230421305	Urban  Pizza	6959 Sandfield Dr, Montgomry, Alabama	US
S3-230537570	श्री बिल्डर्स प्राइवेट लिमिटेड	Semara Hardo, Padrauna, उत्तर प्रदेश	India
S3-230938952	Millennium Event (India) [Corp]	#814 Gw 3020 G Block Bharat, Diamond Bourse Bkc, Bandra, Mumbai, महाराष्ट्र	India
S3-231276244	Regional Assets		US
S3-231601299	Adc Build	A-304, Ahmedabad, ગુજરાત	India
S3-232091326	Liberty Empire Cantor Co	11630 Heritage Ridge, Town Of Fulton, Wisconsin	US
S3-232328968	Raye Vannatta PC Service	1328 Henry St, null, Beaverton, Oregon	US
S3-232558403	Po Premier Mobile Llc	6733 Kelly Ave, Albuquerque, New Mexico	US
S3-232692325	Vop Etf	104 Ashwood Rd, Rice, Virginia	US
S3-232760534	Elite Security	10610-10612 Sr 762, Lockbourne, Ohio	US
S3-23293897	Capital Coastal Psrinsesr	200 Clinton Ave, Dallas, Texas	US
S3-233177777	Satyam Consultants Limited Services	A-21 A, Floor 12Th Plot-224, A Wing, Mittal Court Jamnalal Bajaj Marg, Mumbai, MH	India
S3-233432275	Adarsh Polytechnic	MH, Unit No 404, Mumbai	India
S3-233442645	Cornerstone Inc Center	3225. Baseline Rd, Unit 1017, Gilbert, Arizona	US
S3-233500525	Diamond Venture  Private Limited	Flat No E 704- Grand Ajnara Heritage Plot No Gh 01 B Sector 74, Noida, Gautam Buddha Nagar, UP	India
S3-233843295	Clean Semiconductor	Baseline Rd, # Apt 158, Little Rock, Arkansas	US
S3-233895378	Armour Exports	GJ, Ahmedabad, Titaniumcitycenter, 293/1/P, T.p-03. 100Ft.Road, Nr.sachintower, Anandnagar, Ahmedabad, Plot 330 810-G	India
S3-234070776	Brightelle Goldman	1525 1/2 Richardson Rd, Lewisburg, Tennessee	US
S3-234375408	Beacon Grid Rapid	226 Como Avenue, Columbus, Ohio	US
S3-234441977	Beia-LLC | www.beiallc.com	616 Creek St, Skiatook, Oklahoma	US
S3-234693000	Southern Kóngsberg	232 Cedar Park Loop, Fl 1, Olympia, Washington	US
S3-234832766	Paper (india) Private [Limited]	C/o Suresh Jengathe, Chamorshi, MH	India
S3-234882594	Pune  Private Warehousing Limited	महाराष्ट्र, Office No. 39, Fourth Floor, Bandal Dhankude Plaza Right Bhusari Colony, Kothrud, Kothrud	India
S3-23545782	Mr Jai  Solutions	#75, Shaikpet, Hyderabad, తెలంగాణ	India
S3-235644811	Krista Windom Cea	140 Westinghouse Rd, # 3211, Georgetown, Texas	US
S3-235867354	AW Superior Rógérs LLC	1991 Campbell Ave, Unit APT 12, Indianapolis, Indiana	US
S3-235958774	Lucknow Steels Pvnae Limited	269/205 Birhana, Lucknow, उत्तर प्रदेश	India
S3-236267356	Shri Vrb Sevldcies (India) Pvt Ltd	7, Ahmedabad, GJ	India
S3-236507933	Belva'S Cascade-Pilates Co	#1683 Scarbrough Circle, Conord, North Carolina	US
S3-236517876	Luma Índia Private Limited	No 827/296 W-1 Saket Nagar Kanupr, Uttar Pradesh, Kanpur, उत्तर प्रदेश	India
S3-236731379	Heartland [League]	Cottage Avenue, ST. Paul, Minnesota	US
S3-236822143	Cornerstone Cst	Harry St, Wichita, Kansas	US
S3-237141577	tully táxable	1017 Westgate Avenue, Durant, Oklahoma	US
S3-237162289	Miratavo formerly: Siouxie Peterson Legacy Advisors LLC	821 900, Pleasant Grove, UT	US
S3-237226075	Family Stloar Care Inc	Connecticut, Moosup, 22 Main St(Moosup)	US
S3-237258334	QIT Foundation Pvt.	Haji Moosa Patrawala Ind Estat##20 Dr E Moses Mahalaxmi, Mumbai, Mumbai City, MH	India
S3-237380605	Tapia Custom Odyssey	4417-C 20, Bldg. Building 1320, Devils Lake, North Dakota	US
S3-237423468	Limited Gurgaon Fund Private	Plot No 359, Sector 37 Pace City-ii, Udyog Vihar, Gurgaon, हरियाणा	India
S3-23752318	Pediatric Dental Specialists Ltd	1112 Washington Avenue, Seymour, Indiana	US
S3-237702539	यूनिक मीडिया प्राइवेट लिमिटेड	D-13, DL, Shopping Centre-ii Mansarovar Garden, New Delhi	India
S3-237742944	Digital  Trading Collective Care	119 Delaware Street, Mounsd, Illinois	US
S3-238038753	Cube 5ervices Pvt.	తెలంగాణ, Hyderabad, Sy No 161, Previously Pranava School Near Royal Function Hall, Manchirevula V, Illage, Hyderabad, Door No 7-107/A	India
S3-238046816	Oncology (Group)	1533 Colonial Drive, Woodbridge, Virginia	US
S3-238164062	Ghazipur Clothing Private		India
S3-238294489	Dental Vtelely Center, Inc	900 Fourth Ave, Austin, Minnesota	US
S3-23835236	Shrinidhi Holdings	F, Tirumalagiri, Hyderabad, TG, No-810 & 811, 8Th Floor, Manjeeratrinitycorporate	India
S3-238588179	Temple Community Services	9325 Quinnford Boulevard, Richmond, Virginia	US
S3-238816620	Private Pune Excursions Ltd	611 Fl No 704 Sr. No. 32/7/1 To 6 Konhdwa, Pune, MH	India
S3-2388650	Nexevoecto	6565 19th Ave, Unit C18, Phoenix, Arizona	US
S3-2391537	Saria Therapeutics [Inc]	3538a Cherrystone Rd, Cheriton, Virginia	US
S3-239185471	Konstance Maclean LLC Center	1290 Mason Terrace Ln, null, Cypress, Texas	US
S3-23921995	Person and [Tran]	Austin, 1251 Capitol Saddlery Trail, Texas	US
S3-239261135	Albina Li-International PLLC	1200 Brookwood Pl, Columbus, Ohio	US
S3-239292076	GOSWICK RENEWABLES LLC	4207 Farmers Pass Rd, PO Box 1835, Houton, Texas	US
S3-239490078	Raj Fóods Pvt Ltd	GJ, Door No 0851 611, Ratnanjali Square, Nr. Gloriya Restaurant, Bodakdev	India
S3-239535005	Pvt Shivalik Fld Ltd	H.no 01, Ahmed Nagar, Ahmednagar, MH	India
S3-240058340	Main Street Pizza [LP]	Augusta Ave, West Virginia, Mannington	US
S3-240124568	Rici Allbritton Starry Inc.	37990 Hardesty Road, Bethel Acres, Oklahoma	US
S3-240344162	Verron  Franklin, LLC	Falaise Dr, Floor 0, Saint Louis, Missouri	US
S3-240353148	Ivenara Bancorp	3170 Gilbert Rd, Fl. 0, Chandler, Arizona	US
S3-240405347	Choice Douglas	Oklahoma, 521 28th Ave W, Tulsa	US
S3-240614916	Telodyne Management	160 Jefferson Road, Unit Unit 230, Pittsford, New York	US
S3-240664491	JAIN Logistics Limited	H.no B3/479 Shop No-13, Pune City, MH	India
S3-2406751	Preferred Business-Services Incorporated	21203 132st Drive, Sun City West, Arizona	US
S3-240757396	Swastik Interaitonal Private Limited	B-00101, Borivlai East, Mumbai, महाराष्ट्र	India
S3-240777956	Lyranex t/a Sweet Cafe!	6169 Park Lane, Unit 15, Park City, UT	US
S3-241249398	सदर्न इंजीनियरिंग लिमिटेड	Thane, Plot 697 Office No C-1, Neelkant Corner Chs, Plot No 2, Sector 2, Sanpada, MH, Thane	India
S3-241280708	Creative  Corp Brands Education	##15694 101, Brrookings, Oregon	US
S3-241428461	Sader Foundation Private	#422, Badgo, Gorakhpur, Sader, UP	India
S3-241469361	Edwards Learning Services	1758 12210, Riverton, Utah	US
S3-24164531	Mann Ultra  Inc	210 7th St, PMB 8107, Alvin, Texas	US
S3-241703178	LLC Pediatric Dentistry Precision Care	1905 Brook Blvd, Warsaw, Indiana	US
S3-241913054	M/s Shree Sons LLP Service	Som Santi House, 152 Patparganj Industrial Estates, New Delhi, DL	India
S3-241987131	Gurgaon Production-Private Limited	101, Divreportingcircle, HR	India
S3-242006340	home6.com	0986 Chillon Drive, Crestline CDP, California	US
S3-242053090	Shri SILVASA WEB	No. 94, Bangalore, KA	India
S3-242418215	Kanjirathinkal Exports Private	4/485 A, Kanjirathinkal, Kozhikode, കേരളം	India
S3-2425715	Equinox	5782 Starks Settlement Road, Town Of Laona, WI	US
S3-242611697	@ridgeequity	North Carolina, HIGH Poinnt, 1297 Brentwood Stroet	US
S3-242859242	Carreras Certified Gihco LLC	6330 Dixe Dr, Utah, null, West Jordan	US
S3-242870199	Hornyak,-Borgen Wells L.L.C. Partners	495 Bell Street, Evannt, Texas	US
S3-242878872	Llc Z 6 Clean Copper,	104 Joey Circle, Huntsville, Alabama	US
S3-242938678	American  Social Mountain Center	Virginia, Powhatan, 3281 1/2 Sparrows Pl	US
S3-242981505	Shri Greenglobal.Com	Asansol, Parbati Bhaban S B Gorai Road, WB, Asansol	India
S3-243090426	Kerisoft LLC	Sacramento, Unit STE 370, ##1610 R Street, California	US
S3-243353043	Equiox LLC	6055 1/2 Timber Ridge Dr, Prospect, Kentucky	US
S3-243473927	... The Ha1cyon LLC	5314 Caas Grande Drive, PO Box 8349, Topock, Arizona	US
S3-243721076	India Newleaf Private Limited Services	MH, #0969 Office Gala No.1, Thane, Vasai, Ground Floor, Shubham Industrial Building No.2 Dhumal Nagar Vasai East	India
S3-244146766	Vatech	Chenal Pkwy, # Apt 1216, Little Rock, Arkansas	US
S3-244281758	Holloway Great  Nasdaq	#4717 Lakeside Drive, Omaha, Nebraska	US
S3-244407822	American  Cetl	15001 Howards Mill Road, Mulino, Oregon	US
S3-244783304	Ronet Clear Texas, LLC		US
S3-244796689	Ear Nose & Throat Medicine L.L.C.	2500 Melbrook Drive, Kankakee, Illinois	US
S3-244961263	Samchmez Corporation	003890 146th St, Ohio, Cleveland	US
S3-245145629	Gokula Services Pvt Pvt	Laxminagar, Ahmadabad City, ગુજરાત	India
S3-245246195	Shivam Solutions	Plot 115/2 Syno. 177, Rangareddy, తెలంగాణ	India
S3-245289873	Services Baluja Chillies  Pvt Limited	H No. A-45-100/2a, B61, Uppar Guda, Moulali, Malkajgiri, Ranga Reddy, TG	India
S3-245412518	Korquokelo aka Urban Construction Private Limited	Flat No. B1/604, Minar Regency Talao Pali Mumbra, Thane, Maharashtra	India
S3-245442044	LLC Slate	24 Turning Mill Rd, Lexington, Massachusetts	US
S3-245459673	KF Endeavour Pvt Ltd	No 38-B Gobind Nagar, Ambala, HR	India
S3-245465421	Ear Ear Nose & Throat	5419 9th Street, Albquuerque, New Mexico	US
S3-245510192	M/s Red Technology Private Ltd (ID: 52673)	B/2/268, Madhuvrund Society, Swi Park, Nr Gopal Bag Soc, Neelkhanth Mahadev Man, Dir Road, Ahmedabad, GJ	India
S3-245654318	Sasoft Interests Interests Ínc	7176 234, Ladoga CITY, Indiana	US
S3-245671664	Mr Radhakrishna Limited Traders	Hn 666 Sf. No. 26/1 West Mada Street, Chennai, தமிழ்நாடு	India
S3-24573458	W0od, Dawn, [D.C.]	811 4nd St, Unit 512, Washington, District of Columbia	US
S3-245802598	Better Lafayette	6509 1/2 Ethel Dr, Dallas, Texas	US
S3-245885917	W0mens Health Clinic of Washington Ltd	216 Lexington Drive, Washington, Illinois	US
S3-246043699	Angeles Shipping		US
S3-246244568	C D & M Skin Ce Inc.	Park Ave, Unit 7, Worcester, Massachusetts	US
S3-24634243	divedevelopment.com	Akshay Nr Jagtaphospital, Pune City, Pune, MH	India
S3-246445265	Angel It Private	H.no.5-993/20/52, null, Gulbarga, KA	India
S3-246462488	TPG & CO	Glitters, I 3, I - 4, Chengalpet, Chennai, TN	India
S3-246491035	Classic Management Private-Ltd	479/3, Harchand Mill Road, Near Bhumi Market, S.a.s.nagar (Mohali), Fatehgarh Sahib, PB	India
S3-246572318	Hampton City  Networks	Hampton City, 11 Ferncliff Dr, Virginia	US
S3-247351783	Continental India  Private Limited	Navi Mumbai, Thane, Station View, Sector 30, Vashi, MH, G-204	India
S3-247752040	Vishal Company Center	##1, River View Enclave, Teesta Street, 3Rd Main Rd, Sriperumbudur, Kanchipuram, TN	India
S3-247889089	Private Safa Public Limited School	Ground Floor, Kolkata, Howrah, পশ্চিমবঙ্গ	India
S3-248443615	Krisnoft LLC	##1610 R St, Unit STE 370, Sacramento, California	US
S3-248852740	Arora Business Limited Services	Nagpur, Rachana Sayantara- Ii Hajaripahad, Flat No 801, MH, Nagpur	India
S3-24940906	Federal  Payment Labs, LLC	8853 Ahmed Ave, Elk Grove, California	US
S3-249778978	Krishna Tech Private	Office No 1, Fourth Floor S No 177/1, Hadapsar, Pune, महाराष्ट्र	India
S3-250206434	Cecelia T. Skeen, DDS LP	626 Shady Circle, Lebanon, Tennessee	US
S3-250239332	goswick renewables llc	4207 Farmers Pass Rd, PO Box 1835, Houton, Texas	US
S3-250741188	Shakti  Infotech Private Limited	C-03, Bhopal, Huzur, MP, Lower Ground Floor, Aashima Mall, Hoshangabad Road	India
S3-250791773	E+ Makat LLC	Hurds Rd, N/A, Virginia Beach City, Virginia	US
S3-250823548	Lakshmi Private Limited Services	Hn 777 B-6, Patna, Lucknow, UP	India
S3-250902997	Diligence Trading Limited Center	45 Ranveer Nagar, I.t.i Chauraha Mainpuri Fatak, Etawah, Etawa, UP	India
S3-251485763	Allied Itilaene Union Corp	174 Nola Ln, New Tazewell, Tennessee	US
S3-251642036	The  Health Guild	5205 Cornelias Prospect Drive, Bowie, Maryland	US
S3-251790777	Better Lafayette	Texas, Dallas, 670 Ethel Drive	US
S3-252169044	Vivan Company Services	7-Cross Complex Shop No 107, Nr Khamdhrol Fatak, Junagadh, GJ	India
S3-252526966	Jaxxyl0	866 30th Avenue, Pleasure Point, California	US
S3-252624874	Katni Impx Limited	Roshan Nagar, Katni, मध्य प्रदेश	India
S3-252944210	FOREMAN AND ROBINSON LLC	3787 Harris Rd, Oxford, Ohio	US
S3-25309804	g & x travel	2620 Vermont View Drive, New York, Watervliet	US
S3-253265851	Helios P.C.	301 Branchlands Dr, Charlottesville, Virginia	US
S3-2537869	Integrated Media  Concepts	390 Skyland Dr, Kingsport, Tennessee	US
S3-25378956	बेस्ट इंटरनेशनल एलएलपी	##377 Guptabhavan, Regional Office Aurangabad, Aurangabad, MH	India
S3-25382976	Mountain Feiht	0051 6A, Orleans, Massachusetts	US
S3-253835378	Rodi Advertising Youngblood (ID: 19021)	201- Picea Dr, Texas, Austin	US
S3-253848184	Certified Sécurity	738 University Way, # 83, Ellensburg, Washington	US
S3-253994302	Dr Phenix Brothers  Limited Center	B-307, Phar Ganj, New Delhi, DL	India
S3-254697112	Cultural-Ttgus, LLC	De Kalb, ##1515 Maple Ridge Road, New York	US
S3-254754506	M & X Drugs,	Fourth Ave, Tuccson, Arizona	US
S3-254756275	Pacific Pacific	3294 30th Ter, Topeka, Kansas	US
S3-25476728	Llc Zephiq Aviation,	Frank Cameron Rd, Bolton Landing, New York	US
S3-254800941	Rodi Youngblood Advertising LP	201- Picea Dr, PMB 1625, Austin, Texas	US
S3-255135038	Womens Health Better Center LP		US
S3-255274826	Ltd TZO Components	Basement Shop 3, NULL, MH, Pune	India
S3-255726763	Heritage Society Llc	139 Fort Graham Rd, Whtiney, Texas	US
S3-256000545	Graham's Solutions Incorporated	4500 Thompson Rd, Sedona, Arizona	US
S3-256066355	Litt1e-Hair	401 Seventh St, Beardstown, Illinois	US
S3-256200346	Agro Gwalior Resorts Ltd	Hyderabad, TG, Hyderabad, D.no 15-9-262	India
S3-256261594	Spotless Limited Service	349, Gurugram, HR	India
S3-256347452	C-Scheme (irniia) Private Limited	#307 4, C-scheme, Jaipur, राजस्थान	India
S3-256545009	Standard Cargo Advisors, Llc	8329 Bloomington Ave, Minenapolis, Minnesota	US
S3-257099703	Asset Bulthddng Trust	741 3rd St, Wakeeney, Kansas	US
S3-257517051	James Krarcrisition PC	Carolina Beach, #920 Riptide Lane, North Carolina	US
S3-257664045	Manley Reliable Association, Incorporated	13385-B Moss Hill Drive, Texas, Beaumont	US
S3-257871610	The-Dent (Massage)	Mountain Highway, # #E101, Spanaway, Washington	US
S3-257996729	Peyton'S Mountain Hospitality	005401 Groveside Ln, Rolling Meadows, Illinois	US
S3-258046542	kallisummersmd.com	365 Camino Al Barranco, La Selva Bch, California	US
S3-258388829	Peters Guthrie  LLC Partners	1805 Huntington Hills Lane, Atlanta, Georgia	US
S3-258463183	Young Interests	15001 1/2 29th Ave, Shaw Butte, Arizona	US
S3-258664380	Blossoms  Spices	#21, Mahatma Gandhi Road (Opp: Income Tax Building), Nungambakkam, Chennai, TN	India
S3-258923029	Cobalt	N7530 Edgewater Drive, Beaver Dam, Wisconsin	US
S3-258950980	oglecompleteopen.com	006743 Highway 56, # A, Chauvin, Louisiana	US
S3-2590445	Morales Rúnway PC		US
S3-259209156	Lyrabelojax DBA Media Solutions LLP	Delhi, South West Delhi, Shri Mishri, South West Delhi, P No.5, Gf, Kh285, Asola, Fatehpuri Ber	India
S3-259578593	Jordana  Castro Midwest Bce Partners Inc.	1124 Grand Avenue, Toledo, Ohio	US
S3-25969919	Wortham Scientific	255 Claybourne Avenue, Salt Lake City, Utah	US
S3-259796469	PA Maritime Co	Bandra Suburban, Mumbai, Floor Vaibhav Chambers (Opposite Income Tax Office) Bandra Kurl, A Complex, Th, MH	India
S3-259820583	Sri Jishnu [Textile] | www.jishnute.com	No C-53 Rs No 530 Cts No 4947, Kulkarni Layout, Ramteerth Nagar, Kanabargi, Belgaum, KA	India
S3-259837296	pvt developers mangalam automobile ltd	No 08 1St Main, Bangalore North, Bangalore, KA	India
S3-260079429	M/s Polar Movers Private	701 Royal Lakeview, Nr Gota Lake, Ahmedabad, Daskroi, ગુજરાત	India
S3-260201275	वन एस्टेट प्रा. लि.	Vipin House, A-20, 2Nd Floor, Guru Nanak Street No.3 Laxmi Nagar, Delhi, East Delhi, DL	India
S3-260311321	Developers Real Fashions Private Limited	##5 No 25 Vantage Shorepaari Street Kalakshetra Colony, Besant Nagar Chennai, Chennai, TN	India
S3-260526660	Annamarie Trautman, Esq., PC	1608-1612 Kansas Avenue, Roswell, New Mexico	US
S3-260535121	Value Telecom Gtoal	Arkansas, 6505-6509 Little Dove Dr, Pine Bluff	US
S3-260783404	Piedmont Superior Nano	87911 Territorial Road, # Space 46, Veneta CITY, Oregon	US
S3-260949818	Federal  Preparatory Academy LP	1410. Thornwood Lane, Houston, Texas	US
S3-26104709	Capizzi Classic Velos Inc	5517 1/2 Gilcrest Sands Dr, Hope Mills, North Carolina	US
S3-261469038	Corner Barbershop! Service	Wisconsin, 18235 Lisbon Rd, Brookfieldd Township	US
S3-261504242	Infra Rao-Global	88- 1/217A, Thalapilly, Thrissur, KL	India
S3-261514236	Raso Vanderpoo1 & Fox	2215 San Juan Trail, Tucson, Arizona	US
S3-261795938	Vas Cv Limited Center	Behind Huda Maitrivanam, Ameerpet Hyderabad, Andhra Pradesh, No 25, Gayathri Nagar, Srinivasa Nagar(east)	India
S3-26196282	Private Green Infra Ltd	Bhaiyasaheb Ambedkar Naga, R, Ot Section, Kalyan, Thane, MH	India
S3-26200270	Peters & Guthrie Llc	1805 Huntington Hills Lane, Atlanta, Georgia	US
S3-262063563	Highland [Charities]	77 Montauk Highway, Brookhaven, New York	US
S3-262277726	Shri Ns Organics Limited Services	Door No #737 (P)Jayadev Vihar Nayapalli, Bhubaneswar, Puri, OD	India
S3-262315135	OT Automotive Private	Parkview Appart Flat-102, Opp Kamlabaug, Porbandar, GJ	India
S3-262384901	Bsi Energy Pvt Ltd.	C-406, 1-2-608, 609 To 610, Lwr Tank Bund, Kavadiguda, Secunderabad, N/A, TG	India
S3-262469207	Rodriguez and Morgan	629 Scarlet Leaf Lane, PO Box 6959, Oakboro, North Carolina	US
S3-262482921	Asset-Building	741 Third St, Wakeeney, Kansas	US
S3-262620640	Zetaaviio dba Dana E. Hoffman, D.D.S.	33 Solar Lane, North Hempstead, NY	US
S3-262859400	Seaview Farm Private Límited	Gurgaon, N 302, HR, Gurgaon	India
S3-262924298	Meenendra Ventures Pvt Ltd Ltd	2-31 Masjid Moth, South Delhi, New Delhi, DL	India
S3-263235595	Oliveira's Appliance	840 Miller Road, Ola, Arkansas	US
S3-263459230	Dermatology Royal Care Asdticfiates Inc	6606-A Princess Cir, Wappingers Falls, New York	US
S3-263528154	Mishra-Services Public Limited	Office No.60, Ue, Pune, महाराष्ट्र, S.no.45/1 To 10/1, Pashankar Auto, Pune City	India
S3-263814989	Columbus Vision Custom Physicians Inc	5055 Branscom Blvd, Bldg. 20, Columbus, Ohio	US
S3-264325008	U 3 CHOICE RESOURCE LLC	511-515 Wilby Dr, Charlotte, North Carolina	US
S3-264395577	Solnovinex F/K/A Zasoft Ramaco LLC	1431 Iris Street, Oxnard, CA	US
S3-264427149	Samudra Investments Private-Limited	Kanaiyalal No Madh, Vadnagar, Mahesana, ગુજરાત	India
S3-264528735	Digital Technology [Private]	Pl#6/5, #2 Anna St, 1St Cross, Therodum Veedhi, Chennai, Poonamallee, TN	India
S3-264563120	International  Transmissions Private Limited	Door No 1, Nashik, MH	India
S3-264970951	Bangalore North LLP Service	91 Springboard Business Hub, Trifecta Adatto, 21, 5Th Floor, Itpl Main Rd, Garudachar Palya, Bangalore North, Bangalore, KA	India
S3-265205819	Virat Allied LLP	No 468 Sixth Floor - 610, Ahmedabad, ગુજરાત	India
S3-265226738	Moore Total Rain (Ltd)	3945b Octavia Avenue, Chicago, Illinois	US
S3-265259148	Alvarez & Mnd (Research)	12981 Brannon Road, Bethel CP, Ohio	US
S3-266026719	Dinny Lindsey-Media LLC	Wisconsin, Menomonee Falls, N82w13414 Fond Du Lac Ave	US
S3-266134986	ಶಿವ್ ಎನರ್ಜಿ ಪ್ರೈವೇಟ್ ಲಿಮಿಟೆಡ್	No 115 (Hudco) 6Th Main 2Nd Cross Streetindustrial Area, Manipal, Dak. Kannada, KA	India
S3-266621090	LLC Supreme Munfiholdngs	136 Hulman Street, Terre Haute, Indiana	US
S3-266787162	Ethel Brand-Open LLC	204 Anniston St, Weaver, Alabama	US
S3-266810409	Superior Paper	0015 River Run Rd, Eureka Springs, Arkansas	US
S3-267260919	Fresh Optimal	3680 Paulding Ave, Bronx, New York	US
S3-267296727	EDE Constructions [Clinic]	Plot 194 Maniyankerikalam Kavalam, Alappuzha, KL	India
S3-267304710	Smart Limited Center	W/o Mr. Rajiv Joshi 44, Defence Apartment, Sunder Vihar, New Delhi, DL	India
S3-267392929	Premier Learning Learning Laboratories	9 Tallwood Trail, Fluvanna County, Virginia	US
S3-267462473	Quokorflux	Sco 124, null, Amritsar, PB	India
S3-267566198	family group	2735 Wagner St, Cincinnati, Ohio	US
S3-268024356	Twigg, P.A. J., Oralla		US
S3-268060208	Umbraveo formerly known as General Design Innovations LLC	7241 Osage Avenue, Mesa, AZ	US
S3-268387314	Yumanyla DBA: GA Supply Limited	H.No.43 Sainik Enclave Sector-Iii Mohan Garden Uttam Nagar Pole No.1543, New Delhi, West Delhi, Delhi	India
S3-268467736	PY Partners	5240 45th Avebue, Seattle, Washington	US
S3-268475809	Rodriguez Canisa Corp	5688 Cr 21, Helena, Ohio	US
S3-268574725	Brady Dental Áosliates	12365-12367 Ensley Drive, Fishers, Indiana	US
S3-268675162	Diam0nd Jackson LP	5553 Goldcrest Drive, Cincinnati, Ohio	US
S3-268892150	Karoline Gndarry Direct Crescent LLC	210 Wisconsin Avenue, Villla Park, Illinois	US
S3-269194036	Rhetta's  Health	Maryland, 4210 Pimlico Road, Baltimore	US
S3-269230299	Bright Technical Dynamics	2112- Crockett Way, N/A, Anna Township, Texas	US
S3-270026908	Toler, Calhoun and Mitchell	2341 Indigo Dr, Fl 1, Chandler, Arizona	US
S3-270274320	Massif Clinic Clinic	Ward No.8, null, Hatkanangle, Kolhapur, MH	India
S3-270317569	-- New Delhi Finance Pcvadate Limited	Hn C-369 E-441 Greater Kailash-ii, New Delhi, South Delhi, DL	India
S3-270452974	टेक विजन फाइनेंस प्राइवेट लिमिटेड	S/o Sh Kanwar Lal Yadav Prop In Kh No.- 44/4 5 27 First Floor, Kapashera, New Delhi, DL	India
S3-270619946	5ummit Xcel	609 Coile Rd, Tennessee, Jefferson City	US
S3-270919236	-- Bee India Co.	F-c-1204, Mumbai, MH	India
S3-271101116	... Bhoomi Tradecom Pvt Ltd	Hundred Feet Road, Gandhipuram, Coimbatore, 136 A, Coimbatore, TN	India
S3-271256399	Fey Farr Nexpoint	2510 Virgiina Ave, # 909, Washington, District of Columbia	US
S3-27127555	Ace Aerospace	New Mexico, 2169 Sagecrest Loop, Rio Rancho	US
S3-271308654	Brown Veterinary	9310 Ella Blvd, Houston, Texas	US
S3-271744300	Deltanyla trading as Womens Health Superior Partners Inc	620 Alpha Road, Dayton, OH	US
S3-272045574	The Heartland Center Inc.	##164 Mountaindale Main Street, Fallsburg, New York	US
S3-27221360	Primary Care LLC Health Advanced	676- Taylor Avenue, La Pryor, Texas	US
S3-272395505	Wooten Continental Enterprises  Inc	469 Miracle Rider Rd, Prescott, Arizona	US
S3-272539764	Surat City Private Limited Center	Mumbai, GJ, H.no. 2/837 Gr. Floor, Surat, Bhavnagri Sheri	India
S3-272846089	Kara Robertson, M. MD	Transit Line Road, Springville, New York	US
S3-272930521	Nagiya Krishna Pvt  Limited	22/265 Talkus Building, Paravur, Ernakulam, Keralam	India
S3-272941894	P 6 O Communities-LLC	508 Manhasset Road, Charlotte, North Carolina	US
S3-273123074	Armas Rare Corp.	Rosemary Sage Drive, Magnolia, Texas	US
S3-273604953	VD  Consulting Private Limited	Sikar, Colony Nawalgarh Road, RJ, Sikar, Fenin Vila Wno 5-6 Kisaan	India
S3-273778002	Korjaxio fka First Investments Limited	505A, Azamshah Layout, Sakkardara Chowk, Nagpur, Maharashtra	India
S3-273912917	Smart  Pharmaceuticals	Blackhawk Dr, Parkforest, Illinois	US
S3-273915655	vantium inflection	554 Cr 294, Alvin, Texas	US
S3-273979089	Lower Peiathforcs, LLC	Shenandoah Falls Ln, Richmond, Texas	US
S3-273994143	Mumbai Consultancy Private (Limited)		India
S3-274133370	J0sey Pioneer Dynamic Co	4101 Rancier Ave, # 612, Kiilleen, Texas	US
S3-274156141	Limited Sarvagya Bróthers	##4, Noida, N/A, UP	India
S3-27419945	Heritage Community Llc	149-153 Beach Ave, # Apartment 301, Kennebunk, Maine	US
S3-274394925	Heartland Center	704 Carolina Street, Walnut Ridge, Arkansas	US
S3-274470992	Blossoms  Spices	No. 21, Chennai, TN	India
S3-274497334	Pacific Émpire Pantages, LLC	Smokey Quartz Ln, Arlington, Texas	US
S3-274927598	Khairatabad  Chits Limited	6-3-596/69, Naveen Nagar, Khairatabad, Hyderabad, TG	India
S3-275077561	Allied Investments-L.L.C.	320 Carroll Street, Thomasville, North Carolina	US
S3-275203112	ఏస్ మేనేజ్‌మెంట్	H No 1-10-90, Phulong, Nizamabad, TG	India
S3-275214725	The Dent Massage Corp	20002 Mountain Highway, Unit #E101, Spanaway, Washington	US
S3-275666919	Big Partners	Hn 605 33A, Rabindra Sarani, 1St Floor, Kolkata, Kolkata, Howrah, WB	India
S3-275749468	Brixgild	Vii/415-L10, Second Floor Golden Plaza Building, Tb Junction, Angamaly, Ernakulam, Kerala	India
S3-276241889	Jain First Industries Private Ltd	Gautam Buddha Nagar, H.no 86 Mg-13d, 3Rd Floor, Plot No. Gh-03 Eldeco Mystic Greens Omicron 1, UP, Greater Noida	India
S3-276312038	Schmitt Delta	2125 Lynbridge Dr, Charlotte, North Carolina	US
S3-276412206	Dovacalo t/a Chamundeshwari & Sons Limited	Gurugram, Haryana, 2Nd Floor, Jagdamba Palace Near Gurgaon Dreamz Mall, Old Railway Ro, Ad, Gurgaon, Shop No. 2	India
S3-276543174	P1anet Traders Limited	Ankamvetti Kavala, Puthupariyaram P.o, Manakkadu, Thodupuzha, Idukki, Keralam	India
S3-27688295	స్టార్ ఎంటర్‌ప్రైజెస్ ప్రైవేట్ లిమిటెడ్	D No 15-2-4, Bank Colony, Prasanthi Nagar 1St Lane, Narsipatnam, Visakhapatnam, Vishakhapatnam, AP	India
S3-276976568	Ankur [Medical]	A-31, Noida, Gautam Buddha Nagar, UP	India
S3-277122276	Medicine Of Hanson Service	W8950 N, Town Of Eldorado, Wisconsin	US
S3-277384933	Unique Center	Hatzan Bazar Madrasapally, Suri, Birbhum, WB	India
S3-277676897	Private Chennai Pharmaceuticals Ltd	32 12 Avaanam Ii Lane Choolai, Chennai, TN	India
S3-277737449	Nguyen  and Clark Co	1233 Sunnyview Ave, Dayton, Ohio	US
S3-277821506	LLC East Bright Siddhi	1357 Pecan Street, Mobile, Alabama	US
S3-277913303	Halohalo trading as Kolkata Child Limited	West Bengal, Kolkata, 139/1A Tiljala Road, Kolkata, Riaz Manzil, Howrah	India
S3-278089488	Solutions Amr Krishna Associates Limited	B-g-219, Florence Marvel, Sushant Lok-iii, Gurgaon, HR	India
S3-278198336	Sri Chirayu Private Limited  Center	Delhi, B-6/5 Local Shopping Centre Safdarjung Enclave, DL, South Delhi	India
S3-278310719	Isc	Village- Baghakol, Post - Patut, Ps - Bikram, Patna, Patna, Bihar	India
S3-278439020	Hearn LLC Center	7336 Route 29, Falls Church, Virginia	US
S3-278518013	ॐ इन्वेस्टमेंट्स प्राइवेट लिमिटेड	403 Central Tin Industrial Estate, Mumbai, महाराष्ट्र	India
S3-278546901	SUJ Clear Sanganre LLC	43125 Valley Creek Lane, Astoria, Oregon	US
S3-278954771	Nerita Rogers Value	4651 Chivalry Drive, Indiana, Lafayette	US
S3-27905705	>> T 2 Relmialble Supply, LLC	Louisville, 5405 Merribrook Ln, Kentucky	US
S3-27927131	तिरुपति एस्टेट प्राइवेट लिमिटेड	8/108/7 Vill-mehram Nagar, N/A, New Delhi, दिल्ली	India
S3-279281452	The Interstate Platinum Express  PLLC	61 Brookwood Drive, Iowa, Indinaola	US
S3-279365748	Heer Brothers Private	P.no. A-28 Riico I Kaladera, Chomu, Jaipur, RJ	India
S3-279385849	De Haynes,	340-344 155nd Ave, Mayville, North Dakota	US
S3-279478878	Eydie Wallace-Golden Agricultural Of Bedford Town	171 Oakwood Street, Bedford, Virginia	US
S3-279537626	Larson Soulpower Ánchor	0111 Lakewood Loop Loop, Marshfield, Missouri	US
S3-279625031	Bernier Gerenratidn LLC	7670 Quill Lane, Fl. 1, Scottsdalle, Arizona	US
S3-279742168	St Biotech [Public]	#00101 Ground Floor Plot Number B7 Dev Pari Shopping Plaza Near Ntpc Gate Number 3 Badarpur, New Delhi, South Delhi, DL	India
S3-279812093	Ace Somfanr Pvt Ltd	No 104 Cycle Market Gill Road, Punjab, Ludhiana, PB	India
S3-279917847	Ca1lahan and  Black Management Inc	1003 12th Srteet, Nederland, Texas	US
S3-279978205	Lakshmi Baba Pvt Ltd Services	#18 12Th Road Circle, Jodhpur, राजस्थान	India
S3-280533118	Babara Babara Woods	18728 39th Drive, Mill Creek East, Washington	US
S3-280591626	PACIFIC FEDERATION	53 North Street, Fl 1, Galesubrg, Illinois	US
S3-28082400	Ventures Rbc Export Private Ltd	No. 463 B-19, Ground Floor, Street No.4, Rajgarh Colony, Gandhi Nagar, East Delhi, दिल्ली	India
S3-280857945	Creative  Banco PC	11872-11876 Roanoke Rd, Roanoke, Indiana	US
S3-280883006	Luise Griffin Allspring, Llc	001753 Austinville Rd, Wythe County, Virginia	US
S3-280940689	Aggy Trujillo Royal Sab	519 Pineville Road, Statesville, North Carolina	US
S3-281120443	Favovue	704 Copperline Dr, Unit 102, Chapelhill, North Carolina	US
S3-281265771	Konstance Maclean Vaneck	1290 Mason Terrace Ln, null, Texas, Cypress	US
S3-281429709	Pediatric Crystal Assisate	1473 Bayfront St, <NULL>, Greenbackville, Virginia	US
S3-281437355	... Scarborough  Glass	12 Millmont Street, # Bsmt, Roxbury, Massachusetts	US
S3-281576467	perri bobo, cpa, dds pc	708 Ryan St, Girard, Kansas	US
S3-281881400	Evoavi formerly Williams Vanguard Consumer	454 Golf View Drive, Crystal Lake, IL	US
S3-282301003	Link Pvt. Vehicle Ltd.	New Delhi, Lower Ground Floor, Office No.-10-a Prince Plaza, Sant Nagar, East Of Kailas, H, 252-B, दिल्ली, New Delhi	India
S3-28261890	Polaris LLC Center	8390 Green Retirement Lane, Hanover County, Virginia	US
S3-283050562	creative creative heritage staking, llc	2507 Lakeview Avenue, Sparrows Point, Maryland	US
S3-283153207	Jerrycarriers.Com	Flat No B-203, Mumbai, 2Ndfloor, Royal Classice Chs, New Link Road, Andheri West, Mumbai, MH	India
S3-283192436	Féderalfloating.Com	184 Terry Ave, Springdale, Arkansas	US
S3-283385605	Young, Carole J., D.O., Inc	11128 Coleman Ln, Elberta, Alabama	US
S3-283742535	Industrial Equity Consultants  Inc.		US
S3-284039613	Dovavera formerly: Manley Reliable Association, Inc	13385 Moss Hill Drive, Beaumont, TX	US
S3-284107943	nkshreya.com	002021 Nebraska Avenue, Peorai, Illinois	US
S3-28426329	I G & A Qdro	330 Commonwealth Court, Woodbury, Minnesota	US
S3-284314343	സൂര്യ സ്കൈ ഇൻഫോടെക് പ്രൈവറ്റ് ലിമിറ്റഡ്	#C-860 T C 2/1934 Gra 22Kumar Bhavan Gowreesapattom Pattom P O, Thiruvananthapuram, Trivandrum, KL	India
S3-284580066	Z/Z-Inc Vendome	2190 State Rte 213, Tiptonville, Tennessee	US
S3-285011973	Catha Kirn, Esq.	14610 Union Street, Harvey, Illinois	US
S3-285139890	Inc Primary Critr Center Of Staten Island	130C Hunter Ave, Staten Island, New York	US
S3-285246752	X Z & M [Ilercontiadnetal]	3235 Woodbrook Ct, Irving, Texas	US
S3-285276607	Evoarianovi Formerly Autism Assistance Program Care	401 Burnsville Parkway, Unit Unit 128, Burnsville, MN	US
S3-285339651	Onco1ogy Pioneer Phssicdnians	Sparta, Illinois, Shotgun Lane	US
S3-285396785	Sri Link Vehltie Pvt. Ltd.	252-B, Lower Ground Floor, Office No.-10-a Prince Plaza, Sant Nagar, East Of Kailas, H, New Delhi, DL	India
S3-285481739	Gerrity and Davis Wintergreen		US
S3-285643585	ଜୟ ଫୁଡ୍ ପ୍ରାଇଭେଟ୍ ଲିମିଟେଡ୍	No D/125 C/o Rameh Ch Nayak P.no 40, Jagatsinghapur, Jagatsinghpur, Orissa	India
S3-285756860	Sky Technologies Pvt	Shop No. B3/24, 2Nd Floor Sector 14, Opposite Krishan Mandir, Karnal, हरियाणा	India
S3-285901337	culturaltrust.com	##1515 Maple Ridge Road, De Kalb, New York	US
S3-285987646	Oncology Associates L.L.C. Trading		US
S3-286106440	Coromandal  Marketing Limited Services	G-3, Mulund (W), MH	India
S3-2862242	Rocky-Learning Center	2710 Ford Street, Brooklyn, New York	US
S3-286244424	Private Sader Foundation Limited	H. No. 422, Badgo, Sader, Gorakhpur, उत्तर प्रदेश	India
S3-286366713	Machinists Union Local 202 No	123- Day Hill Rd, Windsor, Connecticut	US
S3-286615172	5ader Foundation Private  Limited	H. No. 422, Badgo, Sader, Gorakhpur, UP	India
S3-28688511	Sheba Pesticides	2/395-21, Kannappan Nagar, Kattiganpalli, Krishnagiri, Krishnagiri, Dharmapuri, தமிழ்நாடு	India
S3-287163256	Markham  and Bacchus	181 Arnold Gamble Circle, Sacramento, California	US
S3-287471998	P. Roth H.	Rancho Cucamonga, 7920 Alta Cuesta Drive, CA	US
S3-287756305	The Dent Yoga Inc.	303 Lincoln Street, Abington, Massachusetts	US
S3-28782899	Otm Private Craft Limited	महाराष्ट्र, Knowledge Cnetre, M.i.d.c. Andheri (E)	India
S3-287910045	IL Associates	24026 Corinaldo Court, Katy, Texas	US
S3-288089967	Ltd Value Finance	759/34, Bhandarkar Road, Near Pyc Hindu Gymkhana, Pune, MH	India
S3-288219760	Pune Solutions Private | www.punesolut.com	N28/8 Sneh Paradise, MH, Pune, Mit College Road, Off. Paud Road, Kothrud	India
S3-288345540	यूनिक इन्वेस्टमेंट प्राइवेट लिमिटेड	Cbn No25 G5osian Building, New Delhi, South Delhi, DL	India
S3-288507763	Life Tech Private Limited	405, Mehta Court Annex, 13, Gilder Lane, Mumbai, MH	India
S3-288913992	Mcwilliams Delta Arrived	Cypress, Texas, 21115 Madera Valley Ln	US
S3-289282855	Miyasato, Martin and Vesely	5670 New Hamony Rd, Pikeville, Tennessee	US
S3-289466778	private my logistics limited	A-40, Mumbai, MH	India
S3-289481789	Prairiechemical.Com	Lakeshore Road, Chelan, Washington	US
S3-289546062	Foreman And Robinson Llc	3787 Harris Road, Oxford, Ohio	US
S3-28962331	Elite	2005 Gallaudet Street, Washington, DC	US
S3-289702707	Steelworkers Union Lmala No 303	869 Echo Dr, Meadview, Arizona	US
S3-28984059	Primary Care	#8447 Laurel Valley Drive, Indiana, Indianapolis	US
S3-290151609	GA Supply Ltd	H.no.43 Sainik Enclave Sector-iii Mohan Garden Uttam Nagar Pole No.1543, New Delhi, West Delhi, DL	India
S3-290366873	Orissa Gala Center Ltd	10/11 K B C Road South Dumum Flat No 4Ab, Parganas North, null, WB	India
S3-290434047	Sri taprootenterprises.com	S/o Rajanna, Near New Public School, Muneswara Nilaya, Ashwini Extension, Chintamani, Kolar, KA	India
S3-290562127	Construction  Magnum Rasayan Ltd	No 362 Ff-17, Ahmedabad, GJ	India
S3-290723657	ஷ்யாம் ஃபைனான்ஸ் எல்எல்பி	Door No ##128 Flat 2A2 Olympia, Jayanthiresidency Lb Road, Chennai, Chennai City Corporation, தமிழ்நாடு	India
S3-291064210	west south inc	37504 Oliver Dr, Selbyville, Delaware	US
S3-291067615	Community VI LP Services	Pine Lane, Stillwater, New York	US
S3-291078322	Shree Industries Private Limited	Building No. 139/6, Kandanath House, Chavakkad, Thrissur, KL	India
S3-291217979	Arnold Jbis & Kyle LLC	Matthew Circle, Lewes, Delaware	US
S3-291311905	Sarg LLP India	A-104 Krishna Shardha Apt Nilemore, Nallasopara West, Thane, MH	India
S3-291376780	Saffron Brothers Pctriate Limited	Kh No. 42/17, South West Delhi, New Delhi, DL	India
S3-291502909	Great Súrya Consulting Private Limited	350 Kanchan, Rajkot, GJ	India
S3-291558617	Quovera formerly New Delhi Prop Pvt Ltd	A-85, New Delhi, South West Delhi, Delhi	India
S3-291848866	लाइफ सूर्या फाउंडेशन प्राइवेट लिमिटेड	Flat No: A-201, Patna, बिहार	India
S3-292033114	ஃபார்ச்சூன் புரொட்யூசர் லிமிடெட்	தமிழ்நாடு, Erode, H.no 36, Erode	India
S3-292098750	Prime Equity Inc Global	Carmen Street, Houston CITY, Texas	US
S3-292204568	Rodriguez, Caroline Food, Inc	4206 Scenic View Dr, Morgantown, West Virginia	US
S3-292215346	rebmanbrantschmidt.com	735 20th Ave, Unit 4, Coralville, Iowa	US
S3-292287572	Zeus Sons & Private Limited		India
S3-292732657	cappspanganmortgage.com	1262 Harrison Road, Murfreesboro, Tennessee	US
S3-292741223	ജയ് ഫിനാൻസ് പ്രൈവറ്റ് ലിമിറ്റഡ്	4/461 2Nd Floor Suite1376, Valamkottil Towers, Kanayannur, Ernakulam, കേരളം	India
S3-292779200	Pvt Sadguru Lifecare (Ltd)	Sy No.b14, Shed No.01, Industrial Estate, Ananthapur, Anantapur, AP	India
S3-293482044	ZH Acquisition Incorporated	30445 1st Pl, Federal Way, Washington	US
S3-293632864	Dental  Center	28 Gatewood Rd, OAK HILL CITY, West Virginia	US
S3-294119502	Deltamiraflux	47 Elizabeth Saint, New Haven, Connecticut	US
S3-294422979	bronsonkolbjacobs.com	25246 Court Street, SAN Bernardinno, California	US
S3-294458161	HJW Multicon Pvt	Villa No.88 Rainbow Gh 1, Ashadeep Kings Court, Jaipur, RJ	India
S3-294515171	#straightedge	707- Prospect St, Plantsville CDP, Connecticut	US
S3-294708759	gr0up (i) wcc	Plot No. 10, Block No. 6 Ff, Right Side, Spring Field Colony, Sec, Tor-31, HR	India
S3-294790170	internalmedicine.com	1109 Johnson Street, Amarillo, Texas	US
S3-294886213	Bingham, Lyons + Villa, (Inc) - 8820837300	#49 Tankeroosen Rd, Vernon, Connecticut	US
S3-29537311	COLONIAL TRUST	43 Crocker Ave, Vinneyard Haven, Massachusetts	US
S3-295405725	Rice And Kennison Siddhi Llc	16 College Ln, Building Lyman Conservatory, Northampton, Massachusetts	US
S3-295451702	Blackmon Service	427 34th Ave, E. Moline, Illinois	US
S3-295452308	Reus Idaho	31 Guillemette St, Sanford, Maine	US
S3-295684289	Eilis's Enlginering #5475	Fontana, California, 5034 Cottontial Way	US
S3-295896909	Zetadova+ d/b/a Legacy Logistics Enterprises Inc	1312 O Avenue, Unit 3, Anacortes, WA	US
S3-296037036	ग्रीन Infra प्राइवेट लिमिटेड	Bhaiyasaheb Ambedkar Naga, Kalyan, Thane, MH	India
S3-296083105	Mutual Education-Concepts LLC	Dutch Hollow Drive, Orangetown, New York	US
S3-296084531	Incorporated Heritage Talent Digital	721 Riverisde Ave, <NULL>, Santa Cruz, California	US
S3-296114799	Tech Visi0n Finance Private Limited	S/o Sh Kanwar Lal Yadav Prop In Kh No.- 44/4 5 27 First Floor, Kapashera, New Delhi, DL	India
S3-296449238	24HR Lócksmith LLC	District of Columbia, 22 Halley Pl, Washington, Unit 2	US
S3-297090539	Dupont, Village óf	2098 Bradley St, Dupont, Washington	US
S3-297192346	Main Street Pizza Inc	210A Augusta Ave, Mannington, West Virginia	US
S3-297268275	Vogt, Morrow & Mota Tax Inc.	Kanawha Turnpike, Saint Albans, West Virginia	US
S3-297325539	Siex Métropolitan Mercator Inc	01256 Bowie St, Amarillo CITY, Texas	US
S3-297365434	XDI Cónsulting Limited Center	2 Ratanpura Nr Ambicamata Mandir Opp Shivkush Nagar Vastral Road, Ahmedabad, ગુજરાત	India
S3-297422828	Pounders Advanced-Prudential Inc	1208 July Court, Fayetteville, North Carolina	US
S3-297713204	KA Resliabhle Sky	4685 Valley Rd, Tucson, Arizona	US
S3-297757160	Solutions Chatrapati-Cottage Pvt	A-53, Mayur Vihar, East Delhi, DL	India
S3-297796901	Cancer Mínistries Ltd	1605 State Highway 386, Anton Chhico, New Mexico	US
S3-298183159	Ectoecto d/b/a Heartland League	303 Cottage Avenue, Saint Paul, MN	US
S3-298197253	Lewis Fortune Llc Llc	#2948 Harris Cir, Memphis, Tennessee	US
S3-298359339	Creative Rio  LLC	4115c Sunnyview Road, Salem, Oregon	US
S3-298983021	Prakriti-India (Ihdb)Ia Pvt. Ltd.	196/18 &19 Ist Floor Aiswarya Commercial Center R S Puram, Coimbatore, TN	India
S3-299083942	North News,	10256 Frieda Lane, Fortville CITY, Indiana	US
S3-299086504	TR Foundations Private	Bungalow No. 9/3, Juhu, Mumbai, MH	India
S3-299290019	TR F0undations  Private	Bungalow No. 9/3, Golden Beach Co - Op Housing Society Limited, Ruia Park, J M Marg, Juhu, Mumbai, MH	India
S3-299386778	Bangalore. Téchnology Ltd	19/D3, Bull Temple Road, Bangalore., KA	India
S3-299831760	Technology Swarn Infra Pvt Ltd	1304, Hyderabad, Hyderabad Urban, TG	India
S3-30005277	ZKJ Merchants (Limited)	RJ, Hn 1-814 98, Tonk, Patel Nagar	India
S3-300099091	Rose Infocom Private Límited	Dhabai Ji Ka Nohara, Jaipur, RJ	India
S3-300332251	HKD Corporation	2241-C Wolfsnare Dr, Virginia Beach, Virginia	US
S3-300576582	(LLC) Pediatric Dentistry American Health	255 Douglass Street, PMB 4271, Brooklyn, New York	US
S3-300634460	Flying Group of Compnais	No 7 Ganesh Chandra Avenuep.s. Bowbazar, Calcutta, Kol, WB	India
S3-300802275	Quoveo	Plot 255-256/B, Bhavnagar, City Sr No 170 Word No 1, Gujarat, Bhavnagar	India
S3-300954704	Isc  Consultants	No B3/277 Village- Baghakol, Patna, BR	India
S3-301075203	Eldridge Animal Hospital Board	662 7 Street, Brooklyn, New York	US
S3-301206769	BALAJI INVESTMENT PVT LTD	510, Wing A, 5Th Floor, Carlton Towers Old Airport Road, Kodihalli, Bangalore, Bengaluru, KA	India
S3-30159779	Black Products Private Ltd	6/277, Kothamangalam, KL	India
S3-30164381	PramodcollegeCom	Room No. 602, Thane, MH	India
S3-301743389	Syndrex dba Cameron Allied Priority	N4231 C, Town Of Freedom, WI	US
S3-301989623	Lee Stock & King	Salina, # Apartment 403, 150 Old Liverpool Road, New York	US
S3-302265130	gonzalezbitwise.com	942 Hank Aaron Dr, # B3, Atl, Georgia	US
S3-302405551	Allie Coombes-Mortgage	Newberg, 34115-D Wilsonville Road, Oregon	US
S3-302549331	Advika Clinic Pvt	Flat No A-404, Celesta Iggaluru Village, Bangalore, Bengaluru, KA	India
S3-30327252	Shelton Dental Associates	#1501 North Ave, Melrose Park, Illinois	US
S3-303506640	hale algonquin inc	124 Towergate Drve, LAK ST Louis, Missouri	US
S3-303550858	mava trusted dte	2810 Liberty Road, Greensboro, North Carolina	US
S3-303712116	Chiropractic Center	1917- Green Meadows Drive, Mcalester, Oklahoma	US
S3-303795989	@Sqcmumbai	H-32, South Delhi, दिल्ली	India
S3-303884770	শিবম কনস্ট্রাকশন এলএলপি	##51 Bhupen Bose Avenue Kolkata, Kolkata, Howrah, Kolkata, WB	India
S3-303939088	Salvo Home	924 Lynchburg Drive, Jacsonville, North Carolina	US
S3-30423847	Maa Global-Private Limited	Hn 217 19/208A, Kuzhivelikudiyil Thrikkalathoor, Ernakulam, Muvattupuzha, KL	India
S3-304478476	As & Co	Hno.f-##9, New Delhi, North West, DL	India
S3-304749447	Corp Integrated Mcedaf Cóncepts	390 Skyland Drive, Kingsport, Tennessee	US
S3-304799102	Cobbs and and Sharer	Glenview, 002646 Pauline Avenue, Illinois	US
S3-305024835	Lila Sattemlee Sattemlee Hovnanian LLC	Provo DCP, Utah, 2140 Oakcrest Lane	US
S3-305755845	Achala Tagig LLP	D-171 Ground Floor Gali No-16 Ramesh Enclave, West Delhi, Kirari, DL	India
S3-305757979	Universal Lógistics L.L.P.	Vill. Dubaki, Fatehpur, UP, Fatehpur, P.o. Dawatpur	India
S3-305943958	Mikaela	1139 Corbell Avenue, Norfolk City, VA	US
S3-307392191	Reliable Hospitality Asiorns Inc		US
S3-307443730	Zora T. Petnonk, DPM		US
S3-307572065	Ariaxylo formerly: Cornerstone Quality Pet Care	Mishawaka, 1716 Lynn Street, IN	US
S3-307603223	Mutual Esuchtoin Concepts LLC	78 Dutch Hollow Dr, Orangeburg, New York	US
S3-307801910	Cds Imports Privmae Limited	S No 4/1, Pune, Theur, MH	India
S3-307845599	Thib0deaux & Davis Inc	2211 Shannondale Dr, Green Oaks, Illinois	US
S3-307922142	Choice Douglas Douglas - 2094432100	521 28th Avenue West, Tulsa, Oklahoma	US
S3-30800438	howard holdings group	6318 1/2 Raven Street, Chicago, Illinois	US
S3-308117434	Great Maa  Construction Private Limited	B A-1401, Shine Swasti Opp., Siddharth Icon, Tragad, Ahmedabad City, Ahmedabad, ગુજરાત	India
S3-308291657	Iridova One t/a Oncology Physicians Inc	4611 Sycamore Drive, Unit APT 104, Lorain, OH	US
S3-308381813	Ectoflux+ DBA Divya Forest Corp	Silver Chamber Tagore Road, Gujarat, Office No. 311, Rajkot	India
S3-308400357	A Cure You 7 LLC	##311 Commonwealth Avenue, Unit 20, Boston, Massachusetts	US
S3-308404158	Brown Veterinary Clinic	9310 Ella Blvd, Houston, Texas	US
S3-308716108	M/s SOUTHERN HOSPITALITY	D/24 1St Floor, Anuj Chamber Camac Street, Park Street, Kolkata, Howrah, Kolkata, WB	India
S3-308729184	ਅਲਫ਼ਾ ਕੰਸਲਟੈਂਸੀ ਲਿਮਟਿਡ	Opposite Dawat Restaurant Above Indian Overseas Bank National Highway Kh, Khanna, ਪੰਜਾਬ	India
S3-309174052	Solutions Luxury-Image Private	273/3B, Dindigul, TN	India
S3-309177259	Shakti-Infra Private [Limited]		India
S3-309225150	Happy Tavern	Martins Point Pl, Cary, North Carolina	US
S3-309298144	Cds Imports Private Ltd	S No 4/1, महाराष्ट्र, Pandhari Nagar, Saranga, Near Rakshak Ngr, Pune, Theur	India
S3-309315952	wildlifenetwork.com	005587 Fox Chase Drive, Hokah, Minnesota	US
S3-30974419	Equity Corpn Private (Ltd)	H.no ##3-6-504/A/2, Himayathnagar, Hyderabad, TG	India
S3-309783995	Big Téchnology LLP	Door No 474 Iind Floor Hardevpurigautam Nagar, New Delhi, South Delhi, DL	India
S3-310027318	Brown Preferred Service	1965 Massey Point Rd, Pittsburg County, Oklahoma	US
S3-310404933	Caserta's Frontier Bike Sph	1171 Vandenburg St, NULL, Sun Prairie, Wisconsin	US
S3-310417710	Ahmedabad Centre	No 710 -Fortune Business Hub, Ahmedabad, ગુજરાત	India
S3-310557605	Diehl Éat0n	11341 Hartman Circle, Omaha, Nebraska	US
S3-310770759	Smart Trading	165th Pl, Portlannd, Oregon	US
S3-310832525	Certified  Whoalese Company	263 New Boston Road, Sturbridge, Massachusetts	US
S3-310852934	BKU Anchor Skín Care LLC	Illinois, # # P53, Oak Park, Lake Saint	US
S3-310967004	Machinists Local	120 Jackson Street, Greenfield, Iowa	US
S3-311020666	Vallez, Candra D., D.C. Corporation	0836 Barnaby Street, Washington, District of Columbia	US
S3-31134626	Family Liberty (Group)		US
S3-311440245	Labor Of Office	16114-B Onda Mountain, West Fork, Arkansas	US
S3-311548305	Rocky Center Learning	2710 Ford Street, Brooklyn, New York	US
S3-311691124	Sunrise Construction Private		India
S3-311772041	Delly's Dáta	316 Blackburn Bay Dr, City Of Verona, Wisconsin	US
S3-312038537	Unified Ehmdcaton Union	4114 Underwood Road, Yale, Oklahoma	US
S3-312643187	LLC Kerisoft	R St, Unit STE 370, Sacramento, California	US
S3-312738614	Wanids's Yóga	251-255 Admiral Cochrane Drive, Unit 2009, Annapolis, Maryland	US
S3-31303661	Marji Newsom Crystal Urban  LLC	323 Beech Street, Unit 2R, Holyoke, Massachusetts	US
S3-313047310	Physical Therapy Platinum Pgartnroetes  of Houston LLC	7216 1/2 Los Angeles Street, Houston, Texas	US
S3-313079213	Imojean Boyd Signature	29W 270 Forest Avenue, null, West Chicago, Illinois	US
S3-313157124	A Tmnised Canada LLC	195 Rodeo Road, Casa Grande, Arizona	US
S3-313210978	5hagun Enterprises	BR, C/o Ramasharay Singh, Aurangabad(bh), New Area Ward No-11 Near Devi Mandir	India
S3-313676282	Smt Kirtika Solar  Limited | www.kirtikaso.com	#301, 3Rd Cross, Rustum Bagh Main Road, Bangalore North, Bangalore, KA	India
S3-313923291	Iso Brothers Limited Service	Thanjavur, TN, East Street, Thiruvalanzuli, R.s.no.366/1-b	India
S3-314377473	Ostrich Constructions LLP	88 And 89, Krishnagiri, Dharmapuri, TN	India
S3-314408388	Bhavishya School Services	B-104, Second Floor, Okhla Industrial Area, Phase-1, DL, South Delhi, Delhi	India
S3-31454136	Foot and Inc. Clinic  Ankle	Sacramento, 9 Blue Water Circle, California	US
S3-31466193	FULCHER NCR INC		US
S3-314676892	ALLIED INTELLIGENCE UNION CORP	174 Nola Ln, New Tazewell, Tennessee	US
S3-315070351	SARAOR INC	Maine, Biddeford, 1 Pine Street	US
S3-315100850	peerenterprises.com	9-B, Sane Building, 2Nd Floor, 2Nd Nanabhai Lane, Fort, Mumbai, MH	India
S3-315347592	Carreras Certified LLC  Gamco	6330 Dixie Drive, null, West Jordan, Utah	US
S3-315989076	R0sift	3904 Lori Dr, Unit Apartment 28, Erlanger Ky, Kentucky	US
S3-316008266	Ace Total Spark	1269 Elrod Rd, Manchester, Tennessee	US
S3-316458862	Niemi Metro Capital Inc	144 Fairgrounds Road, Plattsburgh, New York	US
S3-31662325	Wildlife Association of Bremerton Ltd	145 Oak Street, Bldg. C, Bremerton, Washington	US
S3-317047386	Empire Investments,  (LLC)	5145 45, Auburn, Indiana	US
S3-317125176	Zora T.-Pennock, DPM	207 Roberts Trl, Benson, North Carolina	US
S3-317616865	Hunger Féllowship	01314 University Drive, Unit 31, Tempe, Arizona	US
S3-317678714	Perkins Owl Inc	0033430 Fm 506, La Feria, Texas	US
S3-317765335	Signature Harbor Lake	Texas, 148 3rd St, Fort Worth	US
S3-317961271	regional line llc	Pennsylvania, 213 Edgeware Road, Hampden Township	US
S3-318981526	Solutions Sridhar Hotels LLP	Door No 116 Shrinath Palace, Pipliya Kumar, Indore, Lasudia Nori, MP	India
S3-319023201	Arihant ಟೆಕ್ನಾಲಜಿ ಲಿಮಿಟೆಡ್	Shriram Greenfield, Tower E 1307, Bangalore North, Bangalore, ಕರ್ನಾಟಕ	India
S3-319443017	Dr Anamika  Brothers Pvt Ltd.	TN, South Mada Street Mylapore, Block A-835 24/2, Chennai, Madras	India
S3-319828793	Dia Traders Private	Mulshi, MH, Pune, Shed No. 3, Krupa Industrial Estate, Gat No. 349, Ap. Bhare, Near Pirangut, Tal-mulshi, Dist. Pune	India
S3-320100714	Super Medical Centre Co	Plto 913. 23/163A, Ernakulam, Kalamassery, KL	India
S3-320226641	Rn Botrhrs Ltd		India
S3-320429670	We1fare Suvidha Society	South West Delhi, S-7 Plot No4 Pkt-7 Sf, DL, New Delhi	India
S3-320564168	spaceinfra.com	Gaurav Annexe, Nr. Mandvi Co.-op. Bank R.r.t Road, Mulund West, MH, Mumbai City, Mumbai, No 890 A-17	India
S3-320763150	Jishnu Textile	61- Rs No 530 Cts No 4947, Belgaum, Belagavi, ಕರ್ನಾಟಕ	India
S3-320972710	Tovar Packaging-LP	Columbia, Missouri, Fl 1, 4602 Horseshoe Cir	US
S3-321037673	Highland Charities District	Montauk Hwy, Blue Point, New York	US
S3-321244810	Pediatric  Denta1 Center LLC	14302 Little Rocky Mountain Ct, Fairfax County, Virginia	US
S3-32136352	Lilly  and Mcnally [Inc]	247 Royal Parkway, Frankfort, Kentucky	US
S3-321682015	सूर्य बिजनेस प्राइवेट लिमिटेड	Bldg No 122 B Wing Bhakti Heights Tilak Nagar Opp Icici Bank Chembur Mumb, Mumbai City, MH	India
S3-32168972	raj projects projects pvt ltd	B-47, Jodhpur, RJ	India
S3-321758949	Deltabelosyn	No. 88- 1/217A, Thalapilly, Thrissur, KL	India
S3-321771782	H Q  Kinney Holdings		US
S3-321821996	564 Park  Road Realty-LLC	401 Univefsity Way, Washington, Ellensburg	US
S3-32182840	Seven Seven Cháritable Trust	दिल्ली, New Delhi North, A-1/5, North West Delhi, Dr. Mukherjee Nagar	India
S3-321866549	telodyne management inc	160 Jefferson Rd, Unit Unit 230, Pittsford, New York	US
S3-322151311	Remedy Tráders Private	Shantaganga Complex, Shop No.2, Sindagi Road, Indi, Bijapur, KA	India
S3-322247857	Quantify H0vnanian	742 Second St, West Brooklyn, Illinois	US
S3-322384799	Ear Nose & Throat	7 Cherry Circle, Rockland, Massachusetts	US
S3-322386930	Fredrika Griffin Continental Pinnacle	2824 Still Leaf Lane, Ellicott City, Maryland	US
S3-322748497	North Chariteable (Trust)	Door No 473 Flat No -202, Astha Green City, Patna, Patna Sadar, BR	India
S3-322781775	BH Sevie	Khasra No 1035 Near Back, Side Shanti Ispat Khandsa, Sadar Bazar, Gurgaon, हरियाणा	India
S3-322958314	Ilse's Rapid	PMB 7961, 105. Miles Drive, San Marcos, Texas	US
S3-323018721	Ace Unique Infra [LLP]	S-126, DL, Delhi, South Delhi, Basement, Greater Kailash - 1	India
S3-323111361	Pacific Pacific Commsuncaiotbs	3294 30th Ter, Topeka, Kansas	US
S3-323166798	Ab1 Drishti Pvt. Ltd.	Cl-299 Mphb Colony Pitham, Dhar, MP	India
S3-323332349	Sierra	110 750, Bountiful, Utah	US
S3-32343899	सूर्य कंस्ट्रक्शंस प्राइवेट लिमिटेड	Khed, महाराष्ट्र, H.no 257, Pune	India
S3-323515499	Yumaectonyla D.B.A. Ear Nose & Throat Pioneer Associates Inc	4431 Shelbyville Rd, KY, Beechwood Village	US
S3-323523450	Jain Edusystems Private  Limited	H.no 00302, Chartered Mady, 17Th Main, J..p. Nagar, Phase - Ii, Bangalore, Jp Nagar, KA	India
S3-323748130	Tri-State Saul	119 State Saint, Williamston Township, North Carolina	US
S3-324069320	Arcorbiio formerly known as Creative Banco PC	11872 Roanoke Road, Roanoke, IN	US
S3-324556510	LP Onco1ogy Betciter Care	1406. Whittier Avenue, Hempstead, New York	US
S3-324568744	Imperial + Co Limited	06, Kanpur, UP	India
S3-324635697	Internal Medicine	114th St, Blue Grass, Iowa	US
S3-324843811	Capital Corp Center	545 York Street, Vallejo, California	US
S3-324849460	GT TRICHUR PRIVATE LIMITED	Fa-229b, New Delhi, DL	India
S3-324862192	बॉम्बे ट्रेडिंग प्राइवेट लिमिटेड	H.no 752 Flat No B-1, Plot No 7, Secotr 5, Near Rakhma Bhawan Building, Sanpada, Navi Mumbai, Thane, MH	India
S3-325132240	OX Kera Pvt	Ground Floor, Madurai North, Madurai, தமிழ்நாடு	India
S3-325149265	Bharat Logistics	Ff-101., Daskroi, Ahmedabad, GJ	India
S3-32527493	*** Dorena's Apparel, LLC	16563 Cozart Avene, Pembroke Township, Illinois	US
S3-325343968	-- Dot Maritnd,z O.D., P.C.	New York, ##15 Hasbrouck Dr, West Haverstraw, # Apartment H	US
S3-325382850	Lakshmi Consultants Private Ltd	A-301, MH, New Sai Dham Chsl, Ramdev Park Road, Thane	India
S3-325415312	Smart Pharmaceuticals	#368 Blackhawk Drive, Parkforest, Illinois	US
S3-325721980	Digital Healthcare Limited Service	3, Shubham Apts, Mahatma Nagar, Nashik, MH	India
S3-325767450	M/s Sadashiv Creations Private Ltd		India
S3-325906196	Workman Intermediate	44684 Newsom Road, Vinton, Ohio	US
S3-32591577	Raj Consultancy Private Ltd	Block B-681 Krm Plaza, Chennai, TN	India
S3-326643597	Vionex	Coimbatore, Tamil Nadu, Coimbatore, Site No. 4, Golden Industrial Layout Kaniyur Village	India
S3-32670397	Services Guru Limited	Dauki, Agra, UP, Block B-483 Maatangi Medicine Centre	India
S3-326775102	Crystal Southern	6155 Copper Cir, Roanoke, Virginia	US
S3-326924916	C+ C+ Corp [Center]	8500- Palmer Ave, Minneapolis, Minnesota	US
S3-327045131	Creative Limited Limited Services	12Thfloor/1, Mumbai, Mumbai City, MH	India
S3-327099463	QIT Foundation Pvt.  Ltd.	Haji Moosa Patrawala Ind Estat##20 Dr E Moses Mahalaxmi, Mumbai City, Mumbai, MH	India
S3-327152351	Surya Producer Private	C/o Nand Jee Dubry Vill, Buxar, Kesath, BR	India
S3-327559435	Shri Namaha Brothers-Pvt. Ltd.	23/25, Dhun Building, Office No. 102, First Floor, Janmabhoomi Marg, Opp. Janmabhoomi Bhava, N, Fort, Greater Bombay, Mumbai City, MH	India
S3-32780269	IIT	Patahi Jagarnath Ward 3, L P Shahi College Road, Bandra, Muzaffarpur, Bihar	India
S3-327808564	Eastern Constructions Padivte Límited	#36A/12, Khan Palayam, 4Th Street, Madurai, தமிழ்நாடு	India
S3-327922333	Shivam Builders  Limited	Guntur, Hyderabad, Flat No. N1, TG	India
S3-327944186	Horizon Wireless Ássociates Inc	229 Glenrock Dr, Charlotte, North Carolina	US
S3-328568381	Dr Eastern  Investment Private Ltd	Room No. 380, Thrissur, Kumaranellur P O, കേരളം	India
S3-328628579	The Deht Deht Y0ga	294 Lincoln Street, Abington, Massachusetts	US
S3-32866218	Dream Projects (Limited)	Hennai, தமிழ்நாடு, Chennai, No51 R.k.mutt Road, Mylapore, Chennai Hennai	India
S3-328673495	Brixwex Sys t/a Spak Brothers	304/A, Shyamal Kunj 2, B/H Arya Shri, Opp Pentagon Appartment, Rajkot, Gujarat	India
S3-329531652	Arnold, Jones & Kyle L.L.C.	##33565 Matthew Circle, Lewes, Delaware	US
S3-329776460	Grace-Chapel	22 Leiws Drive, Aberdeen, Maryland	US
S3-329870174	Johnson, Dorree D., [P.A.]	#105004 Hidden Valley Dr, Mcloud, Oklahoma	US
S3-330497418	Pasoft L.L.C.	Walter Way, Anadarko, Oklahoma	US
S3-330505084	Abl Drsoti Pvt. Ltd.	Cl-299 Mphb Colony Pitham, Dhar, MP	India
S3-330603979	Mcarthur Aegon [of]	17624b Tapper Street, Indiana, null, Lowell	US
S3-330819499	Heritage Society Society	139 Fort Graham Rd, Whtiney, Texas	US
S3-331425267	Sewell  Peak Apollo	Jericho Turnpike, North Hempstead, New York	US
S3-331694343	Vignesh-Micro Prívate	Kanti Niketan, New Bus Stand Chhatauni Near Of Sports Club, P.o. Motihari, P.s., -Chhatauni, Motihari, East Champaran, BR	India
S3-331717660	Private East Energy [Limited]	Flr, 891, Savalanga Rd, Lal Bahadur Shastri Ngr, Shimoga, KA	India
S3-331791236	Jaxdrex formerly: Quantify Hovnanian	742 Second Street, West Brooklyn, IL	US
S3-331890357	Uptown  Yoga	104 Benham Dr, Chattanooga, Tennessee	US
S3-331899040	Royal Constructions Prívate Limited	No 7-9/5, 8Th Street, Jsn Colony Habsiguda, Hyderabad, తెలంగాణ	India
S3-331982185	Eastern Cell, Inc Sérvices	1145 Kelly Ln, Tempe, Arizona	US
S3-332004269	Cure Bike	00613 Shefford Street, Fl. 0, Wichita, Kansas	US
S3-332159816	Sewell Peak	New Hyde Park, 2238 Jericho Tpke, New York	US
S3-332219915	Behavioral Health Interstate Care Services	Rice Road, NULL, Specer, Ohio	US
S3-332359208	Colonial Ínterests LLC	379 Middle Bellville Road, Masnfield CDP, Ohio	US
S3-332437882	Choice Atlantic	17721 Couch St, Portland CTY, Oregon	US
S3-332523932	Dayton Family  Charities		US
S3-332782801	Lifesotyale-Inc	#802 Brookside Drive, Dayton, Texas	US
S3-332824886	jxwspade.com	3209c Eleventh Ave, Pine Bluff, Arkansas	US
S3-332944425	Farm Advisors Corp	41/111.(2), Chaobe Gola, Nai Sarak, Bara Chauraha, Kanpur Nagar, उत्तर प्रदेश	India
S3-333038457	Siex Metropolitan  Mercator Inc	Bowie Street, Amarillo, Texas	US
S3-333067761	Limited VKL Power Service	3 Meridien Apts Bldg No 1Veera Desai Road Andheri (W), Mumbai, Mumbai (SUBURBAN), महाराष्ट्र	India
S3-333081451	crowder holding company llc	Washington, District of Columbia, 3605 O Street	US
S3-333113488	Vidales & Nichols	3802 303rd Ct, Auburn, Washington	US
S3-3336714	Dawa Bazaar R.N.T. Marg Project Private	124, Dawa Bazaar R.n.t. Marg, Indore, MP	India
S3-333687466	H V & S Energy,	21044 1/2 Angus Dr, NULL, Cleveland, Texas	US
S3-333827236	Hale Algonquin	124 Towergate Dr, LAK ST Louis, Missouri	US
S3-333899092	The Kaup Alpex Inc	3641 Elder Oaks Blvd, Bowie, Maryland	US
S3-334244367	Golden It [Limited]	Hyderabad, Andhra Pradesh, Hyderabad, Villa No-1	India
S3-334327920	Todaro [Empire]	Massachusetts, Lowell, #63 Fletcher St, Unit 2D	US
S3-334495956	Roopraj [Appliances]	19, Ist Floor, Corner Market(c/o World Wide Tour) Malviya Nagar, South Delhi, दिल्ली	India
S3-334634720	Man-LLC Ridge	17 Olympic Dr, South Barrington, Illinois	US
S3-33480972	Little Bárbershop L.L.C.	12149 Lewis Circle, Forney, Texas	US
S3-334931219	silverindustries.com	House No.65 (Basement), New Delhi, West Delhi, DL	India
S3-335022110	... divisionconsumeraffairs.com	#1911 23rd Cir, Hondo, Texas	US
S3-335275355	Gresh Services	22 June Street Terrace, Worcester, Massachusetts	US
S3-335902169	Uptown Book Ssiteor	1753 Woodgate Ln, Eagan, Minnesota	US
S3-335967923	Indraprastha Global	Chennai, TN, Madras, #477 714-A	India
S3-336256833	Sri Aviveramira	Socy Shop N0.4 Bibawewadi, MH, Pune, Pune City, Sno D/672/3a State Bank Hsg	India
S3-336629874	Incorporated Platinum Wireless Union	307 Village Woods, Waitsfield, Vermont	US
S3-336724227	P.L.L.C. Allied Cornerstone Tax	Burlington, North Carolina, 1736 Vanderbilt Ct	US
S3-336892737	Continental Fund	Texas, 5861 Stream Drive, Fort Worth	US
S3-33708227	Orthopedic Inc	260 Epes St, Blackstone, Virginia	US
S3-337212539	Mr Credent International  School		India
S3-337381470	Dion Toscano Prairie Prudential,	111 Adair St, Shell Rock, Iowa	US
S3-337523703	Grace Zion	400 328 Madison St, Springfield, Illinois	US
S3-337650118	Green Islands - 6468526158	312 Main Ave, Niitro, West Virginia	US
S3-337709335	@lakshmiinvestment	##55, Prabhadevi, Mumbai, MH	India
S3-337777095	Keify Premier Machines [LLC]	615. Main St, Whitewater, Kansas	US
S3-337984670	Deltakor d/b/a Reliable Freight Brands LLC	20431 White Poplar Drive, Katy, TX	US
S3-338229801	Classic Nutrition Networks Inc	90 Andesite Ridge Road, Big Sky, Montana	US
S3-33904695	રેડ મીડિયા પ્રાઇવેટ લિમિટેડ	Plot 229, 230 Gidc Hansalpur, Viramgam, Ahmedabad, GJ	India
S3-33926272	Teum Soulpower  PC	205 Murray Street, Gainesboro, Tennessee	US
S3-339381661	Dermatology Specialists of Cóos Bay	889 Kentucky Ave, Coos Bay, Oregon	US
S3-340140608	Allied Program  Clinic	Manhattan, Kansas, Ocean Dr	US
S3-340647469	Zephiq Aviation,	58. Frank Cameron Rd, Bolton, New York	US
S3-340715606	Ashley Services	0014510 Union Avenue, # #3, Lakewood, Washington	US
S3-34073840	LLC AW Superi0r Rogers	1991 Campbell Avenue, # APT 12, Indianapolis, Indiana	US
S3-341081856	york york spacsphere	875 Spruce St, Waukee, Iowa	US
S3-341141517	#Rksmultiventures	Gut No - 259/2. Nimon Road Sinnar Nashik, Sinnar, Nashik, MH	India
S3-341145792	Skywalk Impex	C/o Sh.veer Singh, Basai, Noida Sec-70, Near M-block, Gautam Buddha Nagar, Noida, UP	India
S3-341159746	Zetaecto Sys t/a Rebbecca's Family Practice	2514 Messick Drive, Goshen, IN	US
S3-341213453	101 [Galata]	Riverton, N/A, Albion Meadow Way, Utah	US
S3-341328731	Lucknow Automobiles Private Ltd	2/221, Lucknow, UP	India
S3-341487941	Pepper Mills  Private Limited	Hn 426 Unit No 607, North - West Delhi, North West, दिल्ली	India
S3-341494805	Best Frontier Obic Co	California, 910 Newgate Way, Dixon	US
S3-34152919	Guerrero Santander  Inc	7380 191st St, Tinley Park, Illinois	US
S3-341632221	GIO  Properties		US
S3-341675461	Fmifsc.Com	Bangalore, KA, No. 15, Shop No. 3 And 4, 1St A Cross Telecom Layout, Jakkur Post	India
S3-341693750	Bangalore Design Limited Center	#27, Bengaluru, Bangalore, KA	India
S3-341800641	>> Intellectual and Brothers Pidcve (Limited)	Sr No 163. Pl No 12, <NULL>, Haveli, Pune, MH	India
S3-341995220	সিলভার ফাইন্যান্স প্রাইভেট লিমিটেড	Block E-940 Garden Reach Jetty-2 20 Garden Reach Road, Kolkata, Howrah, পশ্চিমবঙ্গ	India
S3-342033400	Strategic Talent - 3426141662	6204 Cr 862, Pearland DCP, Texas	US
S3-342225554	Hyderabad Trading	C/501, Sai Amit Chs, Yari Road Versova, Andheri West, Bombay, Mumbai City, MH	India
S3-342489506	Lambright, Slaal and Cueto [Inc]	##40 Wilma Road, Easthaam, Massachusetts	US
S3-342513969	Uptown  Hypnosis!	18361 Marygold Ave, Bloomington, California	US
S3-342694025	Z+ Southern		US
S3-343399668	Phenix Brothers Private  Limited	B-307, 3Rd Floor, R G Complex, Plot No. 2, Dda Community Centre, D B Gupta Road, Mo, Tia Khan, Phar Ganj, New Delhi, दिल्ली	India
S3-343436361	Zephiq Aviation, L.L.C.	58. Frank Cameron Road, Bolton, New York	US
S3-343938408	frayda's specialists	36 Celestial Way, Marshall, North Carolina	US
S3-344082990	स्टार एनर्जी लिमिटेड	Mnit Campus, Jln Marg, Jaipur, Jaipur, Sawai Madhopur, RJ	India
S3-344150764	Temple Lutheran Center  Services	2200a Village Drive, North Little Rock, Arkansas	US
S3-344169205	Dermatology Green	7903 Pleasant Valley Road, Camden, Ohio	US
S3-344254693	Larson Anchor Sou1power	0111 Lakewood Loop Loop, Marshfield, Missouri	US
S3-344625492	Zeus + Sons	16-A, Silicon City, Opp.emerald Ht. School Po At Rajendra Nagar, Ab Road, MP	India
S3-344641523	Wildlife Association of Bremerton Inc	145 Oak St, Bldg C, Bremerton, Washington	US
S3-344838458	FRESH DINER!	Coachway, Fl. 0, Annapolis, Maryland	US
S3-345085995	Urban Pizza Center	6886 Sandfield Drive, Montgomery, Alabama	US
S3-345120975	Housing Guild III  Association	01855 Loring Pl, Bronx, New York	US
S3-345210508	माय फाउंडेशन प्राइवेट लिमिटेड	Polt No-15a., Faridabad, HR	India
S3-345226477	alliedinitiative.com	38108 Olney Lane, Astoria, Oregon	US
S3-345229084	Chennai Engineering Private Ltd	C/o. Iit Madras Research Park, Chennai, TN, 01 Fa, I Floor, Kanagam Road, Taramani	India
S3-345338933	Varsham  Products Private Limited	Hn 958 No - 6, South Rampart Old Town Bustand, Thanjavur, TN	India
S3-345350625	reus idaho idaho company	31 Guillemette Street, Sanford, Maine	US
S3-345386702	Shyam  Investment	No.210, Vapi, Valsad, GJ	India
S3-345616281	Eoduffy.Com	# Apartment 6A, New York, 30 Lorraine Ave, Mount Vernon	US
S3-345730243	Family Rocky Service	474 Hart St, Malvern, Arkansas	US
S3-345804323	Painters  Local	27 108th St, Everett, Washington	US
S3-345912159	frog india ltd	Plot No.176, Sector 52, Gutigau, Gurgaon, Gurugram, HR	India
S3-345947515	Rudloff'S Crystal Metal Works-Ltd	Unit 6, 100 Paradise Dr, Nacogdoches, Texas	US
S3-346135097	Burrell Best  Silverbox LLC	Virginia, 9300 Hickory Hollow Rd, Chesterfield County	US
S3-346140386	Mr Rajaram Support Péivtfe [Limited]	Salava Agwanpur, Moradabad, UP	India
S3-346236019	Avigild Labs f/k/a Classic Allied Vernal	2603 Eldorado Drive, Mobile, AL	US
S3-346286357	Big  Tavern Service	Riverside Drive, Fl 0, Pasadena, Maryland	US
S3-346407755	Empire  Society	Indiana, 8263-8267 Harcourt Rd, Indianapolis	US
S3-346467789	Mullins, Thomas and Shoemaker Invesco Co	38 Norman Dr, Mountain Brook, Alabama	US
S3-346824940	mumbaisecuritygroupcom	Flat No #202 Plot No 55, Mumbai, MH	India
S3-346887974	Jenn Graves Better Systems Incorporated	New Mexico, San Patricio, 28234 Us Highway 70	US
S3-347400419	Apex Center C0	4 1/2 Hillside Court, Athens, New York	US
S3-347575702	Nylaaria doing business as Janhavi Traders Private Limited	S-062, Unistar Estate, Sahara Mall, M G Road, Dlf Qe, Gurgaon, Haryana	India
S3-347913674	Rampur-Macggery Limited	H.no 25 Tehsil Swar, Mohalla Kashipur Suar, Rampur, उत्तर प्रदेश	India
S3-348001007	Optimal Antimony,  LLC	5148 Blzer Pkwy, Dublin, Ohio	US
S3-34847135	North Stardust Care	470-474 Lake Street, Ravenna Township, Ohio	US
S3-348478540	Southern Bk Private Limited	No 7 B Block Vasu Layout B1 Dattagally, Mysore, ಕರ್ನಾಟಕ	India
S3-348598808	Jsr Bizcon  Private Limited	D/214 Shyam Ashish Sunder Nagar, Agashi Road Bolinj Virar West, Thane, Palghar, महाराष्ट्र	India
S3-349250100	INC PLEMMONS PATTANA	1733 Butelr Road, Alabaster, Alabama	US
S3-349547757	nous	3333 Elm Hill Drive, Warren, Ohio	US
S3-350004861	Luma India Private Ltd	827/296 W-1 Saekt Nagar Kanpur, Kanpur, Uttar Pradesh, उत्तर प्रदेश	India
S3-350131246	Krishna C1inic Pvt.-Ltd	17Th Floor, Mumbai City, Mumbai, MH	India
S3-350185694	OQ Services Private	New Delhi, 005/8Ajmal Khan Road Karol Bagh, Central Delhi, DL, NULL	India
S3-3504721	Oxnard  Mid Center	243 Lark St, Oxnard, California	US
S3-350589366	Shakti Infra Private Ltd	Block A-618 C/o Jagabandhu Mondal, Vill- Mirzapur, Sethpur, North 24 Parganas, WB	India
S3-350598949	Tajpuria Foundation Company	103, Bakul Aparment Plot No. 3, Nagpur, Shivaji Nagar, MH	India
S3-350874278	Umbraarc formerly Todaro Empire Parts	MA, Lowell, 63 Fletcher Street, Unit 2D	US
S3-351152963	Space Ínfra Pvt Ltd	H.no 890 A-17, Mumbai, Mumbai City, MH	India
S3-351304374	Lawson and Htaong Consumer LLC	5829 Fort Rd, Greenwood, Florida	US
S3-351499481	Corner Bike Shop Partners	New York, 1314 Smithtown Avenue, Bohmeia	US
S3-351567742	Kost & Welsh		US
S3-351681685	KJP Piedmont Futurecorp LP | www.kjppiedmo.com		US
S3-35168866	A  Trusted Canada LLC	195 Rodeo Road, Casa Grande, Arizona	US
S3-352324784	Dynamic Trusted Software Incorporated	925 Broadmoor Dr, City Of El Paso, Texas	US
S3-352394641	Kost Welsh Services	27 Park Towne Dr, Granite City, Illinois	US
S3-352399690	Namakka1 It Private Ltd	Bangalore, Bangalore Rural, ಕರ್ನಾಟಕ, Floor	India
S3-35273010	The 814-815 South Owners Corp	218 Lovelace Road, Forest City, North Carolina	US
S3-352880525	Finance Bright Estate Limited  Services	Plot R-710, Rabale, Navi Mumbai, MH	India
S3-35318328	halcolaactivate.com	12 Oriole Lane, North Oaks, Minnesota	US
S3-353223137	Christ Cathedra1 Ltd	129 Lafayette Ave, Niles CITY, Ohio	US
S3-353474033	VBO Atlantic	662 Rania Way, West Fargo, North Dakota	US
S3-353524462	भारत फूड प्राइवेट लिमिटेड	#G-701, Mulund (E), महाराष्ट्र	India
S3-353531025	Guru Super Care [Limited]	B-1/616-s Floor, South West Delhi, New Delhi, दिल्ली	India
S3-353582639	Elladine'S Réalty	Van Buren St, Phoenix, Arizona	US
S3-353641299	Celesta Infrastructure	Howrah, WB, Kolkata, 140/B Keshab Chandra Sen Street, Kolkata	India
S3-353641337	Journey Choice Foods LLC	8421d Weybridge, Johnston, Iowa	US
S3-353708451	Orbiveraquo	Connecticut, Wilton, 31 Hollow Tree Place, N/A	US
S3-35381348	Mirawex Labs dba Main Street Cafe Corp	Rock Island, 2526 21st Avenue, IL	US
S3-354140547	Sai Private-Limited Center	8-3-586/1, Gandhi Thata Nagar(g T Nagar), Nampally, TG	India
S3-354285826	Arihant Investments [Pvt]	5 Clive Row 3Rd Floorr No 73 P S Burrah Bazar, Kolkata, Calcutta, পশ্চিমবঙ্গ	India
S3-354287361	Horizon LLC	106 Hampton Vista Drive, Manovrille CDP, New York	US
S3-354428837	Constellation Better Inc	#21 Settlement Way, Luling, Texas	US
S3-354457674	Tavoyuma	B-00101, Ridhi Sidhi Comple, M G Road, Borivali (East), Mumbai, Borivlai East, MH	India
S3-354641616	Vsn Fcos	304, Mumbai City, MH	India
S3-355006769	Blue Silver Rice Ltd		US
S3-355030069	Nagraj Education Limited (ID: 36949)	#3/1B Gour Sundar Sett Lan, Dumdum, Sinthee Police St, Kolkata, Kolkata, Howrah, WB	India
S3-355233384	*** Division of  Motor Vehicles	0105 Cox St, Morganton, North Carolina	US
S3-35529413	Miller & Rivas Music Inc	Illinois, 9 Springer Woods, Edwardsville	US
S3-355426466	Keystone Energy International	Connecticut, West Hartford, 00 Thomas St	US
S3-355530730	Vantagehalo aka Coastal International Inc.	1803 Myrtle Road, Silver Spring, MD	US
S3-355552542	MP Hotels Private	Suraj Prakash Agarwal Moh Sabnigran, Najibabad, Bijnor, Bijnore, UP	India
S3-355618840	Pediatric Crysta1	1473 Bayfront Street, <NULL>, Accomack County, Virginia	US
S3-355650906	Physical Therapy Platinum Partners Of (Houston)	7216 1/2 Los Angeles Street, Houston, Texas	US
S3-355696140	transworld digital	A - D/1, Sweta Duplex, Radha Swami Road, Ranip, Ahmedabad, ગુજરાત	India
S3-355784820	First  Peofdects Private Limited	#21/13/1. Kaushik Enclave Burari, New Delhi, North East, दिल्ली	India
S3-356070868	Vistaar Institute of  Technology	01, Floor 5, Plot 345, Milan Laxmi Co Op Hsc Soc Ltd, Chandavarkar Cross Road, Matunga Cr, MH	India
S3-356441967	Interstate Fund	216 Prentice St, # 114, Stevens Point, Wisconsin	US
S3-356535504	Capizzi Classic Vélos Inc	5517 1/2 Gilcrest Sands Dr, Hope Mills, North Carolina	US
S3-356643720	Global Jas Technologies Private  Limited	A-#40, Krishna Nagar - Ii, Lal Kothi Tonk Road, Jaipur, राजस्थान	India
S3-356734271	Onyxnyla DBA Sunrise Engineering Private Limited	Kozhikode, Puthussery Arcade, Kadiyangad Junction Kadiyangad Post, Perambra Via, 55/10, Kozhikode, Kerala	India
S3-357137520	Alpha लोटस Consulting Private Limited	58, Floor-1, World Trade Centre, Sadhu T L Vaswani Marg, Cuffe Parade, Mumbai City, Mumbai, महाराष्ट्र	India
S3-357344248	Hurley, Cathee, Center	##25 Cedar Cir, NULL, Stamford, Connecticut	US
S3-357515885	Limited Coromandal Marketing Services	G-3, Mumbai, MH	India
S3-357531250	Pacific Fund	8853 Briarclift Road, Indianapolis, Indiana	US
S3-357651507	Krebsbach (Pacific)	12842 Pasture Ln, Stapleton, Alabama	US
S3-358091796	Choice Bíomedical Group	7227 Englehardt Drive, <NULL>, Raleigh, North Carolina	US
S3-358187913	Dido Johnson LLC Center	Massachusetts, 12 Meeting House Ln, Scituate, Unit 204	US
S3-358409177	Straight Edge Auto 8oaedy	Montgomery Ave, Unit Unit A, N. Wales, Pennsylvania	US
S3-358711159	Kfendeavour.Com	38-B Gobind Nagar, Ambala, HR	India
S3-358798455	Marketing Shurrce Crusher Private Limited Limited	1602, Mumbai, महाराष्ट्र	India
S3-359143386	Atlas Square	Oregon, 3163 Maple Drive, Reedsport	US
S3-359179503	Hart Creative Activate Inc.	7440  Brookpark Rd, Cleveland, Ohio	US
S3-359509730	My Pr0perties  Private	C/o Ashish Keshavprasad Rathi, Anjangaon, Amravati, MH	India
S3-360063824	Advika Clínic Pvt Ltd	Flat No A-404, Celesta Iggaluru Village, Bangalore South, Bengaluru, ಕರ್ನಾಟಕ	India
S3-360227409	The Dt Pub!	4846 Waveland Avenue, Chicago, Illinois	US
S3-360245584	Genao Choice Jena	01232 Weatherton Place, Ballwin, Missouri	US
S3-360300667	IO Credit Private	N-6-8 Vishwakarma Co- Hou, Society Plot No 23, Chhatrapati Sambhaji Nagar, महाराष्ट्र	India
S3-360333983	ND	Door No. 33/2910 L3, Tower 1 1103, Empress Garden, Vennala, Ernakulam, Kerala	India
S3-360463644	Mr Jalsagar Enterprises Private Ltd	H.no 12, GJ, Jamnagar	India
S3-360695819	Nodyne Center #17756	45 Ashington Lase, Brentwood, Tennessee	US
S3-360882189	Family  Guild	4399 Monument Ave, Richmonnd, Virginia	US
S3-361173159	GTA NURSING HOME	C-715, Ahmedabad, GJ	India
S3-361232527	Luise Gríffin Allspring, LLC	001753 Austinville Rd, Max Meadows, Virginia	US
S3-361532053	Heinrich, T0rres & [Lee,-LLC]	131517-131519 Federal Blvd, Rvierton, Wyoming	US
S3-361833418	Silver Consulting Pvt (Ltd)	No 8-10/41-42 Elango Nagar 2Nd Street, Tiruppur, Coimbatore, TN	India
S3-362025829	Thibodeaux & Dgrms Ínc	2211 Shannondale Dr, Green Oaks, Illinois	US
S3-362159465	Wendell & Stahley Bioscience Inc	#3994 Rutledge Road, Charleston, West Virginia	US
S3-362197035	ओम लॉजिस्टिक्स प्राइवेट लिमिटेड	DL, Door No 309 3Rd Floor Plot No.2, Vardhman Crown Mall Sec19, South West Delhi, Delhi	India
S3-362607927	Lyons  Strategic Iron Works	3712 Miranda Avenue, Gillette, Wyoming	US
S3-362836331	Pierrette  Deboer Elite, LLC	Moon Road, South Solon, Ohio	US
S3-362922408	Noble & Company	Govind Estate, Flat No. 702 7Th Floor, Plot No. 172, Shivaji Nagar, Nagpur, MH	India
S3-363043711	Planet Trfrss Limited	Ankamvetti Kavala, Puthupariyaram P.o, Manakkadu, Thodupuzha, Idukki, Keralam	India
S3-363063459	The Foot & Ankle Classic Group	1063 San Marcos Dr, Unit 36, Apache Junction, Arizona	US
S3-3631543	विजय ट्रेडिंग प्राइवेट लिमिटेड	H.no 749 Village Pamesara, Gudera, Mathura, UP	India
S3-363174297	Family Cénter	5805 Ifdian Trace, PO Box 8276, Madison, Wisconsin	US
S3-363354607	Sun  Infra	UP, Lucknow, F-387 F-387, Transport Nagar, Lucknow	India
S3-363411394	Moseley  Continental	Tryon Street, Charlotte, North Carolina	US
S3-363435812	BTB Spade P.L.L.C.		US
S3-363467005	Flora Brothers	Faridabad, H No. 83 Sikrona Near Government School Fatepur Tegga, HR	India
S3-363498976	Solutions Luxury Image Private	273/3B, Dindigul, TN	India
S3-363585027	Envaon Sui	83482 State Highway 11, Wakita, Oklahoma	US
S3-363640650	Sauceda & Solis Ltd	# 108, Asheville, 145 River Birch Grove Road, North Carolina	US
S3-363685397	Nexelle Construction	31-33 Hillcrest Heights, Lebanon, Connecticut	US
S3-364053902	Oliveira's Appliance Appliance	Ola, Arkansas, 840 Mller Rd	US
S3-364308234	1763 Sunset Blod Owners Corp	7642 Gordonshire Ct, Indianapolis, Indiana	US
S3-364447390	Diehl Center	11341 Hartman Circle, Omaha, Nebraska	US
S3-364775125	Accura Ptbth	KL, Acumenpazhaya Nadakkavu, Thrissur, Trichur	India
S3-364817782	Portland, Township OF	5805 Milwaukie Avenue, Portland, Oregon	US
S3-364985468	Diamond Transport Corporation	00295 Holly Street, Vidor, Texas	US
S3-365222263	Florentine Réalty Pvt Ltd	RJ, Girwa, Udaipur, H.no ##526 B, Otc Scheme Near Charak Chatrawas, Ambamata	India
S3-365252656	Dawa Bazaar Marg R.N.T. Project Private Limited	Indore, Third Floor, 124, Dawa Bazaar R.n.t. Marg, मध्य प्रदेश	India
S3-365366870	Supreme Éxploration Inc.	1026 Grovehill Road, Halethorpe, Maryland	US
S3-365785410	H V + Energy, Inc. Center	21044 1/2 Angus Drive, NULL, Cleveland, Texas	US
S3-365836036	Drexnex formerly: Swastik Producer	Chennai, Tamil Nadu, Valluvar Street Vijayalakshmipuram, No.10/6, Ambattur	India
S3-365890480	Silver Pinnacle Shreya [P.C.]	#392 Ogden Falls Blvd, Osweog CDP, Illinois	US
S3-366300702	Gildquo doing business as Wheeler's Therapy	180 Wallace Road, Unit 4, Nashville, TN	US
S3-36630237	Mu1titude Trading Private Limited	Bandra, #764- Rm No-697 9/2, Mumbai, MH	India
S3-366308608	Melurengineering.Com	Domlur Layout, KA, #31, Bangalore, Third Floor, First Main Road	India
S3-366370138	Benovue PC		US
S3-366986772	Pioneer	Pushpak-22, Mitra Niwas Road, Ratlam, Madhya Pradesh	India
S3-367090159	Ventures Rbc Export Private  Limited	East Delhi, DL, #463 B-19	India
S3-367414779	Fresh Biomedical Brands Llc	502 Ardmore Ave, Villa Park, Illinois	US
S3-368011417	Choice Douglas LLC	521 28th Ave W, Tulsa, Oklahoma	US
S3-368069135	Gentry Supreme Biopharmaceuticals	618 Danny Ln, Franklin, Tennessee	US
S3-36818832	The Harbor Pacific Return Inc	199 Stonecliff Dr, Greece, New York	US
S3-368210811	East Bright L.L.C. Center	1357 Pecan Street, Mobile, Alabama	US
S3-36824892	Harbor  Medical Center Trading		US
S3-36834067	Suazo, Little & Jameson Meshflow	118 Timberlodge Circle, Littleton, North Carolina	US
S3-368456951	Venevue Johnson	411 1/2 Annaberg Ln, Monroe, North Carolina	US
S3-369438690	Credent School Ínternational	Ahmedabad, Opp Anandniketan School Vill: Shilaj, Taluka: Daskroi, Ahmedabad, 25 Venetian Villas, GJ	India
S3-36956281	అరిహంత్ ఫుడ్ ప్రైవేట్ లిమిటెడ్	4-164., Vizianagaram, ఆంధ్రప్రదేశ్	India
S3-369626098	Ridge Partners Equity LLC	1615 Brentwood St, High Point, North Carolina	US
S3-369963516	Discover Broadband Limited Center	#17/160. Sardar Ganj, B/h. Market Yard Office, Gandhinagar, Patan, GJ	India
S3-370107246	Grasso Rócky Cbré	1219 13rd St, Great Falls, Montana	US
S3-370338836	Nylaevo fka Crowder Holding Company LLC	3605 O Street, Washington, DC	US
S3-370440733	சில்வர் இன்ஜினியரிங் பிரைவேட் லிமிடெட்	Riaz Garden, Chennai, TN	India
S3-370505315	Catha Kgir Esq.	14610 Union Street, PO Box 1531, Harvey, Illinois	US
S3-370698448	Beloecto a/k/a Devereaux & Blanchard Johnson	108 Roundtable Drive, Peters Township, PA	US
S3-370796297	esparzapembrokehuh.com	4438 Arrel Road, Youngstown, Ohio	US
S3-370952101	Zephxylo F/K/A Oncology Group	1533 Colonial Drive, Prince William County, VA	US
S3-371047656	The Cornerstone Summit Merchants P.C.	24035 Timberwood Dr, Minooka, Illinois	US
S3-371387949	Shree Valley	No. 13, Mumbai, Mumbai City, महाराष्ट्र	India
S3-371491886	Hkd Corporation	2241-C Wolfsnare Dr, Virginia Beach, Virginia	US
S3-371745608	TRI-STATE MEDICAL CENTER [INC]	192 61st St, Galveston, Texas	US
S3-371987795	Manley Reliable  Association, Inc	13385-B Moss Hill Dr, Beaumont, Texas	US
S3-372010271	Pediatric Precision Partners [Córp]	135 Center Tree Drive, Palacios, Texas	US
S3-372082211	Paske	1361 Hathaway Road, Bellville, OH	US
S3-372223053	Pediatric Dentistry  Inc. Partners	10 Chase Dr, # Apartment 47F, Fishkill, New York	US
S3-372240649	Hari Center	ಕರ್ನಾಟಕ, #282, Bangalore	India
S3-372466094	Jai  Academy	Unit 7B, Howrah, Kolkata, WB	India
S3-372769834	Sawant Designers Private Limited	La Regencia, हरियाणा, Flat No. A-102, Panipat	India
S3-372778420	Youngindiaconstructions.Com	Door No C-4526 Dlf Phase 4, Dlf Qe, Gurgaon, HR	India
S3-37279591	Chandrendra 8reweriesprivate Private	33A, New Delhi, South West Delhi, दिल्ली	India
S3-372820458	Bentley Holdings Group	TN, Norene, 6755 Greenvale Road	US
S3-372844836	Royal Business Limited Private	Khata No 100, Khesari No 319, Muzaffarpur, Bochaha, बिहार	India
S3-372874178	Halojax trading as Federal Marine Advisors LLC	OH, Jackson Center, 113 Main Street	US
S3-373035268	Oncology Group	443 Airport Industrial Park Rd, Parkersburg, West Virginia	US
S3-373053179	East Diana  Inc	1111 Murfreesboro Road, Unit 201, Franklin, Tennessee	US
S3-373128144	Gulf Medical  Center	503 First Avenue, Beltoon, Texas	US
S3-373346664	Gttrichur.Com	Fa-229b, Mansarover Garden New Delhi, New Delhi, DL	India
S3-373446092	[Center] Flora Co	H No. 83 Sikrona Near Government School Fatepur Tegga, Faridabad, HR	India
S3-373499500	Mark	Wz Â 8, Ii Nd Floor, Sant Nagar Extn Near Chawkhandi, New Delhi, Delhi	India
S3-373533724	P 6 O Communiies LLC	508 Manhasset Rd, Charlotte, North Carolina	US
S3-373544816	अरिहंत टेक्नोलॉजी प्राइवेट लिमिटेड	Sno-21/1, 21/3 Flat-c/22, Ganesh Garden, Dapodi, Pune, MH	India
S3-373736395	Shaw, Giovanna, Dds	570 Halsey Avenue, Buffaol, Minnesota	US
S3-373743304	Mumbai Innovative  Pvt Limited	Mumbai, Mumbai Suburban, Bhd.suncity Hotel, Midc Road No.19 Andheri (East), Lahuji Salve Nagar, MH	India
S3-374081180	Melur Engineering Pvt	Door No 31, Domlur Layout, Bangalore, ಕರ್ನಾಟಕ	India
S3-374084651	Bowes	TN, 1702 Aster Court, Sevierville	US
S3-3742928	Cornerstone Environmental Concepts,	5849 Dorton Lane, Virginia, Henrico County	US
S3-374363503	Fortune Finance	Rs No 226, Flat No C-808 Anantpuram Appart Bapat Camp, Kolhapur, Maharashtra	India
S3-37447706	Heart (Society)	6041 1/2 52nd Street Ct, Lincoln, Nebraska	US
S3-374488803	The Clean (Lithium)	Calumet Avenue, Indiana, Valparaiso	US
S3-374531480	Human Rights  Institute Corp	1961 Woodridge Rd, Tuscaloosa, Alabama	US
S3-374625624	Star Pmymcet-Advisors	1550 105rd Street, Edwardsville, Kansas	US
S3-374638049	Morgan Inc Entergy	616. Belforte Boulevard, Hsb Llano Co, Texas	US
S3-374862975	Allen Shore LLC		US
S3-375194263	Urology Interstate Care Associates  Inc	55508 Kizzie Lane, Gales Creek, Oregon	US
S3-375241612	V  5 D Collective LLC	002651 Creekwood Cir, # 9, Moraine, Ohio	US
S3-375300553	ईस्टर्न फ्यूचर मीडिया प्राइवेट लिमिटेड	E3-2, Baner Road, Pune, MH	India
S3-375326641	Orthopedic Fresh Partners Ínc		US
S3-375487017	Family Group	2735 Wagner Stret, Cincinnati, Ohio	US
S3-375778428	... Boyle Boyle Enccer Inc	691 Main St, # 1/2, Marion, Ohio	US
S3-376271072	শক্তি ইনফ্রা প্রাইভেট লিমিটেড	Block A-618 C/o Jagabandhu Mondal, Vill- Mirzapur, North 24 Parganas, Sethpur, WB	India
S3-376274076	Eydie Wallace Golden Agricultural of Bedford [Town]	Virginia, Bedford, 171 Oakwood Street	US
S3-376351802	Atlantic Health Cénter	1207 36th Ave, # STE B, Anchorage, Alaska	US
S3-376539061	Verron LLC Service #69630	Saint Louis, Missouri, 0358 Falaise Drive, Fl 0	US
S3-377042153	तिरुपति एस्टेट प्राइवेट लिमिटेड	H.no 8/108/7 Vill-mehram Nagar, South West Delhi, N/A, DL	India
S3-377266751	Ectolyra+ t/a Solora Electricity Clinic	6414 Esteban, Lake Havasu City, AZ	US
S3-37729489	Johnson Smart Of Rbaeliigh	11200 Tidewater Ln, Unit 411, Raleigh, North Carolina	US
S3-377472753	L.L.C. Advanced Quality Total	Indiana, <NULL>, Indianapolis, 7134 Doris Dr	US
S3-377484195	E & L Góres Góres PC		US
S3-377868334	Twisted Yoga LP	10 Park Street, # C, N. Easotn, Massachusetts	US
S3-377949029	Bridwell and Pitt	Main St, Unit 5, Georgetown, Massachusetts	US
S3-378044678	Meeksleecorreia.Com - 3500059604	West Springfield, Massachusetts, Unit 4, #169 Main Street	US
S3-378091246	Sanchez, Reggi, Ph.D., DDS PC	224 Bryn Du Drive, Granville, Ohio	US
S3-378145761	Butech LLC LLC	23 1/2 Cheever Street, Worcester, Massachusetts	US
S3-378195972	Hart Creative [Activate]	Brookpark Road, Cleveland, Ohio	US
S3-378477890	Sanchez Lending ínc	0010744 Millers Way, Orland Park, Illinois	US
S3-378483040	Lyons Strategic Iron Wernoiks LLC	3712 Miranda Aveneu, Gillette, Wyoming	US
S3-37877993	Howard Holdings	6318 1/2 Raven St, Chicago, Illinois	US
S3-378808623	एपेक्स इंफ्रा	Chitanvispura Cir G-4 House No. 1274, Nagpur, महाराष्ट्र	India
S3-379024927	Radley and Alegria [Healthcare-LLC]	735-737 Country Club Dr, Arizona, Mesa Dobson	US
S3-379039764	memorialcharities.com	Illinois, 904 Burton Place, Arlington Heights	US
S3-379138037	Sunderland  Baptist	Sunderland, Unit 7C, Massachusetts, Amherst Rd	US
S3-379199445	Dynamic Energy Worldwide	61 Elm St, Potsdam, New York	US
S3-379233957	... Bangalore Realtors Private Limited	158, 22Nd A Main, 1St Cross, Padmanabhanagar, Bsk 2Nd Stage, Bangalore, Bengaluru, KA	India
S3-379525799	Animal Foundation Welfare	14020-D Harrisville Rd, Mount Airy, Maryland	US
S3-379604192	Vick, Duffy ánd Vanderwerff Royce Inc	013655 Casey Rd, Marion, Illinois	US
S3-37982767	LLC Equinox	6055 1/2 Timber Ridge Dr, Kentucky, Prospect	US
S3-37985957	Solnylavantage	Office No. ##506, Akshar Square, Near Page One Hotel, Sandesh Press Road, Vastrapur, Ahmadabad City, Ahmedabad, GJ	India
S3-380052396	My Logistics Prgctte Limited	A-40, Mumbai, MH	India
S3-380081044	Krishna Pvt. Ltd. Cénter	#17Th Floor, Avighna House, Plot No 82, Dr. Annie Besant Road, Near Worli Naka, Worli, Mumbai, Mumbai City, MH	India
S3-380466971	Center Classic LLC	5043 Kingbard Street, Tucson, Arizona	US
S3-380538234	@advancedquality	7134 Doris Drive, <NULL>, Indianapolis, Indiana	US
S3-380699791	Janhavitradersprivate.C0m	S-062, Dlf Qe, Gurgaon, HR	India
S3-380895037	Onyxpyrax D.B.A. Panacea Inds Limited	62/11/1, Ichapur Road, Kadamtala, Lp-217/14/4, Howrah, West Bengal	India
S3-380995991	Morris Obannon And Jáffe	2406 27rd Ave, Anchorage, Alaska	US
S3-380996309	Pacific Guild L.L.C.	#3405 Tryon St, Unit 309, Charlotte, North Carolina	US
S3-38134376	Coblatl	2501 Sunset Drive, City Of Beloit, Wisconsin	US
S3-38134731	Pounders Advanced Prudential  (Inc)	1208 July Ct, Fayetteville, North Carolina	US
S3-381544741	Mohit Cnostrubtion Pvt Ltd	H.no 656 First Floor, Khivraj Complex Iii, 480, Anna Salai, Chennai, Chennai, தமிழ்நாடு	India
S3-381837220	-- Red  Healthcare Private Limited	51-A Friends Colony, Delhi, East Delhi, DL	India
S3-381950181	Precision Wireless	1639 County Home Rd, Paris, Tennessee	US
S3-382498451	ENU Galaxy Private  Limited	23, DL, New Delhi	India
S3-382878313	Bay  Coastal Shore	07003 Stone Inlet Drive, Fairfax County, Virginia	US
S3-382909824	Khairatabad Chits Límited		India
S3-382987341	Youth Miniistrls	1017 Autumn Ln, Concord, North Carolina	US
S3-383043852	Allied Institute Inc	3078 County Road 30, Sarcoxie, Missouri	US
S3-383058167	Hunger Fellowship LP	01314 University Dr, # 31, Tempe, Arizona	US
S3-383468836	Roopraj Appliances [Limited]		India
S3-383776336	Gildbrixcira a/k/a Ashley Iii	14510 Union Avenue, Unit #3, Lakewood, WA	US
S3-383865732	Elladine'S Ragyet	1350 Van Buren Street, # 1012, Phoenix, Arizona	US
S3-383892	*** Guru Power-Limited	Block B-483 Maatangi Medicine Centre, Shop No- G-38, Ground Floor, Property No. 8/209 And 8/209-1 To 30, Hing Ki Mandi, Kotwali Road, Agra, Dauki, उत्तर प्रदेश	India
S3-384057145	Digital Trading  Collective Care	119 Delaware Street, Mounsd, Illinois	US
S3-384522406	Anvil-LLC	001701 Colter Street, Unit 302, Northeast, Arizona	US
S3-38472022	Mcmahan, Romero And Davis-Works	091547 Dearborn Island Rd, Blue River, Oregon	US
S3-385023726	Silver Pizza! LLC	545-C Wilson Saint, Unit 28, Costa Mesa, California	US
S3-385303427	@vertexesports	Ohio, 7767 White Chapel Road, Licking Twp	US
S3-385403853	National Health Center Llc	132 Teller Rd, Daniels Farm, Connecticut	US
S3-385444934	Colonial Trust	43 Crocker Ave, Vinneyard Haven, Massachusetts	US
S3-385935703	PC	Room No. 602, Thane, Maharashtra, 6Th Floor Gaikwad Heights, Beside Bhagirathi, Thane	India
S3-386092715	Dugan Rocky Mid-LP	Round Rock, 941 Hesters Crossing Rd, Texas, Unit 3306	US
S3-386196127	SMITH NATI0NAL SUPPLY INC. INC.	130 Hess Lane, Roseburg, Oregon	US
S3-386233034	Panet Advanced Paper, L.L.C.	3130 Goodnight Way, Bloomingon, Indiana	US
S3-386417737	SA (í) Ltd	Ahmedabad, Dhandhuka, GJ, Shop No. 6	India
S3-386494024	Reed School, Montessori Inc	204 Tenth Street, Chester, West Virginia	US
S3-386906086	Data Marketing Industries	Washington, 9317 73rd Street Court, Gig Harbor	US
S3-386970864	private ck mall limited	95L Kankulia Road, Kolkata, Howrah, WB	India
S3-386998082	Dovabelo f/k/a Unique Sangh	Hatzan Bazar Madrasapally, Birbhum, West Bengal, Suri	India
S3-387207245	इंडियन प्रोजेक्ट्स प्राइवेट लिमिटेड	H.no 778 405, South Delhi, New Delhi, DL	India
S3-387390021	Ross & Waggoner (Yhn)	4112 Pleasatn Valley Road, # 120, Raleigh, North Carolina	US
S3-387563114	LLC Slate	Lexington, Massachusetts, 24 Turning Mill Rd	US
S3-38769884	Unique Média Private (Limited)	D-13, New Delhi, Shopping Centre-ii Mansarovar Garden, DL	India
S3-388057833	Baba-Shree Developers Limited	New No.g-278/102, Chennai, TN	India
S3-388265487	Stanek  Inc Hovnanian,	Unit 923, 7825 Vinings Oak Ln, North Carolina, Matthews	US
S3-388325830	Infra Cybernet-Estates Private Limited	Faridabad, HR, Faridabad, 1247/8	India
S3-388446874	3963 Sixth Blvd Realty	1444 Talladega Street, Lineville, Alabama	US
S3-388460873	சவுத் எண்டர்பிரைசஸ் பிரைவேட் லிமிடெட்	3 A Uliyampalayam Road Thaliyur Post, Coimbatore, தமிழ்நாடு	India
S3-388623498	Great LLC Hotel	608 Second St, Bloomington, Indiana	US
S3-388687406	Corner Bike Shop (LLC)	1314 Smithtown Avenue, Unit Apartment 12, Bohmeia, New York	US
S3-388765485	Loveland, County	797 Decade Lane, null, Loveland, Ohio	US
S3-388872178	Dovaavi Labs dba @ Home 6 It Inc	CA, Crestline, 986 Chillon Drive	US
S3-389196434	Colonial Institute Clinic	14460- White Top View, Washington County, Virginia	US
S3-389460829	Tsujnllo, Aggy Royal [Sab]	519 Pineville Road, Statesville, North Carolina	US
S3-389542709	>> angela commercials pvt ltd	Plot No-00142-904, Kendujhar Town, Keonjhar, Kendujhar, OD	India
S3-389775316	Arts P.C. Ministries	5790-5792 Hughes Rd, Galena, Ohio	US
S3-389785545	Horizon Innovation	17 Collinsville Aevnue, East Saint Louis, Illinois	US
S3-389961903	East Eyg Private Limited	1S Flr, Shimoga, KA	India
S3-390354526	Lex Cópley Llc	401 Northwest Hwy, # 1127, Irving, Texas	US
S3-390487584	SB Highland  Mines, LLC	25990 Cedar Valley Road, Natrona, Wyoming	US
S3-390550333	Karisa Ricgher Dynamic LLC	18073. Harding Dr, Bowling Green, Virginia	US
S3-390556129	Virgina Yang-Ridge	Illinois, Chicago, 6641 1/2 Artesian Avenue	US
S3-390756099	MANLEY RELIABLE ASSOCIATION, INC	Moss Hill Drive, Beaumont, Texas	US
S3-390827341	Csbdaigs'  Spa	3416 Kafa Rd, Rio Rancho, New Mexico	US
S3-390834193	Bentley Holdings Group (Inc)	Tennessee, Norene, 6755 Greenvale Rd	US
S3-390924743	southernlogistics.com	Shop No. 101/102 Ff, Gujarat, Sr No. 4311, 4312 Shobha Chambers, Zaveriwad, GJ, Ahmedabad	India
S3-391150010	unkrealty.com	DL, A-4/42, Paschim Vihar, ##767 Level 2, New Delhi	India
S3-391515107	MOTLEY SMART RIO INC	Pecan Circle, Trenton, Texas	US
S3-391726044	Thane Option Corporation	Office No 208, Koperkhairne, MH, Thane	India
S3-391936800	লক্ষ্মী কনসালট্যান্টস প্রাইভেট লিমিটেড	Dinajpur, Uttar Dinajpur, C/o Sumit Sharma, Udaypur, Raiganj, পশ্চিমবঙ্গ	India
S3-392056578	Reliable Services Prvitate Limited	Vill Harharia Po Islampur Ps Islampur, Murshidabad, পশ্চিমবঙ্গ	India
S3-392401742	इंडियन प्रोजेक्ट्स प्राइवेट लिमिटेड	H.no 778 405, Skyline House 85, Nehru Palace, New Delhi, South Delhi, DL	India
S3-392951773	Green  (India) Education Limited Service	Sujata Niwas Zone B-1 House No 743 Near Old Adarsh Colony Datta Nagar, Latur, Maharana Pratap Nagar, MH	India
S3-39321622	KEW FOODS PRIVATE PRIVATE LIMITED	Adampur, Bhopal, Bhopal Four Ayodhya Bypass, MP	India
S3-393712190	Delhi  Technologies Private	R-546, Delhi, दिल्ली, West Delhi	India
S3-394292531	Miraonyx	D-301, Plot No.1, Om Satyam Apartment Sector-Iv, Dwarka, New Delhi, West Delhi, Delhi	India
S3-394415378	maintenancexx.c0m	33 Willow St, Lansdale, Pennsylvania	US
S3-39451796	C A Noble Services - 9751951706	01611 Windsor Woods Blvd, Perry, Indiana	US
S3-394603475	Hornyak, Bórgen & Wélls L.L.C.	495 Bell Saint, Evannt, Texas	US
S3-394684549	Moriarty [Shipping]	9 Woodland Ave, Rensselaer, New York	US
S3-394775952	Vsn Food	304, Arun Chambers, Tardeo Road, Mumbai, Mumbai City, महाराष्ट्र	India
S3-39492578	Straight Edge Yo	Texas, 31 White St, Eastland	US
S3-394997463	Headrick, Harker & Dick	#106 Wilkes Ave, Beckley, West Virginia	US
S3-395250899	>> 60/49 Vehicle  LLC	482 Glen Lily Road, Bowling Green, Kentucky	US
S3-395460553	L.L.C. Boo	3 Groom St, Unit 3R, Boston, Massachusetts	US
S3-39554913	Machinists 697-Services (ID: 45552)	120 Jackson St, Greenfield, Iowa	US
S3-395707877	l.l.c. patel plumbing,	1658 Lin-Lor Ct, Elgin, Illinois	US
S3-395811222	XD XD Allied	34137 Eureka Avenue, Yucaipa CDP, California	US
S3-396481070	Heartland League	30 Cottage Ave, ST. Paul, Minnesota	US
S3-396521727	Elite Property Sérvices LLC	005 Gallaudet St, Washington, District of Columbia	US
S3-396830798	Davy Launch	251 State Street, Guilford, CT	US
S3-397014350	Central Security Security Products LP	##14 Kimmie Court, Sacramento, California	US
S3-397026696	Royal Developers Limited Services	S.f. 0019, Ahmedabad, GJ	India
S3-397212481	Lyrakelo aka Esparza, Pembroke and Huh LLC	4438 Arrel Road, Youngstown, OH	US
S3-39781502	Ganpati Co  Center	H.no 546 Level 5, Pune, महाराष्ट्र	India
S3-398213020	Brown Préferred Retail	1965 Massey Point Rd, Mcalester, Oklahoma	US
S3-398255581	60/49 Vehicle	482 Glen Lily Road, Bowling Green, Kentucky	US
S3-398274836	Hembree & Wioelman Inc.	Texas, 0914 Gatestone Forest Dr, Beasley	US
S3-398276111	Urban Blue Care Private	H.no 6-273/6 Manicktola Main Road, Calcutta, Ultadanga, WB	India
S3-398386668	Vijay Healthcare	#0011-10-268/6/A/1, Yellandu, Khammam, Andhra Pradesh	India
S3-398470181	Historical Care Fund	1600 Massachusetts Ave, Unit 705, Cambridge, Massachusetts	US
S3-398593920	Ltd Kronos Lift	B-5-1401, Mondeal Heights, Nr. Wide Angle Cinema, Ahmadabad City, Ahmedabad, GJ	India
S3-398630095	dean, mandi jersey inc	892 100, Orem, Utah	US
S3-398835478	Private Anand Premier Enterprises Ltd	C/o Poonam Devi, West Champaran, Bettiah, BR	India
S3-398898051	EVL 5hipping Private  Limited		India
S3-398927335	Rizaonyxevo	3-101, Plot No. 462, H No. 1-62/462, Sri Balaji Residency, Kakatiya Hills, Guttala Begumpet, Shaikpet, Hyderabad, TG	India
S3-398942599	Western Octave Ínc	09503 Milstead Drive, <NULL>, Bethesda, Maryland	US
S3-399524528	Lakshmi Construction Private	Gonda, Village - Paraspur, UP	India
S3-399858001	Piedmont Cóalition	110 County Road 2060, Hull, Texas	US
S3-399978436	Square Private Limited Service	24, Hemanta Basu Sarani, Manglam, A- Block, R. No. 201, Kolkata, Howrah, পশ্চিমবঙ্গ	India
S3-400206257	Empire Complete Acp L.L.C.	001201 Harrill Saint, Unit 1, North Carolina, Charlotte	US
S3-400410906	program allied clinic	Ocean Drive, Manhattan, Kansas	US
S3-400442937	... Dorena'S LLC Service	16563 Cozart Ave, Pembroke, Illinois	US
S3-400700085	DM Products  Corp	6-1102, T- 5 Emaar, Gurgaon Greens Sec 102, Sadar Bazar, Gurgaon, HR	India
S3-400716514	Wccigroup.Com	#10, Tor-31, Faridabad, HR	India
S3-400729578	... Verrova-Wellness LLC	0625 800, Salt Lake City, Utah	US
S3-400790586	Bright Tech Private	S.c.o A-191, 3Rd Floor, Huda Ground, Jind City, Jind, HR	India
S3-400810306	Solutions India Solution Prívate Limited	Co-janmejay Bir, Plot No-91, Khata No- 191/156, Mauja-balikuti, Tahashil-baliapal, Balasore, Baleswar, Orissa	India
S3-400812964	Jain First Industries-Private Ltd	UP, #86 Mg-13d, 3Rd Floor, Plot No. Gh-03 Eldeco Mystic Greens Omicron 1, Greater Noida	India
S3-400831177	Smt Polar  Movers Private Limited	Door No 701 Royal Lakeview, Nr Gota Lake, Daskroi, Ahmedabad, GJ	India
S3-400901023	Lyranovi Sys Formerly Quirino & Skidmore Mckinley	NY, Ridgewood, 1889 Hart Street	US
S3-40116436	சாய் ஃபுட்ஸ் பிரைவேட் லிமிடெட்	No 35, 2Nd Floor, Annai Theresa Street, Anandhapuram, East Tambaram, Chennai, தமிழ்நாடு	India
S3-401352753	Oncology Physicians Physicians Inc	4611 Sycamore Dr, Unit APT 104, Lorain, Ohio	US
S3-4015217	Office Of Lábor	16114-B Onda Mountain, West Fork, Arkansas	US
S3-401540575	South Foundation Private	C/o Maruti Govind Andhale Doifodewadi Dist Beed Doifodewadi, Beed, Bid, MH	India
S3-401561151	Case and Knfsgt Knfsgt	2194 Marion St, Shelby, North Carolina	US
S3-401903678	CLYIS OBIC PARTNERS	##403 A Hume Ave, Alexandria City, Virginia	US
S3-401976049	Primary  Care Medicine PLLC	1487 11B, Dickinson, New York	US
S3-402101530	Markham and Bacchus Service	30 Arnold Gamble Cir, Sacramento, California	US
S3-402727371	Cheslie Milliken	108D Vida Way, Norman, Oklahoma	US
S3-403644134	Wexevo Formerly Blue Construction LLP	C-6/298, C Block Yamuna Vihar, Delhi, North East, Delhi	India
S3-403649184	6reen Gltal Pvt  Ltd	Asansol, Parbati Bhaban S B Gorai Road, Bardhaman, WB	India
S3-403703678	Mirariza Co dba Sanchez, Reggi, Ph.D., DDS PC	224 Bryn Du Drive, Granville, OH	US
S3-40377827	Chamundeshwari & Sons	#2, Gurugram, Gurgaon, हरियाणा	India
S3-404575689	A Crystal Credit	Arkansas, 553 Par Dr, Marion	US
S3-404613688	Empire Investments,	5145 45, Auburn, Indiana	US
S3-404913044	Vaayuora Solutions Private Ltd	No 7Th Floor-719, Ahmadabad City, Ahmedabad, ગુજરાત	India
S3-405030790	Dacia'S Advisors | www.daciasad.com	8230 Summa Avenue, Baton Rouge, Louisiana	US
S3-405139568	Positive College Private Ltd	ગુજરાત, Akcros House, Rajkot	India
S3-405273779	व्हाइट Global प्राइवेट लिमिटेड	Cd-242, Second Floor Vishaka Enclave, Pitampura, New Delhi, DL	India
S3-405384244	Global Foods Private Límited	Flat No. ##202, Malad East, Mumbai, महाराष्ट्र	India
S3-405463674	National Cohen	3287 1/2 Jaber Dr, Akron, Ohio	US
S3-405614190	footankle.com	9 Blue Water Circle, Sacramento, California	US
S3-405661587	689 Mountain View Place	4112 Maple Street, Iowa, W Des Moines	US
S3-405808554	LLC Advanced Sgratttgiec Equipment	14823 Vail Avenue, Harvey, Illinois	US
S3-405978591	Balaji Tc Private Limited	Hn 246 Kushalpura, RJ, Chanwaji, Jaipur	India
S3-406372108	Kronos-Lift Ltd.	B-5-1401, Mondeal Heights, Nr. Wide Angle Cinema, Ahmadabad City, Ahmedabad, GJ	India
S3-406492738	Fitz Land LLC	1505 Hillsborough Strbet, Raleigh, North Carolina	US
S3-40671721	Coronado Pacific-Anadolu	Ellendal Township, North Dakota, 213 15rd Street	US
S3-406827404	HAPPY TAVERN	102 Martins Point Pl, Cary, North Carolina	US
S3-407056204	Triplett Charter [School]	260 Cabin Creek Rd, Alexandria, Virginia	US
S3-407260704	5hort Advanced (Mitsui)	Lois Lane Dr, PMB 1056, Pinehurst, Texas	US
S3-407676062	रियल कंस्ट्रक्शन प्राइवेट लिमिटेड	C/o Shiv Mandir, Rakhi Shahpur Kheri, Hisar, Hansi, HR	India
S3-407749588	Romer  Era L.L.C.	6337 3570, West Valley City, Utah	US
S3-407810504	Kacey Piercy Desert Rush L1c	Hamilton, 220 Twelfth Street, Ohio	US
S3-407969490	Preferred Property [Alliance]	133 Crescent Street, <NULL>, Georgetown CDP, Texas	US
S3-408031476	Henderson	173 Stateline Cemetery Lane, Salem, AR	US
S3-408072107	Federal Trust	511 Cherry Ave, N/A, Niles, Ohio	US
S3-408286960	grace presbyterian church	15510 Thompson Ridge Drive, Cypress, Texas	US
S3-408585017	Interstate Inc. Service	407 Center Strest, Unit 3FL, Meriden, Connecticut	US
S3-40935887	Southern Kóngsberg	Cedar Park Loop, Fl. 1, Olympia, Washington	US
S3-409577402	P 6 O COMMUNITIES LLC	508 Manhasset Rd, Charlotte, North Carolina	US
S3-409671238	PA Mairisme	Th, Floor Vaibhav Chambers (Opposite Income Tax Office) Bandra Kurl, A Complex, Mumbai, Bandra Suburban, महाराष्ट्र	India
S3-40972739	Florissant Urgent CARE Partners	3816 Colonel Pickering Court, Florissant, Missouri	US
S3-409735078	ತಿರುಪತಿ ಕೇರ್ ಪ್ರೈವೇಟ್ ಲಿಮಿಟೆಡ್	Bangalore, #740-D, Bangalore, 1St Main, 4Th Cross, Vinayaka Nagar B Block, Konena Agrahara, Vimanapura Post, ಕರ್ನಾಟಕ	India
S3-409847568	Clark  Australia		US
S3-409927318	PIERCE CHARLES INC	1957 Old Conover Startown Rod, Newton Township, North Carolina	US
S3-410400124	Sree-Perfect Properties Private Limited - 9225280275		India
S3-410415658	Veus LLC Services	2018 Old Frankfort Pike, Midway CITY, Kentucky	US
S3-41041759	nationalcompania.com	29507 68nd Ave, Peoria, Arizona	US
S3-410613603	indorecharminarpolytechnic.com	मध्य प्रदेश, Gawli Palasia, Indore, J-9	India
S3-410657710	The  QON Osprey	1421. Kensington Boulevard, Bowling Gren, Ohio	US
S3-410667784	Beltran Innovative Múniyield LLP	0451 Ardmore Ave, # J, Villa Park, Illinois	US
S3-410904792	Kestbel LLC	099 Middle Leesville Road, Bedford, Indiana	US
S3-411025324	Colonial	Tisbury, MA, 43 Crocker Avenue	US
S3-411271386	Cg Law Chambers Private Limited	C/omahesh Singh Gali No 4, Mushahari, Patna, BR	India
S3-411325346	Shree India Private Límited		India
S3-41140946	Jk Business Prívate Limited	Plot No. 208, Shivajinagar, Flat No. 3 Raj Palace Cts No. 862, MH, Pune, Pune City	India
S3-411622013	Lyraquokelo+ a/k/a X/U Malt	OR, Unit #43, 6285 Caldwell Road, Gladstone	US
S3-41174790	Sri Digital Logistics Private Limited	दिल्ली, Delhi, A-32 Parijat Apart Westa Enclave Pitampura, North Delhi	India
S3-411927854	Cecile M. Roberts Ph.D.	Westfield, Massachusetts, Reservoir Avenue	US
S3-412256519	Rosas, Skinner and	00205 White Road, Mineola, New York	US
S3-412507701	Peacock Trust	Door No 2-10-309/2/6 Prasanthinag, Hanamkonda, Warangal Urban, Andhra Pradesh	India
S3-412675635	Nava Investments LLC	20644 Deerpath Rd, Deer Park, Illinois	US
S3-41270146	#foremanrobinson #25554	3787 Harris Road, Oxford, Ohio	US
S3-412802247	Bay Coastal Shmgoe	07003 Stone Inlet Dr, Fairfax County, Virginia	US
S3-413087318	Lyra  Fast	25210 Mirrormont Boulevard, null, Issaquah, Washington	US
S3-413116203	Mcgeeplatinum.Com	#459 General Kershaw Drive, Nashville, Tennessee	US
S3-413294408	Indresh Technologies Private	Plot No.16, South Block Third Floor Kunams Pride, Krithika Layout, Madhapur, Hyderabad, తెలంగాణ, 1-98/K/16	India
S3-413464455	Sauceda  and Solis	145 River Birch Grove Road, Unit 108, Asheville, North Carolina	US
S3-413804205	Comet  Services	Flat No 1. Krishna Vihar Bldg 4 Tata Compound Irla Bridge Vile Parle West, Mumbai City, Mumbai Ii, MH	India
S3-413892126	Regional Clar Arch LLC	2632 Mcdonald St, Appleton, Wisconsin	US
S3-413960506	VOP-Etf	104 Ashwood Rd, Rice, Virginia	US
S3-413976362	Orthopedic Care Associates Llc	3129 Lundin Drive, Manhattan, Kansas	US
S3-414540153	Silver Bist!r	125 Water Oak Dr, Smithfield, North Carolina	US
S3-414743149	Louis, Howard and Mclaughlin Services	119 Brainerd Rd, # 4, Boston, Massachusetts	US
S3-415046644	Manley Reliable Association,	13385-B Moss Hill Dr, Beaumont, Texas	US
S3-415178158	जय इंडस्ट्रीज प्राइवेट लिमिटेड	Gautam Buddha Nagar, A-002/157 Site 5 Kasna Ind Area Greater Noida, उत्तर प्रदेश, Noida	India
S3-415221739	Urgent Care Ctinbc	409 Clay Street, Mountain Home, Arkansas	US
S3-415577310	... gujaratconsultancyprivate.com	H.no 3-46 B-21, 2Nd Floor, Lajpat Nagar-ii, South Delhi, New Delhi, DL	India
S3-415785756	[Stone] Goar LLC	Wood Ridge Cv, Cedar Park, Texas	US
S3-415814237	AQK Media Corp	Gurgaon, Door No 100 Sector 47, HR, Gurgaon	India
S3-415842997	6-Corners	177th Avenue, Goodyear, Arizona	US
S3-416046132	Federal Global-LLC	22 Jackson Street, Vernon, Indiana	US
S3-416157231	DDH Emgxm Pvt (Ltd)	Poona, Ravi Jaiswla, MH, Pune Region	India
S3-416229334	mandie deberry scientific inc	1300 Chestnut Rd, Seven Hills, Ohio	US
S3-416342971	Avipyraquo	Sh.No-01 Shivani Heights, Maharashtra, Pune, Sn- 54/15/1/2 Kondhawa Bk, Badhe Ngr	India
S3-416693816	Champagne Pinnacle Sky Corp.		US
S3-416703740	Agl Halcs LLP	Flat No. 90, First Floor, Deshbandhu Co Operative Group Housing Society, I.p. Extn. Patparganj, East Delhi, DL	India
S3-416873943	411 Way Properties  Inc Partners	4 Jefferson St, # Unit A, Phoenix, New York	US
S3-417150594	Continental Blue Spire	2271 Sunley Ln, Chesterfield, Missouri	US
S3-417307748	Preferred Atlantic	1020 Peace Street, PO Box 5015, Raleigh, North Carolina	US
S3-41744905	ଜୟ ଫୁଡ୍ ପ୍ରାଇଭେଟ୍ ଲିମିଟେଡ୍	No. D/125 C/o Rameh Ch Nayak P.no 40, Khata No 181 Nimidhi Gate Bazaar Paradeep Garh, Jagatsinghapur, Jagatsinghpur, Orissa	India
S3-417634278	Carpenters Únion Local No 961	3620 Old Birds Creek Rd, Tennessee, PMB 4481, Sevierville	US
S3-41786908	4174 Second-Lane Co	1954 Tucker Gulch Road, Helena, Montana	US
S3-418396555	Pvt Bittu Tráding Ltd	Gut No 277, Digol Amba, Ambejogai, Beed, Ambajogai, MH	India
S3-418417540	ஃபார்ச்சூன் புரொட்யூசர் லிமிடெட்	36, Erode, தமிழ்நாடு	India
S3-418443526	Atlas Square | www.atlassqua.com	Maple Drive, Reedsport, Oregon	US
S3-418757166	Projects	Sub-123, The Summit, Phase-V Dlf City, Gurgaon, Haryana	India
S3-418828084	Shri Share Kay Private	11 Sunder Puri, Bulandshahr, NULL, UP	India
S3-418878587	Ramos, Gayla J., Esq. Inc	804 Tribute Road, # J, Sacramento, California	US
S3-419294389	EDE Constructions Partners	Plot 194 Maniyankerikalam Kavalam, Alappuzha, KL	India
S3-419353795	Synvantagekelo née Signature Harbor Lake LLC	148 3rd Street, Fort Worth, TX	US
S3-419719124	इंटरनेशनल इंफोटेक प्रा. लि.	F-#14 & F-15, New Delhi, Central Delhi, DL	India
S3-419907584	Swickard Swickard Companies Inc	#1530 Doubletree Ln, Tennessee, Nashville	US
S3-419916773	halcial midland	28 Dogwood Lane, Manorville, New York	US
S3-420132522	perez sterling house llc	222 Massee Dr, Dothhan Township, Alabama	US
S3-420381198	Guerrero Santander	7380 191st St, Tinley Park, Illinois	US
S3-4204995	ENU Galaxy Private [Limited]	23, Iifloor, Northwestavenue, Clubroad, Westpunjabbagh, Newdelhi, New Delhi, DL	India
S3-420758671	Department of Aging Corporation	2708 Forest Edge Way, Knoxille CDP, Tennessee	US
S3-420816204	Mam Private Limited Services	Door No. Xv/34, Thrissur District, Thrissur, KL	India
S3-420917708	Mackinnon Continental Navios Associates Inc	418 Buck Jones Rd, Raleigh, North Carolina	US
S3-421379229	Community Trust VI-Inc	55 Pine Ln, Stillwater, New York	US
S3-42148346	Clardy  Greenland LLC	Stephens City, Virginia, 222 Wythe Ave	US
S3-421763750	imperial.com	06, 7Th Floor Kan Chamber 14/113 Civil Lines, Kanpur, उत्तर प्रदेश	India
S3-421825651	Cameron Fidelity  Corporation	Dillonvale, 01340 Co Rd 8, Ohio	US
S3-421829516	Poly Logistics Pirhtte Limited	H.no 796 Choudhary Charan Singh Nagar, Nawalgarh Road, Sikar, RJ	India
S3-421845319	Flint Inc.	3123 1/2 Broad St, Richmond, Virginia	US
S3-421866937	City Of El Pdaso Harbor Apex Corp	10320 Montwood Drive, City Of El Paso, Texas	US
S3-422040335	ಗ್ರೇಟ್ ಮಾರ್ಕೆಟಿಂಗ್ ಎಲ್ಎಲ್‌ಪಿ	No. 2818 Hemasudeep Arcade, 15Th Main Road, 3Rd Cross, E Block, Sahakarnagar, Bangalore, ಕರ್ನಾಟಕ	India
S3-422179121	Isc Consultants  Private	BR, Patna, Door No B3/277 Village- Baghakol	India
S3-422557056	Behavioral Health Unified Associates Llc	12514 Capstone Drive, Hagerstown, Maryland	US
S3-422601031	... Vanguard Fifth-LLC	Illinois, Dixon, ##2108 Grand Detour Road	US
S3-42297653	Edita Majewski Education (Llc)	351 Paxton Rd, Gallipoliss CITY, Ohio	US
S3-423053984	Michalowski Jpmorgan  Inc	379 Porter Road, East Longmeadow, Massachusetts	US
S3-423178749	Ariatavoio	NY, 235 Brooks Road, Chenango	US
S3-423505688	Primary Care Group P.L.L.C.	311 Lees Corner Road, Chantilly, Virginia	US
S3-42382256	Arnold, Jones & Kyle-LLC Center	##33565 Matthew Circle, Lewes, Delaware	US
S3-424230325	United Program P.L.L.C.	Double Springs, <NULL>, 11455 2, Alabama	US
S3-424335247	Gulf  Center V	61187 Cone Flower St, Beend, Oregon	US
S3-424348541	Diamond Gold	#10 Eichen Street, Ticonderoga, New York	US
S3-424949927	IX Innovative Abony	0040 Savage Lane, Hendersonville CITY, North Carolina	US
S3-425002410	India Newleaf Energies Private Limited	No 0969 Office Gala No.1, Ground Floor, Shubham Industrial Building No.2 Dhumal Nagar Vasai East, Vasai, MH	India
S3-425298311	Shiva Dévelopers Ltd	F2 Skyline Ranch Villas, Market Road, Thripunithura, Ernakulam, Tripunithura, KL	India
S3-425535062	Human Rights Ínstitute Inc.	1961 Woodridge Rd, Tuscaloosa, Alabama	US
S3-42554827	Fortune Trading Company	Door No 1St Flor, Mahendragarh, Mahendergarh, HR	India
S3-4255718	Tirupati Computech	Door No.10/160. E, Salem, Mettur, தமிழ்நாடு	India
S3-425576510	Pedrosa Resource,	West Springfield, Massachusetts, Unit 3F, 51 Fairview Avenue	US
S3-426126889	Division	Hondo, 1911 23rd Circle, TX	US
S3-42620481	Capricorn Services [Limited]		India
S3-426231102	Rojas  Factory Co	018 Commerce Street, Dallas, Texas	US
S3-426349350	Solent Srtt  LLC	Texas, 6610 Coleshie Dr, Dallas	US
S3-426553973	sewell peak apollo	2238 Jericho Tpke, North Hempstead, New York	US
S3-426826515	Baramati Healthcare Córp	Shalon Niwas, Vasantnagar, Baramati, Pune, MH	India
S3-427100407	Avinovi DBA Anand Engineering Private Limited	26, Silarpur, Near Secretariat, Mandi Ateli, Rewari, Haryana	India
S3-427242675	Dacia's  Arvsors	Louisiana, 8230 Summa Avenue, Baton Rouge	US
S3-427380869	Lyrapyra F/K/A Beacon Clough, LLC	3409 Chihuahua Street, Dallas, TX	US
S3-427463590	Dayton Family	Oxford Avenue, Dayton, Ohio	US
S3-427495920	Nityadhara Bróthers Care	Varanasi, Cbhadaini, Varanshi, उत्तर प्रदेश, B2/247, Varanasi	India
S3-427553520	ग्लोबल फूड्स प्राइवेट लिमिटेड	Flat No. ##202, B, Mansarovar Apartments Gen. A.k. Vaidya Marg, Mumbai, Malad East, महाराष्ट्र	India
S3-427809874	Hitech  Ss lnfra Pvt [Ltd]	026, Chennai, TN	India
S3-427839106	Purti  Software	##290 3 2, Old Delhi Road, Prem Nagar 2, Gurgaon, Sadar Bazar, HR	India
S3-428216887	Helot Mdmmiil Centre Pvt Ltd	No 729, 16Th Cross, 27Th Main, Sector-1, Bangalore South, Bangalore, KA	India
S3-42841321	ffgen.com	640 61 St, Brooklyn, New York	US
S3-428742731	அர்பன் மேனேஜ்மெண்ட் பிரைவேட் லிமிடெட்	H.no 54, Mettupalayam Road G N Mills Post, Coimbatore, Thudiyaloor, TN	India
S3-428761576	Meify-(Inc)	260 15 Street, Brooklyn, New York	US
S3-428975465	Margeaux's Blue  Bistro	171 Waldoboro Road, Washington, Maine	US
S3-429309134	Capizzi Classic Velos	5517 1/2 Gilcrest Sands Dr, Hope Mills, North Carolina	US
S3-429349452	Cornerstone Summit Merchants Inc	24035 Timberwood Dr, Minooka, Illinois	US
S3-429373712	Smt Universal Ventures Limited	Door No 2 Shaheed Park, Etah, UP	India
S3-429640990	ರಾಯಲ್ ಸಾಫ್ಟ್‌ವೇರ್ ಪ್ರೈವೇಟ್ ಲಿಮಿಟೆಡ್	Sy No. 17/2 Flat No. 102, Ibblur (V), Sun City Begur (H), Bangalore South, Bangalore, ಕರ್ನಾಟಕ	India
S3-429696523	bestinternational.com	No. #377 Guptabhavan, Plotno.7, Sectorn-7-j, Nearfusecallcentre, Cidco, Regional Office Aurangabad, Aurangabad, MH	India
S3-42980756	WS	185, Akash Darshan Apartm-, Ent, Mayur Vihar Phase-1, East Delhi, Delhi	India
S3-430001989	Regional (Line)		US
S3-430060456	Baramati Healthcare	Shalon Niwsa, Vasantnagar, Baramati, Pune, MH	India
S3-430090495	Jones Dyneaimc Can	3 Michale Rd, Unit A, Randolh, Massachusetts	US
S3-43010272	bpgreen.com	I-105., Ghaziabad, उत्तर प्रदेश	India
S3-430146803	Exports Saru Services	Hn 311- C/o Ombeer Singh, Gautam Buddha Nagar, UP	India
S3-430246156	Hrimzon Inc	1145d Micheline Terrace, Richmond, Virginia	US
S3-430713354	Digital Ínternational Paoiavte Limited	Shop No. 7, Plot No 1, Gf, Royal Complex, Gondal, Rajkot, GJ	India
S3-430987733	Paleva Llc	North Carolina, Harrisburg, 2595c Snap Dragon Dr	US
S3-431057189	Skytech  Chits Pvt Limited	4Th Floor, Kolkata, Howrah, WB	India
S3-431060597	Neo Limited Center	Opp. Of Employment Exchange Uditnagar, OD, Sundargarh	India
S3-431096672	-- Chong's Hospitality	01884 Pine Meadow Ct, Gurnee, Illinois	US
S3-431247717	The Cicily Agyemang, O.D., DDS PC PLLC	190 Gerrish Ave, Dracut, Massachusetts	US
S3-431323688	@anitamadsen	4035 Hamblin Dr, Phoenix, Arizona	US
S3-431388311	Poly Logistics Private	#796 Choudhary Charan Singh Nagar, Sikar, राजस्थान	India
S3-43178981	Tramel Holding Company [PLLC]	0300 Charles Street, Maryland, Unit APT 201, Baltimore	US
S3-431919812	Eye Blúe Medicine LLC	##406 South 4nd Street, Shelbyville, Illinois	US
S3-431939661	Comet Services	Flat No 1 Krishna Vihar Bldg 4 Tata Compound Irla Bridge Vile Parle West, Mumbai, Mumbai City, Maharashtra	India
S3-431980550	>> Bagwe-Wafers  Private Limited	Pune, Pune City, Sno D/672/3a State Bank Hsg, MH	India
S3-431994956	Vick, Duffy and Vandmerwreff Royce Inc	Marion, Illinois, 013655 Casey Rd	US
S3-432036190	Pyraquox	B-1/616-S Floor, Janak Puri, New Delhi, West Delhi, Delhi	India
S3-432068849	Micfarsnd, Eda Fresenius	300. Maple Avenue, Unit Apartment K, Milton, New York	US
S3-432287606	Manas Trust Corporation	Thane West, MH, Mumbai, No. 441 Prathamesh Apartment Pada No 02	India
S3-432347023	Miramiranex F/K/A West Clean Johnson	12839 Mill Road, Spotsylvania County, VA	US
S3-432721278	Spurr and  Hill Patriot LLC	186 Narrow Lae, New Market, Alabama	US
S3-432857555	Olvera Sfegrling Energy	494 Hub Boulevard, Bowling Green, Unit 1822, Kentucky	US
S3-433049048	Safalya Brothers Private Limited (Services)	201/A, Andheri (East), महाराष्ट्र, Mumbai	India
S3-433098719	The Dertimnt Yoga | www.thedertim.com	303 Linocln St, Abington, Massachusetts	US
S3-433241808	Fluxectoiri	3163 Maple Drive, Reedsport, Oregon	US
S3-433755103	Umbrakor Labs f/k/a Universal Real International Private Limited	Flat No 401, 8-3-231/W/9, Yousufguda, Khairatabad, Hyderabad, Telangana	India
S3-433755974	>> Northern  Custom East, LLC	132 Coontown Mountain Rd, Edmeston, New York	US
S3-433861474	Chickie'S Delta Data	4001c Harlem Road, NULL, New Alany, Ohio	US
S3-433939171	Private Rrs Textiles (Ltd)	17/543, Mundeth House, Marottichodu, Kalady P O, Ernakulam, Aluva, കേരളം	India
S3-433957485	Nagraj Education [(Ltd)]	3/1B Gour Sundar Sett Lan, Dumdum, Sinthee Police St, Kolkata, Kolkata, Howrah, WB	India
S3-43403457	Continental Bldgeu Spire LLC		US
S3-43460541	Horizon Innovation	17 Collinsville Avenue, East Saint Louis, Illinois	US
S3-434669686	Equinox [Emerging]	#5782 Starks Settlement Rd, Laona, Wisconsin	US
S3-434848749	Private Paper (india) Ltd	C/o Suresh Jengathe, Gadchiroli, महाराष्ट्र	India
S3-434940063	Complete Transit Enterprises	Heath, Ohio, 1174 Hebron Road	US
S3-434947206	Bridge International (School)	Kachchh, Survey No. D/141, GJ, Mundra	India
S3-435104966	Machinists Ugon Local No 202	Windsor, Connecticut, 123- Day Hill Road	US
S3-435171628	एसएस Technology Private Limited	Shop No. 1164, Central Delhi, Delhi, DL	India
S3-435235567	continental patriot iron	750 239th Lane, Sammamish, Washington	US
S3-435330345	Experts Foundation Pvt	148, Keshav Vihar, Gopal Pura Byepass, Divreportingcircle, Jaipur, RJ	India
S3-435423320	Delta Fellowship LP	#814 Circle Drive, Terrell, Texas	US
S3-435599270	Chongshospitality.Com	01884 Pine Meadow Court, Gurnee, Illinois	US
S3-435609770	HHG	Flat No 4-C Yamunai Jeevan Bhima Enclave Rajasekaran Street Mylapore, Chennai, Tamil Nadu	India
S3-435717051	Sskbeverages.Com	Rz S-5- A G/f, Mahavir Enclave, New Delhi, दिल्ली	India
S3-435906091	The Vision Crystal Care	70 Windy Hill Ct, Bentovnille, Virginia	US
S3-43602801	Allied Ínvestments (LLC)	320 Carroll Street, Thomasville, North Carolina	US
S3-436043170	Jeanelle Moctezuma Granite  LP	69 Cider Mill Drive, Hendersonville, North Carolina	US
S3-436694060	Twisted Yoga-Services	10 Park St, N. Easotn, Massachusetts	US
S3-436821178	ब्लैक बिजनेस लिमिटेड	First Floor B-4 Hari Bhuvan, Mumbai City, Mumbai, MH	India
S3-436977034	Thoothukkudi-Trdx Co	H.no 26A/1A, Thoothukkudi, Tuticorin, TN	India
S3-437021658	Riddle, Camilla L.C.S.W. DDS PC Group	##2649 Argolis Way, Sacramento, California	US
S3-43710305	Tejiya Center Partners		India
S3-437325633	Cascade Generating Ínc	Centenary Drive, Rowlett, Texas	US
S3-437426916	Billie Marrs Beauty Llc	700 Commerce Park Drive, Grand Prairie, Texas	US
S3-437532288	Balla Green Tankers		US
S3-438333475	Private Islamic Language Limited	27 Shakespeare Sarani 5Th Floor, Front Building, Kolkata, Howrah, Kolkata, পশ্চিমবঙ্গ	India
S3-438405137	Peach Serve (India) Private [Limited]	Tentulberia, <NULL>, Howrah, Kolkata, WB	India
S3-43843035	A Cure 7  You LLC	##311 Commonwealth Avenue, # 20, Boston, Massachusetts	US
S3-439312690	Pvt WYQ Sérvices Ltd	#380 Aswini Dutta Nagarhindmotor, Hugli, Hooghly, পশ্চিমবঙ্গ	India
S3-43932876	Saloma's Spa	3577 Jasper Road, New Jasper Twp, Ohio	US
S3-439442470	The Dent Massage Corporation	20002 Mountain Highway, Spanaway, Washington	US
S3-439655698	Myrtia Ray, MD, P.C.	21 5th Street, # Apartment E, Marshield, Wisconsin	US
S3-440336756	CGN Peak Tire Shop L.L.C.	2010 Brevard Street, # 303, Charlotte, North Carolina	US
S3-440743063	Clyify Spark Inc	Phoenix, Arizona, Unit 2126, 8530 22nd Ave	US
S3-441034294	gangaventures.com	Flat No.203, Gurgaon, हरियाणा	India
S3-441084163	Reeva Group Industries	8-21-Ant-50, Narava Road, 8Th Ward Giddlur, Giddalur, Prakasam, AP	India
S3-441314929	Electricians Union 692 Center	29nd St, Baton Rouge City, Louisiana	US
S3-44171274	AH Agro  Private Limited	Site No. A-4, Coimbatore, TN	India
S3-441740486	Clean-Lithium	##3008 Calumet Avenue, Indiana, Valparaiso	US
S3-441779672	Nextavo née Mountain Society	6490 19th Street, Unit #D, Fircrest, WA	US
S3-441820824	Eleanor W. Mathenia	Washington, Colville, 458 Columbia	US
S3-442180129	सनराइज एस्टेट प्राइवेट लिमिटेड	H.no 6/79/4 Second Floor, Old Rajinder Nagar, New Delhi, Central Delhi, दिल्ली	India
S3-442229774	Prime [Homes]	6089 Fork Highway, Cabins, West Virginia	US
S3-442311026	0Q Services Private [Limited]	Door No 005/8Ajmal Khan Rad Karol Bagh, NULL, New Delhi, Central Delhi, दिल्ली	India
S3-442326482	Cozy Nai1s! PLLC	13977 East Road, Lake Park, Minnesota	US
S3-442564934	ग्रीन Products Pvt Ltd	Plot #278 H- 34- B F/f Gewa Sampada, Cghs, Arjun Apt, New Delhi, West Delhi, DL	India
S3-442662985	Cardiology Partners	160B Star View, Blanco, Texas	US
S3-442695830	Superior Materials-Labs	23 Colonial Cir, Morriltton, Arkansas	US
S3-443109061	L.L.C. Gonzalez Interstate Resilience	519 Nashua Rd, Canutlilo, Texas	US
S3-443224397	Spurr and Hill Patriot  LLC	186 Narrow Lane, New Market, Alabama	US
S3-44401346	-- perfect brothers private limited	C/o Daudayal Ramchandra Rathi Buddha Marg, Indore Region, Khachraud, मध्य प्रदेश	India
S3-444261584	Hi Conutdamiy Pvt Ltd		India
S3-444613247	5pear Rmg	Tennessee, 2856 Spring Place Road, Cleveland	US
S3-444817997	Rici Allbritton  Starry Inc. - 1288939593	37990 Hardesty Rd, Shawnee, Oklahoma	US
S3-444930138	Capital Fresh 8iomedical Corporation	2912 Hamilton Blvd, Sioux City, Iowa	US
S3-445245176	Williams Vanguard Consumer LP	454 Golf View Dr, Crystal Lake, Illinois	US
S3-445263155	Kamalalaya Shhgh	Bangalore North, Bangalore, No. 2313 Saptaghiri Padmi, KA	India
S3-445489875	Capital Pacific  [Galaxyedge]	Forrest City, 105- Haven St, Arkansas	US
S3-445602796	Miller & Rivas Music (LP)	9 Springer Woods, Edwardsville, Illinois	US
S3-445653459	big solution	Rabindra Sarani, 1St Floor, Kolkata, Hn 605 33A, WB, Kolkata, Howrah	India
S3-445970061	Wendell-& Stahley Bioscience	#3994 Rutledge Road, Charleston, West Virginia	US
S3-446012751	Dovazeph	1235 Adams St, North Hcicago, Illinois	US
S3-446043486	shreedevelopers.com	# 62/C, Ground Floor, Modi Residency, Millers Road, Benson Town, Bangalore, KA	India
S3-446083997	शक्ति इंफोटेक प्राइवेट लिमिटेड	C-03, Huzur, Bhopal, MP	India
S3-446379890	Kestan-Pattana-Inc		US
S3-446499334	Bharat Consultancy-Private Ltd	3 Goenka Lane 1St Floor, Kolkata, Calcutta, পশ্চিমবঙ্গ	India
S3-446557194	Ectoarc	430 Wasatch Boulevard, Utah, # J1, Cottonwood Heights	US
S3-447199008	Empire Unified Interprivate, Llc	2730 Sandpiper Trl, W. Chicago, Illinois	US
S3-447497751	Dream Solhutigmhns  Private Limited	Bardhaman, H.no 5-42 Dr R C Banerjee Lanep O Asansol, WB	India
S3-447807754	Pittman Tri-State Antimony LP	15220 35th Avenue, Unit G36, Lynnwood, Washington	US
S3-448100807	93/59 93/59 Services	Lankford Hwy, Northampton County, Virginia	US
S3-448205614	Annamarie Trautman, Esq., Inc	Roswell, New Mexico, 1608-1612 Kansas Ave	US
S3-448362519	Green Midcap, Sterling LLC	209 Mira Vista Dr, Santa Cruz, California	US
S3-448626983	Foot & Ankle	9 Blue Water Cir, Sacramento, California	US
S3-448637357	BELL & LOWE, PLLC	128 Fairmount St, Connersville, Indiana	US
S3-448874739	Phoenix Express Center Services	512 Lydia Lane, South Mountain, Arizona	US
S3-448904889	The Regional Clear Arch LLC	2632 Mcdonald St, Appleton, Wisconsin	US
S3-448921985	The Morgan Entergy Inc	616. Belforte Blvd, Hsb Llano Co, Texas	US
S3-448947577	Michalowski Inc Services	379 Porter Road, East Longmeadow, Massachusetts	US
S3-449017993	C1ínic Constructions EDE	Plot 194 Maniyankerikalam Kavalam, Alappuzha, KL	India
S3-449026397	Syndovaio D.B.A. Mitchell, Herring and Graham L.L.C.	120 Mimosa Street, Camden, TN	US
S3-449154622	Secure Télecom	Calion St, # Apt C, Jonesboro, Arkansas	US
S3-449317669	Multimax Brothers	B- 201, 202, 203, 204, 205, Second Floor, Montclaire Office Spaces, Haveli, Pune, Maharashtra	India
S3-449345466	ileadstorage.com	No 5, Peenya, ಕರ್ನಾಟಕ	India
S3-449378800	Kahn, Giroux & Welch Guaranty Inc	139 Whitehall Drive, Clarksville Township, Tennessee	US
S3-449936632	majestic vidyalaya	208 B-111, Ahmadabad City, Ahmedabad, GJ	India
S3-450060883	Petty Virtus of Atlfan (ID: 84407)	Blackenhurst Ln, Alleen CITY, Texas	US
S3-450271183	Bharat Éxports Pvt Limited	401Srivenkateswaraenclave, Rangareddy, తెలంగాణ	India
S3-450519696	ഹൈടെക് കെയർ പ്രൈവറ്റ് ലിമിറ്റഡ്	02/224 R, Kuzhikkattu Plaza, Opp. Bsnl Exchange, Ernad, Malapuram, Mongam, കേരളം	India
S3-451208408	Everyday Institute Limited	Plt No : 19, Madras, Chennai, TN	India
S3-45154827	Lyons Strategic Strategic Iron Womsk [LLC]	Miranda Ave, Gillette, Wyoming	US
S3-451736640	Mangus Legacy  Oak	713 Perolla Dr, Fort Wayne, Indiana	US
S3-451798909	orbance altisource	##325 Enchanted Forest Rd, Seeley Lake, Montana	US
S3-452100535	Inc Sanchez Lenbmg	0010744 Millers Way, Orland Park, Illinois	US
S3-452100652	bangaloresteels.com	186, 6Th Block 22Nd Cross, Jayanagar, Bengaluru Urban, Bangalore, KA	India
S3-45230116	रियल इंटरनेशनल प्राइवेट लिमिटेड	B-45, New Delhi, DL	India
S3-45249084	रॉयल टेक्नोलॉजी प्राइवेट लिमिटेड	737, North East, Delhi, दिल्ली	India
S3-452596996	Obsidian	1934 Jody Lane, North Middleton Township, Pennsylvania	US
S3-452777913	Dental Center  PLLC	002035 Swanson Meadows Rd, Bonnr, Montana	US
S3-452820751	urbanconstruction.com	#899 Flat No. B1/604, Thane, महाराष्ट्र	India
S3-452941833	Surgical Center	1011 52nd Dr, Marysville, Washington	US
S3-45324372	Sampati Co &	H.no 97 Hotse No 922, Khasra No 177 Ground Floor Near Shiv Mandir Village Jaunti, Delhi, North West, दिल्ली	India
S3-453259107	रेड हेल्थकेयर प्राइवेट लिमिटेड	Door No 51-A Friends Colony, Delhi, East Delhi, दिल्ली	India
S3-45333811	Portland,  Township Of	5805 Milwaukie Ave, Oregon, Portland	US
S3-453478096	HKD-Corp	2241-C Wolfsnare Drive, Virginia Beach City, Virginia	US
S3-453582678	Parker Gránd Paloma Inc	9665 Capella Ave, Concord, North Carolina	US
S3-453684535	M/s Neelam Association	Anokhe Lal 52 Nagla Seth, Farrukhabad, UP	India
S3-453685454	Hetrick Classic Ford	Clinton Street, Seneca Falls, New York	US
S3-453776613	White, Glass and Lucero Workshop Inc	1175a Fulton Ave, Bronx, New York	US
S3-45379951	Dr seven marketing private limited	H.no 209, B.d. Chambers, 10/54, Desh Bandhu Road, Karol Bagh, New Delhi, DL	India
S3-453860679	Atlantic-Health	1207 36th Ave, Anchorage, Alaska	US
S3-453970550	Rathore Seva Samiti LLP	Off.no.8, C1, 2Nd Floor, Bramha Estate Kondhwa, Pune, NULL, MH	India
S3-454073329	లక్ష్మీ డెవలపర్స్	1-2Thfloor, Manjeeratrinity, Jntu-hitechcityroad, Kphb, Tirumalagiri, Hyderabad, TG	India
S3-454269972	Deese LLC Charter	184 Windstone Crossing Trail, Troutman, North Carolina	US
S3-454316628	Preferred Business Sgfytesms [Inc]	3355 Florina Ct, Aldie, Virginia	US
S3-454352686	Virat LLP-Center	No 468 Sixth Floor - 610, Ahmedabad, GJ	India
S3-454450582	*** Total Marketing, [LLC] [LLC]	2843 Minnesota Ave, Topeka, Kansas	US
S3-45450557	EAR NOSE & Throat Summit Associates INC	Fifth Saint, Canton, Ohio	US
S3-454697448	Onaocsloggmy Group	Woodbridge, Virginia, Colonial Drive	US
S3-454848985	Universal Ínfotech Private	2532, Jaipur, RJ	India
S3-45493171	Commercia1 Construction Advisors LLC	35 Ross Road, Wilmington, Delaware	US
S3-454978830	Evoiri a/k/a High Energy Pvt Ltd	H.No-292, Takli (A) Tq.Paithan, Aurangabad, Maharashtra	India
S3-455360313	जय बिजनेस प्रा. लि.	C-1101 Tower C, null, Gurgaon, HR	India
S3-455820655	814-815  Owners South Corp	North Carolina, Forest City, Lovelace Rd	US
S3-455841462	Media Solutions	Shri Mishri, South West Delhi, DL	India
S3-456112123	Leesa Salgado Prime Audio Installation	3200-C Kingwood Drive, Great Falls, Montana	US
S3-456151183	New Chapel Services		US
S3-456175859	#bríghtodyssey	906 Washington Ave, Wagoner, Oklahoma	US
S3-45656546	Christ  Cahedral	Ohio, 129 Lafayette Avenue, Niles CITY	US
S3-456585991	chiropracticphysicians.com	1016 309, Johnstown, New York	US
S3-456620262	>> Michalowski  Jpmorgan	81 Porter Rd, EAST Lonmgeadow, Massachusetts	US
S3-457340542	Exim Marketing	H.no 25, 1St Floor, 4Th Main Road, Inbetween 2Nd & 3Rd Cross, Chamarajpet, Bangalore, KA	India
S3-457405560	Yashodhara Gift	C/O Jashoda Mukherjee, No: 226 Laxmipurmath Near Jora Mandir, Sudhanpur, Bardhaman, West Bengal	India
S3-457505674	Sanders, Baughman ánd Cruz Green		US
S3-457543564	lncorporated Kestan Pattana	8333. Park Vista Circle, Charlotte, North Carolina	US
S3-457562215	Sky Technologies-Pvt  Ltd	Karnal, 2Nd Floor Sector 14, Opposite Krishan Mandir, Karnal, HR, Shop No. B3/24	India
S3-457572992	Operating Engineers Union Lgoocal No 149	6028 Meyers Landing Court, Burke, Virginia	US
S3-457595901	Vijay Media	11B, Erode, TN	India
S3-457633140	Life Foundation-Surya Private Limited	Sri Jagdish Apartment Indrapuri, Rajabazar, Patna, बिहार, Flat No: A-201	India
S3-457768320	Shiva Fd Pvt Ltd	Hyderabad, 3Rd Floor Vindhya-c4, Iiit-hyderabad, Gachibowli, Hyderabad, TG, Centre For Incubation & Entreprenuership	India
S3-457916243	Anne Evans Rogers LLP	4137 Polkville Rd, Shelyb, North Carolina	US
S3-458014581	Beloyuma formerly Ansley's Wellness	WA, 440 Green Acres Place, Algona	US
S3-4580463	SB  Schwab LLC	158 Peach St, Hillsboro, Alabama	US
S3-458119639	Rosser Municipals	2869 Bench Rd, Utah, Enterprise	US
S3-45856176	Sybil B. Groaavse,  CPA, PC	17039 124st Ave, Renton, Washington	US
S3-458617417	Sun	Spaze It Park, Tower B3, 4Th Floor, Unit No- 442-4, Gurgaon, Haryana	India
S3-458756383	2677 first road holdings	Houston, 10403- Wagon Trail Rd, Texas	US
S3-45894313	Keloumbra dba UNK Realty LLP	West Delhi, Delhi, Level 2, A-4/42, Paschim Vihar, New Delhi	India
S3-45917131	Exports Saru Services Limited	Hn 311- C/o Ombeer Singh, Gautam Buddha Nagar, उत्तर प्रदेश	India
S3-459424346	sskbeverages.com	Rz S-5- A G/f, Nanda Block, Mahavir Enclave, New Delhi, DL	India
S3-459613034	Red Hea1thcare Private-Limited	51-A Friends Colony, East Delhi, Delhi, दिल्ली	India
S3-45975007	ತಿರುಪತಿ ಕೇರ್ ಪ್ರೈವೇಟ್ ಲಿಮಿಟೆಡ್	Bangalore, ಕರ್ನಾಟಕ, Bangalore, H.no 740-D	India
S3-45978255	Chetan	G-1-116, Riico Industrial Area, Sanganer, New Saigoul Road, Jaipur, Rajasthan	India
S3-46003470	Verasyn Formerly Colonial Pinnacle Premier	344866 890 Road, Chandler, OK	US
S3-460174061	Empire-Strategy	1229 Fulls Fork, LE OY, West Virginia	US
S3-460400982	6aj Assurance	No 33/4, Kanchipuram, Saidapet, TN	India
S3-460508523	The Kolkata-Your (Clinic)	2Nd-Fr, Fl: B1, 27, Kalidas Singhee Lane, Amherst Street, Howrah, WB	India
S3-460598788	ଷ୍ଟାର୍ ପ୍ରୋଜେକ୍ଟସ୍ ପ୍ରାଇଭେଟ୍ ଲିମିଟେଡ୍	Flat No.a-12, 3Rd Floor, Dhpl Enclave 06, Near Pati, Khorda, OD	India
S3-460633555	Rudra (India) Energy Energy Private	#2743, 27Th Main, 15Th Cross, Hsr Layout - 1St Sector, Bangalore South, Bangalore, KA	India
S3-460725413	Safalya & Brothers	201/A, Vertex Vikas, Sir M. V. Road, Andheri (East), Mumbai, MH	India
S3-460884632	Agra Granites Corporation	#481 Flat No-4, Sector-4b, Vaishno Plaza Awas Vikas Colony Sikandra, Agra, UP	India
S3-460996033	Premier Keystone Inc  Pacific	Massachusetts, Lynn, Unit 1, 41 Bulfinch Street	US
S3-461024874	Hanson Schóol of Medicine	W8950 N, Town Of Eldorado, Wisconsin	US
S3-461269482	vidalesnichols.com	3802 303rd Court, Auburn, Washington	US
S3-461504388	Oncology Cascade Enterprises		US
S3-461563611	Bhoomi Trádecom Pvt Ltd	No 136 A, Coimbatore, TN	India
S3-461610873	Private Hari Enterprises Ltd	C/o Porja, Padda Colony, Lohian Khas, Sultanpur, Jalandhar, PB	India
S3-461845328	SIGNATURE NUTRITION GROUP	1627 Presbury St, Baltimore, Maryland	US
S3-461953148	Wilkinson Mmehflwo [LLC]	40 Carpenter Road, Snohomish, Washington	US
S3-462157282	Best It Co	473 Office No.205, Rajkot, GJ	India
S3-462395734	Services Interstate Inc.	407 Center Street, # 3FL, Meriden, Connecticut	US
S3-462678740	Urban Private  Limited Center	Door No 899 Flat No. B1/604, Thane, महाराष्ट्र	India
S3-462713136	YINGST, DENISE F., D.D.S., P.C.	Glen Ullin, North Dakota, 0103 South Ave	US
S3-463288800	Balaji Tech	Hn 246 Kushalpura, Jaipur, Chanwaji, RJ	India
S3-463331089	Kalyani Sda	#50-13-25/54 Seethammapeta, Hyderabad, Visakhapatnam, AP	India
S3-463402863	Cheslie Mlalaken (Internet)	108D Vida Way, Norman, Oklahoma	US
S3-46344383	DAYAL RADHEY PRIVATE [LIMITED]	17 Good Luck Barrel & Tin, Asso. Opp Chandola Talav, Ahmadabad City, Ahmedabad, GJ	India
S3-463772652	G0ld Energy Private	Gurugram, Gurgaon, HR, H.no 502	India
S3-464012311	Zenith Tax  LLC		US
S3-464017257	Harbor Services	Ottawa, 511 Cedar St, Kansas	US
S3-464059539	Corner Hair Studio LP	Highland Park, Chicago Ave, Illinois	US
S3-464154119	Gurgaon Production  Private	Divreportingcircle, HR, 101	India
S3-464368280	Anne Evans Rogers Inc	4137 Polkville Rd, Shelyb, North Carolina	US
S3-464414426	Jalsagar Enterprises Private  Limited	Survey No. 12, Jamnagar, GJ	India
S3-464443424	Smart Management Private [Limited]	H.no 201, D.no.562/2-12, H I G House, Bangalore North, Bangalore Urban, ಕರ್ನಾಟಕ	India
S3-464544245	Minerva & Sons (Llp)	Office 13, 2Nd Floor, S.no.138/1, City Center, Haveli, Pune, MH	India
S3-464721680	Man Ridge [LLC]	17 Olympic Drive, South Barrington, Illinois	US
S3-464768072	Super Foods Private Limited	388/2 Upen Banerjee Road (New 38 Upen Banerjee Roa Airport Road, 1St Floor, Kolkata, Parganas South, পশ্চিমবঙ্গ	India
S3-464812285	H Q  Kinney Holdings	Fort Worth, Texas, 2005 Halbert St	US
S3-46484309	BTB Spade	6425-C Wilkinson Boulevard, Unit A, Belmont, North Carolina	US
S3-465050822	Future Finance Private	Promotor- Ah -35, Salimar Bagh, New Delhi, DL	India
S3-465098617	Prairie Chemical	6772 Lakeshore Rd, Chelan, Washington	US
S3-465350021	Indian Southern  Food-Private Limited	139/E Rajnagar, Indore, MP	India
S3-465415817	Smt Springs Studio-Limited Service	No 8/2, Novel Office Centre, Ulsoor Road, Bangalore 42, Bangalore North, Bangalore, ಕರ್ನಾಟಕ	India
S3-465649730	Historical Fund-Care		US
S3-465782777	Mi1ena Hietpas	District of Columbia, 325 P Street, Washington	US
S3-465842790	Coex Inc Center	4679 Abberton Dr, Greenwood, Indiana	US
S3-465972250	wilkinsonmeshflow.com	Carpenter Road, Snohomish, Washington	US
S3-466696473	Milena Hietpas Pro	325 P Street, # 710, Washington, District of Columbia	US
S3-46713055	Liberty League of Silver	2905 Randolph Road, Silver Spring, Maryland	US
S3-467260632	Private Sonepat Security Private	196-L Model Town, Sonepat, HR	India
S3-467386492	EVL Shipping Private Límited	C/o Om Prakash Malakar, Patarghat, Saharsa, BR	India
S3-46755798	Auran Mae	##3370 Carman Road, Binghamton, New York	US
S3-467794784	Experts Fufrsnation Pvt Ltd	148, Divreportingcircle, Jaipur, RJ	India
S3-467864077	Zephkor aka Therine Morales Clear Foods Inc	326 5th Street, Oswego, NY	US
S3-468508289	Lise Thomas LP Partners	236 Maynard Road, Rockwood, Maine	US
S3-468658814	Pediatric Medicine PLLC	4850-4852 20, Lafayette, New York	US
S3-468668668	Krista Windom	Westinghouse Road, # 3211, Georgetown, Texas	US
S3-468804700	dupont, village [of]	Dupont, Washington, 2098 Bradley St	US
S3-468884357	northnews.com	10256 Frieda Ln, Fortville CITY, Indiana	US
S3-469039417	Gulf (Center) Medical	503 First Ave, Beltoon, Texas	US
S3-469240398	Obsidian Corporation	1934 Jody Ln, North Middleton Township, Pennsylvania	US
S3-469240895	Federman Chimera Center	9214 Arbor Creek Dr, Charlotte, North Carolina	US
S3-469362667	Deltavio DBA: Ghosh Consultancy Limited	Mig Ii 552, Chirahula Colony Ward No - 44, Rewa, Madhya Pradesh	India
S3-469519864	Beum Edison Llc	19 Peters St, Unit 2, Cambridge, Massachusetts	US
S3-469916613	avenuepark330.com	2150 San Luis Pass Road, Galveston, Texas	US
S3-469951713	जय बिजनेस Pvt Ltd	C-1101 Tower C, null, Gurgaon, HR	India
S3-470338573	Piedmont Superior Nano	87911 Teroitorial Rd, Veneta CITY, Oregon, # Space 46	US
S3-47043354	Tapia Custom Odyssey Company	North Dakota, Bldg Building 1320, 4417-C 20, Devils Lake	US
S3-470644227	Better Cfatpal Hennessy Inc	#4324 Greenlee Ave, Cincinnati, Ohio	US
S3-470664676	Fluxzephquo fka Z 6 Clean Copper, LLC	104 Joey Circle, Huntsville, AL	US
S3-47072592	Superior Paper PC	0015 River Run Rd, Eureka Springs, Arkansas	US
S3-470811997	iclassic.com	House No - 2821, Ward No -4, Sanjay Colony Block - D, Gouchhi, Ballabgarh, Tehsil Ball, Abgarh, Faridabad, HR	India
S3-470838240	private east properties limited	428, Mastermind1, I.t Park, Royal Palms, Aarey Colony, Goregaon East, Mumbai, Mumbai City, MH	India
S3-470839242	Goshen Pediatric Dental Care Associates Corp - 6063211593	1 Hampton Hills Drive, Goshen, New York	US
S3-470852070	LC Pvt. Ltd. Partners	No.457, 17Th Cross, 14Th Ma, 4Th Sector, Hsr Layout, Hsr Layout, Bangalore, Bangalore South, Karnataka, India, Bangalore, KA	India
S3-470980091	Hanson  of Medicine Services	W8950 N, Town Of Eldorado, Wisconsin	US
S3-471036686	Pvt. Jabalpur Mclrttgrade Ltd.	H.no 772 C/o R K Sahu 939, Prem Sadan Hem Electronik, Jabalpur, Adarsh Nagar, मध्य प्रदेश	India
S3-471072489	Taylor Haorobr Senior	9219c Falls Creek Trail, Albuquerque, New Mexico	US
S3-471339326	Behavioral Health Trusted Cse Associates LLC	606 Clearview Drive, Vinton Town, Virginia	US
S3-471406258	Machinists Union Local No 202 Inc.	123- Day Hill Rd, Windsor, Connecticut	US
S3-471444406	Sand  Project Private	A2-302, Dsk Madhuban, 3Rd Floor, Meter Room 1, Opp Orkey Mill, Near Sakinaka Of, Fice, Mumbai City, MH	India
S3-471561421	Eye-Partners L.L.C.	##65 Charter St, # 3R, Boston, Massachusetts	US
S3-47173868	Urology Cáre	505 Aragona Blvd, Virginia Beach City, Virginia	US
S3-471919990	GRAVES, JENN BETTER SYSTEMS INC	28234 Us Highway 70, San Patricio, New Mexico	US
S3-471956305	Rajaram Private Limited Center	Salava Agwanpur, Moradabad, UP	India
S3-472183393	Dr Mohammad Brothers Limited Service	Madras.1. Madras.1., Godown Street, TN, Madras.1., No.0034	India
S3-472648820	Suh Gráphics	#221 Highland Circle, Bluff City, Tennessee	US
S3-472701425	jyiprime.com	1209 La Rail Dr, Fl. 1, Columbia, Missouri	US
S3-47277660	Viodovavantage doing business as Creative North Systems Private Limited	C/O Tamasree Ghosh Nabajiban Colony Bisharpara, Kolkata, Howrah, West Bengal	India
S3-472780251	Vignesh Micro Private Ltd	BR, East Champaran, Motihari, New Bus Stand Chhatauni Near Of Sports Club, P.o. Motihari, P.s., -Chhatauni, Kanti Niketan	India
S3-472806882	Prashant Ahmed	D-201 Mayfair Meridian Bldg-2, Off Sv Rd Amboli, Ceaser Road, Andheri West, Greater Bombay, Bombay, MH	India
S3-472808991	Global Pink Léarning Public Limited		India
S3-473009123	Southern Bright Properties-Limited Center	Door No 507- Floor-grd, Plot-70, J R Shetty Building, Nakhoda Street, Off Abdul Rehman Street, Pydhonie, Mandvi, Mumbai, MH	India
S3-47315576	কৃষ্ণ হসপিটালিটি প্রাইভেট লিমিটেড	Atlagari Canal Para Road, Midnapur, Midnapore, WB	India
S3-473310064	Falke, Pharma-+ Meza Lindsey Corp	70 58 Street, Broolkyn, New York	US
S3-473339922	Pansy's Better Center Center	#1258 Martin Street, PMB 9291, Nashville, Tennessee	US
S3-473341447	Northern Hamilton	NE Wphiladelphia, 146 12rd St, Unit A, Ohio	US
S3-473343865	Dermato1ogy Medicine	1051 Van Buren Ave, India Trail, North Carolina	US
S3-474237833	Sg International (School)	उत्तर प्रदेश, Kd/##91 A Kavi Nagar, Ghaziabad, Rae Bareli	India
S3-474774954	Rush and  Theisen LLC	765 Benthall Cook Rd, Rich Square, North Carolina	US
S3-475029927	Akshit Kn0ilegde Ltd	C3, Nashik, महाराष्ट्र, Shri Manglam Banglow, Kalika Park Untwadi, Nashik	India
S3-475076627	Mandie Deberry Scientific Inc	1300 Chestnut Road, Independence, Ohio	US
S3-47514686	The Superior Islands Co	144 Foster Avenue, Harriman, Tennessee	US
S3-47514973	PI Constructions	H.no 10 1St A Cross Nagendra Block, South Bangalore, Bangalore, KA	India
S3-47519364	Suellen T. Pérez, M.D.	668 Merrimont Circle, Birmingham, Alabama	US
S3-475329580	Value Telecom (Global)	6505-6509 Little Dove Drive, Pine Bluff, Arkansas	US
S3-475415592	Mr Star Equipments  Private Ltd	D-525/25a F/f, North East Delhi, दिल्ली	India
S3-475452824	Liberty-Tri-State L.L.C. Center	8920 Oconto Ave, PO Box 7583, Mortn Grove, Illinois	US
S3-475975140	ರಾಯಲ್ ಸಾಫ್ಟ್‌ವೇರ್ ಪ್ರೈವೇಟ್ ಲಿಮಿಟೆಡ್	Sy No. 17/2 Flat No. 102, Bangalore South, Bangalore, ಕರ್ನಾಟಕ	India
S3-476239994	फॉर्च्यून कंस्ट्रक्शन प्राइवेट लिमिटेड	No 628 Sn 93, Lasalgaon, Niphad, Nashik, MH	India
S3-4763008	Sonepat Security Private Límíted	196-L Model Town, Sonepat, HR	India
S3-476461751	Sai Brands Private  Limited	8-3-586/1, Gandhi Thata Nagar(g T Nagar), Nampally, TG	India
S3-476484520	Morales Runwya PC	District of Columbia, Lowell St, Washington	US
S3-476583742	Miller Indeenedrnce Co	Akon, Ohio, 872 Kenmore Boulevard	US
S3-4765844	Zetamiratavo	Nawalgarh Road, Sikar, No 796 Choudhary Charan Singh Nagar, RJ	India
S3-476760931	Red Teghcolgy Private Limited	B/2/268, Madhuvrund Society, Swi Park, Nr Gopal Bag Soc, Neelkhanth Mahadev Man, Dir Road, Ahmedabad, GJ	India
S3-476847136	Invicta (India) Patient Private Ltd	4, Jehan Plaza, Nashik, New Gangapur Naka, MH	India
S3-477056112	Secunderabad Pvt.  Ltd. Services	6-1-284/4/103, Dinesh Apartments Padmarao Nagar, Secunderabad, Hyderabad, తెలంగాణ	India
S3-477151963	Morris, Obannon & Jaffe [Partners]	2406 27rd Avenue, Anchorage, Alaska	US
S3-477416386	Hinkle Associates (Inc)	840 Olympic Court, Clarkston, Washington	US
S3-477430018	HB Limited Services	E-181, Nehru Nagar-3 Block, Ghaziabad, UP	India
S3-47785665	#vivanventures	Door No ##19 Complex Shop No 107, Nr Khamdhrol Fatak, Junagadh, ગુજરાત	India
S3-477999931	Wang, Marceau and	Woodduck Pt, Rehoboth Beach, Delaware	US
S3-478122565	Prosperous  Farms Private Limited	C/o Prem Boss, Meghwalo, Ka Vas, Dhani Bazar, Barmer, राजस्थान	India
S3-478731355	Caroline Rodriguez Food, [Inc]	4206 Scenic View Drive, Morgantown, West Virginia	US
S3-47882218	Iriorbi D.B.A. Indian Consultants Private Limited	No 2588, First Floor, 26Th Main, 13Th Cross, H S R Layout Sector - 1, Bangalore, Karnataka	India
S3-478913886	Bombay Trading	Flat No B-1, Plot No 7, Secotr 5, Near Rakhma Bhawan Building, Sanpada, Navi Mumbai, Thane, Maharashtra	India
S3-479031396	Macgregor Biracilik Associates (lnc.)	2481- Elizabeth Ann Ln, Atlanta CTY, Georgia	US
S3-47904056	Pune Excursions [Prívate-Limited]	Pune, No. 611 Fl No 704 Sr. No. 32/7/1 To 6 Kondhwa, Pune, MH	India
S3-479052524	Ínc Anderson Columbus	Radford Drive, Ohio, Highland Heights	US
S3-479133445	Pvt Shivalik Food Limited	Ahmednagar, महाराष्ट्र, Ahmed Nagar, S. No. 145/4, Bolhegaon Phata, Nagapur, No 01	India
S3-479142569	Kirti + Partners Private	No 4Th Floor, Office-419-420, Zenon, Nr. Kiran Moters, New Civil Road, Surat City, ગુજરાત	India
S3-479556783	Mr -- Wealth-Three Private Limited	501, Shapath Complex-1, Opp. Rajpath Club, Ahmadabad City, Vastrapur, GJ	India
S3-479726788	Chen Classic Chmopionsgate L.L.C.	2754 East Dr, Marion Township, Ohio	US
S3-479784599	classic nutrition networks	90 Andesite Ridge Road, Big Sky, Montana	US
S3-479953326	PO Premier Mobile	6733 Kelly Aveue, Albuquerque, New Mexico	US
S3-479972241	Belofaye	Bbmp No. 68/1, Bda Site No. 78 Situated In Industrial Suburb, Mahalaxmi, Puram, Bangalore, Karnataka	India
S3-480076306	Coverprivate.Com	#1423 Awas Vikas Colony, Gonda, UP	India
S3-480159282	Juhl  Silicon Ltd		US
S3-480686306	VOP Etf	104 Ashwood Rd, Prince Edward County, Virginia	US
S3-480765401	Barney & Thocgas Physical Inc		US
S3-480835936	Physical-Therapy Center	4459 College Ave, Indianapolis, Indiana	US
S3-481168873	Pvt Perfect Fínance Ltd	BR, C/o Munna Thakur, Ward No7, Ward No.-7, Ps-malahi, Areraj, East Champaran	India
S3-481230476	Vantagearc fka Lila Satterlee Hovnanian LLC	2140 Oakcrest Lane, Provo, UT	US
S3-481324419	Ltd Viking Apparel	Door No D/70 116A, Delhi, DL	India
S3-4814579	PC Creative Bánco	11872-11876 Roanoke Rd, Roanoke, Indiana	US
S3-482092212	LLC Tadyne Sigatsre Dpc	Humlbe, Texas, 21523 Maria Amore St	US
S3-482238758	Ab System Prívate Ltd	H-69 Ugf Connaught Place, New Delhi, Central Delhi, DL	India
S3-48259375	Twigg, Oralla J., P.A. Corporation	4226-C Ely Avenue, Bronx, New York	US
S3-483232206	Rios Pbc-Inc.	Wagner Way, # Unit A, Cheltenham Township, Pennsylvania	US
S3-483366021	Builders  Hariom Engicon Pvt Ltd	RJ, Kota, No 1219 A Rk Puram, Kota	India
S3-483398348	LLC Peralta Pioneer Ka,	Water Willow Trace Dr, Spring, Texas	US
S3-483736577	LLC Mutual éducation Concepts	78 Dutch Hollow Dr, Orangetown, New York	US
S3-484275089	Misha Jénsen, D.C.	Carmencita Ave, Sacramento, California	US
S3-484308032	cornerstonequalitypet.com	1716 Lynn St, Indiana, Mishawaka	US
S3-484487622	Uptown Deli Corp Corp		US
S3-484534511	Little Barbershop Llc	12149 Lewis Circle, Forney, Texas	US
S3-485150334	Western Gulf Fashion,	19 Manomet Ave, Hull, Massachusetts	US
S3-485151156	Robecsi, Shalne Global Assets LLC	2233 Behrend Dr, Unit 207, Phoenix, Arizona	US
S3-48546368	Education LLC Partners	2939 Country Place Cir, null, Carrollton, Texas	US
S3-485534086	Federal Payment Labs,	8853 Amhed Ave, PMB 2795, Elk Grove, California	US
S3-485544133	East Téch Private Limited #62492	Plot 468 Indis One City Hitech, Beside Malaysia Township, Hyderabad, Tirumalagiri, తెలంగాణ	India
S3-486123603	Brown, Rivera & Amador Allocation (Partners)	96 113st Street, Chicagot Ownship, Illinois	US
S3-486237414	ಬ್ಲ್ಯಾಕ್ ಇನ್‌ಫ್ರಾ ಪ್ರೈವೇಟ್ ಲಿಮಿಟೆಡ್	Opp.old Bpcl Petrol Bunk Road Near Ksrtc Bus Stand Shidlaghatta, Kolar, Chikkaballapura, KA	India
S3-486283136	Raleigh Direct Sunshine Corp.	119 59th Street, Seattle, Washington	US
S3-486502866	I+ Era	2596 State Highway K, Clevver, Missouri	US
S3-486567268	Prashant Ahmed Limited	D-201 Mayfair Meridian Bldg-2, Off Sv Rd Amboli, Ceaser Road, Andheri West, Greater Bombay, Mumbai City, महाराष्ट्र	India
S3-486666662	Miller Co Independence	872 Kenmore Blvd, Akon, Ohio	US
S3-486716648	Trust Piedmont Iii	433 Oakdale Ave, Glencoe, Illinois	US
S3-486814370	Great Htel LLC	# APT 2, 608 2nd Street, Bloomington, Indiana	US
S3-486996970	Shyam Agro Co	25/A, Midc Marol Industrial Est Ind Area Rd No 3, Marol Ind Estate, Andheri East, Mumbai, Mumbai City, महाराष्ट्र	India
S3-487317374	MON Corp Center	Irvington, Alabama, 8550 1/2 Grover Godwin Lane	US
S3-487391172	Altus  Housing	08 Elm, Altus, Oklahoma	US
S3-487418026	Metro Family  Practice LLC	7490 Taconic State Parkway, Gallatin, New York	US
S3-487427006	Dinny Lindsey Media L.L.C.	N82w13414 Fod Du Lac Ave, Menomonee Falls, Wisconsin	US
S3-487491487	1338 Highland Plaza Partners	433 Washington Street, Rocky Mount, North Carolina	US
S3-487826712	American Counbcl PC	998C Lookout Mountain Road, # SITE A, Mcalester, Oklahoma	US
S3-488237354	Technology Xhtc Sports Ltd	# 55, Bangalore, ಕರ್ನಾಟಕ	India
S3-488346839	Shri Sepl Institute  of Technology Company	B-#45 Haryhur Society Village Khambhat Taluka Khambhat District Anand, Anand, Khambhat, GJ	India
S3-488438283	Interstate  Vine		US
S3-488714099	Chiropractic Partners	Conshohocken, 506 Overhill Rd, Pennsylvania	US
S3-488955310	Green Developers  Private Limited	3B, First Floor, Chokkalinganagar Main Rd, Madurai, தமிழ்நாடு	India
S3-489208840	Britta Baum, DO [LP]		US
S3-48924651	K 9 Horizon Pdrb	702 Tassey St, Round Rock, Texas	US
S3-489308499	North  Logistics Private Ltd	Ammber Enncllave Bldg No 2B Wng F No 902 Kanchangaon, Thakurli, Thane, MH	India
S3-489538660	Oncology	443 Airport Industrial Park Rd, Parkersburg, West Virginia	US
S3-489859587	Pvt Solutions Chatrapati Cottage Limited	A-53, G D Colony Mayur Vihar, Phase 3, Mayur Vihar, East Delhi, DL	India
S3-489963499	swastik producer	H.no 0/6, Valluvar Street Vijayalakshmipuram, Ambattur, TN	India
S3-490096245	LN	VA, Portsmouth City, 175 Choate Street	US
S3-490730489	Eydie Wallace Golden Agricultural of Bedford  Town	171 Oakwood Street, Bedford, Virginia	US
S3-49082834	Beltran Innovative Muniyield [LLP]	0451 Ardmore Ave, # J, Villa Park, Illinois	US
S3-490847834	Zasoft  Ramaco		US
S3-490882883	Bee  India Co	F-c-1204, Mumbai, MH	India
S3-491205627	Workman-Intermediate	44684 Newsom Road, Vinton, Ohio	US
S3-491409139	कृष्णा टेक प्राइवेट लिमिटेड	Office No 1, Fourth Floor S No 177/1, Hadapsar, Pune, MH	India
S3-491438751	Federal Fontig	200 Terry Ave, Springdale, Arkansas	US
S3-49154213	Dr Norma Law Chamenbrs Chamenbrs	No. 11 J-8/109, New Delhi, DL	India
S3-491672015	SUJ-Clear Santander	Oregon, 43125 Valley Creek Lane, Astoria	US
S3-491775658	Oxnard Liberty Míd	243 Lark Saint, Oxnard, California	US
S3-492320242	Rapid Nátoanl Made, Inc	3202- Trigg Street, PMB 9175, Amarillo, Texas	US
S3-492426669	Western Gúlf Fashion, Ínc	19 Manomet Ave, Hull, Massachusetts	US
S3-492766841	Schmitt Delta Cnlafin	2125 Lynbridge Dr, Charlotte, North Carolina	US
S3-492880947	XDI Consulting Private Private Limited	Shop No.2 Ratanpura Nr Ambicamata Mandir Opp Shivkush Nagar Vastral Road, Ahmedabad, GJ	India
S3-493282980	Krista Windom LLC Service	140 Westinghouse Rd, # 3211, Georgetown, Texas	US
S3-493403891	Lumdelta t/a SZ Atlantic	185 Camouflage Circle, Aledo, TX	US
S3-493415409	ब्लू कंस्ट्रक्शन एलएलपी	Hn 204 C-6/298, C Block Yamuna Vihar, Delhi, North East, दिल्ली	India
S3-493419877	Nixie's-Solutions	45. Taylor Street, NULL, Saugus, Massachusetts	US
S3-493498134	Royal Software Private Ltd	Sy No. 17/2 Flat No. 102, Ibblur (V), Sun City Begur (H), Bangalore South, Bangalore, ಕರ್ನಾಟಕ	India
S3-493517158	Smith National-Supply Inc.	130 Hess Lane, Roseburg, Oregon	US
S3-493527781	Catha Kirn (Esq.)	14610 Union St, Harvey, Illinois	US
S3-493593268	Crump Choice	1324 Queens Gate Terrace, Carrollton, Virginia	US
S3-494150086	Best American	W66n1253 Forward Way, City Of Cedarburg, Wisconsin	US
S3-494893775	West Royal Tankers (LP)	525 Main Street, Richardson, Texas	US
S3-495160595	Indore Limited Services	मध्य प्रदेश, Indore, 0201, Indore, Second Floor 79, Radhika Palace Gram Khajrana	India
S3-495436603	Physical Therapy  Care LLC	22 Decatur Street, Burlington, Vermont	US
S3-495661913	LLC SET Stérling Abacus	779 Barnaby Rd, Fluvanna County, Virginia	US
S3-495891586	Gonzales Gbad Aurora	935 Moneta Avenue, Aurora, Ohio	US
S3-495927302	ஸ்வஸ்திக் புரொட்யூசர்	No.0/6, Valluvar Street Vijayalakshmipuram, Ambattur, TN	India
S3-496121133	Garcia Brewing	Little Rock, Unit Apt 1438, 5500 Highland Drive, Arkansas	US
S3-496843840	M/s Pioneer Ínvestments Private Limited	Trivandrum, Keralam, No. 286- Pp/14-767, Trivandrum	India
S3-496875213	Urology Interstate Care Associates	55508 Kizzie Ln, Gales Creek, Oregon	US
S3-497078838	Vick, Duffy and Vanderwerff	013655 Casey Rd, Marion, Illinois	US
S3-497227706	ZKJ Mseacsn Limited	Hn 1-814 98, Patel Nagar, Tonk, Deoli, RJ	India
S3-497590689	I+ Pcaeline, LLC	1517 Keleltt Ave, Schulenburg, Texas	US
S3-497590895	Jaxfaye DBA: Cobalt Lodging	107 Community Way, Staunton City, Unit UNIT 714, VA	US
S3-497628430	polylogistics.com	Door No 796 Choudhary Charan Singh Nagar, Nawalgarh Road, Sikar, RJ	India
S3-497800583	Devereaux Blanchard Johnson Services	Peters Township, Pennsylvania, 108 Roundtable Drive	US
S3-497838985	নর্থ হরি সফটওয়্যার প্রাইভেট লিমিটেড	C/o Nirmal Bandyapadhya, Villand Puratanbongaon, Kalupur, North 24 Parganas, WB	India
S3-497839388	स्काई फाइनेंस	Gat No-446/01 A4/2 At Post-dodi Budruk Sinnar Nas Hik Dodi Bk, Nashik, MH	India
S3-498063951	Luthra Solutions	F.No.-G-2 P.No.- 36 Dharam Nagar Gopalpura Bypas, Jaipur, Rajasthan	India
S3-498171237	Fea (Inc)	124 Eve St, Nevaad Township, Texas	US
S3-49818288	Diamond Systems Inc Center	Ohio, 123 Barkwood Drive, Wadsworth	US
S3-498486114	Miller Independence Có	872 Kenmore Blvd, Akon, Ohio	US
S3-49861841	Arjun Servdcies Pvt Ltd	203, Rajkot, ગુજરાત	India
S3-498899707	Draoysdlra Evo	2879 Invergarry Road, Memphis, Tennessee	US
S3-499043255	Pacific Communications Services	3285-3289 30th Ter, Topeka, Kansas	US
S3-499315506	Zephiq Aviation, LLC	58. Frank Cameron Road, Bolton, New York	US
S3-499485641	behaviora1 health clinic	1597 11800, Lewiston, Utah	US
S3-499510425	ETI COLONIAL AXIOM LLC	1901 Northwest Blvd, Unit R, Newton, North Carolina	US
S3-499853609	Laxmi  Consulting Private Limited	13/288, 1St Floor, Irumban Building, Sreekrishnapuram (Post), Palakkad, കേരളം	India
S3-499944000	florabrothers.com	H No. 83 Sikrona Near Government School Fatepur Tegga, Faridabad, HR	India
S3-49996510	My Properties Private	C/o Ashish Keshavprasad Rathi, Anjangaon, Amravati, Surji Takarkheda Naka, Saint Merry School, MH	India
S3-499969125	Trais  LLC	33 Elwood Dr, Springfield, Massachusetts	US
S3-500130522	TL TL Tchnology	11814 Lower 31st Street, Lae Elmo, Minnesota	US
S3-500452745	Pyrazeph D.B.A. Cozy Auto Body Inc	2446 Main Street, Barnstable, MA	US
S3-500507302	Quilty Dté LLC	717 6rd St, Hope, Arkansas	US
S3-501078612	South डेवलपर्स Private Limited	H.no 791 Lig 136, 2-A Saket Nagar, Bhopal, Huzur, Bhopal, MP	India
S3-501208658	Lisa'S (Coffee)	501 Augusta Dr, Village Of Waunakee, Wisconsin	US
S3-501279927	Iriquo	8/1, 1St Floor 5Th Main, Kullappa Circle, Bengaluru Hq Region, Bangalore, KA	India
S3-501434847	Barnett, Scharff Smith And LLC	6632 Forage Ln, Charlotte, North Carolina	US
S3-501957753	U Three Choice Resource LLC	North Carolina, Charlotte, 511-515 Wilby Drive	US
S3-502003609	Veolum	3771b Paloma Drive, Ventra, California	US
S3-502179780	Vega Highland Manulife	1015 Omni Drive, Salt Lake City, Utah	US
S3-502448593	Preferred Peak Enterprises	Texoma Pl, Oklahoma, Moore	US
S3-502486849	Flowers Family Practice	97th Ave, Vancouver, Washington	US
S3-502569268	Private Ns Organics Ltd	H.no #737 (P)Jayadev Vihar Nayapalli, Puri, Bhubaneswar, OD	India
S3-502583744	G-& X (Travel)		US
S3-502891710	Hotel Consulting Private Límited	Thiruvananthapuram, KL, Govt Hospital Road Vizhinjam, Neyyattinkara, C/o Noushad Gulzar House, Trivandrum	India
S3-503466532	Bies Horizon Tinto Inc	7500 Hsnters Mill Rd, Unit APT J, Blacksburg, Virginia	US
S3-503557246	Caldeon States  LLC		US
S3-503647469	Dental-Specialists	626 Dayton St, Edmonds, Washington	US
S3-503955286	Mcmahan, Romero and Davis	091547 Dearborn Island Road, Blue River, Oregon	US
S3-50414644	machinistsunion.com	123- Day Hill Rd, Windsor, Connecticut	US
S3-504251534	Bucher  Innovaiote Tax Service Inc.	816 Greenland Dr, Fayetteville, North Carolina	US
S3-504298489	Deep	A/21, Shivshakti Chs Ltd., Indira Nagar, Opp. Madhuvan Society, J.P. Road, Andher, I (West), Mumbai, Mumbai City, Maharashtra	India
S3-504366718	Jaxlyravantage	3 Meridien Apts Bldg No 1Veera Desai Road Andheri (W), Mumbai, Mumbai (SUBURBAN), MH	India
S3-504496235	Big Bike-Shop	36 Wall St, Unit 2, Sevierville, Tennessee	US
S3-504792541	parrasecure.com	1031 Yosemite Avenue, # 1, Merced, California	US
S3-504872769	New Dtedi Service Private Limited	F-90/3c/1 Okhla Idnustrialarea Ph 1, Noida, South Delhi, DL	India
S3-505045156	HEARTLAND GOLDMAN	704 Carolina St, Hoxie, Arkansas	US
S3-505084288	ஷ்யாம் Finance LLP	TN, ##128 Flat 2A2 Olympia, Chennai City Corporation, Chennai	India
S3-505173697	Renton Summit Youth Ássociation	15408 179th Street, Renton, Washington	US
S3-505201989	VKL Power Private  Limited	3 Meridien Apts Bldg No 1Veera Desai Road Andheri (W), Mumbai, Mumbai (SUBURBAN), MH	India
S3-505219346	माँ सदर्न कंसल्टेंट्स प्राइवेट लिमिटेड	Door No 502 Fortune A Lodha Paradise Majiwada, Mumbai, Thane, MH	India
S3-505263408	Shri My Ivemsmcets LLP	0022-6-270/3/8, Balala Shopping Mall, Machli Kaman, Charminar, Hyderabad, Andhra Pradesh	India
S3-505407504	LT Ltd Saree	தமிழ்நாடு, Bharathidasan Salai, Madurai, No 22/1- T.b Road	India
S3-505615638	FT Keystone Big	Floor 1, 136 Willow Creek St, Chandler, Arizona	US
S3-505629773	Vision  Health	Sereno Dr, EL PASO CITY, Texas	US
S3-505824016	Tisaia Green	NULL, Wisconsin Rapids, Wisconsin, 3531 37th St	US
S3-505952521	Fayeonyxio formerly known as Parker Grand Paloma Inc	9665 Capella Avenue, Concord, NC	US
S3-505968765	Simpson Emalita CPA PC	Sapulpa, Oklahoma, 1531 Panther Ln	US
S3-506126508	689 Mountain View Place	Maple St, W Des Moines, Iowa	US
S3-506202222	Federal Marine Advisors	Ohio, Jackson Center, 113 Main St	US
S3-506259467	LLP Fin Broadcasting	D/602- Excellency Tower, Indralok Phase 8 Bhayander East Mumbai, Mumbai City, Mumbai, महाराष्ट्र	India
S3-506512805	Dental Specialists	626 Dayton St, Edmonds, Washington	US
S3-506876525	Mr Fortune Care Límited	Hanuman Marg, Prasad Th. Sarada, Udaipur, RJ	India
S3-506993631	Northern Hamritlon Inc	146 12rd St, # A, NE Wphiladelphia, Ohio	US
S3-507102499	Violet Yoder LLC Center	2259 Hermitage Way, <NULL>, Indianapolis, Indiana	US
S3-507147456	farica parra secure fidelity corp	1031 Yosemite Avenue, # 1, Merced, California	US
S3-507243341	inc simon prairie smith	602 Duke St, Fl 0, Weatherfor DCDP, Texas	US
S3-507279662	Yash Sólution Care	Vijaywada Kanuru, D.no: 20-1201/3, Vijayawada (Rural), AP	India
S3-507556235	CREDIT RETAIL LABS, LLC	16163 Beechnut St, Houston, Texas	US
S3-507987961	Indresh Technologies Prívate Limited	1-98/K/16, Plot No.16, South Block Third Floor Kunams Pride, Krithika Layout, Madhapur, Hyderabad, తెలంగాణ	India
S3-50908973	Nerita-Rogers Value Rocky	4651 Chivalry Dr, Lafayette, Indiana	US
S3-509147535	Limited Newstar Sahani Private	65/F/1, Kolkata, Howrah, WB	India
S3-509436145	Panet Advanced Paper,	3130 Goodnight Way, Bloomingon, Indiana	US
S3-509638887	Prime Equity Glóbal Inc	Houston CITY, Texas, 4646 Carmen Street	US
S3-50964635	Fitz Lánd	1505 Hillsborough St, Unit 286, Raleigh, North Carolina	US
S3-509812384	Letourneau Neurosciences	9993- Alleghany Rd, # Site 1067, Darien, New York	US
S3-509824105	Shakti টেক Pvt Ltd	#134 Seth Srilal Market, Siliguri, Darjeeling, পশ্চিমবঙ্গ	India
S3-509859224	@ddhexim	Ravi Jaiswal, Pune, MH	India
S3-50997154	Errico Vrcifa	5015-B 234th Lane, Buckeye, Arizona	US
S3-509992700	Seaview Farm  Private	N 302, Gurgaon, HR	India
S3-510393955	Transworld Digital	A - D/1, Sweta Duplex, Radha Swami Road, Ranip, Ahmedabad, ગુજરાત	India
S3-510459934	Varshika Foundation Prívate Limited	C/o-sudhansu Sekhar Sahoo, Sahadevkhunta, Baleshwar Sadar, Balasore, Orissa	India
S3-51066195	Strategic Dynamics Services	6220 Cr 862, PO Box 7174, Pearland, Texas	US
S3-511278983	Om Unided Projects Private Limited	Sumati Palace Shop No 501, Patna, BR	India
S3-511523251	Rudloff's Crystal Metal Works Ltd	100 Paradise Dr, # 6, Nacogdoches, Texas	US
S3-511527618	Aurium	1199 Rosewood Drive, Centerville, TN	US
S3-511625778	Zingo Enterprises Pvt	7, Mumbai Ii, Mumbai City, MH	India
S3-512004288	Hampton  City Networks Inc		US
S3-512269991	Blue Silver	416 Jefferson St, Mangum, Oklahoma	US
S3-51230522	Markham  and Bacchus	30 Arnold Gamble Cir, Sacramento, California	US
S3-512340800	Carpenters Union No Local 961	3620 Old Birds Creek Rd, Unit 9, Sevierville, Tennessee	US
S3-513058449	Paris & of Specialists Ankle Foot	930-D Center St, Paris CITY, Texas	US
S3-513082626	As Industries  Group Limited	H No. 107 Ram Puram, Kanpur, Unnao, UP	India
S3-513325766	FB Liberty Liberty Gamen	#680 Hidden Meadows Drive, Miamisburg, Ohio	US
S3-513548155	Castillo	1564 Gulf Street, Uniontown, OH	US
S3-513916505	Mumbai Group Service	Mumbai, ##202 Plot No 55, महाराष्ट्र, Mumbai	India
S3-514031002	UX Global Private Ltd		India
S3-514111912	W+ Mission Córporation	2841 281, Baird CITY, Texas	US
S3-514143521	robertsshalneglobal.com	# 207, 2233 Behrend Drive, Arizona, Phoenix	US
S3-51434313	Wendy Barker LLC (Service)	Texas, Humble, 14120-14122 Cedar Ln	US
S3-514518405	বিজয় ফাউন্ডেশন প্রাইভেট লিমিটেড	S.m Pally North, Englishbazar, C/o Pradip Kumar Mitra, WB, Malda	India
S3-514971547	Rn Brothers	Seri Lingampally, C/o Rudra Raju Rama Raju, TG, K.v.rangareddy, Block-2 Flat Number 2608	India
S3-515243867	Eye Cnl LLC	3492 Bynum Leatherwood Road, Anniston, Alabama	US
S3-51546904	Total Marketing, LLC	Minnesota Avenue, Topeka, Kansas	US
S3-515819014	M/s Panya Rhino Private  Limited		India
S3-515848573	Cherin Alfaro	Camp David Drive, PO Box 5396, Mesquite, Texas	US
S3-515967358	Zetayuma	No 3 Friends Flats 4Th Main 4Th Cross Aecs Layout Sanjay Nagar Geddala Halli, Bangalore, Karnataka	India
S3-516071106	SB	Kh No. 42/17/1, Kangan Heri Road Near Rangoli Farm, Chhawal, New Delhi, South West Delhi, Delhi	India
S3-516115120	National Compabnia PC	29507 68nd Avenue, Peoria, Arizona	US
S3-516417565	BTB Spade  PLLC	6425-C Wilkinson Blvd, # A, Belmont, North Carolina	US
S3-516453835	Chan, Ferguson & Mcnicol [Inc]	4358 Rio Cancion, Tucson, Arizona	US
S3-516491500	Technology Xcbt Sports Ltd	# 55, Bangalore, KA	India
S3-516495615	Colonial  Initiative LLC	58 Jeffrey Alan Dr, Manchester, Connecticut	US
S3-516816873	Sanchez Cornerstone Liberty	New York, #1466 44 St, Brooklyn	US
S3-516872313	Office of of Veterans Affairs	356 Felkins Avenue, Forsyth, Missouri	US
S3-516899383	Smt Mach Trading Private Límited	Behind Kamma Sangam Ameerpet, Hyderabad, Sanali Heavens, TG, 317	India
S3-517132792	Red Marketing	Dhiraj Baug, Bhakti Mandir Road, Naupada, Near Hari Niwas Circle, Thane (, West), Thane, महाराष्ट्र	India
S3-517135813	Pediatric Dental Center  LLC	14302 Little Rocky Mountain Ct, Fairfax County, Virginia	US
S3-517276128	Pediatric Group (Center)	Tennessee, Lebnaon, 451 Adams Avenue	US
S3-517498989	Sholar, Alisa	Wisconsin, City Of Kenosha, 2109 88rd St	US
S3-51759537	Faulkner Patriot Center	1003- Eason Avenue, Buckeye, Arizona	US
S3-517692803	Mam-India	Door No. Xv/34, U Brothers Building Guruvayoor Road, Kunnamkulam Post, Thrissur District, Thrissur, KL	India
S3-517875362	Hampton City Networks (Inc)	11 Ferncliff Dr, Hampton, Virginia	US
S3-517959551	Dana  E. Hoffman, D.D.S.	0033 Solar Lane, NULL, North Hempstead, New York	US
S3-518071932	Tirocer & Co	Sai Home House No 205. 2Nd, North Karnataka Region, Bellary, KA	India
S3-518366938	National Program III Inc	Crowlley, Texas, 2513 Dartford Drive	US
S3-518479504	एसएस कंस्ट्रक्शन प्राइवेट लिमिटेड	Flat No. 904, 'A' Wing, Pristine Fontana Building S. No. 22, Behind Maratha Mandir, Bavdha, N Khurd, Pune, MH	India
S3-518520495	Mark Vantroes	Wz Â 8, New Delhi, DL	India
S3-518945240	Prairie 8ay Ofs, L.L.C.	22 Ballardvale Street, # 1, Wilmington, Massachusetts	US
S3-518989322	Infrastructure Samanvay Pvt. Tech Ltd.	Vi/565vrindavanam Nellaya P O, Thrissur, Nellaya, കേരളം	India
S3-519019752	*** ROSSER MUNICIPALS CORP	2869 Bench Rd, Enterprise, Utah	US
S3-519134920	sg international school		India
S3-520298562	Pediatric Médicine	7-59 86 St, Woodhaven, New York	US
S3-520331981	Creative Energy Alliance	04116 Waldron Trail, N/A, Forney, Texas	US
S3-521177134	gea llc	142 Back Nine Dr, Baneberry, Tennessee	US
S3-521241339	ఏపెక్స్ టెక్ ప్రైవేట్ లిమిటెడ్	No 10-3-444/120A P S Nagar, Hyderabad, తెలంగాణ	India
S3-521256970	A1l Private Products Limited	Plot 793 M1616 A, 16Th Floor The Magnolias Dlf Golf Links Dlf City, Gurgaon, Dlf Qe, HR	India
S3-521282332	ॐ लॉजिस्टिक्स प्राइवेट लिमिटेड	#309 3Rd Floor Plot No.2, Vardhman Crown Mall Sec19, Delhi, South West Delhi, DL	India
S3-521290915	Continental Accounting	137 Lower Ridge Road, Conway, Arkansas	US
S3-521304055	Division Of Consumer Affairs	#1911 23rd Cir, Hondo, Texas	US
S3-521488495	Zephorbixylo	Riaz Manzil, Kolkata, পশ্চিমবঙ্গ	India
S3-521747762	Dana E. Hoffman,		US
S3-52194566	dehaynesmd.com	155nd Ave, Mayville, North Dakota	US
S3-521973574	Family Rocky	474 Hart Saint, Malvern, Arkansas	US
S3-522310195	Sudershan & Brothers Limited	Aashreya 7-1-34 F N Ameerpet, <NULL>, Hyderabad, Andhra Pradesh	India
S3-522727954	Webb Credit	745 -303 Lawrence Dr, Virginia Beach City, Virginia	US
S3-522899841	Empire Certified Xrp LP	101- Fox Chase Dr, Gadsden, Alabama	US
S3-52298530	Khairatabad Chits Ltd	6-3-596/69, Naveen Nagar, Khairatabad, Hyderabad, TG	India
S3-523530588	Exports Saru Services	Hn 311- C/o Ombeer Singh, Noida, उत्तर प्रदेश	India
S3-523555747	ATLANTIC HEALTH CENTER GROUP	1207 36th Avenue, # STE B, Anchorage, Alaska	US
S3-52356875	Little Secure	Hn 844 Building No. Ix - 453, Cherthala, Alappuzha, KL	India
S3-523734211	EVL Limited Private Shipping	C/o Om Prakash Malakar, Tola-kahara Panchdhabauli, Patarghat, Saharsa, BR	India
S3-52377957	Hunter Grand Glass Glass Incorporated	8647 Burrell Ln, Indianapolis, Indiana	US
S3-523985632	*** Gaor Secure LLC Center	226 Cecil Ave, Spring Lake, North Carolina	US
S3-524054267	Anderson Cólumbus Inc	774 Radford Dr, Highland Heights, Ohio	US
S3-524426555	Tech Infotech  Private Limited	4-6-375/3/8, Karim Nagar, TG, Karimnagar	India
S3-524548311	Favovue	704 Copperline Dr, # 102, Chapelhill, North Carolina	US
S3-524673493	Goshen Pediatric Denta1 Care Associates	Hampton Hills Drive, Goshen, New York	US
S3-524857219	Dr Kalra Brothers	H.no 106 Kaji Sayed Street Masjid Bunder Mumbai Mh, Bombay, Mumbai City, MH	India
S3-524869575	Mcmahan, Romero  And Davis Works | www.mcmahanr.com	091547 Dearborn Island Rd, Blue River, Oregon	US
S3-524991145	Gulf LLC Partners	#33847 Washington Drive, Yucaipa, California	US
S3-525263783	Urgent Care (Associates)		US
S3-525369090	M/s North Logistics Private	Ammber Enncllave Bldg No 2B Wing F No 902 Kanchangaon, Thane, Thakurli, महाराष्ट्र	India
S3-525551541	associated & pearl hughes	214 Muirfield Ridge Drive, Garner, North Carolina	US
S3-525689812	Commission On Parks And	675 Read St, Massachusetts, Seekonk	US
S3-525743501	WOMENS HEALTH CLINIC LLC	##407 Broadhead Dr, # 101, Spring Hill, Tennessee	US
S3-525770229	3828 Main Lane Management Inc	910 Watauga Avenue, # 301, Johsnon City, Tennessee	US
S3-526090800	Ram Impex Private	375/2, Samayapuram, Lionstown 8Th Street, Thoothukkudi, Tuticorin, TN	India
S3-526702042	Mcarthur Aegon of Lowell Inc	17235a Tapper Street, Indiana, Lowell	US
S3-527308411	Vision Paifhrltners LLC	30, Rockwall, Texas	US
S3-527535028	Diaz & Mills Physical-Therapy	Overhill Rd, <NULL>, Henrico, Virginia	US
S3-528004184	Noyes Inc Disciplined	Arizona, Mesa, 6955 Teton Cir	US
S3-528118977	Ladonna A. Qualls, Center	00374 Ruritan Park Rd, N Wilkebsoro, North Carolina	US
S3-52818672	Health Coalition Co		US
S3-528200984	लाइफ सूर्य फाउंडेशन प्राइवेट लिमिटेड	Flt No: A-201, Patna, BR	India
S3-528767013	Transformers-and Brothmaers Cáre	303, Himland House, D-5, Karampura Commercial Complex, New Delhi, South Delhi, DL	India
S3-528894740	Nadiya's Gu1f Physical Therapy PLLC	007524 Gingerblossom Dr, Citrus Heights, California	US
S3-529253577	Drayora Evo (Corp)	2879 Invergarry Road, Memphis, Tennessee	US
S3-529384128	Mollie Crocker Black LLC	319 Dixon Street, <NULL>, Kentucky, Hendreson CITY	US
S3-529821241	Internal Medicine Clinic, Inc Association	Jckson Heights CITY, 37-24 77 Street, New York	US
S3-529860066	U 3 Choice Resource L.L.C.	511-515 Wilby Drive, Charlotte, North Carolina	US
S3-530317684	Creative Énergy Alliance LLC	04116 Waldron Trl, N/A, Forney, Texas	US
S3-530397638	Cornerstone Ínc	127 Hillcrest Rd, Maggie Valley, North Carolina	US
S3-530477995	Anvil-LLC	001701 Colter Street, Phoenix, Arizona	US
S3-530772058	My Investments L.L.P.	Hyderabad, Balala Shopping Mall, Machli Kaman, Charminar, Andhra Pradesh, 0022-6-270/3/8	India
S3-531151141	Exports Saru  Limited Services	उत्तर प्रदेश, Noida, Hn 311- C/o Ombeer Singh	India
S3-531460836	Green (India) Education Private Ltd	Latur, महाराष्ट्र, Sujata Niwas Zone B-1 House No 743 Near Old Adarsh Colony Datta Nagar, Maharana Pratap Nagar	India
S3-531522292	Solora Electricity	6414 Esteban, Lake Havasu City, Arizona	US
S3-531792619	frontierpatriotmolecular.com	240 Cedar Ln, Knoxivlle CITY, Arkansas	US
S3-532028814	Solutions Ae Limited Services	Office No. ##506, Akshar Square, Near Page One Hotel, Sandesh Press Road, Vastrapur, Ahmedabad, GJ	India
S3-532157697	Legacy Logistics (Enterprises)	1312 O Avenue, Unit 3, Anacortes, Washington	US
S3-532304714	American Council Enterprises		US
S3-532320118	Paske Integrated Home (LLC)	1361 Hathaway Road, null, Bellville, Ohio	US
S3-532459164	Coex	4679 Abberton Drive, Greenwood, Indiana	US
S3-532501824	Hetrick Classic (Ford)	0035 Clinton St, Seneca Falls, New York	US
S3-532784674	इंडो इन्वेस्टमेंट प्राइवेट लिमिटेड	H. No. 56, Delhi, West Delhi, दिल्ली	India
S3-533034328	Xylovio née Urgent Care Vanguard Medicine LLC	21901 Cardinal Court, Monticello, IA	US
S3-533194548	Lucknow Steels  Private Limited	H.no 269/205 Birhana, Lucknow, UP	India
S3-533371276	Standard Digital Wireless Wireless lnc		US
S3-533601960	Lyradrex a/k/a Nava Investments	20644 Deerpath Road, Deer Park, IL	US
S3-533726647	Prívate East Tech Limited	Plot 468 Indis One City Hitech, Beside Malaysia Township, Tirumalagiri, Hyderabad, TG	India
S3-533811662	White, Glass and Lucero Workshop	1175a Fulton Ave, Bronx, New York	US
S3-533877578	Cascade Initiative	##600 Round Rock Drive W, # 17, Round Rock, Texas	US
S3-533927774	Tri-State  Saul Inc	#793 State Street, Williamston, North Carolina	US
S3-534427968	Silver Atlas	County Road 2555, Cleveland, Texas	US
S3-534432126	SILVER ENGINEERING PRIVATE LIMITED	Riaz Garen, Old No. 12, New No 29, Kodambakkam High Road, Chennai, TN	India
S3-53446548	Safe Dpc Ínc.		US
S3-534513182	Nadiya's Physical Therapy PLLC Center	007524 Gingerblossom Dr, Citrus Heights, California	US
S3-535116618	Rosalind B. Hernandez, DPM Corporation	##15 Quincy Close, Ridgefield, Connecticut	US
S3-535386585	Miracalo fka Bangalore Equip	No. 88, Borewell Road, Desk No. 210-T, Opposite To Whitefield Post Office, Bangalore, Karnataka	India
S3-535515588	Bombay Ehinigreeoring Private Limited	Mavelikara, Bhagavathi Ayyathu Fort Plaza, KL, Alappuzha, Building No.541-a, Palamel	India
S3-53575522	Bhubaneswar Nteoirk Private Limited	Pot No. - 5-90, Bhubaneswar, Khordha, OD	India
S3-535933616	Superior Certified Copley [Inc]	7518 Celesta Ln, Fl 1, Olympia, Washington	US
S3-535955096	रेड प्रोड्यूसर लिमिटेड	Sector 8, Near Airtel Building, Imt Manesar, Old Bhangrola Road, हरियाणा, Gurgaon	India
S3-535981180	Gurgaon Fund Private Ltd	Plot No 359, Gurgaon, HR	India
S3-536033420	Fresh Care Massage!	1101 Irving Park Road, # 102, Bensenville, Illinois	US
S3-536475049	Romisoft	3904 Lori Dr, # Apartment 28, Erlanger, Kentucky	US
S3-536493908	Chirayu Healthcare Private [Limited]	B-6/5 Local Shopping Centre Safdarjung Enclave, Delhi, South Delhi, दिल्ली	India
S3-536514467	Lumium	5409 Hideaway Drive, Chapel Hill, NC	US
S3-536785906	valentini fresh healthy (inc)	Kansas, 933 7 Hwy, PMB 6447, Pittsburg	US
S3-53709772	Lucknow Mutual	H.no 881 D-43, Salehnagar, Sainik Nagar, Pratapgarh, UP	India
S3-537111206	Marlo Nguyen	72 Cuntry Run Drive, Jackson, Tennessee	US
S3-537176280	Spotless Clinic  Limited	349, Urban, HR	India
S3-537445841	Fin Broadcasting	Indralok Phase 8 Bhayander East Mumbai, Mumbai City, MH, D/602- Excellency Towre, Mumbai	India
S3-537942989	Vignesh Micro-Prliave Limited	Kanti Niketan, Motihari, East Champaran, बिहार	India
S3-538065866	Mitchell, Herring and Graham LLC	Camden, Tennessee, Mimosa Saint	US
S3-538197070	Barker Health Inc. Center	488 Pierson Dr, Richmond Heights, Ohio	US
S3-538543413	Polaris LLC	8390 Green Retirement Ln, Hanover County, Virginia	US
S3-538597075	GE	Flat No. 502, Gurgaon, Tower A-12, Tulip Violet Darbaripur Road, Sector 69, Haryana	India
S3-538731244	Skywalk  Private Limited Services	C/o Sh.veer Singh, Gautam Buddha Nagar, Noida, UP	India
S3-538952673	M/s Akshit Knowledge	C3, Shri Manglam Banglow, Kalika Park Untwadi, Nashik, MH	India
S3-538991460	Smt BHIVE FOUNDATION	66, Kolkata, WB	India
S3-539240283	UROLOGY CARE ÁSSOCIATES	4851 Kokomo Dr, # APT 6012, Sacramento, California	US
S3-539460844	Lee, Babb M., P.A. Care Ltd	7th Street, Victorville, California	US
S3-539490541	Seo Trust Corp	8832 Town And Country Blvd, Ellicott City, Maryland	US
S3-539491698	Diamond  Packaging	# 303, 3000 Tilden Saint, Washington, District of Columbia	US
S3-539631228	Arlina Kaestner Australia Inc  Center	573 Beaver Creek Rd, Saltville, Virginia	US
S3-53997183	C D-& M Skin Care	85 Park Avenue, # 7, Worcester, Massachusetts	US
S3-540215358	Dr Arihant Arihant Infrastructure Limited Center	C/oprabhat Rai, Darjiling, Darjeeling, WB	India
S3-540352934	कृष्णा फाइनेंस	Bld.b Flat-403, Pune, MH	India
S3-540593284	Ferryn Furniture  Corp	Shelton, Connecticut, 100 Commerce Dr	US
S3-540612128	Michalowski Inc Center	81 Porter Road, EAST Lonmgeadow, Massachusetts	US
S3-540909767	Rajmata Chambers Law Private Limited	A/b 01, Sree Enclave, Plot No-48/1 4Th A Cross, Shirdi Sai Nagar, Munekolal, A, Bangalore, Kundalahalli, KA	India
S3-54093255	Digital Wealth Alliance	9314-9318 Cherry Hill Road, Unit 609, College Park, Maryland	US
S3-541130211	ಬ್ರೈಟ್ ಸಿಸ್ಟಮ್ಸ್ ಪ್ರೈವೇಟ್ ಲಿಮಿಟೆಡ್	1St Floor, Shree Krishna Akshaya Mansion Complex No.9, 27Th Main, Btm 1St Stage, Bangalore, Bengaluru, KA	India
S3-541150088	विजय ट्रेडिंग प्राइवेट लिमिटेड	Gudera, Mathura, UP, No 749 Village Pavesara	India
S3-541475807	Big  Healthcare Private Limited	H.no 3Rd Floor Office No 300 Galore Tech, Pune City, Pune, MH	India
S3-54164818	Kestan Kestan Inc Center	8333. Park Vista Cir, Charlotte, North Carolina	US
S3-541751359	Fu, Emmert & Pérkins Oaktree	Oregon, <NULL>, 01710 Mount Hood St, The Dalles	US
S3-542004037	tialmighty.com	A 4., null, South West Delhi, New Delhi, दिल्ली	India
S3-542188406	Belva'S Cncaade Pilates	Conord, North Carolina, #1683 Scarbrough Circle	US
S3-543148981	Eilis's  Engineering Ltd	5034 Cottontail Way, Fontana, California	US
S3-543379345	Lucky Deli	034 Jersey Street, City Of El Paso, Texas	US
S3-543395617	New Delhi Servicesprivate Private Limited	No 555 A 80/2/2/6, दिल्ली, Razapur, South Delhi	India
S3-54342666	[LP] Hetrick Claardsc Ford	0035 Clinton St, Seneca Falls, New York	US
S3-543521209	Technical & Brothers Ltd	3, Gandhi Nagar 3Rd Street, Abdul Ameer Street Guduvanchery, Chengalpet, TN	India
S3-543524920	jassorealty.com	1988 Wbester Cir, Caseyville, Illinois	US
S3-543585520	Smart  Greenlnad Partners	2599 Lake Ridge Dr, Pulaski, Virginia	US
S3-543902227	Llc Quality Dte	717 Sixth St, Hope, Arkansas	US
S3-543961060	Center Fund Historical	1600 Massachusetts Avenue, # 705, Cambridge, Massachusetts	US
S3-544181169	Pyrabrix	No. 209, B.D. Chambers, 10/54, Desh Bandhu Road, Karol Bagh, New Delhi, Delhi	India
S3-54424857	Pioneer Global Private  Limited	Pusphak-22/5, Mitra Niwas Road, Ratlam, MP	India
S3-544494097	Lumdrex aka Ear Nose & Throat Health Inc	MA, Rockland, 7 Cherry Circle	US
S3-544763532	WYQ Services Pvt  Ltd	##380 Aswini Dutta Nagarhindmotor, Hugli, Hooghly, WB	India
S3-544880688	Valley Alliance	1234 Pimpernell Ptah, Middletown CDP, Delaware	US
S3-544919748	C-Scheme (india) Private Ltd		India
S3-544960509	General Design ínnovations LLC	Mesa, #7241 Osage Ave, Arizona	US
S3-544982980	Fluxvera aka Arts Ministries P.C.	5790 Hughes Road, Galena, OH	US
S3-545022863	Sismoed & Quirino Mckinley	1889-1893 Hart Street, PO Box 1652, Ridgewood, New York	US
S3-545102627	First Isnvestmehnts Limited	505A, Azamshah Layout, Sakkardara Chowk, Nagpur, महाराष्ट्र	India
S3-545244572	Urology  Group LLC	Illinois, Incorporated, 6508 Roth Drive	US
S3-545301434	India Vistar Center	H.no 2, Ground Floor, Shobhana Bldg., Tilak Road, Near A Sha Parekh Hospital, Santacruz (West), Mumbai, MH	India
S3-545869643	Smt Sudama Res0urces Private	No ##8, Survey No 253/, Post Sankeshwar, Belagum, Hukeri, Belgaum, KA	India
S3-545912885	Sankalp Public School Private	H.no 2/2 Saini Bhavan, Amar Himachal Chs Ltd, G M Road, Pestom Sagar, Chembur, Mumbai City, Mumbai, MH	India
S3-546040219	heartland [goldman]	704 Carolina St, Hoxie, Arkansas	US
S3-546138393	Pamela H. Roth, D.O., M.D., Inc	7920 Alta Cuesta Drive, Rancho Cucamonga, California	US
S3-546457242	Dot Martinez, O.D., LLC	##15 Hasbrouck Drive, West Haverstraw, New York	US
S3-546652758	Family Center LLC	5805 Indian Trace, PO Box 8276, City Of Madison, Wisconsin	US
S3-546652805	Jarlova Big Lowell	Massachusetts, Lowell, 131 Varnum Avenue	US
S3-546793705	Korquolyra DBA: Clark Australia	608 Files Street, Itasca, TX	US
S3-546809904	botsford classic telefonica telefonica	389-B Charles Avenue, Saint Paul, Minnesota	US
S3-546998874	Infrastructure Sámanvay Tech Pvt. Ltd.	Vi/565vrindavanam Nellaya P O, Thrissur, Nellaya, കേരളം	India
S3-54750816	UPTOWN YOGA INC	104 Benahm Dr, Chattanooga, Tennessee	US
S3-547630693	KA Reliable	4685 Valley Rd, Tucson, Arizona	US
S3-547639613	Orthopedic Care Co Center	181 Amherst Cir, Oswego, Illinois	US
S3-547732956	Arihant Infrastructure Private Limited	Darjiling, Darjeeling, WB, C/oprabhat Rai	India
S3-547830535	KEOR MANAGEMENT INC	351 Itasca Street, Wood Dale, Illinois	US
S3-547926341	Primary Care 6roup of	1325 Ohio Street, Indianapolis, Indiana	US
S3-548056203	अल्फा केयर लिमिटेड	A 204 Sawali Co Op Hsg Soc Plot 41 Sec 5 Khargar, New Bombay, Khargar, MH	India
S3-548057134	New Delhi Service  Private Limited	F-90/3c/1 Okhla Industrialarea Ph 1, Noida, New Delhi, दिल्ली	India
S3-548232818	Mr shreeclinic.com	61-1, Coimbatore, TN	India
S3-548317717	ಸ್ಮಾರ್ಟ್ ಮ್ಯಾನೇಜ್‌ಮೆಂಟ್ ಪ್ರೈವೇಟ್ ಲಿಮಿಟೆಡ್	Flatno.201, Bangalore North, Bangalore Urban, KA	India
S3-548438684	Dermatology Great	437 Maplewood Dr, Calabash, North Carolina	US
S3-548532187	Trais LLC	33 Elwood Dr, Springfield, Massachusetts	US
S3-548580459	Avitavo Formerly Lucky Deli	8034 Jersey Street, City Of El Paso, TX	US
S3-548747400	யுனிக் எண்டர்பிரைசஸ் பிரைவேட் லிமிடெட்	New No.11, NULL, Chennai, TN	India
S3-548812029	Williams & Moore	17301 Zoo Stage Rd, Vail, Arizona	US
S3-549057080	സൺറൈസ് എൻജിനീയറിംഗ് പ്രൈവറ്റ് ലിമിറ്റഡ്	55/10., Puthussery Arcade, Kadiyangad Junction Kadiyangad Post, Perambra Via, Calicut, Kozhikode, KL	India
S3-549070126	Zenith Tax Llc	5241 Sable Court, Metor, Ohio	US
S3-549099816	ড্রিম সলিউশনস প্রাইভেট লিমিটেড	5-42 Dr R C Banerjee Lanep O Asansol, Bardhaman, পশ্চিমবঙ্গ	India
S3-549577193	Blue Center	Plot No. #432, R No. 8, Gayatri Chs Ltd., Sec 4, Near Saraswat Bank, Kandivali, Kandivali West, Mumbai, महाराष्ट्र	India
S3-549747077	Olson, Chélsey H., P.A.	302 101rd Lane, Tolleson, Arizona	US
S3-549972271	ग्लोबल फूड्स प्राइवेट लिमिटेड	###202, B, Mansarovar Apartments Gen. A.k. Vaidya Marg, Malad East, Mumbai, महाराष्ट्र	India
S3-550163316	#Cardiologyclean	Aruba Bend Drive, Katy, Texas	US
S3-550600723	Diamond Packaging Innovations CORP	3000 Tilden Street, Unit 303, Washington, District of Columbia	US
S3-550729549	The Opalina P. Singleton, DPM P.C.	Stacie Dr, Vinton, Virginia	US
S3-550767084	Cooley, Bíotherapeutics & Eller Beamer LLC	<NULL>, 94 Summerfield Dr, Holtsville, New York	US
S3-550844652	Jarlova Big-Lowell	131 Varnum Ave, Lowell, Massachusetts	US
S3-550859210	Life Surya Foundation Private Limited	Flat No: A-201, Sri Jagdish Apartment Indrapuri, Rajabazar, Patna, BR	India
S3-550874191	Jyotiba Adhesives Private	Sriperumbudur, #2, Kanchipuram, TN	India
S3-551193816	Professional Wealth Digital-LLC	Washington, District of Columbia, 2404 3rd St	US
S3-551284339	pune s0lutions private limited	N28/8 Sneh Paradise, Pune, महाराष्ट्र	India
S3-551316266	Wieat  Group P.C.	102 Goodwinds Dr, Oriental, North Carolina	US
S3-551333270	PY Élite	Washington, Seattle, 5240 45th Avenue	US
S3-551343615	Teum  Soulpower PC	Murray Street, Gainesboro, Tennessee	US
S3-551388423	smith national supply inc.	130 Hess Ln, Roseburg, Oregon	US
S3-551559998	Wierenga, Trudie H., D.D.S., Dds Pc	640 Elizabeth Avenue, N/A, Kansas Ciyt, Kansas	US
S3-551575520	All Markenfing Private Limited	Door No 302 2Nd Floor, Bhera Enclave, Paschim Vihar, New Delhi, West Delhi, DL	India
S3-551924161	Wendy Barker Managed	14120-14122 Cedar Ln, Humble, Texas	US
S3-552051944	ऑल बिल्डर्स LLP	Mumbai City, Flr-2nd, Plot 66-F, Steel Center, Sant Tukdoji Maharaj Road, Tata Power Carnac Bunder, Ch, Inchbunder, Mumbai, महाराष्ट्र, 205	India
S3-552160210	Surya Engineering Private [Limited]	No. 7, Bangalore, KA	India
S3-552327008	savageamericas.com	11147 1/2 Reisterstown Road, Owings Mills, Maryland	US
S3-552451800	Vantagelyrariza Formerly Corella's Vanguard Distribution	2019 Livingston Avenue, Unit APT 43, Helena, MT	US
S3-552927272	Flowers  Family Practice Inc	10706-C 97th Avenue, Vancouver, Washington	US
S3-552934419	Summit Society LP	33 Casa Grande, Brownsville, Texas	US
S3-553018477	Clyola Neuberger	21 Elm Lane, Westerlo, New York	US
S3-553132331	Nguyen Space Incorporated	4850 79, Colesville, New York	US
S3-553170067	Ridge School óf Medicine Inc	217 Foxgrape Hollow, Banner Elk, North Carolina	US
S3-553582142	FQX Builders Pvt Ltd.	Howrah, N/A, 223/. 2Nd Floor, Kolkata, WB	India
S3-553813877	Jennilee Saucier	03628 Spruce Saint, Racine, Wisconsin	US
S3-553830363	Smart	1 Marie Court, Ballwin, MO	US
S3-553998510	CB Marketing Prívate Limited		India
S3-554209354	Pellegrino, Simpson and Thompson Metals	Tennessee, Rogersville, 602C W Hills Dr	US
S3-554312555	Clyola Nhuenrger Group	21 Elm Ln, Westerlo, New York	US
S3-554315449	Creative PC Banco	11872-11876 Roanoke Road, Roanoke, Indiana	US
S3-554329044	स्काई मार्केटिंग प्राइवेट लिमिटेड	Pune City, Pune, S No 60A/2/1B Cts Ghorpadi, Florentine Villa No 5, MH	India
S3-554751031	United Ho1ding (Company)	1009 Torngat Ct, Virginia Beach City, Virginia	US
S3-555098324	Satterfie1d, Crawford and Copeland	Texas, Pasadena, 1204 Bennett Drive, PO Box 874	US
S3-555129043	t2reliablecom	Louisville, Kentucky, Merribrook Ln	US
S3-555185069	Private Bhubaneswar Netwok Limited	Plot No. - 5-90, Khordha, ଓଡ଼ିଶା	India
S3-555405995	Sion Horizno Cloud LLC	49 Field Street, # 2, Brockton, Massachusetts	US
S3-555494668	Harbor Worldde, LLC	5833. Hedgemoor Dr, Raleigh, North Carolina	US
S3-555504729	AJ LP-Treasury	001413 13th Avenue, Bessemer, Alabama	US
S3-555559408	Eilis's  Center	5034 Cottntail Way, Fontana, California	US
S3-555696251	All Búilders LLP	205, Flr-2nd, Plot 66-F, Steel Center, Sant Tukdoji Maharaj Road, Tata Power Carnac Bunder, Ch, Inchbunder, Mumbai, Mumbai City, MH	India
S3-555989566	Surgical of Dixie Services	4089 Dixie Hwy, Dixie, West Virginia	US
S3-556515977	OWEN FINANCIAL LLC	1420 Zeno Rd, Apex, North Carolina	US
S3-556632519	Gerry Baldwin, Ph.D., DDS	1638 Millers Chapel Rd, Greeneville, Tennessee	US
S3-556976842	Sapon Aura Llc	7018 Cliffbrook Dr, Dallas, Texas	US
S3-557176192	Keya Lívelihood Pvt Ltd	Block G-423 Marvel Cascada, Pune, MH	India
S3-557248952	Grace Zion Corp	Madison St, Springfield, Illinois	US
S3-557276971	Shyam Global Ltd	Rajesh S/o Sh. Ramkumar Village Mirzapur, Po Mirzapur, Hisar, Hissar, HR	India
S3-55748859	एस टेक टेक प्राइवेट लिमिटेड	8., Nalanda Appartments D-block, Vikas Puri, New Delhi, West Delhi, दिल्ली	India
S3-557619767	Mcknight Green Esports LLC	Boone Rd, Medina, Tennessee	US
S3-557960677	Ltd Guru Super Care	B-1/616-s Floor, Divreportingcircle, West Delhi, DL	India
S3-558122737	Merralee Barnes D.C.	6201 Southwest Freeway, Houston, Texas	US
S3-558127027	Integrated PLLC Chile		US
S3-558261193	Lotus Enterprises Pvt	Flat No. C 527, Pawar Enclave, S No. 86 / 3B Pune Solapur Road, Hadapsar, Poona, Pune, महाराष्ट्र	India
S3-55832374	Brixlyra DBA: Bright Solutions Private Limited	Flat No 801, Telangana, Hyderabad, Meenakshi Skylounge, Hitex Road Khanamet, Kondapur, K.V.Rangareddy, Hyderabad	India
S3-558439466	Banks and Savage Inc  Service	602 Tull Court, Wentzville, Missouri	US
S3-55848313	@brightproperty	##102 Carol Ln, RED OAK CITY, Texas	US
S3-558508735	Onyxkor doing business as Yash Solution Care	D.No: 20-1201/3, Indra Kiladri Nagar, Vijayawada (Rural), Krishna, Andhra Pradesh	India
S3-558846856	M/s Visionary & Sons Private Ltd	Flat No.gb3/05, Ground Floor, Incor Opulence Gunjur Palya Road, Gunjur Village, Varthur, Bangalore, <NULL>, ಕರ್ನಾಟಕ	India
S3-559310547	Sarasiya Limited Private Infraprojects	# 12-10-587/2, Road No 4, Medibhavi, Seethafalmandi, Hyderabad, Andhra Pradesh	India
S3-559387084	Horizon Welnlcs Partners LLC	Grove Street, # 12, Arlington, Massachusetts	US
S3-559612665	Rajasthan International School Limited	Office No. 08-211, Mumbai, MH, 2Nd Floor, Gateway Plaza Co Co-op. Premises Society Ltd, Central Avenue Road, Indusind Bank, Hiranandani Gardens, Greater Bombay	India
S3-559659794	Ambica Hvac Pvt	##1, Taratala Road, 1St Floor, Kolkata, Kolkata, Kolkata, Howrah, WB	India
S3-559728240	WYQ Services Pvt Limited	#380 Aswini Dutta Nagarhindmotor, Hugli, Hooghly, পশ্চিমবঙ্গ	India
S3-559798282	perezsuellent.com	668 Merrimont Cir, Birmingham, Alabama	US
S3-559842015	Reyes  Midwest Sunshine	173 Sherman St, Phoenix, Arizona	US
S3-55984273	Aw Superior Rogers Llc	1991 Campbell Ave, # APT 12, Indianapolis, Indiana	US
S3-559960795	Helot Medical Cnmet Pvt Ltd		India
S3-560100668	Ujjaya Merchandise-Ltd	C/o K.vinodini, Kappachery, House Vijaya Flower Mil, Kannur, KL	India
S3-560136832	Harbor Pacific Return Inc	New York, Rochester, 199 Stonecliff Drive	US
S3-560461891	Barnett Gulf Leapfrog [(Associates)]	526 Rawling St, Washington Court House, Ohio	US
S3-560646560	साउथ फाउंडेशन प्राइवेट लिमिटेड	C/o Maruti Govind Andhale Doifodewadi Dist Beed Doifodewadi, Beed, Bid, MH	India
S3-560980939	Fortune Care Ltd	Hanuman Marg, Udaipur, RJ	India
S3-56110232	Ear Nose-& Throat Associates	5419 Ninth St, Albquuerque, New Mexico	US
S3-561331890	Edita Mgseeswi Education LLC	351 Paxton Rd, Gallipoliss CITY, Ohio	US
S3-561475319	Drexfluxio D.B.A. Certified Security Company	738 University Way, Unit 83, Ellensburg, WA	US
S3-561559677	Varanasi Research Private Private	B 34/140 M-9, Varanasi, UP	India
S3-561573408	W+ Mssón Corporation	2841 281, Baird CITY, Texas	US
S3-561628065	Sai Brands Private	8-3-586/1, Hyderabad, Nampally, TG	India
S3-561717804	Tri-State Star Solutions [LP]	##8009 Count Street, NULL, Houston, Texas	US
S3-561918764	Smt Dynamic Pvt Ltd Partners	21- 1St Cross 1St Block, Akshaya Nagar Tc Palya, Bangalore North, Bangalore, KA	India
S3-561972533	Labs (Beverages)	No 199 Ed-24 Raj Danga Main Rd, Kolkata, South 24 Parganas, WB	India
S3-561997245	Global Foods Private Limited	Door No ##202, B, Mansarovar Apartments Gen. A.k. Vaidya Marg, Malad East, Mumbai, MH	India
S3-562025620	Pvt Perfect Finance Ltd	C/o Munna Thakur, Areraj, East Champaran, BR, Ward No7, Ward No.-7, Ps-malahi	India
S3-562299597	Journey  Choice Foods-Llc	8421d Weybridge, Johnston, Iowa	US
S3-56240680	Digital Wealth Alliance Alliance Llc	9314-9318 Cherry Hill Road, College Park, Maryland	US
S3-562609460	Seven Charitable Trust Company	New Delhi North, North West Delhi, DL, A-1/5	India
S3-562670371	Raso  & Vanderpool Center	San Juan Trl, Tucson, Arizona	US
S3-562831024	Heartland Léague	30 Cottage Ave, ST. Paul, Minnesota	US
S3-563058369	പയനിയർ ഇൻവെസ്റ്റ്മെന്റ്സ് പ്രൈവറ്റ് ലിമിറ്റഡ്	#286- Pp/14-767, 768, 1222 Near, Kochupalam, Attingal Road, Chirayinkeezhu, Trivandrum, Keralam	India
S3-563157578	Infrastructure	Vi/565Vrindavanam Nellaya P O, Palakkad, Thrissur, Kerala	India
S3-563181024	Regional Society - 5626694189	54-26 63 Pl, Maspeth, New York	US
S3-563331909	tdíndiacom	No. 217, 9Th 'H' Main, 1St Block, Hrbr Layout, Bangalore, KA	India
S3-563409449	Miller & Rivas Music	9 Springer Woods, Edwardsville, Illinois	US
S3-563795183	Dr Gourmet Iron Private Ltd	C/o Smt Sushama J Patwardhan Randaspeth, Nagpur, Dharampeth Extn, MH	India
S3-56400796	Jobye Mack Genetics,	11283- Robinson Dr, Coon Rapids, Minnesota	US
S3-564056798	Surya Engineering Private	No. 7, Bangalore, ಕರ್ನಾಟಕ	India
S3-564158077	Solora Electricity Clinic LLC	6414 Esteban, Lake Havasu City, Arizona	US
S3-564407220	Kalyani Sand Co	No 50-13-25/54 Seethammapeta, Anand, Vishakhapatnam, AP	India
S3-564493388	Shelton Dental Associates	#1501 North Avenue, Melrose Park, Illinois	US
S3-564841594	Indo Investment	#56, Delhi, West Delhi, DL	India
S3-565138211	New Delhi Systems-Private	M#16, New Delhi, South Delhi, DL	India
S3-565349804	rojas lane llc	413 Bidwell Avenue, Waukesha, Wisconsin	US
S3-565677589	Deltapyra	#398 Gat No 605/1 Pirangutmulsi, Pune, महाराष्ट्र	India
S3-565723389	Downtown [Corp] Pub!	3568 Abbott Rd, Hamburg, New York	US
S3-565867187	LC Solutions PVT. LTD.	No.457, Bangalore South, Bangalore, KA	India
S3-568033726	Fluxgild doing business as Commission on Parks and Recreation	675 Read Street, Seekonk, MA	US
S3-568033945	Stjohn Smith and Stark Sim LLC	505-507 Victory Trail, Morganton, North Carolina	US
S3-569005500	A1tus Housing Diamond Project Co	08 Elm, Altus, Oklahoma	US
S3-569030469	Children's Summit Alliance	15-17 Catalpa Ln, null, Valley Sstream, New York	US
S3-569136160	Kelosynbrix trading as Elite Immunopharma	4841 San Juan Avenue, Fair Oaks, CA	US
S3-569341847	lndustries Varetan Fresh Ltd	H.no 305 705, Ansal Vikas Deep Building Laxmi Nagar District Centre, Vikas Marg, Delhi, <NULL>, DL	India
S3-569522318	M. Wright Grand	411 Bryant Avenue, Waterloo, IA	US
S3-569625706	Swastik Mánagement	Flat No. 1006, Delhi, DL	India
S3-569750090	Arihant Royal Management  Private Ltd	C-204 Shikshapatri Height, B/s Astha Row House, Chorayasi, Surat, GJ	India
S3-569863137	బాలాజీ పయనీర్ కన్సల్టెన్సీ ప్రైవేట్ లిమిటెడ్	F 802, Seri Lingampally, K.v.rangareddy, TG	India
S3-569891621	Boo  L.L.C.	3 Groom St, Unit 3R, Boston, Massachusetts	US
S3-569900257	Shiroatt  LLC	24 Turning Mill Road, Lexington, Massachusetts	US
S3-570199283	Reliable Dynamic Inc Services	304 Milky Way Dr, PMB 511, Apex, North Carolina	US
S3-570259660	Horizon LLC	106 Hampton Vista Dr, Manorville, New York	US
S3-570273831	Legacy LLC Pharmaceuticals	002404 Rio Grande Del Sol Court, Albuquerque, New Mexico	US
S3-570396210	Hopper &  Wilson Egh Inc	1716 Woodlawn Dr, North Carolina, Scotland Neck	US
S3-570652341	Mount Chapel	Prince William County, 12519 Gordon Boulvard, Virginia	US
S3-570765955	Smt Balaji-Eninierting	Coimbatore, 1-H1, TN, N/A, Coimbatore	India
S3-570816788	Cherin Alfaro Pinnacle Services	2313-2315 Camp David Drive, Mesquite, Texas	US
S3-570966796	Phoenix Surgical Éxpress Cfteer	512 Lhdia Ln, Phoenix, Arizona	US
S3-571412606	All Marketing Pvt Limited	Sadar, UP, Shahjahanpur, C/o Rajan Singh	India
S3-571531937	The West Harbor Southwest Inc	14136 Faulkner Court, Plainfield, Illinois	US
S3-571731962	MERIDIAN	Pitts St, PO Box 6414, Natick, Massachusetts	US
S3-571784462	BHUBANESWAR MARKETING PRIVATE LIMITED	Bhubaneswar, Nayapalli Behera Sahi, Orissa, Plot - 716 / 2304, Khorda	India
S3-571794330	Nichter, Milli, DPM, M.D., P.C.	2147. Roper Lane, Wenatchee, Washington	US
S3-571823862	Indresh  Technologies Private Limited	TG, 1-98/K/16, Plot No.16, South Block Third Floor Kunams Pride, Krithika Layout, Madhapur, Hyderabad	India
S3-571886954	Footankleclinic.Com	9 Blue Water Circle, Sacramento, California	US
S3-572073146	Raye's Prime Associates Services	59 3000, Roosevelt, Utah	US
S3-572117906	Whatley Uribe Inc Services	Cleveland Ccity, 4942 22rd Ave, Ohio	US
S3-572966455	Khairatabad  Chits	6-3-596/69, Hyderabad, Khairatabad, TG	India
S3-573066542	Rudloff's  Crystal Metal Works	Nacogdoches, Texas, 100 Paradise Dr, Unit 6	US
S3-573108688	Cardiology Partners of Brooklyn	321 Nostrand Avenue, Brooklyn, New York	US
S3-573324446	Pediatric Dental Group	451 Adams Avenue, Lebnaon, Tennessee	US
S3-573523825	Bucher-Innovative Inc. Service Tax	Fayetteville, 816 Greenland Dr, North Carolina	US
S3-573553097	Superior Certified Copley (Inc)	7518 Celesta Ln, Olympia, Washington, Fl. 1	US
S3-573723665	Jai (Academy)	Unit 7B, 7Th Floor, 41 Shibtolla Street, Posta, Kolkata, Howrah, WB	India
S3-57381672	Armour Exports Of Ahmedabad	Plot 330 810-G, Titaniumcitycenter, 293/1/P, T.p-03. 100Ft.Road, Nr.sachintower, Anandnagar, Ahmedabad, GJ	India
S3-574004149	Rojas Lane L.L.C.	413 Bidwell Ave, City Of Waukesha, Wisconsin	US
S3-574257263	Lynda's Pioneer	008 Foxview Drive, Joliet, Illinois	US
S3-574271801	Integrated  Chile-PLLC	2252 Old Shelby Rd, Hickory, North Carolina	US
S3-574449603	ഈസ്റ്റേൺ ഇൻവെസ്റ്റ്മെന്റ് പ്രൈവറ്റ് ലിമിറ്റഡ്	1St Floor, Bismillah Shopping Complex Market Road, Ottupara, Wadakancherry, KL, Kumaranellur P O, Room No. 380, Thrissur	India
S3-574856367	tristatesaul.com	407 State Street, Williamston CDP, North Carolina	US
S3-575104727	Surgical Center Of	16551-B County Road 200, Dahlgren, Illinois	US
S3-575136050	Globaljastechnologies.Com	Jaipur, A-#40, राजस्थान, Lal Kothi Tonk Road, Krishna Nagar - Ii	India
S3-575536882	Jyotiba Adhesives Private (Ltd)	Sriperumbudur, Kanchipuram, தமிழ்நாடு, Dhanalakshmi Nagar, Moulivakkam, Kundrathur, Plot No.2	India
S3-575933477	Orthopedic Physicians	2112 43rd Street, TWO Riivers, Wisconsin	US
S3-576144582	Veracira t/a First Food Private Limited	201 First Floor, Supertech Emerald Court, Sector-93A, Noida, Gautam Buddha Nagar, Uttar Pradesh, Dadri, Gautam Buddha Nagar, Uttar Pradesh	India
S3-576168062	P 2 R Index Co	5525 Limaburg Road, Unit Apartment G, Burlington, Kentucky	US
S3-576246957	ridgeequitypartners.com	1297 Brentwood St, HIGH Poinnt, North Carolina	US
S3-576530163	zephiq aviation, llc	58. Frank Cameron Rd, Bolton, New York	US
S3-576681460	Urology Peak Specialists Llc	606 Upland Creek Rd, Floor 1, Columbia, Missouri	US
S3-576769002	Allen Shore Llc	01403 Pleasant Ave, Ontario ICTY, California	US
S3-577387748	LH Finance - 9521165113	House No. H-004 Shop No - 304 3Rd Floor, Vardhman North -Ex Plaza Netaji Subhash Place, Delhi, North West Delhi, DL	India
S3-577458674	Gildquo Labs d/b/a Quality Dte LLC	717 6th Street, Hope, AR	US
S3-577675069	Nevarez	5540 Atlantic Crossing Drive, Raleigh, NC	US
S3-578122262	Parakh Institute of Technology Co	No. 929 193/1, <NULL>, Kolkata, Howrah, WB	India
S3-578194559	3963  Sixth Blvd		US
S3-578200430	Ward  Ridge Signs LLC	9365 Harrison St, DES Plainescity, Illinois	US
S3-578444610	Errico Vertical Corp	5015-B 234th Ln, Buckeye, Arizona	US
S3-578457144	Fylfot Torodoesr	#4 No Fairlie Place Mezzanine Floor, Kolkata, Calcutta, পশ্চিমবঙ্গ	India
S3-578523134	Internationa1 Arin Laundry LLP	Plot 493 Shop No-108 Anchal Plaza Vasant Kunj, New Delhi, North Delhi, DL	India
S3-578634463	Cardiology Medicine	Rhode Island Ave, Unit 104, Washington, District of Columbia	US
S3-578647571	Universal Real-International Private Limited	No 01, Hyderabad, Khairatabad, TG	India
S3-5793915	Maribel Matthews Cion Incorporated	137 Baltic Street, Norwich, Connecticut	US
S3-579611758	Venevue Johnson		US
S3-57966439	Tri-State Le V	10858 218th St, Kent, Washington	US
S3-579748778	Kestrel Futurecrest Ínc.	37 July Avenue, Bayville, New York	US
S3-579900423	Brixarc aka Vatech	14300 Chenal Parkway, Unit Apt 1216, Little Rock, AR	US
S3-580008916	shivachhata.com	C/o Karan Pal, Goverdhan Chorah, Chhata, Mathura, UP	India
S3-580182283	Corona Academy Inc	814 Hartman Circle, Missouri, # 4, St Peters	US
S3-58030355	Vanton Cab1e  L.L.C.	1025 Mulligan Dr, Oro Valley, Arizona	US
S3-580335535	Cox, Alaniz & Bryson L.L.C.	New Mexico, Tos, 928 B Calle Del Llano	US
S3-580599699	ਸ਼ਿਵਮ ਕੰਸਲਟੈਂਟਸ ਪ੍ਰਾਈਵੇਟ ਲਿਮਟਿਡ	Sco 124, null, Amritsar, ਪੰਜਾਬ	India
S3-581048467	M/s Tech Fodns Private Limited	786 15, F.p.396, Fariawala, Estate, Opp. Hotel Avtar, Ahmadabad City, GJ	India
S3-581108700	Private AH Agro Limited	Site No. A-4, Coimbatore, TN	India
S3-581173831	Marketing Source Crusher Limited Services	1602, Mumbai, MH	India
S3-581491729	L.L.C. Geum	3713 Riley Rd, Terre Haute, Indiana	US
S3-581692144	Green (India) Education	Sujata Niwas Zone B-1 House No 743 Near Old Adarsh Colony Datta Nagar, Latur, Maharana Pratap Nagar, MH	India
S3-581942815	Strategic Sun Corporation	2699 Broadwing Lane, Liberty Lake, Washington	US
S3-581985190	लक्ष्मी कंसल्टेंट्स प्राइवेट लिमिटेड	A-301, Thane, महाराष्ट्र	India
S3-582236949	Alvarez and Mendez		US
S3-582810686	Bridge Internlsional School Private Limited	Door No D/141, Mundra, Kachchh, GJ	India
S3-582970491	Grasso Rocky Cbre Corp	1219 Thirteenth St, Great Falls, Montana	US
S3-583108301	6olden-Omega	813 Belanger St, Houma, Louisiana	US
S3-583278097	WADHWA MANPOWER PRIVATE LIMITED	Door No D/656 C2, Yamuna Block, Triveni Complex Habsiguda Cross Roads, Rangareddy, Hyderabad, TG	India
S3-583474263	Smt amiable brew limited	No 974 130, Matheshwartola Road, Ground Floor, Kolkata, Howrah, WB	India
S3-583496868	Ariadrex trading as Youth Alliance	Owensboro, KY, 4582 Fountain View Trace	US
S3-583531687	वन एक्सपोर्ट्स प्राइवेट लिमिटेड	Shop No.m-69 Greater Kailash-1 Market, DL, South Delhi, New Delhi	India
S3-583669966	Rathore Seva Partners	Off.no.8, C1, 2Nd Floor, Bramha Estate Kondhwa, Pune City, NULL, MH	India
S3-583753596	Clouser Jab Complete	164 Robinson Pkwy, New York, Riverhead	US
S3-584137725	8ay Project L.L.C.	1404 Main Saint, Warsawcdp, Indiana	US
S3-584334849	Surya Private  Limited Services	Khed, MH, Pune, Plot No. 257	India
S3-584336928	Community Alliance LP	810 Moorpark Place, Tucson, Arizona	US
S3-584668731	விஜய் மீடியா	Erode, 11B, Erode, Pavadai Naicker Street, TN	India
S3-584917012	Golden Technology	712, <NULL>, Mumbai, Mumbai City, MH	India
S3-58527988	Dr fortuneconstruction.com	No 628 Sn 93, Lasalgaon, Niphad, Nashik, MH	India
S3-585352325	ఆల్ టెక్నాలజీస్ ప్రైవేట్ లిమిటెడ్	#508 Sri Gayatri Classic Apartments Lingampally, Hyderabad, Andhra Pradesh	India
S3-585391791	vdvanderwerff.com	013655 Casey Road, Marion, Illinois	US
S3-585458306	Lumpyrairi	1054 16th St, PO Box 1970, Cottonwood, Arizona	US
S3-585852181	Fin Broadcstsing LLP	D/602- Excellency Tower, Mumbai, Mumbai City, MH	India
S3-585994089	Jeanelle Moctezuma 6ranite  LP	69 Cider Mill Drive, Hendersonville, North Carolina	US
S3-586169200	Jaxyuma d/b/a Maribel Matthews Cion Inc	137 Baltic Street, Norwich, CT	US
S3-586179545	8hive Foundation	66, WB, Howrah, Kolkata	India
S3-586326385	Navkar LLP Center	Plot No-11 Aanti Vihar, Lucknow, UP	India
S3-586549413	olson, chelsey h., p.a.	3027-C 101st Ln, Phoenix, Arizona	US
S3-586577482	Universal Consultants પ્રાઇવેટ લિમિટેડ	Door No ##1, Shruti Appartment, Plot No. 52 Near Bhaikaka Nagar, Thaltej, Ahmedabad, Maninagar, GJ	India
S3-586870219	... Granite.Com	##5151 16nd Street, # 1050, Northeast, Arizona	US
S3-587027140	Patino Capital Of	2007 Frontis Plaza Boulevard, Winston-Salem, North Carolina	US
S3-587092994	libertyleaguesilver.com	2905 Randolph Rd, Silver Spring, Maryland	US
S3-587151779	Value Software Group	01638 Birch Avenue, Unit Apt 2, Fayetteville, Arkansas	US
S3-587163471	Maggy Smá1l-Procap		US
S3-587226018	Vistaar of Institute Center	01, Floor 5, Plot 345, Milan Laxmi Co Op Hsc Soc Ltd, Chandavarkar Cross Road, Matunga Cr, Mumbai, MH	India
S3-587439452	Bramelosprey.Com	Washington, District of Columbia, 547. Ingraham Street	US
S3-587486578	OX Keoa Pvt Ltd	Ground Floor, Madurai North, Madurai, தமிழ்நாடு	India
S3-58751681	Apex Inc Partners	Victorville, 13195 Brant Rd, California	US
S3-588175833	Pvt Perfect Finance Ltd	C/o Munna Thakur, East Champaran, Areraj, बिहार	India
S3-588351494	Damclearing.Com	203, Gayatri Mansion, 1-1-648/2 Gandhinagar, Hyderabad, తెలంగాణ	India
S3-588912200	Colonial LLC Interests	379 Middle Bellville Road, Masnfield CDP, Ohio	US
S3-58911290	Peex  LLC	17 Irwin St, Unit 4, Winthrop, Massachusetts	US
S3-589218934	Limited Lotus Private Center	ಕರ್ನಾಟಕ, Bengaluru, Bangalore, No. 33/3	India
S3-589242848	Urban Management Pvt  Ltd	TN, Coimbatore, Thudiyaloor, Door No 54	India
S3-589342278	Behavioral Health Trústed Care Associates LLC	Clearview Dr, Vinton Town, Virginia	US
S3-589476892	Center Valdez & Murphy Inc	4297 Circle Drive, Wichita Falls, Texas	US
S3-589571035	PRIMARY CARE CHOICE SPECIALISTS LLC	1140 Wind Ridge Drive, City Of El Paso, Texas	US
S3-589832210	Private India Nwleaf Energies Limited	#0969 Office Gala No.1, Ground Floor, Shubham Industrial Building No.2 Dhumal Nagar Vasai East, Thane, Vasai, MH	India
S3-589833855	Kent Límited LLC		US
S3-590110449	Ridge Da LP	1725 Arlington Blvd, Unit 102, Greenville, North Carolina	US
S3-590245039	Valley LLC Pediatrics	1020-1024 Banks St, Fort Worth, Texas	US
S3-590418668	Zribtio Yhn LLC	Kentucky, 147 Frankie Dr, Richmond	US
S3-590496459	एपेक्स कंस्ट्रक्शंस प्राइवेट लिमिटेड	H.no 348 B-7/31/1, Block B-7 Safdarjung Enclave, Delhi, South Delhi, DL	India
S3-590499701	SUMMIT MEDICAL CENTER, LLC	12 58nd St, Vienna, West Virginia	US
S3-590705581	Dovakorx a/k/a Christ Church LLC	AZ, 1078 Jackson Lane, Show Low	US
S3-590995040	Tinsley Golden Home Care Llc	##75 Jeremy Hill Road, Connecticut, North Stonington	US
S3-591075568	Royal Sunstone Llc	191 Carlsbad Court, Fl 0, Newark, Texas	US
S3-591126416	Silva and Shipman	Hebron, 6969 Levin Dashiell Road, Maryland	US
S3-591317149	Infra Rao Global	Thrissur, 88- 1/217A, KL, Thalapilly	India
S3-5913767	Deltagild One	Sub Plot No. 6 60/61 Lati Bazar Gita Mandir Road, Ahmedabad, Gujarat	India
S3-591853542	Perkins ówl Inc.	Texas, La Feria, 0033430 Fm 506	US
S3-592037078	inc preferred property alliance	133 Crescent St, <NULL>, Georgetown CDP, Texas	US
S3-592090106	Tirupati & Brothers Limited Center	Survey No. 313-2, Bhavnagar, ગુજરાત	India
S3-592230454	Express Mortgage Union	900 Chester St, Baltimore, Maryland	US
S3-592262902	Jay Business (Private)	बिहार, Patna, C/o Raj Kumari Devi W/o Anup Raj Yadav Mohanpur	India
S3-592354415	नॉर्थ कंस्ट्रक्शंस Private Limited	Office No Bwa-9021, Bombay, महाराष्ट्र	India
S3-592390368	Dusky Management Piravte Limited	Flat No. 604, Garden Vi R P Marg, Hazratganj, Lucknow, UP	India
S3-59250381	errico vertical	5015-B 234th Ln, Buckeye, Arizona	US
S3-592854960	Nashville Historical Council Corporation	226 Dellrose Drive, PMB 461, Nashville, Tennessee	US
S3-592932974	साईं प्रोजेक्ट्स प्राइवेट लिमिटेड	Rz- 18 H/2, Gali No.3 Main Sagarpur, West, South West Delhi, DL	India
S3-593161752	TK Fróntier Ellington LLC	1312 Hardy Drive, N/A, Tempe, Arizona	US
S3-593495493	Gildnovisol t/a Libby's Apex Tattoo	1815 Jerauld Avenue, Niagara Falls, NY	US
S3-593524067	Secunderabad (Tdnisa) Pvt Ltd	6-1-284/4/103, Dinesh Apartments Padmarao Nagar, Secunderabad, Hyderabad, TG	India
S3-593553698	Harbor First Tlracilblazer (LLC)	3208. Glenda Ave, N/A, Haltom City, Texas	US
S3-593700131	Belonovivio	Franfort CITY, New York, 309 Litchfield Street, N/A	US
S3-593720600	marleesievertcarolina.com	##239 Tims Cove Rd, Willimantic, Maine	US
S3-593845391	Transworld Dígital	ગુજરાત, Ranip, Ahmedabad, A - D/1	India
S3-594124389	Veofaye formerly Dorena's Apparel, LLC	IL, 16563 Cozart Avenue, Pembroke Township	US
S3-594198215	Direct White LLC	160-25 26 Ave, Flushing, New York	US
S3-594613696	Bedell of Cadenza Heyworth	206 Main St, Illinois, Heyworth	US
S3-594639667	North Stardust LP	4608 Commodore Drive, Stoow, Ohio	US
S3-594830662	Red-Pilates LLC	320 1st St, Ramsey, Illinois	US
S3-594893391	Fritz, Francisca Crystal Global	2002 Butternut Rd, Temple, Texas	US
S3-594911380	ബോംബെ എൻജിനീയറിംഗ് പ്രൈവറ്റ് ലിമിറ്റഡ്	Bhagavathi Ayyathu Fort Plaza, Mavelikara, Alappuzha, KL	India
S3-594936134	Devereauxblanchardjohnson.Com	108 Roundtable Drive, Peters Township, Pennsylvania	US
S3-594971383	Therine Morales Clear Foods	326 Fifth St, Oswego, New York	US
S3-595103519	Bangal0re Cónferences Clinic	2-294, Bangalore, N/A, KA	India
S3-595165259	PRU (Éxports)		India
S3-59527790	Essar International Private Ltd	175/J Manicktala Main Road, Kolkata, Howrah, Kolkata, WB	India
S3-595434168	AJ (Treasury)	001413 13th Avenue, Bessemer, Alabama	US
S3-595733963	Beloflux Sys formerly known as Jobye Mack Genetics, Inc	11283 Robinson Drive, Unit Apartment 309, Coon Rapids, MN	US
S3-595797173	Ridge Babcock	615 Oxford Street, Indianapolis, Indiana	US
S3-595849156	Huggins  Commerce	4539 Underwood Dr, Redding CITY, California	US
S3-596994696	Dental Clinic LLC	#881 Still Willow Ln, Wendell, North Carolina	US
S3-597044857	Certified Security	738 University Way, # 83, Ellensburg, Washington	US
S3-597054368	#bravo	Door No #59 Block 12, J.n. Road, Uttara Kannada, Haliyal, KA	India
S3-597078852	Shiva Private Logistics Limited	Plot 847 7/A, <NULL>, Bangalore, ಕರ್ನಾಟಕ	India
S3-597241168	Ghaziabad-Machinery Private Ltd	D-606, Nandgram D-606, Nandgram, Gzb, Ghaziabad, UP	India
S3-597286025	lotusenterprises.com	Flat No. C 527, Pawar Enclave, S No. 86 / 3B Pune Solapur Road, Hadapsar, Poona, Pune, MH	India
S3-597384503	Suvidha Limited Private Private (Technosoft)	No 955 206, Ward No 27, South Kumrakhali Paschim Para, Kamal Gazi, Narendra Pur, Kolkata, Kolkata, Howrah, পশ্চিমবঙ্গ	India
S3-597567965	Orbiecto	H No 44 S11 Shivaji Nagar, Govandi, Mumbai, Maharashtra	India
S3-597572013	Pediatric Precision Partners	135 Center Tree Drive, Palacios, Texas	US
S3-597801641	लक्ष्मी बाबा इम्पेक्स प्रा. लि.	Shop No. #8 12Th Road Circle, Jodhpur, Jodhpur I, RJ	India
S3-597872814	Roopavi Technologies Private Ltd	##169, Thiruganasambandar Streetthiruvalliswarar Nagar Thirumangalam, Chennai, TN	India
S3-597887235	Youth Network	05 Ventosa Dr, PMB 7916, Chesapeake City, Virginia	US
S3-59790215	#4448seventh	50th Pl, Washington, District of Columbia	US
S3-598348652	ॐ कंसल्टेंट्स प्राइवेट लिमिटेड	MH, Thane, 9Th Floor, Ashar It Park, 16Z, Wagle Industrial Estate, Office No. A1 & B1, Thane	India
S3-598823337	India Srinivasa Tiles Pvt. Ltd (ID: 39272)	Bldg No. 5 Room No. 15, Bmc Colony, Shivaji Nagar, Kherwadi, Bandra (E), Mumbai, Mumbai City, MH	India
S3-598945825	nixiessolutions.com	Saugus, Massachusetts, 45. Taylor St, NULL	US
S3-599096510	Reliable Esports	##184 Branch Road, Thomaston, Connecticut	US
S3-599134250	Pioneer Iron LLC Center	3617 Horseshoe Way, Fontana, California	US
S3-599211801	T 2 Reliable Supply,	5405 Merribrook Ln, Louisville, Kentucky	US
S3-599368309	Suh Graphics Corporation	#221 Highland Cir, Bluff City, Tennessee	US
S3-599902438	High Private Limited Cénter	A 1107, Ahmedabad, Daskroi, GJ	India
S3-599966432	CS-Ameren Inc	Iowa, Grimes, 1302 2nd St	US
S3-600020142	dorotheeroyphd.com	78 Valley Brook Rd, Agawam, Massachusetts	US
S3-600089858	Dental Valley Center, Incorporated	900 4th Ave, Austin, Minnesota	US
S3-60044945	NE	3/1B Gour Sundar Sett Lan, Dumdum, Sinthee Police St, Kolkata, Kolkata, Howrah, West Bengal	India
S3-601197066	Painters Local Únion 158	27 108th Street, Everett, Washington	US
S3-60124360	Marlee Sievert Center	##239 Tims Cove Rd, Willimantic, Maine	US
S3-601342762	Correia ... Meeks, Lee And	#169 Main St, Unit 4, West Springfield, Massachusetts	US
S3-601398287	Shiva Mngerdma	G-22-1-433/1, Opp Mgbs Exit Gate, Kali Kabar, Chaderghat, Hyderabad, TG	India
S3-601446770	gulfliquidity.com	Yucaipa, Washington Drive, California	US
S3-601629850	Value Tchdlhcmo-Global	6505-6509 Little Dove Dr, Pine Bluff, Arkansas	US
S3-601699640	Hospitality Mountain Peyton'S	005401 Groveside Ln, Rolling Meadows, Illinois	US
S3-601905154	Rodriguez and Morgan	629 Scarlet Leaf Ln, PO Box 6959, Oakboro, North Carolina	US
S3-601941917	Caloumbra DBA Hurley, Cathee, DO	25 Cedar Circle, Stamford, CT	US
S3-602152094	Salasar-Ventures  Pvt Ltd	East Delhi, 274, East Delhi, DL	India
S3-602487572	Monette Youth Federation Associates LLC	56 Craighead 518 Rd, Moneette, Arkansas	US
S3-602673612	Blue Cnsturgton LLP	Hn 204 C-6/298, C Block Yamuna Vihar, North East, दिल्ली	India
S3-602898833	Motley-Smart	109 1/2 Pecan Cir, Texas, Trenton	US
S3-603127864	Drara  Evo	2879 Invergarry Rd, Memphis, Tennessee	US
S3-603379227	Capital Titan Corp	545 York St, Vallejo, California	US
S3-604350729	>> Lise Thomas  Atlanticus	236 Maynard Road, Rockwood, Maine	US
S3-604575230	Panvel (ibdoiba) Private Limited	Lilac-702, Plot -270, Ros, Chs Panvel Raigad Khargha, Panvel, Raigarh(mh), महाराष्ट्र	India
S3-604586389	Patel Montessori	9409 Lagovista Court, Fairfax County, Virginia	US
S3-604998008	Federal Floating Corporation	184 Terry Avenue, Springdale, Arkansas	US
S3-605275924	Wendy Barker LLC Services	14120-14122 Cedar Lane, Humble, Texas	US
S3-60530210	Ridge Díana LP	1725 Arlington Blvd, # 102, Greenville, North Carolina	US
S3-605416013	ब्राइट एक्सपोर्ट्स प्रा. लि.	Pachpahar Road, Bhawanimandi, Jhalawar, राजस्थान	India
S3-605500107	Cypress Grardman Inc	616 Porter Hill, Unit 168, Youngsville, North Carolina	US
S3-605632940	Vaughn, Martino and  Aiello Consultants LLC	320 Foley Street, Sullivan, Indiana	US
S3-605690072	Yumariza DBA: Kanpur Dehat Engineering Pvt Ltd	C/O Pankaj Katiyar, Dubki, Kanpur Dehat, Uttar Pradesh	India
S3-605775065	Eye Care	3492 Bynum Leatherwood Rd, Anniston, Alabama	US
S3-605924478	>> Mumbai Exports Private	C 401, Mumbai City, Mumbai, महाराष्ट्र	India
S3-606102251	Rojas Lane		US
S3-60628239	Life1ine  +	615 D Wing 6Th Floor Neelkanth Business Park Vidya Vihar West, Mumbai City, MH	India
S3-606384253	Castillo Sctándamrd LLC	1564 Gulf Street, Uniontown, Ohio	US
S3-606525751	Dr Shree & Co	C/o Ganesh Prasad Singh, Patna, Sampatchak, बिहार	India
S3-606680300	Allie Cofbmis Mortgage (LLC)	Oregon, Newberg, Wilsonville Road	US
S3-606761254	Capps and Pangan Mortgage [Partners]	Harrison Road, Murfreesboro, Tennessee	US
S3-606973969	wealththree.com	501, Ahmadabad City, Vastrapur, GJ	India
S3-606994481	Cleopatra Horta Premium	##635 Kings Creek Loop, # R252, Brevard, North Carolina	US
S3-607453290	Maudie Wright  Grand South LLC	411 Bryent Ave, Waterloo, Iowa	US
S3-607528535	इंटरनेशनल लॉजिस्टिक्स प्राइवेट लिमिटेड	Shopin Hno-je-6gf Khno 56, New Delhi, South Delhi, DL	India
S3-607578506	starinvestments.com	Ae-16 Avantika, Ghaziabad, UP	India
S3-607852237	Blue Silver	Jefferson St, Mangum, Oklahoma	US
S3-60794510	Volk First Labs LLC	Oklahoma, 2610 29th Place, Tulsa	US
S3-607995564	Dupont, Village Of LLC	2098 Bradley Street, Dupont, Washington	US
S3-608509462	Dental Partners	342 Yankee Lane, Mead, Washington	US
S3-608771162	Raj Limited Center	#611. - A, Tulsiani Chambers, Nariman Point, Bombay, Mumbai City, MH	India
S3-608841692	Sai Private Limited Center	West, DL, Gali No.3 Main Sagarpur, Rz- 18 H/2, New Delhi	India
S3-608861940	Riuz, Vivyan Aluminum P.C.	2815 Finwood Dr, Rosenberg, Texas	US
S3-60886413	csameren.c0m	1302 Second St, Grimes, Iowa	US
S3-608992581	Cobalt Lodging	107 Community Way, <NULL>, Staunton City, Virginia	US
S3-60915635	Farr, Fey Clinic Services	2510 Virginia Avenue, Unit 909, Washington, District of Columbia	US
S3-609578756	*** American  Catalyst	Mulino, Oregon, 15001 Howards Mill Road	US
S3-609656929	JYOTIBA ADHESIVES PRIVATE LIMITED	2, Dhanalakshmi Nagar, Moulivakkam, Kundrathur, Sriperumbudur, Kanchipuram, TN	India
S3-609713746	Jabalpur Multitrade Pvt. [Ltd]	H.no 772 C/o R K Sahu 939, Prem Sadan Hem Electronik, Jabalpur, Adarsh Nagar, MP	India
S3-609901996	Alley	202 Meteor Avenue, Unit 103, Cambridge, MD	US
S3-610056135	Cozy Auto  Body Incorporated	2446 Main St, Barnstable, Massachusetts	US
S3-610298893	Sudama Private Limited Center	Plot No ##8, Survey No 253/, Post Sankeshwar, Belagum, Belgaum, Hukeri, KA	India
S3-610385758	Clark Stores LLC Services	821 Chadwick Cir, Frederick, Maryland	US
S3-610437410	Innovative Riettn LP	Litchfield, 62 Brush Hill Rd, Connecticut	US
S3-610446810	ಸೂರ್ಯ ಇಂಜಿನಿಯರಿಂಗ್ ಪ್ರೈವೇಟ್ ಲಿಮಿಟೆಡ್	No. 7, Bangalore, KA	India
S3-610650867	Fayesyn	Hn 254 11-4-19/3, Kovvuru, Srinivasapuram Colony, ఆంధ్రప్రదేశ్	India
S3-610687054	I 5 Préferred Communities	19179 11nd Avenue, Poulsbo, Washington	US
S3-61092511	Nylaquonovi aka Township Of	19602 Bonney Lake Boulevard, Unit #P101, Bonney Lake, WA	US
S3-610927353	Bowes Kpet LLC	1702 Aster Ct, Sevierville, Tennessee	US
S3-611193392	സ്വസ്തിക് ഗുഡ് പ്രൊഡ്യൂസർ പ്രൈവറ്റ് ലിമിറ്റഡ്	No 222 Kmc Xvii/130 Balavilas Bldgsreenivasa Iyer Road, Kottayam, Kollam, കേരളം	India
S3-611287589	caldola schwab inc		US
S3-611301831	ઇન્ટરનેશનલ ફૂડ પ્રાઇવેટ લિમિટેડ	Door No 6/1919, 3Rd Floor, Office No. 302, Prayosha Apartment, Jadakhadi, Mahidharp, Ura, Surat, GJ	India
S3-611345729	एसएस टेक्नोलॉजी Private Limited	Shop No. 1164, Central Delhi, DL	India
S3-611398337	Haveli Flour Piame Limited	Unit No. 701 Aquila Apartments Plot No 101, Haveli, MH	India
S3-61147410	godinez constellation, llc		US
S3-611656757	Gajanan-Fnmsms Corporation	T H G Marketing Private Limited Opposite Municipal Park Road, PB, Gidderbaha, Muktsar	India
S3-61168343	Deva Seva Samiti Corp	Madhupura Industrial Estateplot No C-5 6 7 Madhapur, Rajkot, GJ	India
S3-611741141	Spears & Cnrehws	420 Sevier Street, Hixson, Tennessee	US
S3-611744857	bhmedicine.com (ID: 36614)	951 Third Street, Mishawaka, Indiana	US
S3-61176446	Empire Complete Ácp LLC	001201 Harrill Street, # 1, Charlotte, North Carolina	US
S3-612098144	DS Solution Private Ltd	MH, Pune, Arun Park	India
S3-61217742	Bivue Quality	7556 1050, Milrooy CITY, Indiana	US
S3-612363361	Private HGX Market [Ltd]	Bareilly, UP, C/o Surendra Kumar Mo Kaharan Near Babu Ram	India
S3-612661684	Zasoft Rlmac LLC	1431 Iris St, Oxnard, California	US
S3-612683285	Department  of Agalgn	2708 Forest Edge Way, Knoxille CDP, Tennessee	US
S3-612982424	Gonzalez's Fitnes	1017 Monkhouse Drive, Port Bolivar, Texas	US
S3-613068215	Wells Hornyak, Borgen Borgen &	495 Bell Street, Evannt, Texas	US
S3-613211288	Mccarty-Family Office Inc	North Highlands, 4040-4044 Don Julio Blvd, California	US
S3-613342865	Paramount Hóspitalities Ltd	702, 7Th Floor, Silicone Tower, Near Samartheshwar Mahadev Temple, Law Garden, Ellisbridge, Ahmedabad, Gujarat, India, Ahmadabad City, Ahmedabad, GJ	India
S3-613357270	Better Coistellatton Inc	#21 Settlement Way, Texas, Luling	US
S3-613672953	Foot and-Ankle Partners Center	6070-6074 Moores Mill Rd, Huntsville, Alabama	US
S3-613849148	Advit & Brothers	F No 00403 M/s Aryadurga Bankar Enterprises Mulund East, Mumbai City, Mumbai, MH	India
S3-614001622	ਸ਼ਿਵਮ ਕੰਸਲਟੈਂਟਸ ਪ੍ਰਾਈਵੇਟ ਲਿਮਟਿਡ	Sco 124, null, Amritsar, PB	India
S3-614360710	Kirbie's	17200 Bell Road, Unit 1701, Surprise, AZ	US
S3-614817421	Certified Financial Ventures L.L.C.	13 Davis Mtn Education Center #2 Rd, null, Fort Davis, Texas	US
S3-614873326	Sirius  Purpose	3436 Sierra Springs Drive, Tucson CITY, Arizona	US
S3-614944568	Internal Medicine	10646 Potomac Dr, Demotte, Indiana	US
S3-615188365	Silver Pizza!	California, Costa Mesa, 545-C Wilson St	US
S3-615209997	Total Star Lake	1016- Cutters Creek Drive, South Euclid, Ohio	US
S3-615288442	Cascade Trust	5038 Winston Court, Rogers, Arkansas	US
S3-615355244	शिवा इंजीनियरिंग प्राइवेट लिमिटेड	Block E-501- Plot No-cp-53 & Cp-44, Lucknow, UP	India
S3-61540439	Brown Harbor  Whlls LLC		US
S3-615640829	P.L.L.C. Rebman, Brant + Schmidt	735 20th Ave, Unit 4, Coralville, Iowa	US
S3-615826091	Big (Bike)	36 Wall Street, # 2, Sevierville, Tennessee	US
S3-61594739	Quokeloio d/b/a Cecelia T. Skeen, DDS	1626 Shady Circle, Lebanon, TN	US
S3-615975009	Synflonet Group Services	5600 -132 Ocean Front Avenue, Virginia Beach City, Virginia	US
S3-616343503	Chirayu Healthcare Private (Limited)	B-6/5 Local Shopping Centre Safdarjung Enclave, Delhi, South Delhi, दिल्ली	India
S3-616431002	Rainey  and Dickerman Australia Inc	5632 Swan Drive, Richmond, Virginia	US
S3-616796602	... cinitiative.com	58 Jeffrey Alan Drive, Manchester, Connecticut	US
S3-616988754	Fine Medica1 Centre Limited	##401, Bombay, Mumbai City, MH	India
S3-617121459	Lee, Bgsmb M., P.A. [Care]	14546 Seventh St, Victorville, California	US
S3-617126829	belllowe.com	128 Fairmount Street, Connersville, Indiana	US
S3-617363362	Satin  Consultancy Limited		India
S3-617528981	परफेक्ट कंसल्टिंग प्राइवेट लिमिटेड	Mumbai City, A/7, Trade World, Kamala City, Senapati Bapat Marg Lower Parel (W), महाराष्ट्र, Mumbai	India
S3-617673854	Indo Innovative Technologies Private Ltd	#257 Patahi Jagarnath Ward 3, L P Shahi College Road, Patoda, Muzaffarpur, BR	India
S3-617884806	Smt New Software Software	H.no 0028 Meghdoot Building No B-2, Flat 35 113A Sv Road, Borivali West, Sai Baba Nagar, MH	India
S3-617907207	Empire-Committee	1403. Roosevelt Road, Little Rock, Arkansas	US
S3-617911770	Inc West Harbor Southwest	14136 Faulkner Ct, Plainfield, Illinois	US
S3-618003271	Shree Developers [Limited]	62/C, Bangalore, ಕರ್ನಾಟಕ	India
S3-618219116	Hein Modern Xrp Ltd	6870 Foley-Beach Express, Unit Unit 106, Baldwin County, Alabama	US
S3-618299271	Signature  Corporate LLP	1630 Marquis Lane, Hobbs, New Mexico	US
S3-618373076	The Duffy Express Omega	30 Lorroine Ave, # Apartment 6A, Mount Vernon, New York	US
S3-618499123	Calofaye d/b/a Simpson Techno Limited	M 655 Sec M Ashiyana Colony, Kanpur Road, Lucknow, Uttar Pradesh	India
S3-618524114	sangameshwar brothers care	Prestige Trade Towernoe##46, 23Rd Floor Palace Road, Bengaluru, Bangalore, KA	India
S3-618580700	I/W Ithax		US
S3-618642985	Byrd Pinnacle Rock	4420 Canyon Coral Way, Rancho Cordova, California	US
S3-618849100	Education Gutid	428 22th Ave, Moine, Illinois	US
S3-619230254	(india) Soouthern Management Private Limited	K-43, Opp Plaza Cinema, Connaught Place, New Delhi, DL	India
S3-61950744	Dryden Innovative	198 Park Way Drive, Unit 47, Tonto Basin, Arizona	US
S3-619531009	Cox,-Alaniz & Brysoen LLC	928 B Calle Del Llano, Tos, New Mexico	US
S3-619965492	Fitz Land  Inc	1505 Hillsborough St, # 286, Raleigh, North Carolina	US
S3-620029768	Heritage Cloud Concepts LLC	PMB 5455, League City, 2304 Tobarra Lane, Texas	US
S3-620034237	Emerald Auto (Repair)	1199 1/2 Howard Bullins Rd, Madison, North Carolina	US
S3-620297324	Smt Multimax & Brothers Private	B- 201, Haveli, MH	India
S3-620377273	United Féderation	6171 Pichon, <NULL>, Tucson, Arizona	US
S3-620448635	Long Center	880 Stanwood Ave, Akrn, Ohio	US
S3-620453736	Virginie's Advisors	1200 Maxwell Street, Crown Point, Indiana	US
S3-620558974	Company Vivan Vetcrs	7-Cross Complex Shop No 107, Nr Khamdhrol Fatak, Junagadh, GJ	India
S3-620804920	Inc Premier Keystone Pacific	41 Bulfinch St, Lynn, Massachusetts	US
S3-621332247	Munoz and Kagouhman  Inc	Hancock St, Richmond City, Virginia	US
S3-621370934	Pacific Empire Pantages, [LLC]	Smokey Quartz Lane, Arlington, Texas	US
S3-622206124	Ortega (Ventures)	201 1/2 Montana Wells Road, Rio Rancho, New Mexico	US
S3-622229953	Private Advit & Brothers Ltd	F No 00403 M/s Aryadurga Bankar Enterprises Mulund East, Mumbai City, Mumbai, MH	India
S3-622551073	Rose Infocom Private Ltd	Dhabai Ji Ka Nohara, RJ, Jaipur	India
S3-622592002	Graiote Graiote LLC	##5151 16nd St, # 1050, Phoenix, Arizona	US
S3-622599146	Vsn Advisors Private (Limited)	Door No 1, Mumbai, MH	India
S3-622742174	CARDIOLOGY CLEAN CENTER	#2636 Aruba Bend Dr, Katy, Texas	US
S3-622834834	Rvd Group Language		India
S3-623134313	Eanes Center Health	032 D And Rd N, Stuttgart, Arkansas	US
S3-623393251	एपेक्स फाउंडेशन लिमिटेड	831 C-5, Chemical Zone, M.i.d.c.kalyan Badlapur Road, Mumbai, Amernath (West), महाराष्ट्र	India
S3-623673269	Premier Learning Laboratories Group	9 Tallwood Trl, Palmyra, Virginia	US
S3-623680231	Empire-Unified Interprivate,	2730 Sandpiper Trail, W. Chicago, Illinois	US
S3-623895208	Vision Metro Care  Associates Inc	110 Grand Ave, Minnesota, Saint Paul	US
S3-624125246	814-815 South South Owners	Forest City, North Carolina, 218 Lovelace Road	US
S3-624130351	behavioral health partners	1457 Constance Avenue, NULL, Kettering, Ohio	US
S3-624465228	તિરુપતિ માર્કેટિંગ પ્રા. લિ.	Block A-134 Plot-e-14, 14/1, 15, 15/1, 16, Electronic Est Gidc Sec26, Gandhi Nagar, Gandhinagar, GJ	India
S3-624697545	रॉयल इंजीनियरिंग एलएलपी	H.no 451 Level - 2, New Delhi, DL	India
S3-62487358	XO  Jones LLC		US
S3-624922357	Elite Ventures Electronics Corp	02408 Birch Ave, Lubbock, Texas	US
S3-625003577	esteemtrust.com	No 2 Kaibartapara Baburani Para Part Bhatapada Jagaddal, Parganas North, WB	India
S3-625054334	Mountain Endocrinology-Inc	16745-D Newell Rd, Tammms, Illinois	US
S3-625469386	Tech Foods Private Ltd	H.no 786 15, F.p.396, Fariawala, Estate, Opp. Hotel Avtar, Ahmadabad City, Ahmedabad, GJ	India
S3-625478659	Chiropractic Rapid Center lnc	515 Seventh Street, Independence, Iowa	US
S3-625688924	Letourneau  Neurosciences	9993- Alleghany Rd, # Site 1067, Corfu, New York	US
S3-625988849	Jaxxylo	1645 Moran Court, Colorado Springs, Colorado	US
S3-626475208	Projects One Ltd Services	H.no 647 Tata Mills Hsg. Society, Building No. 3, Flat No. 32, 7Th Floor, P, Arel, Mumbai City, Bombay, महाराष्ट्र	India
S3-626618436	American Metro		US
S3-626634961	DAFFIE BOTELHO, D.O., P.C.	North Carolina, 480-482 Barber Loop, Mooresville	US
S3-62678777	Big Logistics Logistics	Hotel Emperor 1-0/345-B, Ambayathode, Thamarssery, Kozhikode, NULL, കേരളം	India
S3-626806149	dentalpartnerscom (ID: 45177)	Yankee Ln, Mead, Washington	US
S3-626875294	nealconsultants.com	Maine, 11 Swett Road, Windham	US
S3-627701426	Chennai Engineering Psrviate Limited	C/o. Iit Madras Research Park, Chennai, TN	India
S3-627844153	@geum	3713 Riley Road, Terre Haute, Indiana	US
S3-627896862	Barker Veterinary Clinic LLC - 5933539054	27660 Gibralter Loop, Eguene, Oregon	US
S3-628056015	JXW  Spade,	11th Avenue, Pine Bluff, Arkansas	US
S3-628495258	Private Bharat Fonhdation Limited	E-1-1, Ram Path, Shyam Nagar Extension, New Sanganer Road, Jaipur, NULL, RJ	India
S3-628599815	Satterfield, Crawford and Cdad Newbury Inc	1204 Bennett Dr, PO Box 874, Pasadena, Texas	US
S3-628888339	ISQ [Five]	24 Wayne Drive, Eutaw, Alabama	US
S3-628934622	Penelopa'S Delta Brewing	04012 2475, PMB 1100, Ogden, Utah	US
S3-629025573	बिग टेक्नोलॉजी एलएलपी	474 Iind Floor Hardevpurigautam Nagar, New Delhi, South Delhi, DL	India
S3-62940186	Shri span media limited	Door No 277 D- 298, Basement Defence Colony, New Delhi, DL	India
S3-629435241	Corona Academy	814 Hartman Circle, # 4, St Peters, Missouri	US
S3-629673279	Onyxhalo DBA Valentini Fresh Healthy Inc	933 7 Highway, Pittsburg, KS	US
S3-629764864	Balaji Producer	Building No. 8/5- A5, Pb Business Point Nr, Hyundai Service Station, Nilambur, Malappuram, Malapuram, Keralam	India
S3-630004786	Favovue Center	704 Copperline Drive, # 102, Chapelhill, North Carolina	US
S3-630125731	@Newstarsahani	65/F/1, Howrah, Kolkata, WB	India
S3-630291161	Cisneros Vanguard Ishares	Arkansas, Little Rock, #7700 Baseline Rd	US
S3-630368857	Satin	Plot No.13-B, Vithalbaug, Bambhniyani Vadi Vidyanag, Bhavnagar, Gujarat	India
S3-631051227	Roller Legal Limited Private	38-D, Delhi Niwas Cghs Ltd. Ayodhya Enclave, Sector-13, Rohini, Delhi, North West, DL	India
S3-631163048	Bies Horizon Tinto Incorporated	7500 Hunters Mill Rd, # APT J, Blacksburg CITY, Virginia	US
S3-631187513	H8 Solutions Limited	Ghaziabad, UP, E-181, Nehru Nagar-3 Block	India
S3-63137344	Raj Trust Limited	No 44 S11 Shivaji Nagar, Mumbai, MH	India
S3-631477158	Faulkner Patriot Eagle Co	1003- Eason Avenue, Buckeye, Arizona	US
S3-631557371	Discover Broadband  Private Ltd	B/h. Market Yard Office, Gandhinagar, #17/160. Sardar Ganj, Patan, ગુજરાત	India
S3-631645277	infracybernetestates.com	1247/8, Faridabad, HR	India
S3-631859282	Lucky Deli	034 Jersey Street, City Of El Paso, Texas	US
S3-631989629	Cirayuma	2815 Finwood Dr, Rosenberg, Texas	US
S3-632092105	Thane Option	Office No 208, Kamdhenu 23 West, Pi -A-10/2, A-11, Mithane, Thane, Navi Mumbai, Thane, Koperkhairne, MH	India
S3-632096639	M/s Green Builders Private	I-105., Ghaziabad, UP	India
S3-632105150	Jones Select Music, Llc	1209 17nd Street, Mattoon, Illinois	US
S3-632381750	Long Úrban	880 Stanwood Ave, Akrn, Ohio	US
S3-632478565	KINSTON COMMUNITIES COMMUNITIES	3449b Danfield Dr, Kinston, North Carolina	US
S3-632642881	Beloumbrakor	#0515 59, Type 2 Sec 1, Naya Nangal, Anandpur Sahib, Rupnagar, ਪੰਜਾਬ	India
S3-632916220	Edwards  Learning Center	1758 12210, Riverton, Utah	US
S3-633014900	Chickie's  Delta Data	4001c Harlem Rd, NULL, New Alany, Ohio	US
S3-633158653	JAI Academy LLP	Unit 7B, 7Th Floor, 41 Shibtolla Street, Posta, Kolkata, Howrah, WB	India
S3-633238425	Aviarc formerly Beacon Logistics Consultants Center	Painesville City, OH, 198 Ridgelawn Avenue	US
S3-633472822	Ectotavo	Barnstable, Massachusetts, 2447 Main St	US
S3-633581117	Lyndel Miller First Runway	2 Rockwood Pl, North Castle, New York	US
S3-633750297	Umbrapyra+ trading as Moseley Continental Rocket	400 Tryon Street, Unit 2500, Charlotte, NC	US
S3-633925408	Horizon Printing International	Wetumpka, Alabama, Redland Rd	US
S3-634437981	Quotavoorbi	0451 Ardmore Avenue, # J, Villa Park, Illinois	US
S3-634832082	Blue	751 Fletcher Avenue, Indianapolis, IN	US
S3-634937221	Ciramira aka Atlantic Institute	14 Haverhill Place, Trumbull, CT	US
S3-635065272	I/W	555 First Street, Unit STE 102, Benicia, CA	US
S3-635342549	Mount Fellowship	110- Dellwood Ln, Gray, Tennessee	US
S3-635356810	Indraprastha  Global	#477 714-A, Madras, Chennai, தமிழ்நாடு	India
S3-635368177	Ledyne Freight  LLC	16309 Tortola Dr, Accokeek, Maryland	US
S3-635806702	Little Barbershop	12149 Lewis Cir, Forney, Texas	US
S3-636020631	International Stffig Innovations Billings	Billings CITY, <NULL>, Montana, Westchester Sq	US
S3-636062016	ബോംബെ Engineering Private Limited	Bhagavathi Ayyathu Fort Plaza, Building No.541-a, Palamel, Mavelikara, Alappuzha, കേരളം	India
S3-636370299	Mr Vision Hospitality LLP	Cts No.1285 A/d, Marg (E), MH	India
S3-636763899	Pounders Advanced	1208 July Court, Fayetteville, NC	US
S3-636927809	Tirumalla Nakshatra Private	No. 968 Fl-no-a-6, Aurangabad, MH	India
S3-636952350	फॉर्च्यून ट्रेडिंग	HR, Floor, Shree Shyam Motor, Near Ioc Petrol Pump Narnaul Road, Mahendergarh	India
S3-637229469	Zetacirayuma DBA Autism Assistance Committee	9944 Easton Sky Lane, Cypress, TX	US
S3-637521983	Limited Kolkata Private Center	Kolkata, P-16, Howrah, পশ্চিমবঙ্গ	India
S3-637551365	Span Limited (Service)	New Delhi, Basement Defence Colony, दिल्ली, Door No 277 D- 298	India
S3-637560385	North Trust Services	BR, Patna Sadar, Astha Green City, #473 Flat No -202, Patna	India
S3-637743366	Shree & Co	C/o Ganesh Prasad Singh, Alka Colony, Sandalpur, Divreportingcircle, Patna, BR	India
S3-637792648	फॉर्च्यून कंस्ट्रक्शन प्राइवेट लिमिटेड	H. No. 628 Sn 93, Lasalgaon, Niphad, Nashik, महाराष्ट्र	India
S3-637923998	HFO Golden Design-P.C.	3330a Lockburn Street, Indianapolis, Indiana	US
S3-638106002	SC	Flat No-2, Nisat Heritage, Jamun Gali, Sabzibag, Patna, Bihar	India
S3-638199910	Pediatric Dental Health L.L.C.	#101 York Street, Elmhurst, Illinois	US
S3-638360623	Vistaar Institute Of Of Techonlaogy	01, Floor 5, Plot 345, Milan Laxmi Co Op Hsc Soc Ltd, Chandavarkar Cross Road, Matunga Cr, Mumbai, महाराष्ट्र	India
S3-638667454	திருப்பதி இன்ஃப்ராஸ்ட்ரக்சர் பிரைவேட் லிமிடெட்	Hn 439 233/6/52F, Dharmapuri, TN	India
S3-638697571	Swami Welfare-Society	#00446 55/ 4, Khargone, Indore, मध्य प्रदेश	India
S3-638732165	Silverlakeshore.Com - 3878287168	138th Street Court, Puyallup, Washington	US
S3-638742530	Smart Greenland Service	2599 Lake Ridge Dr, Pulaski County, Virginia	US
S3-639010776	Rhetta's-Health	4210 Pimlico Road, Baltimore, Maryland	US
S3-639365964	jyotibaadhesivescom	H.no 2, Dhanalakshmi Nagar, Moulivakkam, Kundrathur, Sriperumbudur, Kanchipuram, TN	India
S3-640031762	Theadora's Sciences Express	631 Hampton Ridge Road, N/A, Raleigh, North Carolina	US
S3-640278991	Highland Charities	77 Montauk Hwy, Brookhaven, New York	US
S3-64061591	Elladine's	1350 Van Buren Street, Unit 1012, Phoenix, AZ	US
S3-640678011	LLC Christ Chúrch	Pinedale, Arizona, 1078 Jackson Lane	US
S3-640952762	Gentry Supreme Biopharmaceuticals Co	618 Danny Ln, Franklin, Tennessee	US
S3-641184993	Bright Ódyssey LLC	906 Washington Avenue, Wagoner, Oklahoma	US
S3-641376499	Blue Council	751 Fletcher Avenue, Indianapolis, Indiana	US
S3-641413908	big technology llp - 7123407996	474 Iind Floor Hardevpurigautam Nagar, New Delhi, South Delhi, DL	India
S3-641648111	Square Trading	WB, Hemanta Basu Sarani, Manglam, A- Block, R. No. 201, 24, Kolkata, Howrah	India
S3-641654539	Plumbers Local Ínc. Services	815 6rd Street, Missoula, Montana	US
S3-642152002	Yumamirairi	13/15, Cooper Road, Allahabad, UP	India
S3-642444713	Lakshmi Technologies  Private Limited	Hn 777 B-6, Lucknow Hq Region, उत्तर प्रदेश	India
S3-642599190	Amhvil LLC	001701 Colter St, Unit 302, Phoenix, Arizona	US
S3-642790147	Veraumbra trading as Grove Global	2104 Lakeview Parkway, Orange County, VA	US
S3-642883714	#rojaslane	413 Bidwell Avenue, Waukesha, Wisconsin	US
S3-64300662	Lumhalo	T H G Marketing Private Limited Opposite Municipal Park Road, Gidderbaha, Punjab, Muktsar	India
S3-643387125	T. Navarro Colonial	282 River Clay Road, Fort Mill, SC	US
S3-643448803	Cirairi	818B Sth 42, Town Of Liberty Grove, Wisconsin	US
S3-643577727	Eastern Ltd Pvt It	No. 463 Opp. Dhandari Kalan Railway Station, Ludhiana, G.t. Road Dhandari Kalan, Adjoining R.v International, PB	India
S3-643607727	Morales, Therine Clear Foods (Inc)	326 5st St, Oswego, New York	US
S3-643716368	Evovantage+ F/K/A 7-Brothers	3829 Ainsworth Avenue, Tacoma, WA	US
S3-64405343	Uptown Deli (Inc.)	Mechanicsville, Virginia, 7231 Loralea Dr	US
S3-644100647	Kolkata Services	Calcutta, পশ্চিমবঙ্গ, 70 71 Nainan Para Lane, Kolkata	India
S3-644184619	4174 Second  Lane	Tucker Gulch Road, Helena, Montana	US
S3-644432843	E 2 P Wen	Alabama, Huntsville, 15001 Ashwood Circle	US
S3-644502726	*** Farica Parra Secure Fidelity Corporation	1031 Yosemite Ave, # 1, Merced, California	US
S3-644563866	Arihant Management Royal Private Limited Limited	C-204 Shikshapatri Hieght, B/s Astha Row House, Surat, Chorayasi, ગુજરાત	India
S3-644589287	Smt Royal Logistics Pvt	3Rd Floor, 184/3, Gopal Lal Tagore Road, Kolkata, Kolkata, Howrah, WB	India
S3-644696108	Corner Díner	00219 Evanston Ave, Tulsa, Oklahoma	US
S3-645038980	Co1onial Pinnacle Premier - 5884282161	344866 890 Rd, Chandler, Oklahoma	US
S3-645089329	NCC Contact OF Nanded	Nagareshwer Mandir Road Maulha Hatai, Regional Office Aurangabad, Nanded, MH	India
S3-645148460	Bhavsakti Pvt Ltd-Services	8-4-369/5-106, S. R Towers New Sastry Nagar, Erragadda, Hyderabad, TG	India
S3-645919703	PLLC UNITED PROGRAM	11455 2, <NULL>, Double Springs, Alabama	US
S3-646191992	New Delhi Limited Software	No 482 L-43-a Malviya Nagar, New Delhi, DL	India
S3-646197669	Craig's Spa	3416 Kafka Road, Rio Rancho, New Mexico	US
S3-646291094	Johnson, Dorree P.A.  Services	#105004 Hidden Valley Drive, Oklahoma, Mcloud	US
S3-646322066	C0ntinental Fund PLLC	5861 Straem Dr, Fort Worth, Texas	US
S3-646468606	Great Pogram LLC	790 Cougar Drive, SINT PAUL CDP, Minnesota	US
S3-646557666	Soto, Dasi, P.C. Services	02900 Danzig Pl, Louisville, Kentucky	US
S3-646632811	Delhi Technologies	DL, West Delhi, Delhi, R-546	India
S3-646837932	*** Staci Jacobo Allied Construction	Wisconsin, 800 2 St, City Of Alma	US
S3-646994827	... Solutions Chatrapati Cottage  Pvt Ltd.	A-53, G D Colony Mayur Vihar, Phase 3, Mayur Vihar, East Delhi, दिल्ली	India
S3-647074839	Direct Payroll  Union	618 17, Livingston Manor, New York	US
S3-647190469	Youth  Alliance	582 Fountain View Trace, Owensboro, Kentucky	US
S3-647338374	East प्रॉपर्टीज प्राइवेट लिमिटेड	Mastermind1, I.t Park, Royal Palms, Aarey Colony, Goregaon East, Mumbai, 428, Mumbai City, महाराष्ट्र	India
S3-647464536	Samudra Investments Private Limited	Kanaiyalal No Madh, Vadnagar, Mahesana, GJ	India
S3-647641997	Diatraders.Com	Shed No. 3, Krupa Industrial Estate, Gat No. 349, Ap. Bhare, Near Pirangut, Tal-mulshi, Dist. Pune, Mulshi, Pune, MH	India
S3-64785079	Royal Consulting	100 Amber Woods Drive, Fort Mill, South Carolina	US
S3-64804084	Alphabet Clhdshtom Peters	Shalimar Drive, Wilmer, Alabama	US
S3-648282718	Mits Private Limited Services	Sf - 02, New Delhi, DL	India
S3-648472711	IO Credit Pridvte Limited	Society Plot No 23, N-6-8 Vishwakarma Co- Hou, MH, Chhatrapati Sambhaji Nagar	India
S3-648811726	Silver Consultants பிரைவேட் லிமிடெட்	No. #42, Coimbatore, தமிழ்நாடு	India
S3-648863690	Value Collective Nutrition	1994 403, Bonnots Mill, Missouri	US
S3-649074748	privateperfectbros.com	C/o Daudayal Ramchandra Rathi Buddha Marg, Indore Region, Khachraud, मध्य प्रदेश	India
S3-649113779	Harbor Heartland  Rogers L.L.C.	3215d Everlasting Ln, Middle River, Maryland	US
S3-649177624	Sawant Designers-Limited Service	Flat No. A-102, La Regencia, Panipat, HR	India
S3-649265007	Pune Excursion Private Limited	MH, Pune, H.no 611 Fl No 704 Sr. No. 32/7/1 To 6 Kondhwa	India
S3-649315307	House Hanu Group	Flat No 4-C Yamunai Jeevan Bhima Enclave Rajasekaran Street Mylapore, Chennai, Pallavaram, தமிழ்நாடு	India
S3-649391004	The Maribel Matthews Cion Inc	137 Baltic St, Norwich, Connecticut	US
S3-649403553	Eastern Tech Private Limited Center		India
S3-64943800	TAJPURIA FOUNDATION	103, Bakul Aparment Plot No. 3, Nagpur, Shivaji Nagar, MH	India
S3-649440288	Green Lslands Associates	312 Main Ave, Niitro, West Virginia	US
S3-649663444	Wierenga, Trúdie H, DDS, DDS-PC	640 Elizabeth Ave, N/A, Kansas Ciyt, Kansas	US
S3-649751925	Highway Traders Private Ltd	Lavelle Road Bangalore, Bangalore, C-4floor, ಕರ್ನಾಟಕ	India
S3-649852880	Ah Impex Private Limited	No. 1000 Office No. 304, Ahmadabad City, Ahmedabad, GJ	India
S3-649908877	Vista Solutions Limited Private	B-88, Ghaziabad, UP	India
S3-6502413	Smart Robotics Labs Llc	Missouri, 1 Marie Court, Ballwin	US
S3-650253746	JQ Markets, LLC Services	420 W 6th Saint, Davenport, Iowa	US
S3-650289407	Macro Shaik Pvt Ltd	C-371, At Pimpri Kalaga, Tq. Ner, Yavatmal, Yavatmal, MH	India
S3-65041025	loveland, county óf	797 Decade Lane, null, Loveland, Ohio	US
S3-65071031	Chokshi Brokers Private [Limited]	N.s.b.road, Raniganj, P.o.raniganj, P.s.raniganj, পশ্চিমবঙ্গ, 61/29/N3, Bardhaman, Malda	India
S3-650760152	Youth Álliance	582 Fountain View Trace, Owensboro, Kentucky	US
S3-651226938	Transworld	Ahmedabad, Ranip, Gujarat, Sweta Duplex, Radha Swami Road, A - 1	India
S3-651928284	GABRILA FISHER, L.C.S.W.	94 Wildcat Road, Burlington, Connecticut	US
S3-652077428	Prairie Bay Ofs,	22 Ballardvale Street, Unit 1, Wilmington, Massachusetts	US
S3-652512826	Shiva	Centre For Incubation & Entreprenuership, 3Rd Floor Vindhya-C4, Iiit-Hyderabad, Gachibowli, Hyderabad, Telangana	India
S3-652613333	-- Rajasthan International School Company	Office No. 08-211, 2Nd Floor, Gateway Plaza Co Co-op. Premises Society Ltd, Central Avenue Road, Indusind Bank, Hiranandani Gardens, Greater Bombay, Mumbai, MH	India
S3-652848543	Cypress Goldman	Porter Hill, Unit 168, Youngsville, North Carolina	US
S3-653729434	Legacy  Corp Partners Electronics	019 Hugh Street, Frontenac, Kansas	US
S3-653835902	Sada  Klose Origin	9650 Prairie Ave, Chicago, Illinois	US
S3-654256733	Cascade  Initiative	##600 Round Rock Dr W, # 17, Round Rock, Texas	US
S3-654358010	Cherin Alfaro Pinnacle Center	2313-2315 Camp David Dr, Mesquite, Texas	US
S3-654550161	wílkinsonstrongsmith.com	1008-1010 Nicole Ct, Imperiial, Missouri	US
S3-654550984	Charu Brew Private	Block G-526/1 P.no.917a, Sf.no.247/2, 6Th West Cross Road, Gandhi Nagar, Katpadi Urban Extn, Vellore, TN	India
S3-654555013	Pacific Empire Ptnameg,s LLC | www.pacificem.com	4701 Smokey Quartz Ln, Arlington, Texas	US
S3-654711138	@shreeindia	345, Alok Nagar Common Goyal Nagar, Devguradiya, Indore, MP	India
S3-654755347	Value Creative Technologies Clinic	2311 Garnet Dr, Amarillo, Texas	US
S3-655070981	ब्राइट टेक प्राइवेट लिमिटेड	S.c.o A-191, 3Rd Floor, Huda Ground, Jind City, Jind, HR	India
S3-655188335	Mount Chapel LLC		US
S3-655287132	Radhakrishna Traders Traders	Hn 666 Sf. No. 26/1 West Mada Street, Maduravoyel, Chennai, TN	India
S3-655328989	Onyxflux F/K/A Modern Consulting Private Limited	Uttar Pradesh, 21/301, Doneria Raj Apartment Suresh Plaza, M.G. Road, Agra	India
S3-655428015	Orbiquo D.B.A. Perkins Owl Inc.	33430 Fm 506, La Feria, TX	US
S3-655528314	The A1 Éxports	C/o Nilam Dvei, Vill-bhujapur, Daulatpur, Masaurhi, Jehanabad, बिहार	India
S3-655589957	Ariela's Rpid Studios (P.C.)	4428 26th Avenue, Fl 1, Lacey, Washington	US
S3-655998217	PA Marcbnhme	Th, Floor Vaibhav Chambers (Opposite Income Tax Office) Bandra Kurl, A Complex, Bandra Suburban, Mumbai, MH	India
S3-656006972	335 Main Company  PC Center	337 Old Pinsno Road, Jackson, Tennessee	US
S3-656046610	m9certified.com	Texas, Dickinson, 4122 Scenic Drive	US
S3-656061378	Motley Sat Rio Inc	109 1/2 Pecan Circle, PMB 386, Trenton, Texas	US
S3-656145404	The Machinists Local 697	Iowa, 120 Jackson Street, Greenfield	US
S3-656330624	Highway Traders Limited 5ervices	C-4floor, Bangalore, KA	India
S3-656521208	Belolum trading as Granite LLC	AZ, Phoenix, Unit 1050, 5151 16th Street	US
S3-657210275	ptrust.com	#04 Shri Sunder Appt Medical College Road Near T B Ward Square Wanjari Nagar, Mumbai, Nagpur, MH	India
S3-657547132	Om Constructions Private	New Delhi, DL, 150-A/6, Savitri Nagar	India
S3-65759820	Bureau of Public  Works PC	Alabama, 921 Mountain Branch Circle, Biringham Township	US
S3-657814078	Chennai Pharmaceuticals Private	#32 12 Avadanam Ii Lane Choolai, Chennai, TN	India
S3-658086357	Todaro Empire	#63 Fletcher Street, # 2D, Lowell, Massachusetts	US
S3-658090168	Cornerstonecross.Com	5641-5645 Harry Street, Fl. 0, Wichita, Kansas	US
S3-658260238	Bivue Quality  Eastern Inc	7556 1050, Milrooy CITY, Indiana	US
S3-658367585	Internal Medicine Healltl, LLC	10 Hartsdale Saint, New York, Smithtown	US
S3-658731440	leonore reyes rapid pampa	926 Livenshire Drive, Dallas, Texas	US
S3-658800003	Carole Young, J., D.O., Pc	Coleman Ln, Elberta, Alabama	US
S3-658852159	स्वस्तिक मैनेजमेंट	Flat No. 1006, Delhi, दिल्ली	India
S3-659080786	Dr Kautilya Advisors	1/357, Sree Karthigai Lakshmi Nagar, Thuvariman, Madurai, TN	India
S3-659237429	ZINGO ENTERPRISES PVT LTD	7, 17-B, Sra Building, Motilal Nehru Nagar, Bkc, Santacruz - East., Mumbai Ii, Mumbai City, MH	India
S3-659543809	Neo Entrepreneurs	Opp. Of Employment Exchange Uditnagar, Sundargarh, OD	India
S3-660103955	Sawant Dedsicgners Private Limited	Flat No. A-102, La Regencia, Panipat, HR	India
S3-660179965	Ffcrystal.Com	2002 Butternut Rd, Temple, Texas	US
S3-660962904	Atlantic Preparatory Academy Academy LLC	665 Tournament Dr, Cincinnati, Ohio	US
S3-661230846	Pvt. Kanak (Oandi)A Ltd.	#145 Keshab Chandra Sen Street, Calcutta, Kolkata, WB	India
S3-661464306	गैलेक्सी मैनेजमेंट लिमिटेड	West Champaran, Hn 427 C/o Ambika Prasad, बिहार, Vill Post Aunhar Shekh Ps Majhaulia, Dist. West Champaran, Bettiah	India
S3-661907747	HUMAN RIGHTS INSTITUTE		US
S3-662106218	BEHAVIORAL HEALTH MEDICINE	951 3nd Street, Mishawaka, Indiana	US
S3-662192819	Cancer  Ministries	1399-1401 State Highway 386, Anton Chico, New Mexico	US
S3-662229299	Munoz &-Kaufman	408 Hancock St, Richmond City, Virginia	US
S3-662478950	Bangalore. Limited Partners	19/D3, Bull Temple Road, Bangalore, Bangalore., KA	India
S3-662518335	Franklin, Verron LLC	0358 Falaise Drive, Floor 0, Saint Louis, Missouri	US
S3-662542111	My Investments (LLP)	0022-6-270/3/8, Hyderabad, Andhra Pradesh	India
S3-662614144	M/s Nexdeltavio	10/11 K B C Road South Dumdum Flt No 4Ab, North 24 Paragans, null, WB	India
S3-662639978	... Heritage Marketing International	3773 Wade Drive, Maricopa Carrier Annex, Arizona	US
S3-662705663	Flores's Cónsultants Cónsultants Inc.	Guilford, Connecticut, 00105 Dohm Avenue	US
S3-662987550	delhi communications pvt. ltd.	H.no 650 First Floor Phatak Dupty Sultan Churiwalan, Delhi, Central Delhi, DL	India
S3-663339747	Suryatech Office Private	Dharm Bhakti Estate, Opp. Sonet Ceramic Old Ghuntu Road, Morbi, Rajkot, GJ	India
S3-663383336	Kestre1 Futurecrest	37 July Ave, Oyster Bay, New York	US
S3-663561526	All Marketing Pvt Ltd.	C/o Rajan Singh, Sehramau South, Sadar, Shahjahanpur, UP	India
S3-664564733	American Mountain Social Center Inc.	3281 1/2 Sparrows Place, Powhatan County, Virginia	US
S3-664601597	PHX Best-Mmhsflow Partners	8540 1/2 Robinhood Ave, Missouri, Kansas City	US
S3-664756518	proper, carlile and kleinhans	1229-1231 Columbiana Lisbon Road, # 91, Columbiana, Ohio	US
S3-665266374	Rushtheisen.Com	765 Benthall Cook Road, Rich Square, North Carolina	US
S3-665340122	White Tge [LLC]	1507 Hardie St, North Carolina, Greensboro	US
S3-665377898	Brixxyloorbi formerly Sybil B. Graves, CPA, PC	17039 124th Avenue, Renton, WA	US
S3-665571636	western octave inc	09503 Milstead Drive, <NULL>, Bethesda, Maryland	US
S3-665694421	BH Service	Khasra No 1035 Near Back, Gurgaon, Sadar Bazar, HR	India
S3-665795961	Atlas  Square	Maple Dr, Reedsport, Oregon	US
S3-665830064	Bharat [Exports]	Rangareddy, 401Snivenkateswaraenclave, TG, Rangareddy	India
S3-666179440	burnsreichkalinowski.com	4220 Park Ave, # Suite 1, Buffalo, New York	US
S3-666528741	Jobye Mack Genetics, Ínc	11625 Robinson Drive, # Apartment 309, Coon Rapids, Minnesota	US
S3-666638357	ऑल बिल्डर्स एलएलपी	205, Flr-2nd, Plot 66-F, Steel Center, Sant Tukdoji Maharaj Road, Tata Power Carnac Bunder, Ch, Inchbunder, Mumbai, Mumbai City, MH	India
S3-666745229	Goswick Renteabnes LLC	Farmers Pass Road, Houton, Texas	US
S3-667053896	Signature Nutrition Group - 8090366936	1627 Presbury Street, Baltimore, Maryland	US
S3-667075096	Sri sbindia.com	#44 Ranade Colony, Belgaum, KA	India
S3-667106263	Best Semiconductor Global L.L.C.	1928-C Ridgewood Drive, Independence, Ohio	US
S3-667305692	suvidha technosoft private limited	H.no 955 206, Ward No 27, South Kumrakhali Paschim Para, Kamal Gazi, Narendra Pur, Kolkata, Kolkata, পশ্চিমবঙ্গ	India
S3-667391594	leong medical	5436 Bigfork Rd, Missoula, Montana	US
S3-667411686	ജയ് ഫിനാൻസ് പ്രൈവറ്റ് ലിമിറ്റഡ്	Door No 4/461 2Nd Floor Suite1376, Valamkottil Towers, Ernakulam, Kanayannur, KL	India
S3-667802512	Moseley Metro Oneim	2368 Ansley Street, PMB 8738, Alliance, Ohio	US
S3-667843586	MILESTONE HIGHRISE CO	House No.#280, Lig Housing Board Colony Saraswati Vihar, Chakkarpur, Gurgaon, HR	India
S3-667879692	सेवन ग्लोबल प्रा. लि.	S.no.##40, Digambar Nagar, Pune, Pune City, MH	India
S3-668076003	Inc Lifestyle	Dayton, Texas, #802 Brookside Dr	US
S3-668091884	Raso and Vanderpool		US
S3-668333833	Real इंटरनेशनल प्राइवेट लिमिटेड	B-45, New Delhi, DL	India
S3-668549929	Dr Hanu House	Flat No 4-C Yamunai Jeevan Bhima Enclave Rajasekaran Street Mylapore, Chennai, Pallavaram, TN	India
S3-668741869	Internal Medicine-Health		US
S3-668897902	King & Allen	Pisano Ave, Round Rock, Texas	US
S3-668907666	Ah Agro Private Limited	Siie No. A-4, Coimbatore, தமிழ்நாடு	India
S3-668940681	Golden Omega	813 Belanger Street, Houma, Louisiana	US
S3-669013841	Kahn, Giroux Welch & Guaranty	Clarksville Township, Tennessee, Whitehall Drive	US
S3-66911035	Nityadhara Btrbr Care	B2/247, Cbhadaini, Varanshi, Varanasi, UP	India
S3-669162020	CREATIVE EQUITY GROUP	Tennessee, Jim Hennessee Rd, PO Box 870, Sparta	US
S3-669403211	Cardiology Associates Newton of Inc		US
S3-669584914	First Ministries Inc	7224 250, Greenfield, Indiana	US
S3-669703680	Gaytan  Clear Baobnd Inc	Cypress Avenue, Fontana CITY, California	US
S3-6697299	Visionary & Sons	Bangalore, KA, <NULL>, Ground Floor, Incor Opulence Gunjur Palya Road, Gunjur Village, Varthur, Flat No.gb3/05	India
S3-669957805	*** Kpr Info Info Limited (Private)	4524/2, Phase Iv, Gidc Estate, Memdabad Road, Ahmedabad, GJ	India
S3-66999576	Korvantage	Door No 4A Keya Apartments 6A Keyatala Road, null, Kolkata, Howrah, পশ্চিমবঙ্গ	India
S3-670037219	merraleebarnesdc.com	Houston, 6201 Southwest Freeway, Texas	US
S3-670037933	Arrow Private Limited Center	Bangalore, No 1St & 2Nd Floor No, KA, 4, Thimmaiah Road, Queens Road Cross, Near Congress Committe, Bangalore	India
S3-67035158	Tejiya Tejiya Developers	55 Amer Complex, Zone Ii, M.p. Nagar Mig 55 Near Pnb Bank, Bhopal, MP	India
S3-670359773	Surat City Pharmaceutical  Private	No 2/837 Gr. Floor, Surat, Surat City, GJ	India
S3-670374264	Shri Olivia Consultants Private (Ltd)	No 0039/2, Bannerghatta Road, Bengaluru, Bangalore, ಕರ್ನಾಟಕ	India
S3-670469055	SHOOK FRONTIER NEWHOLD INC	Maryland, 5707 Sora Lane, Riverdale	US
S3-670907870	माय लॉजिस्टिक्स प्राइवेट लिमिटेड	A-40, Mumbai, MH	India
S3-671202939	Vick, Duffy and Vanderwerff	Casey Rd, Marion, Illinois	US
S3-671251635	Beacon Diagnostic  Worldwide Center	325 Shag Bark Trail, Somerville, Alabama	US
S3-671292898	Britta  Baum, DO	10911 Huntcliff Drive, # Apartment 7, Owings Mills, Maryland	US
S3-671340387	Fresh Optimal Mellon	3680 Paulding Avenue, Bronx, New York	US
S3-671602422	सनराइज एस्टेट प्राइवेट लिमिटेड	6/79/4 Second Floor, Old Rajinder Nagar, New Delhi, Central Delhi, DL	India
S3-671898905	Hale  Algonquin Inc	124 Towergate Drive, LAK ST Louis, Missouri	US
S3-671909315	Brixquo a/k/a Bsi Energy Pvt Ltd	C-406, 1-2-608, 609 To 610, Lwr Tank Bund, Kavadiguda, Secunderabad, Hyderabad, Telangana	India
S3-672034518	Intellectual +  Brothers Private Ltd		India
S3-672157324	Clardy Greenland	222 Wythe Ave, Frederick County, Virginia	US
S3-672251436	Smt Virat Allied L.L.P.	Ahmedabad, #468 Sixth Floor - 610, GJ	India
S3-672332416	Sunrise Estate [Private]	#6/79/4 Second Floor, Old Rajinder Nagar, New Delhi, Central Delhi, DL	India
S3-67246076	Ford Ace Valuence Llc	182 Elizabeth Pkwy, Akron, Ohio	US
S3-672539496	CORNER BIKE SHOP	1314 Smithtown Ave, Unit Apartment 12, Bohmeia, New York	US
S3-673093972	విజయ్ హెల్త్‌కేర్ లిమిటెడ్	0011-10-268/6/A/1, Shop Zone, Yellandu, Khammam, Andhra Pradesh	India
S3-673232331	Adhunik Art Care Center	No 41/1, Dasappa Garden, Rt Nagar Post, Bangalore, KA	India
S3-673342043	DS Solution Private (Limited)		India
S3-673388311	सुपर टेक्नोलॉजी	N-1201, Prateek Laurel, Sector-120, Noida, Gautam Buddha Nagar, Noida, UP	India
S3-673392834	Memorial		US
S3-673504143	Smt CELESTA INFRASTRUCTURE PRIVATE LIMITED	Howrah, Kolkata, 140/B Keshab Chandra Sen Street, WB	India
S3-673711694	Perideus Snow LP	266 Hampton Parkway, New York, Tonawanda	US
S3-674276274	Atlantic Health Center (Group)	1207 36th Avene, Unit STE B, Anchorage, Alaska	US
S3-674535690	Va1dez and Mrttrphy Energia Inc	3607 Circle Drive, Wichita Falls, Texas	US
S3-674546790	Diversified Wellness Associates Llc	1954 Sunburst Terrace, WEST LINN CDP, Oregon	US
S3-674583547	peducation.com	3226 Country Place Cir, Carrollton, Texas	US
S3-674634432	Prívate Bangalore Smtesl Limited	186, Bengaluru Urban, Bangalore, KA	India
S3-674775484	-- Ladonna A. Qualls, P.A. LP	00374 Ruritan Park Rd, N Wilkebsoro, North Carolina	US
S3-674789301	Internal-Medicine	37-24 77 St, Jckson Heights CITY, New York	US
S3-675363019	cleanwealthassociates.com	218 1th Avenue, Hungry Horse, Montana	US
S3-675465231	Consulting Cristal  Agro Private Limited	Block C-676 Medicine Tower 1St Floor Near Sajjad Nursing Home Hamidia Road, Bhopal, MP	India
S3-67561124	Quozeph	203, S3 Tower, Saraswati Appartments, Vasant Kunj D6, New Delhi, South West Delhi, Delhi	India
S3-675623824	Vistaar Institute	01, Mumbai, MH	India
S3-675926786	LTD MNM Trading	H.no 846 Bldg 5/3D, Poona, Pune, MH	India
S3-676771052	Surgical Módern Health LLC	1224 Farm Road, Valhalal, New York	US
S3-676823934	ziveron	<NULL>, 1808 Enoch Ln, North Carolina, Geensboro	US
S3-677085216	Gerrity and Davis Wintergreen L.L.C.	1000 Weldon Ave, Weldon, Arkansas	US
S3-677098468	CENTRAL SECURITY PRODUCTS	##14 Kimmie Ct, Sacramento, California	US
S3-677112404	Eastern Blue Ísrael-Palestine LP	103 Miller Street, Palestine, Texas	US
S3-677554199	Mirabrix	40 Carpenter Road, Snohomish, Washington	US
S3-677606957	Valdez Pyrophyte LLC	1900 Kittrell Dr, Ocean SILE Beach, North Carolina	US
S3-677661134	हरि ग्लोबल लिमिटेड	28, Moh. Garwal Colony Patodi Road, Rewari, HR	India
S3-677679839	Annamarie Trautman, Esq.,	1608-1612 Kansas Avenue, Roswell, New Mexico	US
S3-677827762	Aida's Advisors	8449 Dunnavant Rd, Leeds, Alabama	US
S3-677979213	Cal0evo	0300 Charles St, Baltimore, Maryland	US
S3-677994013	Verile'S Fresh Boutique	9496 Chesapeake Drive, North Royalton, Ohio	US
S3-678414323	Rose Pvt Ltd Services	A ##17, New Delhi, DL	India
S3-678440918	Sri Ganga Service	H.no 203, Gurgaon, HR	India
S3-678565628	5tar Equipments Prhavte Límited	D-525/25a F/f, Kh.no-550, Gali No-12, Ashok Nagar, North East Delhi, DL	India
S3-678656076	My Properties Private (Ltd)	C/o Ashish Keshavprasad Rathi, Amravati, MH, Anjangaon	India
S3-678744696	Corner Brsrtro  LLC	108 Bonhomme Lake Drive, Unit APT M, Saint Louis, Missouri	US
S3-67895914	Liberty Nettwrk	175 Choate Street, Portsmouth City, Virginia	US
S3-679017231	Animal Welfare Welfare Services	14020-D Harrisville Rd, Mount Airy, Maryland	US
S3-679041488	Tech Richie Media Private	423/2/3, Ward No 32, Balpurwa Teh Sohagpur, Bastar, Shahdol, मध्य प्रदेश	India
S3-679177433	Wadhwa  Manpower Private Limited	Yamuna Block, Triveni Complex Habsiguda Cross Roads, Door No D/656 C2, Hyderabad, TG, Rangareddy	India
S3-679184843	Family  Associates	05715 Hwy 196, Potwin, Kansas	US
S3-679221494	Nashville Historical  Council	226 Dellrose Drive, PMB 461, Nashville, Tennessee	US
S3-679552690	अरिहंत कंसल्टेंट्स प्राइवेट लिमिटेड	Chaudhary Auto Traders Kuchaman City, RJ, Kuchaman City, Nagaur	India
S3-679646011	Diamond Investment Sybtesm-Inc	123 Barkwood Drive, Wadsworth City, Ohio	US
S3-679652465	6-Corners Center	012788 177th Avenue, Goodyear, Arizona	US
S3-680020756	Smt Gatiman Chambers Limited Services	No 465 H.no.-69/5, Police Line Road, Albony Lodge, Bahraich, UP	India
S3-680054315	Eastern Apex Cell, Inc.	1145 Kelly Lane, Tempe, Arizona	US
S3-680331504	Mangus Legacy Oak Ltd	713 Perolla Dr, Perry, Indiana	US
S3-68053067	Developers Aim Ltd	1/44 Rashmi Khand, Lucknow, UP	India
S3-680573445	LLC Frontier Trgm	923-D Walter E Martin Road, Conway, North Carolina	US
S3-680689290	aggy trujillo royal sab	Pineville Rd, Statesville, North Carolina	US
S3-680860144	Wild &	207, K No 401/207, Bsr Layout Konasandra Village, Jigani, KA	India
S3-681453294	Yuvraj Public [School]	Ernakulam, 0039/2475-B1, Palarivattom, KL	India
S3-681736651	Irideltawexio fka Romisoft	3904 Lori Drive, Unit APARTMENT 28, Erlanger, KY	US
S3-681970195	BC Hydrogen  Private Limited	Plot 813 Khata No. 87 Plot No. 830, Beladal, Puri Sadar, Puri, Orissa	India
S3-682251820	nagpur than private limited	22/3, 7Th East Main Road, Gandhi Nagar, Vellore, TN	India
S3-68237486	Redwing  Center Private	K 43 B Kalkaji, New Delhi, South Delhi, DL	India
S3-682382938	Shri Shakti Enterprises Private Ltd	House No.546, Malachiwadi, Tahsil Sangmeshwar, Ratnagiri, Sangmeshwar, MH	India
S3-68295852	Divya-Forest-Corp	Office No. 311, Silver Chamber Tagore Road, Rajkot, GJ	India
S3-683084359	Ford Ace	182 Elizaneth Pkwy, Akron, Ohio	US
S3-6830911	Long-Center	880 Stanwood Avenue, Akrn, Ohio	US
S3-683307909	Cardiology  Clean Center		US
S3-68341590	Shivam Construction  LLP | www.shivamcon.com	##51 Bhupen Bose Avenue Kolkata, Kolkata, Howrah, WB	India
S3-68347334	Shree-&-Sons LLP	Som Santi House, 152 Patparganj Industrial Estates, New Delhi, DL	India
S3-683844121	स्टार इन्वेस्टमेंट्स प्राइवेट लिमिटेड	Ghaziabad, UP, Ghaziabad, Ae-16 Avantika	India
S3-684253535	Super (India) Realtors Pvt	Tathawade, MH, S.no. C-22/26, Pune	India
S3-684353416	Kolkata Solutions	46/2 Sarat Ghosh Garden Road, Kolkata, Howrah, পশ্চিমবঙ্গ	India
S3-684558215	Horizon	Charlotte, 229 Glenrock Drive, NC	US
S3-684623963	Dupont, Of Vilcfe	2098 Bradley Street, Dupont, Washington	US
S3-684774357	Service Radhakrishna Limited	Hn 666 Sf. No. 26/1 West Mada Street, Chennai, TN	India
S3-685119355	Good Limited Private It	D, Calicut Region, KL	India
S3-685248022	VENTURES AXIOM MOVERS PRIVATE LIMITED	H.no 132, Rangoon Street Thousand Lights, Channai, Chennai, TN	India
S3-685504745	Metropolitanfund.Com	108 Laval St, Waterbury, Connecticut	US
S3-685621601	Memorial Society	I88 Hwy, PMB 5047, Sugar Grove, Illinois	US
S3-685711589	Meenendra Ventures Pvt  Ltd	H.no 2-31 Masjid Moth, South Delhi, New Delhi, DL	India
S3-686743946	Schoen	1500 Terrace Drive, Unit APT 31, Brownwood, TX	US
S3-68682399	White Infotech-Private  Limited	Near Badel Naje Abadi Hiway Bypass Banki Barabanki, Barabanki, UP	India
S3-686861456	Pediatric [Partners-Associates]	10 Glen Ellen Blvd, Millis, Massachusetts	US
S3-687026900	Beum Enfodn  LLC	19 Peters St, # 2, Cambridge, Massachusetts	US
S3-687143551	Zeify Sterling	Bertrand St, # 221B, Knoxville, Tennessee	US
S3-687213973	Kirbie's Creative  Tamsprt	17200 Bell Road, Unit 1701, Surprise, Arizona	US
S3-687431893	Shivam Construction L.L.P. - 8429705560	###51 Bhupen Bose Avenue Kolkata, Kolkata, Howrah, WB	India
S3-687498930	Onyxcalo a/k/a Digital Wealth Alliance LLC	9314 Cherry Hill Road, Unit 609, College Park, MD	US
S3-687592530	Lyrora Pureciycle LLC	522 College St, PMB 3415, Bridgewater Town, Virginia	US
S3-687650267	Hanna & Gan, LLC	56th St, Lubbock, Texas	US
S3-687684601	Cabral Accounting  Corp	26C Cypress Creek Dr, Calvert City, Kentucky	US
S3-688127754	Harbor Heartland Rogers		US
S3-688260510	Star Obic	1938-1940 Yakima Ave, Tacoma, Washington	US
S3-688285022	Zhu Safe  Drive L.L.C.		US
S3-688334220	communitytrustvi.com	55 Pine Lane, New York, Stillwater	US
S3-688376926	Barney  & Thomas	113 Molly Rex Lane, Mooresville, North Carolina	US
S3-688417919	Sri Ignited Héalth LLP	#731 B-602 C-dot Gh-2 Sec, Gurugram, Gurgaon, HR	India
S3-688471134	Boyle-Encore	691 Main St, Ohio, Marion, # 1/2	US
S3-688654283	Joy's Deitnal	9319 Longwood Drive, Acton, Texas	US
S3-688680940	Slate PLLC	Charlton St, Southbridge, Massachusetts	US
S3-68924249	Hotel Csonmuiligng Private  Limited	C/o Noushad Gulzar House, Thiruvananthapuram, Trivandrum, കേരളം, Govt Hospital Road Vizhinjam, Neyyattinkara	India
S3-689635019	Redwing Cotnre Private Limited	K 43 B Kalkaji, New Delhi, South Delhi, DL	India
S3-689660602	Pvriate International Infra Limited	No. 6-1, Bangalore, KA	India
S3-689927115	Tramel-Holding Company PLLC		US
S3-68999863	... Deep Propmart	A/21, Shivshakti Chs Ltd., Indira Nagar, Opp. Madhuvan Society, J.p. Road, Andher, I (West), Mumbai, Mumbai City, महाराष्ट्र	India
S3-690033740	Chandrendra Brewrteiesprivate Private Limited		India
S3-690117229	Veoarc f/k/a Natassia's Cleaning Service	818 Sth 42, Town Of Liberty Grove, WI	US
S3-690290511	Kedia Mediaworks [Private-Limited]	Flat No. C-35, Rajnigandha Co.op.hsg, Society Somani Gram, Ram Mandir Road, Goregaon (, West), Mumbai, महाराष्ट्र	India
S3-690341042	Secunderabad (india) Pvt Ltd	6-1-284/4/103, Secunderabad, Hyderabad, Dinesh Apartments Padmarao Nagar, TG	India
S3-690456791	ਹਾਈ ਇਨਫੋਟੈਕ ਪ੍ਰਾਈਵੇਟ ਲਿਮਟਿਡ	Scf 62, Amritsar, Ajnala, PB	India
S3-69058435	Little Secure (Ltd)	Cherthala, KL, Hn 844 Building No. Ix - 453, South Of Kdm Bridge Kalavamcodam P O, Vayalar East Village	India
S3-69069994	Environmental Council	826 R College Hwy, Southwick, Massachusetts	US
S3-690841133	திருப்பதி இன்ஃப்ராஸ்ட்ரக்சர் பிரைவேட் லிமிடெட்	Hn 439 233/6/52F, Dharmapuri, தமிழ்நாடு	India
S3-690978549	Flowers-Family Practice lnc	10706-C 97th Avenue, Vancouver, Washington	US
S3-69146257	Delta Fellowship	#814 Circle Drive, Terrell, Texas	US
S3-692028072	Star Eqaipfents Private Limited	D-525/25a F/f, Kh.no-550, Gali No-12, Ashok Nagar, North East Delhi, दिल्ली	India
S3-692037198	Internal Health Medicine	9210 114th St, Blue Grass, Iowa	US
S3-692098996	KH Plastics	KA, Bangalore, H.no 591A, Bangalore	India
S3-692157630	Craig'S Spá	3416 Kafka Road, Rio Rancho, New Mexico	US
S3-692303561	Sri SHREE & SONS LLP	New Delhi, Som Santi House, 152 Patparganj Industrial Estates, DL	India
S3-692422930	Peacock  Trust	Door No 2-10-309/2/6 Prasanthinag, Warangal Urban, Hanamkonda, Andhra Pradesh	India
S3-692478426	Certified Security	738 University Way, Ellensburg, Washington	US
S3-692583820	Digital Healthcare प्राइवेट लिमिटेड	3, Shubham Apts, Mahatma Nagar, Nashik, महाराष्ट्र	India
S3-692598374	King & Allen	003236 Pisano Ave, Round Rock, Texas	US
S3-692748180	HJW Multicon [Pvt-Ltd]	Villa No.88 Rainbow Gh 1, Jaipur, RJ	India
S3-69294053	Shri Esteem  Trust	2 Kaibartapara Baburani Para Part Bhatapada Jagaddal, Parganas North, WB	India
S3-692959054	Ltd Viking Apaprel	#D/70 116A, Delhi, South West Delhi, DL	India
S3-693134020	Herman Herman Safe Inc	Tulsa, 625 90nd Pl E, Oklahoma	US
S3-693392872	Division of Motor Vehicles Inc	0105 Cox St, Morganton, North Carolina	US
S3-693477857	Womens Héalth Clinic LLC	##407 Broadhead Dr, # 101, Spring Hill, Tennessee	US
S3-693496874	Summit	1021 Avent Hill, # B3, Raleigh, North Carolina	US
S3-693616346	Services Good Limited	H.no.31/a, Vengalrao Nagar, Hyderabad, TG	India
S3-693643298	Crop	Old No. 113, New No. 96, Gandhinagar, Kottur Road, Suleeswaranpatti, Pollachi, Coimbatore, Tamil Nadu	India
S3-693753716	Cornerstone Quality Pet Care Ltd	1716 Lynn Street, Mishawaka, Indiana	US
S3-693874238	Shree índia Private Limited	345, Alok Nagar Common Goyal Nagar, Devguradiya, Indore, मध्य प्रदेश	India
S3-693918133	Commission on-Parks and Recreation Inc	675 Read St, Seekonk, Massachusetts	US
S3-693977379	YINGST, DENISE F., D.D.S., P.C.	0103 South Avenue, Glen Ullin, North Dakota	US
S3-694044969	Redstone Traders		India
S3-694476250	XE Private Limited Services	House No 1 Basement, Faridabad, हरियाणा	India
S3-694515315	व्हाइट इंफोटेक प्राइवेट लिमिटेड	Near Badel Naje Abadi Hiway Bypass Banki Barabanki, Barabanki, UP	India
S3-69478476	ഹൈ ശ്യാം ബിൽഡേഴ്സ് പ്രൈവറ്റ് ലിമിറ്റഡ്	Kozikode, Kozhikode, 5-62/1963/B12, കേരളം	India
S3-694866766	Black Products Prlctvrae Limited	6/277, Kothamangalam, KL	India
S3-694882763	Sri Swami We1fare Center	Door No 00446 55/ 4, New Palasia, Khargone, Indore, मध्य प्रदेश	India
S3-695226866	Inc Ridge School of Medicine	217 Foxgrape Hollow, Banner Elk, North Carolina	US
S3-69525281	HAPPY TAVERN	102 Martins Point Pl, Cary, North Carolina	US
S3-695283631	Spero, Watson & Breaux Technical Ínc | www.sperowat.com	030 Saint Paul Street, Unit Apartment 1, Amsterdam, New York	US
S3-695738325	Pounders Advanced Prudential	1208 July Ct, Fayetteville, North Carolina	US
S3-695814423	Blossoms Spices Corp	21, Mahatma Gandhi Road (Opp: Income Tax Building), Nungambakkam, Chennai, TN	India
S3-695886444	Nainan Solutions [Limited]	Plot No. 12A, Front Of Vikram Solar, Falta Sez, South 24 Parganas, Nainan, Nainan, Falta, পশ্চিমবঙ্গ	India
S3-69609194	Smt sbcare.com	Prstige Trade Towerno.##46, 23Rd Floor Palace Road, Bengaluru, Bangalore, KA	India
S3-696343967	Cozy Cleaning	4485 Pine Bluff Road, Morirs, Illinois	US
S3-696360594	Bhayani Consultancy Pvt [Ltd]	Mumbai, MH, Anita Pandurang Patil Columbia C 20 Casa Rio Kalyan Shil Road Lodha Palava Ghesar Vil, Thane	India
S3-696500536	Rojas Co Center	018 Commerce Street, Dallas, Texas	US
S3-696894033	Redstone Limited Private Traders	Door No 4 Hari Nivas C Road Churchgate Mumbai, Mumbai, MH, Mumbai City	India
S3-696916480	Nagraj Ltd-Education	No 3/1B Gour Sundar Sett Lan, Dumdum, Sinthee Police St, Kolkata, Howrah, Kolkata, পশ্চিমবঙ্গ	India
S3-696931712	The Classic  Consultants Pvt Ltd		India
S3-697099534	KF ENDEAV0UR PVT LTD - 6780259651	H.no 38-B Gobind Nagar, Ambala, हरियाणा	India
S3-697289354	Basham Aimei	216 7th St, Brainerd, Minnesota	US
S3-697563812	Agl Homes LLP	Flat No. 90, East Delhi, DL	India
S3-697655500	Maa 6lobal Private Límited	Hn 217 19/208A, Kuzhivelikudiyil Thrikkalathoor, Muvattupuzha, Ernakulam, KL	India
S3-697911492	Henderson Keystone Auto Sales Corp	##173 Stateline Cemetery Lane, Salem, Arkansas	US
S3-698001501	Nashville Historical Cóuncil	226 Dellrose Drive, PMB 461, Nashville, Tennessee	US
S3-698006124	Clyify  Center	Unit 2126, Arizona, Washington, 8530 22nd Avenue	US
S3-698191427	Elite Electr0nics Ventures Corp	Birch Ave, Lubbock, Texas	US
S3-698283192	Dynamic Trading ಪ್ರೈವೇಟ್ ಲಿಮಿಟೆಡ್	21- 1St Cross 1St Block, Akshaya Nagar Tc Palya, Bangalore, Bangalore North, ಕರ್ನಾಟಕ	India
S3-698507983	Straight  Edge Barbersop LLC	320 1st Avenue, # 3, Salt Lake City, Utah	US
S3-698519941	Pediatric Déntal Clinic	85- Azalea Ln, Andrews, North Carolina	US
S3-698631251	Agarwa1 Landscapes Private Limited	Manari, 4/5, Ananniketan Soc., Karvenagar, Pune, महाराष्ट्र	India
S3-698753632	TZO Components	Basement Shop 3, NULL, Pune, MH	India
S3-698921924	vidales & nichols	3802 303rd Coutr, Auburn, Washington	US
S3-699071910	5vcgangaksh.Com	C-7/239, Sector-7 Jankipuram Extention, Lucknow, UP	India
S3-69937943	Choice Center	438 Zinnia Court, Merced, California	US
S3-699404519	रियल कंस्ट्रक्शन प्राइवेट लिमिटेड	C/o Shiv Mandir, Rakhi Shahpur Kheri, Hansi, Hisar, HR	India
S3-69942990	Bright Foundation Private  Limited	4, MH, Nagzari, Tal Malegoan, Nashik	India
S3-699672063	Royal (Consulting)	100 Amber Woods Dr, Fort Mill, South Carolina	US
S3-699762887	Elite Center Enterprises		US
S3-699909838	Tramel Hogldnig Company PLLC	Maryland, 0300 Charles St, # APT 201, Baltimore	US
S3-700165534	Consulting Ciorlstaca Agro Private Limited	Block C-676 Medicine Tower 1St Floor Near Sajjad Nursing Home Hamidia Road, Bhopal, MP	India
S3-700780318	patterson platinum quasaredge llc	15201 Scott Dr, Clintonc DP, Indiana	US
S3-700902829	Ctadr	Illinois, Waterloo, 07477 Covered Bridge Drive, Fl Ground Floor	US
S3-700958179	Lans Conductors  Private Limited	Plot 884 C/o Sangameshwar Motiram Patil Mukhed Mukhed Tq. Mukhed Mukhed, Nanded, MH	India
S3-700960689	Chiropractic Partners	Plymouth Township, Pennsylvania, 506 Overhill Rd	US
S3-701012115	ಸೂರ್ಯ ಇಂಜಿನಿಯರಿಂಗ್ ಪ್ರೈವೇಟ್ ಲಿಮಿಟೆಡ್	Door No 7, Bangalore, KA	India
S3-701467166	PC Urgent Care Quality Centre	2909 Easy Way, Carmichael, California	US
S3-70149229	Jaiswal Limited Center Center	Room No. A-3/763h, Nh Service Road, Thrissur, Kodakara, കേരളം	India
S3-701496714	National III (Program)	2513 Dartfrd Dr, Texas, Crowlley	US
S3-701580748	TG Technology-Center	H.no 116 Office No. 502, 5Th Floor, Fortune Business Center Survey No. 207, Hissa No. 2/1/4A/1, Waka, D, Pune, MH	India
S3-70206570	DDH Ei Ei Pvt Ltd	Pune, MH, Ravi Jaiswal, Pune	India
S3-702066652	Liberty Trí-State	8920 Oconto Ave, PO Box 7583, Mortn Grove, Illinois	US
S3-702172369	Lucknow Automobiles Prívate Limited	2/221, Lucknow, UP	India
S3-702219540	Mr Jain Edusystems Private  Limited		India
S3-702293784	CFT Inc. Arts	9763 North Freeway, Fort Worth, Texas	US
S3-702371572	Reliable Dynamic Dome	304 Milky Way Drive, PMB 511, Apex, North Carolina	US
S3-702746744	Umbrazeph Labs DBA Swami Welfare Society	55/ 4, New Palasia, Indore, Madhya Pradesh	India
S3-702810893	Lotus Limited Services	7/13, NULL, পশ্চিমবঙ্গ	India
S3-702949791	Haloiri f/k/a Sunshine's Auto Body	4111 Freedom Lane, Hope Mills, NC	US
S3-702966733	स्काई टेक्नोलॉजीज प्रा. लि.	2Nd Floor Sector 14, Opposite Krishan Mandir, 0018, Karnal, HR, Karnal	India
S3-703095638	Allied Initiative	38108 Olney Ln, Astoria, Oregon	US
S3-703137056	Big Center	Hn 605 33A, Rabindra Sarani, 1St Floor, Kolkata, Howrah, WB	India
S3-703197377	Vision Associates (Llc)	3180 129th Ln, <NULL>, Blaine, Minnesota	US
S3-703393271	Arlina Katsidtntr Highland Australia Inc (ID: 5378)	573 Beaevr Creek Rd, Saltville, Virginia	US
S3-70344709	Eye Apex Specialists Inc	Kentucky, Wayland, 3742-3746 7	US
S3-703670196	Anchorreliablelive.Com	3678 Laurn Ct, Crisfield, Maryland	US
S3-703747401	Lumdova doing business as Machinists Union Local No 202	123 Day Hill Road, Windsor, CT	US
S3-703809258	Monette Youth Federation Associates Corp	Craighead 518 Rd, Moneette, Arkansas	US
S3-703881920	Vertex Ésports, L.L.C.	7767 White Chapel Rd, Licking Twp, Ohio	US
S3-703937841	ಬಾಲಾಜಿ ಇನ್ವೆಸ್ಟ್‌ಮೆಂಟ್ ಪ್ರೈವೇಟ್ ಲಿಮಿಟೆಡ್	510, Wing A, 5Th Floor, Carlton Towers Old Airport Road, Kodihalli, Bengaluru, Bangalore, KA	India
S3-703943119	Peex Llc	17 Irwin Saint, Winthrop, Massachusetts	US
S3-704539981	Shakti Limited Private Exports	AP, Kovvuru, Hn 254 11-4-19/3, Srinivasapuram Colony	India
S3-704900238	niemimetrocapital.com	New York, Morrisonville, 144 Fairgrounds Road	US
S3-705426035	Urban East	F-45D, Gtb Enclave, Nand Nagri Dilshad Garden, North East Delhi, Delhi	India
S3-705460022	Rush and Theisen	765 Benthall Cook Rd, Rich Square, North Carolina	US
S3-705718696	Man-LLC Ridge | www.manllcri.com	17 Olympic Drive, Barrington, Illinois	US
S3-705827597	HT	3641Gali Lohewali Chawri Bazar, New Delhi, Central Delhi, Delhi	India
S3-706590760	Eadie Eadie Torres Frontier Apollo L.L.C.	3910 Oleander Dr, Wilmmington, North Carolina	US
S3-706740554	rsprivate.c0m	Salava Agwanpur, Moradabad, उत्तर प्रदेश	India
S3-706986404	[Inc] Sanchez Lending	0010744 Millers Way, Orland Park, Illinois	US
S3-707030903	Indo  Uinietd Hospitality Private Limited	14A, Road No 3, H No 8-2-333 Banjara Hills, Hyderabad, Andhra Pradesh	India
S3-707066864	Painters Local Union 158 Inc	108th Street, Everett, Washington	US
S3-707351514	Community Clear Sérvices Sérvices LLC	4034 Sharilynn Drive, Abingdon, Maryland	US
S3-707603412	Sasoft Interests	7176 234, Ladoga CITY, Indiana	US
S3-707846546	Green Rocky Holdco [LLC]	2805 Maple Dr, Mesquite, Texas	US
S3-707967031	Ehrhardt & Stewart LLC Partners	279 Neptune Ave, Brooklyn, New York	US
S3-708011838	Gulf Center Inc V	Cone Flower Street, Beend, Oregon	US
S3-708203587	Karisa Dynamic Richter LLC	18073. Harding Dr, Bowling Green, Virginia	US
S3-708261179	Ace Intelligence Technologies Inc Inc	Arkansas Ave, Earle, Arkansas	US
S3-708312671	Byrd Pinnacle  Rock LLC	4420 Canyon Coral Way, Rancho Cordova, California	US
S3-708517618	Chhata Shiva Pvt.	C/o Karan Pal, Goverdhan Chorah, Chhata, Mathura, UP	India
S3-708590293	Shri Shree Clermic	Coimbatore, தமிழ்நாடு, 61-1	India
S3-708881960	Duffy Express Omega [LLC]	30 Lorraine Ave, # Apartment 6A, Mount Vernon, New York	US
S3-708913303	Llc Bright Prime Cross	#256 Vance St, Rawson, Ohio	US
S3-709152819	Orbance Service	##325 Enchanted Forest Rd, Seeley Lake, Montana	US
S3-709155747	Chiropracticcenter.Com	1917- Green Meadows Dr, Mcalester, Oklahoma	US
S3-709185163	ब्लू कंस्ट्रक्शन LLP	Hn 204 C-6/298, C Block Yamuna Vihar, Delhi, North East, दिल्ली	India
S3-709434136	Workman Intermediate	44684 Newsom Rod, Wilkesville Twp, Ohio	US
S3-709713072	Panacea Inds Ltd	2/11/1, Ichapur Road, Kadamtala, Lp-217/14/4, Howrah Maidan, WB	India
S3-709766062	Summit Xcel	609 Coile Road, Jefferson City, Tennessee	US
S3-710016946	Classic Allied	Mobile, Alabama, 2603 Eldorado Drive	US
S3-710281574	Riva Chase Dave	619 Manubay Court, BEAR CTIY, Delaware	US
S3-710291475	Umbramirax DBA: Metro Family Practice LLC	7490 Taconic State Parkway, Gallatin, NY	US
S3-710469907	Larson Anchor-Soulpower	0111 Lakewood Loop Loop, Marshfield, Missouri	US
S3-710622639	Vijay Healhtce Limited	No 0011-10-268/6/A/1, Khammam, Andhra Pradesh, Shop Zone, Yellandu	India
S3-710742516	Sri Vision Builders Prívate Limited #85783	61, Ahmadabad City, Ahmedabad, GJ	India
S3-710856441	NH  Systems LLP	Pandey Nivas, Akurli Road, Near 282 Last Bus Stop, Damu Nagar, Kandivali (East), Mumbai City, Bombay, MH	India
S3-710903268	B Crystal Golden Center	1143 Garden Drive, Newport News City, Virginia	US
S3-711000375	Tully Taxable Corporation	Westgate Avenue, Durant, Oklahoma	US
S3-711156558	Nainan Solutions [Ltd]	#12A, Front Of Vikram Solar, Falta Sez, South 24 Parganas, Nainan, Nainan, Falta, WB	India
S3-711664808	North Milestone-LLP	C-4 Siddharth Building, 14/2 Burdwan Road, Kolkata, Howrah, Kolkata, WB	India
S3-711709706	technologiesswarninfra.com	1304, Hyderabad Urban, Hyderabad, తెలంగాణ	India
S3-712051680	Delpro Services	B-d/8, Shri Ram Nagar Village-jaipura, Post- Jagatpura, Jaipur, RJ	India
S3-71207220	Holloway Great  Nasdaq	#4717 Lakeside Dr, Omaha, Nebraska	US
S3-712349480	West  Clean Johfino	12839 Mill Road, Spotsylvania County, Virginia	US
S3-712602559	Leong Medcbl	5436 Bigfork Road, Missoula, Montana	US
S3-713286136	Premier Vanguard LLC [Services]	Pioneers Pt, Brecksville, Ohio	US
S3-713391404	Mr BANGALORE & BROTHERS PRIVATE LIMITED	KA, Doro No 361	India
S3-713556426	Meridian	#9 Pitts Street, Natick, Massachusetts	US
S3-713973839	PRU Exports [Ltd]	4, Mahi Rupaji Pagi Chawl, Seva Nagar Link Road, Behram Baug, Jogeshwari (W), Mumbai, Mumbai City, MH	India
S3-714677548	Walker, Konecny &	#29 Coulton Park, Needham, Massachusetts	US
S3-714712507	Interstate Fund Corporation	216 Prentice St, # 114, Stevens Point, Wisconsin	US
S3-714823926	Guerrero Santander	7380 191st St, Tinley Park, Illinois	US
S3-714847380	C D & M Skin Care	85 Park Avenue, Unit 7, Worcester, Massachusetts	US
S3-714974839	Silver	184 Old Hwy 19E, Roan Mountain, TN	US
S3-71499084	Cranford, Mitchell and Brown Lion	904 Lakeshore Dr, Kelleyss Island, Ohio	US
S3-715061360	East Próperties Private Limited	428, Mumbai City, MH, Mumbai, Mastermind1, I.t Park, Royal Palms, Aarey Colony, Goregaon East	India
S3-715170245	Cobalt Lódging	Community Way, <NULL>, Staunton City, Virginia	US
S3-7154943	Cg Law Chambers Limited  Center		India
S3-71553162	Keloevo	Shine Swasti Opp., Siddharth Icon, Tragad, Ahmedabad, B 1401, Gujarat, Ahmedabad City	India
S3-715615431	Inger Santiago Briacell L.L.C.	Stephenson Street, Marion, Indiana	US
S3-715968332	Heller LLC Coinshares	Durham, Alhambra Ct, North Carolina	US
S3-716007185	SP SP Direct Disciplined LLC	Oakland, Maryland, 2745 Oakland Sang Run Road	US
S3-716500687	SGF LLC Partners	1520-D Wagner Drive, Gilbert, Arizona	US
S3-716551395	Raviya Infra of (Kónnagar)	No #99/A Inira Gandhi Road Prasanna Vila, Ground Floor Flat No-13, Konnagar, Hooghly, পশ্চিমবঙ্গ	India
S3-716716240	Allied Initiative	38108 Olney Lane, Astoria, Oregon	US
S3-716742366	स्टार इन्वेस्टमेंट्स प्राइवेट लिमिटेड	Ae-16 Avatnika, Ghaziabad, UP	India
S3-717044373	XJX Tradewell Private Ltd	F1, First Floor, Block A Priyanka 3/574, Mugalivakkam Main Road Madhanandh, Apuram, Chennai, TN	India
S3-717246589	Pediatric Dentistry Precision Care Llc - 2078243416	1905 Brook Blvd, Warsaw, Indiana	US
S3-717272672	Total Lake LP Center	1016- Cutters Creek Dr, South Euclid, Ohio	US
S3-717399507	Rosser Municipals Corporation	2869 Bench Road, Enterprise, Utah	US
S3-717822860	Pelican  Trust Corp	A-2303, Thane, महाराष्ट्र	India
S3-718110537	>> Orthopedic-Center	4225 1/2 Alabama Street, Houston, Texas	US
S3-718438375	LLC SUJ Clear Sanabtdader	43125 Valley Creek Lane, Astoria, Oregon	US
S3-718888168	Pacific Empire Pantages,	4701 Smokey Quartz Ln, Arlington, Texas	US
S3-718976159	Cozy  Nails!	13977 East Road, Lake Park, Minnesota	US
S3-719006744	Koch  Charter School	Marcella Ave, Fl 0, Saint Louis, Missouri	US
S3-719149749	MAIN Street CAFE CORP	2526 Twenty First Avenue, Rock Island, Illinois	US
S3-719258029	Zephcalojax a/k/a CK Mall Private Limited	95L Kankulia Road, Kolkata, Howrah, West Bengal	India
S3-719303312	Lee, Stock King Mitsubishi Inc Partners	Unit Apartment 403, Salina, New York, 150 Old Liverpool Rd	US
S3-71941271	Surya Management Private	2-1/1502, Hapur, Ghaziabad, उत्तर प्रदेश	India
S3-719445262	G & E Pornce Ínc.	00113 Santa Fe Trail, Jacksonville, Arkansas	US
S3-719573088	Mikaela Rscefsy, DPM	1139 Corbell Avenue, Norfolk, Virginia	US
S3-720113443	Finance Pshrít Securities Private Limited	Plot No. 360, Kh.no.143/360, First Floor Extended Lal Dora Village, Kanjhawala, North West, दिल्ली	India
S3-72033713	-- Crystal Southern Partners Ltd	Roanoke CITY, Virginia, 6155 Coeper Cir	US
S3-720863211	Unique Ínternational	57, 3Rd Floor East End Enclave, Laxmi Nagar, East Delhi, Delhi, दिल्ली	India
S3-720901885	BENTLEY HOLDINGS GROUP INC	Tennessee, Norene, 6755 Greenvale Road	US
S3-721017005	Dia,  Inc	Brookbend Ct, Waxahachie, Texas	US
S3-721062076	Ventures Aiom Movers Private Limited	Chennai, Door No 132, Channai, TN, Rangoon Street Thousand Lights	India
S3-721218343	>> Temple-Synagogue	0015 Cleone Drive, Waterbury, Connecticut	US
S3-721303641	Lambright, Sohal Cueto Inc	##40 Wilma Road, Easthaam, Massachusetts	US
S3-721394838	DENTAL GREEN CLINIC	655 Mesa Drive, # 1104, MESA, Arizona	US
S3-721419505	सदर्न ब्राइट प्रॉपर्टीज प्राइवेट लिमिटेड	Door No 507- Floor-grd, Plot-70, J R Shetty Building, Nakhoda Street, Off Abdul Rehman Street, Pydhonie, Mandvi, Mumbai, MH	India
S3-721462680	Hanna & Gan,	01617 56th St, Lubbock, Texas	US
S3-72154396	Thielen Modern Baring LP	00639 16rd St, Tempe, Arizona	US
S3-721589633	Mach Trading Private-Limited	317, Sanali Heavens, Hyderabad, TG	India
S3-721727699	Future Services Private (Limited)	Block G-618 205, Surya Kiran Building, K.g.marg, New Delhi, दिल्ली	India
S3-721805304	Shakti Engineering Limited Service	House No 63, DL, North West, Block -B Ground Floor, Parshant Vihar Rohini, Landmark Opp. C.r.p.f School, North West Delhi	India
S3-721846607	heritagesociety.com	139 Fort Graham Rd, Whtiney, Texas	US
S3-721965677	Kelocira	7 Beachside Common, Westport, Connecticut	US
S3-722014919	UY-Gardens Private Limited	H.no 77/10 Gidc Estate Phase I, Ahmedabad, Daskroi, GJ	India
S3-722311611	>> Temple ((Synagogue))	0015 Cleone Dr, Waterbury, Connecticut	US
S3-722388879	Smt Big Technology Private	Mumbai, महाराष्ट्र, A/302 Classique Centre	India
S3-722464448	Beacon Clgouh, LLC	409 Chihuahua St, Dallas, Texas	US
S3-722473188	Services Creative Alliance LLC	04116 Waldron Trail, Forney, Texas, N/A	US
S3-722585203	Mirazeta d/b/a Dugan Rocky Mid	Unit 3306, TX, Round Rock, 941 Hesters Crossing Road	US
S3-722698281	kochcharterschoolcom	8906 Marcella Avenue, Fl. 0, Saint Louis, Missouri	US
S3-722768074	Morales Rfgtayw [PC] (ID: 56634)	5074 Lowell St, Washington, District of Columbia	US
S3-722810593	Tirupati & Bcodthrs Private Limited	No 313-2, Kardej Bhavnagar- Rajkot Road, Navagam, Bhavnagar, GJ	India
S3-723390970	The Stanek Hovnanian, Inc	Matthews, 7825 Vinings Oak Lane, North Carolina	US
S3-723440682	Cummings  Alto Ceter	123 Co Rd 15 A, Raland, Ohio	US
S3-723503170	... Clean India Ptritbtae Limited	F3, Anand, GJ	India
S3-723804103	Pansy's 8étter Vision-Cenrre	#1258 Martin St, PMB 9291, Nashville, Tennessee	US
S3-723941639	Tri-State Saul  Incorporated	119 State Street, Williamston Township, North Carolina	US
S3-723991522	Gonzales Globa	935 Moneta Avenue, Aurora, Ohio	US
S3-724005512	federalmarineadvisors.com	113 Main St, Jackson Center, Ohio	US
S3-724410749	linterests.com	2634 Boulder Court, HGH Point, North Carolina	US
S3-724938879	Micro Agro Pvt (Ltd)	H No 130/D (1) Pandit Complex Near Hornbill Hotel, Kankavli, Sindhudurg, महाराष्ट्र	India
S3-725129384	Smt cbprivate.com	Block G-526/1 P.no.917a, Sf.no.247/2, 6Th West Cross Road, Gandhi Nagar, Katpadi Urban Extn, Vellore, TN	India
S3-725275016	Dream Innhvatifve-International	8-1-284/569, 2Nd Floor, Ou Colony, Shaikpet, Golconda, Hyderabad, తెలంగాణ	India
S3-725289504	Dr panaceaindscom	2/11/1, Ichapur Road, Kadamtala, Lp-217/14/4, Howrah, Howrah Maidan, WB	India
S3-725568733	clinicch.com	No. D/415, Mysore, Mysuru, KA	India
S3-72558706	Umbrabelo	4651 Chivalry Dr, Lafayette, Indiana	US
S3-725673660	Patel School LLC Center	9409 Lagovista Ct, Fairfax County, Virginia	US
S3-72575721	karoline gray direct crescent llc	210 Wisconsin Avenue, Villla Park, Illinois	US
S3-72577827	autism assistance committee	9944 Easton Sky Lane, Cypress, Texas	US
S3-725798660	Center Arjun Limited	71/1 Lal Colony, Juhi, Kanpur, UP	India
S3-725846744	gaorsecurekochav.com	226 Cecil Avenue, Spring Lake, North Carolina	US
S3-726212806	Cg Law Chambers Pitve Limited	C/omahesh Singh Gili No 4, Mushahari, Patna, बिहार	India
S3-72630521	Veraflux Sys formerly East Producer Private Limited	Unit No 503, 5Th Floor, Signature Tower Dc-2, Lal Kothi Scheme, District Shopping, Centre, Tonk Road, Jaipur, Rajasthan	India
S3-726652006	LLC Carter Consultngi	2049 Trotood Ave, Andovr, Ohio	US
S3-726697574	गुरु इंजीनियरिंग	Hn 767 122/235, A-14 Sarojini Nagar, Bageshwar, Kanpur, UP	India
S3-726728521	kanpur dehat engineering pvt ltd	C/o Pankaj Katiyar, Dubki, Kanpur Dehat, UP	India
S3-726903495	Clean Alliance Corp Services	Baseline Rd, # Apt 158, Little Rock, Arkansas	US
S3-726933950	TDC	55 Amer Complex, Zone Ii, M.P. Nagar Mig 55 Near Pnb Bank, Bhopal, Madhya Pradesh	India
S3-726962279	britt best willow willow llc		US
S3-727160413	@hyderabadtrading	C/501, Sai Amit Chs, Yari Road Versova, Andheri West, Bombay, Mumbai City, महाराष्ट्र	India
S3-727275457	Signature Corporate  LLP	1630 Marquis Lane, Hobbs, New Mexico	US
S3-727431276	Sky  Services Private	Flat- 2A, 702 Hema Park Chs.ltd, Mumbai City, 732 C/o Poonam Kishor Patkar, MH, Bhandup	India
S3-727677120	Winner Best	Sub Plot No. 6 60/61 Lati Bazar Gita Mandir Road, Ahmedabad, GJ	India
S3-727714190	Primacy Trúst Trúst	MH, Mumbai, Nagpur, H.no 04 Shri Sunder Appt Medical College Road Near T B Ward Square Wanjari Nagar	India
S3-727729826	Ons International School	Kno-58/66/65, Hno-24-c, S/f, Gautam Ngr, Near Father Angel School, South Delhi, New Delhi, DL	India
S3-72781804	Patriot Project of Covington, (Corp)	Seventh Street, Covingotn, Kentucky	US
S3-727855790	[L.L.C.] Woods Rare	Delaware City, 00115 Fifth Street, Delaware	US
S3-727915354	... Mcmahan, Rraoero and Davis Works (Inc)	091547 Dearborn Island Rd, Oregon, Blue River	US
S3-728306111	Short Short Advanced [Mi]		US
S3-728742174	Ss Construction Private	Pune, 'A' Wing, Pristine Fontana Building S. No. 22, Behind Maratha Mandir, Bavdha, N Khurd, Pune, MH, Flta No. 904	India
S3-728752108	sunriseinfotech.com	AP, Eluru, Flat No D-5 Sri Harsha Residency, West Godavari	India
S3-728964461	Shaw, Giovanna, Partners	570 Halsey Avenue, Buffaol, Minnesota	US
S3-729102601	Banner Farm Private Ltd	Plot 427 Nishit Diamond Complex 5/1129-30, Gujjar Faliya Contractor No Khocho, Mahidharpura, Haripu, Ra, Surat, ગુજરાત	India
S3-72999449	Ankita Medical Centre Limited	9-4-62, Nizam Colony, Tolichowki, Hyderabad, TG	India
S3-730172530	Nguyen Nguyen Space Inc.	4850 79, Colesville, New York	US
S3-730384891	Pediatric Physicians Center Center	Lavergne, Tennessee, 189 Deer Drive	US
S3-731084170	Bonds Enterprises, Inc.	2746 Fairway Dr, Draper, Virginia	US
S3-731454267	Lowry Fami1y Office LLC	New Hope Street, Unit Rear, Norristown, Pennsylvania	US
S3-731631754	Anamika Brothers Pvt Ltd	TN, Madras, Block A-835 24/2, Chennai, South Mada Street Mylapore	India
S3-732300308	Clouser	164 Robinson Parkway, Riverhead, NY	US
S3-732322635	Llc Alvarado, Dillon & Marshall Odyssey	215 Calhoun Ln, Bldg. Lot 13, Billings, Montana	US
S3-732345507	Star Infra Private - 2629686883	1/440, Thalapilly, KL	India
S3-732621261	>> banksshaheenpearl.com	118-120 I Street, Richmond, Indiana	US
S3-732632153	Amarnath Traders-Private Ltd	Office No.8 F/fchandermal, Plot9 Dharambir Market, New Delhi, South Delhi, DL	India
S3-733099800	Achyut Private Limited Service	533, Pati Faliya, Village Padamdungari, Surat, Tapi, ગુજરાત	India
S3-733113697	Prime LLC Center	6089 Fork Hwy, Cabins, West Virginia	US
S3-733356015	inc savage americas	11147 1/2 Reisterstown Road, Owings Mills, Maryland	US
S3-733467042	Saria-Therapeutics-Inc	3538A Cherrystone Road, Cheriton, Virginia	US
S3-733537355	Cardiology Associates Co	Star View, Blanco, Texas	US
S3-733737440	मॉडर्न एनर्जी प्राइवेट लिमिटेड	32, Kemapur, Sitamarhi, Sant Ravidas Nagar, UP	India
S3-733768789	Metro Ftoandtaion of Tucson V	820 35th St, Tucson, Arizona	US
S3-733775351	CS Inc (Partners)	1302 2nd St, Grimes, Iowa	US
S3-733982654	Swastika Prívate Limited Center	Room No: 7-6/635, Thrissur, Keralam	India
S3-734020216	Milenahietpaspro.Com	325 P Street, Washington, District of Columbia	US
S3-734272775	East Perfect Systems Private Limited	D/46a, Block-e, Kanpur Nagar, Panki, UP	India
S3-734299305	Housing Alliance Co	617 Carbon St, Building Rear, Syracuse, New York	US
S3-734300821	New Délhi Servicesprivate-Private Ltd	#555 A 80/2/2/6, Ground Floor, Jeewan Nagar, New Delhi, Bahadurgarh, DL	India
S3-734791574	Sai Foods Private		India
S3-735127267	Highway Traders Private (Limited)	C-4floor, Lavelle Road Bangalore, KA	India
S3-735706929	Navarro, Brch and Moriarty Hawaii LLP	116 Whitney Street, Camaas, Washington	US
S3-735741632	AQK  Media	Plot No. 100 Sector 47, Gurgaon, HR	India
S3-735994693	CFT Arts-Inc.	9763 North Freeway, Fort Worth, Texas	US
S3-736117903	Secure Tlcmo	310 Calion Street, Unit Apt C, Jonesboro, Arkansas	US
S3-736351358	Brixorbix trading as Regional Assets PC	103 Parkridge Place, Unit A, Piqua, OH	US
S3-736361542	carter & barnes llc	1016 Fair Meadow Way, Onalaska, Wisconsin	US
S3-736433857	Short Ádvanced Mitsui Inc.	11926 Lois Lane Drive, Pinehurst, Texas	US
S3-737304400	Vionovimira Labs doing business as Armour Exports of Ahmedabad	810-G, Titaniumcitycenter, 293/1/P, T.P-03. 100Ft.Road, Nr.Sachintower, Anandnagar, Ahmedabad, Gujarat	India
S3-737508475	-- Ivenium Railway LLC	7 Credit Drive, Mayflower, Arkansas	US
S3-737550057	Internal Internal Medicine - 3296356057	7114 Eversfield Dmive, Raleigh, North Carolina	US
S3-738247381	Jasso Realty,  Inc	1988 Webster Circle, Caseyville, Illinois	US
S3-738328936	Bivue	7556 1050, Milroy, IN	US
S3-738674810	Sunrise (Construction)	Mumbai City, Mumbai, MH, 4Th Floor	India
S3-738838681	C+ Optics, Corp.	8500- Palmer Ave, Minneapolis, Minnesota	US
S3-738911141	सन Constructions प्राइवेट लिमिटेड	C/o Shri Ngmchand Asharaflal Agarwal Kacchi Complex Opp Hira Hotel, Miraj, Sangli, MH	India
S3-738953043	ricciardelli, hilda c., o.d., pc	21303 Sr 81, Ohio, Jennings Twp	US
S3-739124653	Quoxylo DBA: Atlantic Academy York County	York County, 214 Murray Way, VA	US
S3-739258091	laxmiconsulting.com	13/288, 1St Floor, Irumban Building, Sreekrishnapuram (Post), Palakkad, KL	India
S3-739581430	Dm Event Límited	4A Keya Apartments 6A Keyatala Road, null, Kolkata, পশ্চিমবঙ্গ, Howrah	India
S3-73965673	KLQ Transformers Private Ltd	202, Apricot Survey No. 17/1/2, Ajinkya Park, Pune, MH	India
S3-739689314	miyasatomartinvesely.com	5670 New Harmony Road, Pikeville, Tennessee	US
S3-740133508	Brady	12365 Ensley Drive, Fishers, IN	US
S3-740474524	Lux  Mountain Barclays LLC	3045 Grandview Place, Darien, Illinois	US
S3-740537362	Royal Nutrition Concepts L.L.C.	18185 Forestbrook Loop, Bend, Oregon	US
S3-740558509	Signature Harbor Lake	Texas, Third St, Fort Worth	US
S3-740677107	Continental Blue Spire LLC	2271 Sunley Lane, Chesterfield, Missouri	US
S3-740905925	Sand Private Limited Center	A2-302, Dsk Madhuban, 3Rd Floor, Meter Room 1, Opp Orkey Mill, Near Sakinaka Of, Fice, Mumbai City, महाराष्ट्र	India
S3-740918157	Express Dtesirn Dtesirn Works (Llc)	2741 Juniper Way, City Of Holladay, Utah	US
S3-740926425	KS  Enterprises Private Limited	Plot 1412, Chanakyapuri, BR, Patna, Sainik Colony Pushpa Raj Sumitra Sadan Gola Road	India
S3-740999591	Cypress Goldman	616 Porter Hill, # 168, Youngsville, North Carolina	US
S3-741222361	Burke Arrived Inc	25889. 264 Hwy, Pantego CITY, North Carolina	US
S3-741350229	ॐ यूनाइटेड प्रोजेक्ट्स प्राइवेट लिमिटेड	Sumati Palace Shop No 501, BR, Phulwari	India
S3-741560270	Sarasiya Infraprojects Private Limited	# 12-10-587/2, Road No 4, Medibhavi, Seethafalmandi, Hyderabad, Andhra Pradesh	India
S3-741583179	HJW Pvt Ltd Center		India
S3-741682529	Ciraumbrahalo f/k/a Bhavsakti Agro Pvt Ltd	8-4-369/5-106, S. R Towers New Sastry Nagar, Erragadda, Hyderabad, Telangana	India
S3-741911317	Melody Sciences Private	5/588, Lucknow, UP	India
S3-741944187	Pediatric Dentistry American Health Llc	255 Douglass St, PMB 4271, Brooklyn, New York	US
S3-741971330	Prakriti India (India) Pvt.-Ltd.	Coimbatore, #196/18 &19 Ist Floor Aiswarya Commercial Center R S Puram, TN, Coimbatore	India
S3-741972858	Sanchez Cornerstone Liberty	001463 44 Street, Brooklyn, New York	US
S3-742073903	Saria Therapeutics	3538a Cherrystone Rd, Cheriton Town, Virginia	US
S3-742474965	Zuniga Perfect [LLC]	1130-A Cornflower Way, EAST Syracuse CDP, New York	US
S3-742960553	Synnex	7380 191st St, Tinley Park, Illinois	US
S3-743014621	Appomattox County Communities	6643 Hollywood Rd, Appomattox CDP, Virginia	US
S3-743077233	First Business Private		India
S3-743239017	Khatun-Express (Range)		US
S3-743279062	Bravo & (Co)	No #59 Block 12, J.n. Road, Haliyal, Uttara Kannada, KA	India
S3-743333234	Haloflux aka Meridian	9 Pitts Street, Natick, MA	US
S3-743550734	Glb Advisors-Co	3K, P.s.alankar, 857, Motilal Gupta Road, Kolkata, Howrah, WB	India
S3-743590709	Setao Xflh,	114 Cross Pointe Ln, Aberdeen, North Carolina	US
S3-743717620	Mr Jain Edusystems Private Limited	#00302, Bangalore, Jp Nagar, KA	India
S3-743914325	Sri Springs Stúdio Private Limited	No 8/2, Novel Office Centre, Ulsoor Road, Bangalore 42, Bangalore, Bangalore North, KA	India
S3-744044534	Kirti & Partners	No 4Th Floor, Surat City, Surat, ગુજરાત	India
S3-744108445	Complete Apex Xcel, Llc	76 Wstch Hill, Berlin, Connecticut	US
S3-744322569	Avixylo a/k/a 4896 Church Boulevard Owners Corp	Fairhaven, MA, 18 Rockland Street	US
S3-744730971	*** Essar Ínternational Private Limited	175/J Manicktala Main Road, Kolkata, Howrah, Kolkata, WB	India
S3-744867054	Health Valley	#4 Hilltop Dr, Pittsford, New York	US
S3-744986958	Slate  L.L.C.	24 Turning Mill Road, Lexington, Massachusetts	US
S3-745065773	South Gulf [Altisource]		US
S3-745172562	Wilkinson, Stneog and Smith Soulpower LLC	Nicole Ct, Imperiial, Missouri	US
S3-745396525	cox, alaniz & bryson llc	Calle Del Llano, Tos, New Mexico	US
S3-745684606	Chickie'S Delta Data Corporation	4001c Harlem Rd, NULL, New Alany, Ohio	US
S3-745743078	रॉयल टेक्नोलॉजी प्राइवेट लिमिटेड	737, North East, Delhi, दिल्ली	India
S3-745783922	Select Precision Ltd	#1334 Shepard Drive, Sterling, Virginia	US
S3-745979024	Wanids'S Partners	Maryland, 251-255 Admiral Cochrane Drive, Annapolis	US
S3-746494338	Bvs Medical Centre Prívate Ltd	#575 E-5/405, Delhi North East, North West Delhi, दिल्ली	India
S3-746562682	Pediatric Modern  Associates Inc	Massachusetts, 243 Newton St, Boston, Unit 2	US
S3-746581894	Best American L.L.C. (Center)	W66n1253 Forward Way, Cedarburg, Wisconsin	US
S3-746828380	Arrow Media  Private Limited	Door No 1St & 2Nd Floor No, Bangalore, KA	India
S3-746860581	Elite Realty Dynamics Co	5199 1/2 Trailhead Ln, NULL, Prior Lake, Minnesota	US
S3-746869910	DIVE Development PVT. LTD.		India
S3-747068282	Nalanda Sons Private Limited Service	Hn 838 13, MH	India
S3-747386951	Smt Shivam Conlrttuion LLP	###51 Bhupen Bose Avenue Kolkata, Howrah, Kolkata, WB	India
S3-747398297	Ace  Intelligence Technologies Inc	919 Arkansas Ave, Earle, Arkansas	US
S3-747714877	Star Investments Prilvacte Limited	Ae-16 Avantika, Ghaziabad, उत्तर प्रदेश	India
S3-747716918	Llc Tandi'S Massage,	127 Libhy Ln, West Gardiner, Maine	US
S3-747731484	Hotel	A-Shop-03, Sai Maitry Apt, Surveyno 402A Virat Nagar, Vasai, Thane, Maharashtra	India
S3-747804890	Boyd, Wdbct and Viner Clough	Ohio, 003566 Glenwood Pl, Cincinnati	US
S3-747989983	শক্তি টেক প্রাইভেট লিমিটেড	#134 Seth Srilal Market, Siliguri, Darjeeling, WB	India
S3-748035818	Arihant Royal Management Private-Limited	C-204 Shikshapatri Height, Chorayasi, Surat, GJ	India
S3-748038715	Sri productsrk.com	Ranga Reddy, Sy.no.17, 2 Floor, Himagirinagar, Gandhamguda, Pl.no.10, Hyderabad, TG	India
S3-74807906	Hinkle Associates ínc	840 Olympic Court, Clarkston, Washington	US
S3-748335272	Sakhi Welfare [Society]		India
S3-748392598	Wexpyra trading as Castaneda Modern Realty	616 State Street, Rush Twp, PA	US
S3-748402326	Ridge School Of Medicine	Banner Elk, 217 Foxgrape Hollow, North Carolina	US
S3-748797246	Dana E. Hoffman, D.D.S. Inc.	0033 Solar Ln, NULL, Searingtown, New York	US
S3-748801481	Cantrell Pipeline Of Taylor Mill	Taylor Mill Rd, Unit Apartment 286, Latonia Ky, Kentucky	US
S3-748922087	EDE Constructions Clinic Limited	Plot 194 Maniyankerikalam Kavalam, Alappuzha, കേരളം	India
S3-74898938	Agro Gwalior Resorts Límited	Hyderabad, TG, 15-9-262	India
S3-749042616	Classic Mortgage Works LLC	12739-12743 Mcdowell St, Le Grand, California	US
S3-749185961	Frayda's Specia1ists	36 Celestial Way, Marshall, North Carolina	US
S3-749399310	Frontier Trust Llc	923-D Walter E Martin Road, Conway, North Carolina	US
S3-749434807	Caressa B. Hamrick, Ph.D., DDS PC	El Paso Ave, Snyder, Texas	US
S3-749559295	First Golden	# Apartment 3K, Great Neck Plaza, New York, 36 Barstow Road	US
S3-749599438	Neelam Service  Public Limited	C/o Rajashri Ravindra, Shirol, MH, Kolhapur	India
S3-749617016	direct white	15813 26 Avenue, Flushing, New York	US
S3-749797851	Umbrahalo	4 Jefferson St, Unit Unit A, Phoenix, New York	US
S3-749813412	Colonial Institute Partners	14460- White Top View, Abingdon, Virginia	US
S3-750010337	Clear-Diagnostic Partners	01403 Ridley Road, Unit Lot 2, Phelps, New York	US
S3-750093551	New Delhi Pvt Ltd Services	Plot No-15, South West Delhi, New Delhi, DL	India
S3-750195769	Anita Madsen Esports Associates LP	4035 Hamblin Dr, Phoenix, Arizona	US
S3-750220851	Complete Total Total Flag Llc	0800 Dighton Lane, Schaumburg, Illinois	US
S3-750248302	Eastern  Blue Israel-Palestine	Miller Street, Palestine, Texas	US
S3-750382722	LEX Copley	401 Northwest Highway, Unit 1127, Irving, Texas	US
S3-750578843	Media  Solutions LLP	Shri Mishri, P No.5, Gf, Kh285, Asola, Fatehpuri Ber, South West Delhi, दिल्ली	India
S3-75067723	Maitri Multi Private	Rewa, 8/3., Agdal, MP	India
S3-750701606	Anderson Floating	California, 866 30th Avenue, Pleasure Point	US
S3-75089990	Center Hembree Wireman Inc.	Gatestone Forest Dr, Beasley, Texas	US
S3-751063626	Allen Shóre	01403 Pleasant Ave, Ontario ICTY, California	US
S3-751294679	Olivia Consultants Private-Limited	No 0039/2, Bannerghatta Road, Bengaluru, Bangalore, KA	India
S3-751379420	Agro Innovative Private Limited Center	C/o-gopal Patil Dwarka, Amalner, MH, Jalgaon, Nagar Pimple Road	India
S3-751501010	Synaria Sys	Flat. No. 3001, Ratna Punit Apartment, Street No.8, Mylargadda, Seethaphalmandi, Secunderabad, Hyderabad, Telangana	India
S3-751644206	Dr Sepl Institute of Technology Co	B-#45 Haryhur Society Village Khambhat Taluka Khambhat District Anand, Khambhat, GJ, Anand	India
S3-751676658	Quokelo dba Proper, Carlile and Kleinhans	1229 Columbiana Lisbon Road, Unit 91, Columbiana, OH	US
S3-751830116	Navarro Birch and Moriarty Hawaii LLP	116 Whitney Street, Camaas, Washington	US
S3-752103864	Jesselyn Óneal Wilc0 LLC	245 Montgomery Lane, Homewood, Alabama	US
S3-75226047	daoncontinentalmusiccom	7667 136, Terrell, Texas	US
S3-752294701	Tyler Star Nevada Corp	7796 Davis Road, Syracuse, New York	US
S3-752350413	Winner 8est Ltd	Sub Plot No. 6 60/61 Lati Bazar Gita Mandir Road, GJ, Ahmedabad	India
S3-752472641	Sri Swastik International  Priivaee Limited	B-00101, Ridhi Sidhi Comple, M G Road, Borivali (East), Borivlai East, Mumbai, MH	India
S3-752521487	Valley  Alliance	1234 Pimpernell Path, Middletown CDP, Delaware	US
S3-752590254	Angeles Angeles Shipping	1010 F St, null, Harlingen, Texas	US
S3-752669342	Xylofluxx née Minny P. Duran, M.D.	10 18 Nikos Way, Nogales, AZ	US
S3-752680533	Christ Crfh LLC	Arizona, Show Low, Jackson Ln	US
S3-753093343	East	428, Mastermind1, I.T Park, Royal Palms, Aarey Colony, Goregaon East, Mumbai, Mumbai City, Maharashtra	India
S3-753207574	Rmb Foundations	KA, B-138/b	India
S3-753550106	ભારત લોજિસ્ટિક્સ લિમિટેડ	Ff-101., Daskroi, Ahmedabad, GJ	India
S3-753682665	Limited Jaiswal Products	Room No. A-3/763h, Nh Service Road, Kodakara, Thrissur, KL	India
S3-753870442	Jodhpur Mushrooms Ltd	Shree Kunj Plot No. 0054 Behind Arora Namkeen, RJ, Jodhpur	India
S3-754096613	Inc Pedr0sa Resource,	51 Fairview Avenue, West Springfield, Massachusetts	US
S3-75445050	LYNDA'S PIONEER GRADING	008 Foxview Drive, PO Box 6041, Joliet, Illinois	US
S3-754626416	Dental  Clinic LLC	Wendell, North Carolina, #881 Still Willow Ln	US
S3-754679139	Fortune Finance-Private Limited	Rs No 226, Flat No C-808 Anantpuram Appart Bapat Camp, Kolhapur, MH	India
S3-754898115	ॐ यूनाइटेड प्रोजेक्ट्स प्राइवेट लिमिटेड	Sumati Palace Shop No 501, Phulwari, BR	India
S3-754937207	Center Cascio First Inc	1661 Stark District Road, Saint Johnsbury, Vermont	US
S3-755109987	Certified Wholesale	263 New Boston Rd, Sturbridge, Massachusetts	US
S3-755276261	Angeles-Shipping	1010 F Street, null, Harlingen, Texas	US
S3-755437996	Flora Bróthers Co	Door No 83 Sikrona Near Government School Fatepur Tegga, Faridabad, HR	India
S3-755533951	Esparza,  Pembroke-and Huh LLC	4438 Arrel Rd, Youngstown, Ohio	US
S3-75558002	Vistar India-Center	Shop No.2, Santacruz (West), Mumbai, MH	India
S3-755784596	Construction Magnum Rasayan	No. 362 Ff-17, Ahmedabad, GJ	India
S3-756041349	Zetavantage	Plot No.: 2224/2225, Kalpana Area, Bhubaneswar, Khordha, Orissa	India
S3-756426123	Beloflux trading as Brit Law Chambers	G-2, 1/28, Tilak Nagar, New Delhi, West Delhi, Delhi	India
S3-756599047	Total Dividend	401 Allen Ave, Bonham, Texas	US
S3-756798729	JHS Battery, L.L.C.	302-304 Dodge Street, Mount Holyl CITY, North Carolina	US
S3-756872425	Cozy Clchning Service Inc	4485 Pine Bluff Rd, Morirs, Illinois	US
S3-756951665	Proper, Carlile	Ohio, # 91, Columbiana Lisbon Road, Columbiana	US
S3-756979148	North (Milestone)	C-4 Siddharth Building, 14/2 Burdwan Road, Kolkata, Howrah, Kolkata, WB	India
S3-757144980	Swickard  Companies	#1530 Doubletree Ln, Nashville, Tennessee	US
S3-75751157	Dovavantage formerly: Allied Cornerstone Tax PLLC	1736 Vanderbilt Court, Burlington, NC	US
S3-757675188	Onyxwex	3170 Gilbert Rd, Floor 0, Chandler, Arizona	US
S3-757833150	oncology píoneer physicians	12066 Shotgun Ln, Sparta, Illinois	US
S3-758026588	নর্থ হরি সফটওয়্যার প্রাইভেট লিমিটেড	C/o Nirmal Bandyapadhya, Villand Puratanbongaon, Kalupur, North 24 Parganas, WB	India
S3-758241684	JANHAVI TRADERS PRIVATE LIMITED	S-062, Dlf Qe, Gurgaon, HR	India
S3-758793513	व्हाइट ग्लोबल प्राइवेट लिमिटेड	Cd-242, Second Floor Vishaka Enclave, Pitampura, New Delhi, दिल्ली	India
S3-758905085	LIV RESORTS PVT LTD	241, Bangalore North, Bangalore, KA	India
S3-758946484	fleming ncr	6418-C Rockwell Boulevard, Charrlotte, North Carolina	US
S3-759799134	Pediatric  Dental Clinic	Azalea Ln, PO Box 2938, Andrews, North Carolina	US
S3-760045667	Nexdrex d/b/a Baba Shree Developers Limited	New No.278/102, 4Th Floor Peters Road Royapettah, Chennai, Tamil Nadu	India
S3-76050749	Joint  For Co	B-40-a, New Delhi, South Delhi, DL	India
S3-760840873	Taylor Harbor Sesifr	9219c Falls Creek Trail, Albuquerque, New Mexico	US
S3-76099992	Byrd Pinnacle Rock	4420 Canyon Coral Way, Rancho Cordova, California	US
S3-761078857	Premier Vanguard Data Llc	6115-6119 Pioneers Point, Brecksville, Ohio	US
S3-761215046	As &	Hno.f-##9, Floor-2nd, Auchandi Road, Land Mark Near Shiv Mandir, Village - Bawana, New Delhi, North West, DL	India
S3-761267408	royal consulting	100 Amber Woods Drive, Fort Mill, South Carolina	US
S3-761297562	Maa Developers Private	313 3Rd Floornavneelam Sfcitey R G Thandni Marg Worli, Mumbai, MH	India
S3-761303907	American Métro Blockchain L.L.C.	#3150 Glen Oaks Ave, Unit Unit 209, White Bear Lake, Minnesota	US
S3-761344806	Star ইনভেস্টমেন্ট Limited	No 47 Mandir Road Flat No 4D1 P S Dum Dum, Calcutta, Kolkata, WB	India
S3-76154686	-- Cranford, Mitchell and Brown Lion	904 Lakeshore Drive, Kelleyss Island, Ohio	US
S3-761577436	Services Old Stokes	#22 Collins Cove Road, Machiasport, Maine	US
S3-761805529	Baldwin-And Baldwin-And (Trant-Llc)	3520 Salmon Avenue, Redmond, Oregon	US
S3-761871191	Dean Tailwind LLC	894 Willman Road, Talladega, Alabama	US
S3-762122381	Joy's Dental		US
S3-762761921	urology ridge care associates inc	85 Telegraph Road, Ausable, New York	US
S3-762776331	Shri Kulkarni Institute Private Ltd	Dr.no-224, Ph-ii Kamalapuri Colony, Ganganagar, Hyderabad, Andhra Pradesh	India
S3-762948763	Umbraquo Co aka Agro Innovative Infrastructure Private Limited	C/O-Gopal Patil Dwarka, Nagar Pimple Road, Amalner, Jalgaon, Maharashtra	India
S3-762987888	Limited Delonix Traders Services	256, Prantick Pally, Kasba, Kolkata, Kolkata, Kolkata Region, পশ্চিমবঙ্গ, 4Th/7 Floor	India
S3-763047849	Surgical Center	1011 52nd Dr, Marysville, Washington	US
S3-763063338	The Bistro! Silver	125 Water Oak Dr, Smithfield, North Carolina	US
S3-763267856	VOP Etf	104 Ashwood Rd, Rice, Virginia	US
S3-763434414	Reyes, Le0nore Rapid Pampa	Dallas, Texas, 926 Livenshire Drive	US
S3-763567873	Visionary  & Sons Private Limited	Flat No.gb/05, Bangalore, <NULL>, KA	India
S3-763752163	Services Ivenent L.L.C.	5473 Sr 249, Hicksvile, Ohio	US
S3-763838739	Campos Rocklob [Inc]	##3925 52, West Lafayette, Indiana	US
S3-763931501	Lumdeltalum f/k/a Whatley & Uribe Inc	3942 22nd Avenue, Cleveland, OH	US
S3-763960815	Risk Patm LLC		US
S3-764440395	STRATEGIC DEFENSE GROUP	746 Christmas Trae Rd, Dunn, North Carolina	US
S3-76445043	Rainey and Dicekrman Australia Inc	5632 1/2 Swan Dr, Richmond, Virginia	US
S3-764608293	Tovar Packaging	Floor 1, Missouri, Horseshoe Cir, Columbia	US
S3-765136724	Heinrich, Torres &-Lee, L.L.C.	131517-131519 Federal Boulevard, Rvierton, Wyoming	US
S3-76514670	Isahella Matlock Matlock LLC Center	34742 101 Business, Astoria, Oregon	US
S3-765432043	The Interstate Ministries	3433 Campbell Avene, Phoenix, Arizona	US
S3-765569418	Headrick,  Harker & Dick Nexera		US
S3-765571060	Patriot Project of Covfinotn, Corp	#245 7th St, Kentucky, Covingotn	US
S3-765775604	Smt Southern Bank Private	No 7 B Block Vasu Layout B1 Dattagally, Mysore, KA	India
S3-765822586	Prime-Homes	6089 Fork Highway, Cabins, West Virginia	US
S3-765856804	Paske Íntegrated	1361 Hathaway Rd, null, Bellville, Ohio	US
S3-76612097	limited baba shree developers	G-278/102, Chennai, TN	India
S3-766314654	Golden Agro-Private	703, Gurgaon, Industrial Estate, HR	India
S3-76635255	Pioneer Foundation Private  Limited	B-xx-550 Ghumar Mandi, Ludhiana, PB	India
S3-76647500	Kara M. Róbertson, MD	New York, 12906 Transit Lien Road, Springville	US
S3-766673291	ॐ कंस्ट्रक्शंस प्राइवेट लिमिटेड	150-A/6, Savitri Nagar, New Delhi, DL	India
S3-766981365	Radley and Aregria Healthcare LLC	Unit 23, Mesa, Arizona, 735-737 Country Club Dr	US
S3-767027537	Lizette's Públishing	668 1/2 Main Street, # 2, Brockton, Massachusetts	US
S3-767292440	Metropolitan Fund Corp	Laval Street, Waterbury, Connecticut	US
S3-767540291	National Cohen Cohen Corporation		US
S3-767697344	সাউদার্ন হসপিটালিটি	Howrah, Anuj Chamber Camac Street, Park Street, Kolkata, Kolkata, পশ্চিমবঙ্গ, D/24 1St Floor	India
S3-76784779	Huggins Commrece	4539 Underwood Drive, Redding CITY, California	US
S3-767873410	Reus Industries | www.reusindus.com	637 8th St, Huntington, West Virginia	US
S3-76794699	Goodson And Scott LLC Center	509 Glenmeadow Dr, Ballwin, Missouri	US
S3-768176433	Private I1ead Storage Limited	No.5, Peenya, KA	India
S3-76820376	Kanak (India) Pvt. Ltd	H.no 145 Keshab Chandra Sen Street, Calcutta, Kolkata, WB	India
S3-768211622	Fesning Ncr	6418-C Rockwell Blvd, Charrlotte, North Carolina	US
S3-768457140	#noelmurphy	216 1/2 Brittany Lane, Belleville, Illinois	US
S3-768611541	Ss Eegtrpsrse Limited	H.no 118/7Opp Electricity Office Kattoor, Thrissur, KL	India
S3-768869180	setao xflh, inc.	114 Cross Pointe Lane, North Carolina, Aberdeen	US
S3-76889919	Gea LLC	142 Back Nine Drive, White Pine, Tennessee	US
S3-768916154	Dr Zephsyn	Room No. 602, Thane, महाराष्ट्र	India
S3-769242479	Bravo &	KA, Uttara Kannada, Haliyal, J.n. Road, Door No #59 Block 12	India
S3-769340752	Orthopedic LLC	Epes Street, # 103, Blackstone Town, Virginia	US
S3-76938773	Allied (Center)	Plot 343 City Sr No 170 Word No 1, Bhavnagar, GJ	India
S3-769956447	Nh Systems	MH, Akurli Road, Near 282 Last Bus Stop, Damu Nagar, Kandivali (East), Bombay, Mumbai City, Pandey Nivas	India
S3-770133094	Chiropractic  (Medicine)	242 Godfreys Ln, Hertford, North Carolina	US
S3-770184671	Goar Stóne LLC	2105 Wood Ridge Cove, Cedar Park, Texas	US
S3-770199340	Webb Credit Pllc	Virginia Beach, 745 -303 Lawrence Dr, Virginia	US
S3-770259261	Vicari & Sellars Index Inc.	512 The Greens Ave, Newberg, Oregon	US
S3-770273612	Vaayuin Worldwide Private Ltd	Lake District, Calcutta, Howrah, WB	India
S3-770330195	Delhi Delhi Sons Prívate Ltd	North West, Shop No.14, DL, Plot No.26, Upper Ground Floor, Viaks Royal Arcade Road No.44 Community Center, Pitampura	India
S3-77064501	इंडियन प्रोजेक्ट्स प्राइवेट लिमिटेड	South Delhi, #778 405, DL, New Delhi, Skyline House 85, Nehru Palace	India
S3-770808282	Legacy Cléaning LLC LLC	1305-1307 University Avenue, Unit Unit 112, Waukee, Iowa	US
S3-770904135	Meify Inc	Brooklyn, New York, 15 St	US
S3-770986740	Digital Wealth Alliance	9314-9318 Cherry Hill Rd, PMB 1698, College Park, Maryland	US
S3-771260029	New  Delhi India Pvt Ltd	Plot No-15, South West Delhi, New Delhi, DL	India
S3-771333254	Oncology Group Services	Airport Industrial Park Rd, Parkersburg, West Virginia	US
S3-77133386	Big Key	F N9 Sn5/10 Someshwarwadi, Sahadeo Avenue Pashan, Pune City, Pune, Maharashtra	India
S3-771404980	Ilse's Rapid Law Inc	105. Miles Drive, San Marcos, Texas	US
S3-771504499	Tavodrexio a/k/a Premier Products Private Limited	Pada No-4, Thakur Sheth Compound, Pathare Chawl, Behind Bakery, L M Nagar, Thane, Thane, Maharashtra	India
S3-771925293	tech religious maa co	Gagen Uno, Pune City, Pune, MH	India
S3-771984700	NH Systems Corporation	Pafdey Nivas, Akurli Road, Near 282 Last Bus Stop, Damu Nagar, Kandivali (East), Bombay, Mumbai City, MH	India
S3-772062439	Sri Bharat Logistics Límited	Ahmedabad, Solitaire Arcade, Opp.vitthal Plaza, Nr. Saptak Vihar Resid., Vastral, GJ, Ff-101., Daskroi	India
S3-772213140	Ace Biomedical Deyancs	490 Mt Vernon St, St Johnsbury, Vermont	US
S3-772418215	Flora Brothers-Co	H.no 83 Sikrona Near Government School Fatepur Tegga, Faridabad, हरियाणा	India
S3-772485615	M/s Health-Processing Limited	Khagaul Road, Dinapur-cum-khagaul, BR	India
S3-772527730	Kumhar (Near  Railway Gumti) Projects Ltd	Sharda Lok Sandalpur, Patna, Kumhar (Near Railway Gumti), BR	India
S3-772786324	Cameron  Priority Partners	N423 C, PMB 8248, Kaukauuna CDP, Wisconsin	US
S3-772921451	2677 First Road Holdings	Wagon Trail Rd, Houston, Texas	US
S3-773129949	Perl Wilson,	3537 Rainbow Boulevard, Kansas City, Kansas	US
S3-773217236	Ariadova Labs formerly Dental Clinic LLC	881 Still Willow Lane, Wendell, NC	US
S3-773294505	Alvarez-& Mendez	12981 Brannon Rd, Bethel CDP, Ohio	US
S3-77329533	XD Allied	34137 Eureka Avenue, Yucaipa CDP, California	US
S3-773417879	U 3 K Stel	5200 Clairemont Dr, Appleton, Wisconsin	US
S3-773765035	Tameer and Brothers Limited Partners	G - 802, Rohan Iksha, No. 14C/123, Bhoganahalli, Bangalore, Bangalore South, ಕರ್ನಾಟಕ	India
S3-774132357	Industries-Vardan Fresh Ltd	Door No 305 705, Ansal Vikas Deep Building Laxmi Nagar District Centre, Vikas Marg, Delhi, <NULL>, DL	India
S3-774264294	New Delhi Corp Services	G - 53 Sarita Vihar, NULL, New Delhi, North Delhi, DL	India
S3-774483537	Corporate Brothers  Private Limited	Plot 679 C704, Bangalore South, Banglore, KA	India
S3-774600435	Temple Fellowship-LLC	404 20th Avenue, Minot, North Dakota	US
S3-77462123	Sai Advisors  Center	No 3, Perumal Koil 1St Street, Kotturpuram, Chennai, தமிழ்நாடு	India
S3-774768978	Pollachi Crop Limited Center	H.no ##113, New No. 96, Gandhinagar, Kottur Road, Suleeswaranpatti, Pollachi, Coimbatore, TN	India
S3-774824867	Seaview Farm Private	HR, Gurgaon, N 302, Palm Drive Appartments, Sector-66, Gurgaon	India
S3-775043988	Community Alliance Inc.	810 Moorpark Place, Tucson, Arizona	US
S3-775048482	LFL Ltd. Pvt. House	Mandawali Fazalpur, Delhi, 125/2, Second Floor, Vigyan Vihar, Near Yamuna Sports Complex, DL	India
S3-775202212	Dawa Bazaar R.N.T. Marg Project Private-Limited	124, Dawa Bazaar R.n.t. Marg, Indore, MP	India
S3-775670348	Kinesis (India)  Infraproperties Ltd	2/113 Raheja Crest, Oshiwara Off New Link Rd, Mumbai, MH	India
S3-775817300	Urban-Coffee	Center Road, # Apartment 2, West Seneca, New York	US
S3-775857408	Cecile M. Roberts, Ph.D.	00196 Reservoir Ave, Westfield, Massachusetts	US
S3-775937311	Redfox (India) Meotatlurgial Ltd	H.no 1 St Floor 4/271 Pari Salai Mogappair East, Chennai, தமிழ்நாடு	India
S3-776290597	consultancyambica.com	No.11/20, 10Th Avenue, Ashok Nagar, Chennai-83., TN	India
S3-776343839	Smt Wild Associates Service	207, K No 401/207, Bsr Layout Konasandra Village, Jigani, Bangalore, KA	India
S3-776441597	Bhopal Consultancy	39, Old Ashoka Garden, Near Church, Raisen Road, Bhopal, MP	India
S3-776493699	shawgiovannadds.com	570 Halsey Avenue, Buffaol, Minnesota	US
S3-776523861	Dia, lnc Center	75 Brookbend Court, Texas, Waxahachie	US
S3-776804773	Pittman Tri State Antimony	15405 35th Avenue, North Lynnwood, Washington	US
S3-777046737	Coraque, Inc	19 Stuart Ave, Wappingers Falls, New York	US
S3-777125389	Petty Virtus of  Allen	1000. Blackenhurst Lane, PMB 6184, Alleen CITY, Texas	US
S3-777240933	Harbor Trailblazer LLC Center	3208. Glenda Avenue, N/A, Haltom City, Texas	US
S3-777455192	Arctavox DBA North Crystal Rare Clinic	719 Westgate Avenue, Fl 1, Saint Louis, MO	US
S3-777577489	Gta Niuing Home	C-715, Ahmedabad, GJ	India
S3-777976415	Flowers	10706 97th Avenue, Vancouver, WA	US
S3-778158001	Cornerstone Energy Próducts LLC	1828 Cedar Gate Cir, Birmingham, Alabama	US
S3-779205248	Future Finance Limited Services	Pdomotor- Ah -35, Salimar Bagh, New Delhi, DL	India
S3-779369054	Bronsonkolbjacobs.Com	25246 Court St, SAN Bernardinno, California	US
S3-779451178	Shaan Ássociates Project	Flat No.105, Kukatpally Hyderabad, Hyderabad, తెలంగాణ	India
S3-779659262	I+-Era	2596 State Highway K, Clevver, Missouri	US
S3-77975299	Gonzalez Interstate Redilience LLC	519 Nashua Rd, Canutlilo, Texas	US
S3-779816333	Christ Cathedral	129 Lafayette Ave, Niles CITY, Ohio	US
S3-779858601	Internalmedicinehealth.Com	10 Hartsdale Street, Smithtown, New York	US
S3-780116219	ബാബ മാനേജ്മെന്റ് പ്രൈവറ്റ് ലിമിറ്റഡ്	Akanadkoovappady Perumbavoor, Ernakulam, കേരളം	India
S3-780126102	Fortune Producer லிமிடெட்	No 36, Erode, தமிழ்நாடு	India
S3-780140460	Pipefittersunionlocal.Com	Prospect Heights, Illinois, 30 Euclid Avenue	US
S3-780223416	Ironworkers Local 777 Services	Vallye PARK, Missouri, 0025 Wynstay Avenue	US
S3-780315611	ऑल Marketing प्राइवेट लिमिटेड	302 2Nd Flor, Bhera Enclave, Paschim Vihar, New Delhi, West Delhi, DL	India
S3-780395818	Irikor f/k/a Bogle Investments LLC	2209 Caronia Street, Unit D, Charlotte, NC	US
S3-78057376	Halcial Mídlhabd	28 Dogwood Lane, New York, Manorville	US
S3-781071125	Ironclad	181 Audubon Rd, Jacksonville, North Carolina	US
S3-781206851	Empire (Unified)	2730 Sandpiper Trail, W. Chicago, Illinois	US
S3-781312709	Gujarat Consultancy Limited Private	3-46 B-21, 2Nd Floor, Lajpat Nagar-ii, New Delhi, South Delhi, DL	India
S3-781386412	Noviwexaria	C/o 37C/1A/5C, Newada, Allahabad, Allahabad, Prayagraj, UP	India
S3-781420623	Value	2028 Birch Avenue, Unit Apt 2, Fayetteville, AR	US
S3-781573127	Chiropractic Médicine	242 Godfreys Ln, Hertford, North Carolina	US
S3-781763420	Sholar, Alia W., Ph.D.	2109 88rd St, Kenosha, Wisconsin	US
S3-781923734	Hannon  Energy	2908-2912 Saint Charles Dr, Mansfield, Texas	US
S3-781966984	M and X	523 4th Ave, PMB 3162, Tuccson, Arizona	US
S3-782283705	yuvraj public school	0039/2475-B1, Ernakulam, Palarivattom, KL	India
S3-782456081	Thoothukkudi Thoee Co	TN, Tuticorin, Door No 26A/1A, Thoothukkudi	India
S3-782495680	Ross & Waggoner (Yhn)	4112 Pleasant Valley Road, # 120, Raleigh, North Carolina	US
S3-782687128	bureau of housing	1232 Buckhead Trl, Mt Juliet, Tennessee	US
S3-78269404	Aparna Industries Corporation	Inayat Nagar, 5 Nambar, Milkipur, Faizabad, उत्तर प्रदेश	India
S3-78286800	ब्लैक बिजनेस लिमिटेड	First Floor B-4 Hari Bhuvan, Zaver Road, Mulund West, Mumbai, Mumbai City, MH	India
S3-782906387	Appomattox County Communtis		US
S3-782943107	Shri Hari Global Limited	28, Rewari, Gurgaon, HR	India
S3-783099856	Al Exheprs	C/o Nilam Devi, Vill-bhujapur, Daulatpur, Masaurhi, Jehanabad, BR	India
S3-783202288	PANYA RHINO PRIVATE LIMITED	H.no 7, Sector 3, Imt Manesar, Gurgaon, हरियाणा	India
S3-783210269	Green Islands	312 Main Avenue, Niitro, West Virginia	US
S3-783317988	Horizon (Inc)	1145d Micheline Terrace, Richmond, Virginia	US
S3-783412388	Moore Total Rain LLC	3945b Octavia Avenue, Chicago, Illinois	US
S3-78349716	gasupply.com	H.no.43 Sainik Enclave Sector-iii Mohan Garden Uttam Nagar Pole No.1543, New Delhi, West Delhi, DL	India
S3-783505503	Oncology Group-Center	3556 Piedmont Rd, # 108, Atlant Atownship, Georgia	US
S3-783764522	Jenn Graves Systems Inc Center	28234 Us Highway 70, San Patricio, New Mexico	US
S3-783836684	TODARO EMPIRE PARTS	#63 Fletcher St, Lowell, Massachusetts	US
S3-783976663	Harbor Worldwide,		US
S3-78423873	The  Bracco Materials LLC	Cary, 715- Collington Dr, North Carolina	US
S3-784338339	Gonzalez Interstate Resilience	519 Nashua Rd, Canutlilo, Texas	US
S3-784386525	Bangalore. Technology [Limited]	19/D3, Bull Temple Road, Bangalore, Bangalore., KA	India
S3-784562211	Twisted Yoga Co	4700 Alkire Road, Columbus, Ohio	US
S3-784664991	स्काई तिरुपति हेल्थकेयर लिमिटेड	H.no 33 Foota Road, Kurukshetra, Thanesar, HR	India
S3-784763723	Chan, Ferguson &  Mcnicol Inc	4358 Rio Cancion, Tucson, Arizona	US
S3-784910890	cameron allied priority	N423 C, PMB 2634, Kaukauuna CDP, Wisconsin	US
S3-785125427	Sri Coromandal Marketing Private	G-3, Mumbai, MH	India
S3-785191039	Oncology  Physicians	4611 Sycamore Drive, # APT 104, Lorain, Ohio	US
S3-785285082	Wexyuma One a/k/a Safalya & Brothers Private Limited	201/A, Vertex Vikas, Sir M. V. Road, Maharashtra, Mumbai, Andheri (East)	India
S3-785367528	Kirtika Solar	301, 3Rd Cross, Rustum Bagh Main Road, Bangalore North, Bangalore, KA	India
S3-785645002	... Motley, Romo & Cross	45 La Granja Road, San Benito, Texas	US
S3-786247717	BH-[Service]	Khasra No 1035 Near Back, Side Shanti Ispat Khandsa, Sadar Bazar, Gurgaon, HR	India
S3-786261969	Zetaecto DBA: Digital Logistics Digital LLC	5624 104th Street, Omaha, NE	US
S3-786352077	LP Chesney Meridian	05 Harvest Hills Dr, Woodbine, Iowa	US
S3-786365418	ஸ்ரீ புரொட்யூசர் பிரைவேட் லிமிடெட்	19Th Street, Chennai, TN	India
S3-786605790	Internal Medicine Health, LLC	10 Harstdale St, Smithtown, New York	US
S3-786618059	prairie chemical inc.	Lakeshore Road, Chelan, Washington	US
S3-786734092	Bangalore. Technology	19/D3, Bull Temple Road, Bangalore, Bangalore., ಕರ್ನಾಟಕ	India
S3-786914043	M/s Chamundeshwari & Sons Limited	1, Gurugram, Gurgaon, HR	India
S3-78696606	VINAYAK TELESYSTEMS PRIVATE LIMITED	C/o Shivaji Singh, Mohaddiganj, Mahdiganj, Sasaram, Rohtas, बिहार	India
S3-78702161	Rojas  Lane LLC	413 Bidwell Avenue, Waukesha, Wisconsin	US
S3-787035613	#sreetech	Shop No. 28, C Wing, Ground Flr Maruti Niwas, Plot No B-37, Sector 6, New Panvel, MH	India
S3-787100319	Cardiology Partners of Brooklyn	321 Nostrand Ave, Brooklyn, New York	US
S3-78735580	Prairie [Auto]	Alabama, 16554 Brigadoon Trl, Baldwin County	US
S3-78735767	Choice Resorts Incorporated	711 Pleasant Lane, Lagrange, Indiana	US
S3-787728037	ఏపెక్స్ టెక్ ప్రైవేట్ లిమిటెడ్	H. No. 10-3-444/120A P S Nahar, Hyderabad, TG	India
S3-787797948	Surgical Care of Dixie Ltd	4089 Dixie Hwy, West Virginia, Dixie	US
S3-787798477	Balla Green Tankers		US
S3-788033697	6reat Project Associates	17554 Waterman Lane, Marana, Arizona	US
S3-788042948	Bogle Investments Llc	Charlotte, Unit D, North Carolina, 2211 Caronia Street	US
S3-788045302	Rose Pvt Ltd Services	A ##17, Raju Enclave Dwarka, Kakrola, New Delhi, दिल्ली	India
S3-788054641	Solutions Amr Krishna Center	B-g-219, Gurgaon, हरियाणा	India
S3-788075538	Platinum C0rnerstone Centurion [Inc.]	12 Hasting Place, Viilonia, Arkansas	US
S3-788080675	LFL House (Pvt.)	125/2, Second Floor, Vigyan Vihar, Near Yamuna Sports Complex, Delhi, Mandawali Fazalpur, DL	India
S3-788159926	stoddard, sargent & chandran inc	Knob Hill Estates Road, Sylva, North Carolina	US
S3-788432517	Shiva Foods Pvt	Centre For Incubation & Entreprenuership, 3Rd Floor Vindhya-c4, Iiit-hyderabad, Gachibowli, Hyderabad, TG	India
S3-788721488	4022 Third Drive LLC Service	360 Union Ave, West Haven, Connecticut	US
S3-788798267	Cardiology Clinic	2750 Havenwood Drive, PO Box 1158, City Of Oshkosh, Wisconsin	US
S3-788820267	Kural Soft Private	Hamirpur, UP, C/o Meher Kumar Nigam, Na, Jail Talab Road Meherpuri	India
S3-788883776	rockytherapyphysical.com	125A Villa Avenue, Yonkers, New York	US
S3-788977560	Krishna-Pvt. Ltd. Services	17Th Floor, Mumbai City, Mumbai, MH	India
S3-789020230	Commission ON Parks AND Recreation	675 Read St, PO Box 8769, Seekonk, Massachusetts	US
S3-789143446	Pediatric	87-59 86 Street, Woodhaven, NY	US
S3-789158740	Private Green Real Technologies Ltd	2/210, Mahoba, Lucknow, UP	India
S3-789361783	Ghazipur [Clothing]	UP, Ghazipur, H.no 48 108, Ghazipur	India
S3-789545794	Fu, Emmert & Perkins Oaktree Inc.	01710 Mount Hood St, <NULL>, The Dalles, Oregon	US
S3-789586490	Ariaquowex	Kh No. 42/17, Kangan Heri Road Near Rangoli Farm, Chhawal, New Delhi, South West Delhi, दिल्ली	India
S3-789633012	Motley, Romo & Crnoss Lion Inc	45 La Granja Rd, San Benito, Texas	US
S3-789669465	Interstate  Fund	216 Prentice Soreet, Unit 114, Stevens Point, Wisconsin	US
S3-789774880	The Sky Tirupati Healthcare Limited	Pankaj Colony, 33 Foota Road, Kurukshetra, हरियाणा	India
S3-790191261	Ballew & Inc Holmer,	5109- Rock Beauty Court, Waldorf, Maryland	US
S3-790261978	Siex Metropolitan Inc Center	00756 Bowie Street, Amarillo, Texas	US
S3-790665337	Star Private Limited Service	D-525/25a F/f, Kh.no-550, Gali No-12, Ashok Nagar, North East Delhi, DL	India
S3-790739130	Bernier Generation	7670 Quill Lane, Scottsdalle, Arizona	US
S3-790898954	Inc Simon Prairie Smith	602 Duke St, Floor 0, Weatherfor DCDP, Texas	US
S3-790983010	அர்பன் மேனேஜ்மெண்ட் பிரைவேட் லிமிடெட்	H.no 54, Mettupalayam Road G N Mills Post, Coimbatore, Thudiyaloor, TN	India
S3-790991591	Southern Hospitality	D/24 1St Floor, Kolkata, Howrah, WB	India
S3-791060436	6ajanan Corporation Films	T H G Marketing Private Limited Opposite Municipal Park Road, Muktsar, Gidderbaha, PB	India
S3-791205322	Raleigh Sunshine Corp Service	119 59th St, Seattle, Washington	US
S3-791462026	Yumaaviriza formerly: Hopper & Wilson Egh Inc	1716 Woodlawn Drive, Scotland Neck, NC	US
S3-791551715	Thomas Supreme Dévelopment LP	9260 Amberligh Dr, Plainfield, Indiana	US
S3-79161126	Surya Constructions	Fl. No. 308, Surat, <NULL>, ગુજરાત	India
S3-791805853	Global Pink Leaming Public Limited	##2-57, Medak, తెలంగాణ	India
S3-791994794	VOP VOP Étf	104 Ashwood Rd, Rice, Virginia	US
S3-792132191	Bravo &  Co	Door No #59 Block 12, Haliyal, Uttara Kannada, KA	India
S3-792139989	#olsonchelsey	3027-C 101st Ln, Tolleson, Arizona	US
S3-792143524	Elder & Htrnss-LLC	116 Foley Lane, Folsom, California	US
S3-792203040	The A Cure 7 You LLC	##311 Commonwealth Avenue, # 20, Boston, Massachusetts	US
S3-792214036	Leque  LLC Services	127th Ave, Kent, Washington	US
S3-792519134	All Marketing Private Ltd	302 2Nd Floor, Bhera Enclave, Paschim Vihar, New Delhi, West Delhi, DL	India
S3-792938654	@physicaltherapy	Texas, 7216 1/2 Los Angeles St, Houston	US
S3-793026370	Digital  Technology	Pl#6/5, #2 Anna St, 1St Cross, Therodum Veedhi, Chennai, Poonamallee, TN	India
S3-79314478	Adriane L.-Prosser, O.D.	00275 Pine Rd, Arizona, Williams, <NULL>	US
S3-793195542	Global Prógram	Washington, 2315-A R St, District of Columbia	US
S3-793258563	My फाउंडेशन प्राइवेट लिमिटेड	Plot No-15a., New Township, Faridabad, HR	India
S3-793887036	Olson, Chlyh H., P.A.		US
S3-794445685	medicalconsultants.com	78 Summer Street, Unit 2, Natick, Massachusetts	US
S3-794475039	Kamalalaya Sh	No. 2313 Saptaghiri Padmi, 15Th Cross 2Nd Cross Hal, Bangalore North, Bangalore, KA	India
S3-794644611	H0using (Próject)	Utah, 7871 Majestic Ridge Dr, Salt Lake City	US
S3-794706278	గుడ్ కన్సల్టెన్సీ లిమిటెడ్	No 31/A, Vengalrao Nagar, Hyderabad, TG	India
S3-79486964	Dynamic Trusted Trusted Software Incorporated	925 Broadmoor Drive, City Of El Paso, Texas	US
S3-795070600	@starpayment	1550 105rd St, Edwardsville, Kansas	US
S3-79513128	Sasoft Interests	7176 234, Ladoga CITY, Indiana	US
S3-795201726	Ridge Babcock	615 Oxford Saint, Indianapolis, Indiana	US
S3-795277282	BC Hydrogen Private - 3248751073	Plot 813 Khata No. 87 Plot No. 830, Puri, Orissa	India
S3-79536799	Green Limited Private Fúnds	Shop No 1-14, Grd Flr Mahavir Dham Chs Plot No -112 Sector -12, Thane, Vashi, MH	India
S3-795570110	Z/Z Ínc Services	2190 State Rte 213, Tiptonville, Tennessee	US
S3-795674317	Behavioral Care Health Associates Of Port Jervis	035 Orchard St, Port Jervis, New York	US
S3-795805024	Physical Therapy Medicine LP	19046 1/2 Stoddard Way, Apple Valley, California	US
S3-796149383	Kaveresh-Fashion	203, Thane, Kalyan, MH	India
S3-796313018	Lumflux	Everett, 27 108th Street, Washington	US
S3-796332798	സ്റ്റാർ ഇൻഫ്ര പ്രൈവറ്റ് ലിമിറ്റഡ്	1/440, Thalapilly, KL	India
S3-796640923	Wealth Thhre Private Limited		India
S3-796673341	Dr Transworld-Digital	GJ, Ahmedabad, A - D/1, Ranip	India
S3-796822216	Faeovue	704 Copperline Drive, # 102, Chapelhill, North Carolina	US
S3-797686049	Mark Ventures	Wz Â 8, New Delhi, DL	India
S3-797931775	krishnatech.com	Office No 1, Fourth Floor S No 177/1, Hadapsar, Pune, MH	India
S3-797992142	Donnie Gabriel Fitness Corp	3531 Maris Way, Humble, Texas	US
S3-798095387	Parker Glmrand Paloma Inc	9665 Capella Ave, Concord, North Carolina	US
S3-798152863	Smt jainatelecom.com	Flat No 404, Ahmednagar, Ahmed Nagar, MH	India
S3-798281261	Rrs Textiles Private	17/543, Mundeth House, Marottichodu, Kalady P O, Aluva, Ernakulam, KL	India
S3-798425927	Safe Dpc - 3857729841	1122 Briarwood Cir, Moody, Alabama	US
S3-798571116	Thielen Modern Barings		US
S3-798644208	GULF ENERGETICS INC	#94-01 25 Ave, E Elmhurst, New York	US
S3-798863423	Oncology Physícians | www.oncologyp.com	4611 Sycamore Dr, # APT 104, Lorain, Ohio	US
S3-798864580	cardiologymedicine.com	440 Rhode Island Ave, # 104, Washington, District of Columbia	US
S3-79936502	P 2 R  Center	5525 Limasurg Road, Unit Apartment G, Burlington, Kentucky	US
S3-799378592	व्हाइट सॉल्यूशंस लिमिटेड	185, East Delhi, DL	India
S3-79950172	Jones Dynamic Can Co	Massachusetts, # A, Randolh, 3 Michael Rd	US
S3-799568899	UX Global-Private [Limited]	J-1955, DL, Southeast Delhi, New Delhi	India
S3-799716154	Fredrika Griffin Cóntinental Pinnacle LLC	Maryland, Ellicott City, 2824 Still Leaf Lane	US
S3-799729676	constellation earthmovers limited	Vill- Mahua Singh Rae, Tola-mahua Singh Rae Post- Mahua, Ps-mahua, Mahua, BR	India
S3-799945408	Sri *** srt software private limited	No.9/614, <NULL>, Chennai, தமிழ்நாடு	India
S3-800340524	Bies Tinto Inc Partners	7500 Hunters Mill Rd, Unit APT J, Blacksburg, Virginia	US
S3-800432422	Products Enviro-Pvt Ltd Center	#487/36, DL, West Delhi	India
S3-800459668	Gentry Supreme	618 Danny Ln, Franklin, Tennessee	US
S3-800508294	Barabani Private Limited Center	C/o Varsha Agarwal, F-1 A, Shree Hl Appt Tagore Road, Barabani, Bardhaman, WB	India
S3-800534082	Epstein Fashion  LLC	965 Gorgas St, Mobile, Alabama	US
S3-800549082	Western Beacon Défense LLC	1519 32th Street, Fargo, North Dakota	US
S3-800957565	dentalpartnersrockford.com	Illinois, 1125 Grant Avenue, Rockford	US
S3-801184026	Internal Medicine Health, Llc	10 Hartsdale Street, Smithtown, New York	US
S3-801221662	Regional Lina [LLC]	Edgeware Rd, Hampden Township, Pennsylvania	US
S3-801248360	SB Highland  Mines, LLC	25990 Cedar Valley Rd, Natrona, Wyoming	US
S3-801599206	விஜய் மீடியா	11B, Pavadai Naicker Street, Erode, TN	India
S3-80197339	New Dei Systems-Private Limited Limited	M#16, South Delhi, DL	India
S3-802002715	Foot & Ankle Clinic	9 Blue Water Circle, Sacramento, California	US
S3-802003637	B. Sybil Gravts CPA, PC	17039 124st Ave, Renton, Washington	US
S3-802103468	Spurr and Hill Patriot	New Market, 186 Narorw Ln, Alabama	US
S3-802222211	Harris, Genevieve H., P.A.,	003278 Acushnet Ave, New Bedford, Massachusetts	US
S3-802505729	Goar Stone	2105 Wood Ridge Cooe, Cedar Park, Texas	US
S3-802752740	Dream Dream Industries-Private Limited	B-00404 Matruchhayas N Road Mulund (W), Mumbai, MH	India
S3-803085509	UNIVERSAL VENTURES LIMITED	H.no 2 Shaheed Park, Etah, उत्तर प्रदेश	India
S3-8030971	Ínc. Hawkins Shore of Weatherford	2420 O'Connor Ran Dr, Fl 0, Weatherford, Texas	US
S3-803178377	Indo Business Private Ltd #48748	174B/2/2, City Bank Opp, Madukkur South, Pattukottai, Thanjavur, TN	India
S3-803545325	Simpson, Erelita, CPA, PC	Oklahoma, Sapulpa, 1531 Panther Ln	US
S3-803724907	गैलेक्सी ग्लोबल प्राइवेट लिमिटेड	B-401, Archit Royal Apt, Mahatma Nagar, Nashik, महाराष्ट्र	India
S3-8037418	Indo Ishvcsmnt Private Limited	H.no 56, Front Portion, Ground Floor Block 7, South Patel Nagar, Delhi, West Delhi, DL	India
S3-803763513	Vision બિલ્ડર્સ પ્રાઇવેટ લિમિટેડ	61, Binori B Square-3, Near Tradebulls, Sindhubhavan Road, Ahmadabad City, Ahmedabad, GJ	India
S3-804083188	Kahn, Giroux & Welch (Guaranty)	139 Whitehall Drive, Clarksville Township, Tennessee	US
S3-804233376	Vioflux	1017 Westgate Avenue, Durant, OK	US
S3-804323871	Sunrise Construction Private  Limited	4Th Flobr, C Wing, Trade World Kamala Mills Compound, S.b. Marg, Lower P, Arel, Mumbai, Mumbai City, MH	India
S3-804360428	Red Pub! Inc	#3645 North Street, Baton Rouge City, Louisiana	US
S3-804472385	DESERT FAMILY PRACTICE LLC	Etain Rd, Irving, Texas	US
S3-804586383	Construction Magnum Rásayan Ltd	No. 362 Ff-17, Goyal Tower, Nr. Jahanvi Restaurant, Panjara Pole Char Rasta Univercity, Ahmedabad, GJ	India
S3-804786640	private future finance limited	Promotor- Ah -35, Salimar Bagh, New Delhi, DL	India
S3-805249	Bharat Logistics	Ff-101., Solitaire Arcade, Opp.vitthal Plaza, Nr. Saptak Vihar Resid., Vastral, Daskroi, Ahmedabad, GJ	India
S3-805439682	LLC METRO LIONHEART	##19980 Crescent Ct, Montgomery, Texas	US
S3-805470021	itconvention.com	Kadir Lodge, Sathyamangalam, Erode, தமிழ்நாடு	India
S3-805538277	North Developers  Private Limited		India
S3-805549477	BANGALORE CONFERENCES CLINIC	C.k Palya Cross, Superintendent Dinne, Bannerghatta Road, Gottigere Post, 2-294, Bangalore, N/A, KA	India
S3-805614339	Piedmont  Council	119 Mead Avenue, Smyrna, Tennessee	US
S3-805634465	Hex (India) Éelaav LLP	405, Ghaziabad, UP	India
S3-805963150	Mira Turcios Royal Avalanche	7199 Kenneth Court, Okeana, Ohio	US
S3-806073863	Hughes-& Pearl	214 Muirfield Ridge Dr, Garner, North Carolina	US
S3-80610829	privateproducer.com	1/54, Bharathiar Street, Moovarasampet, Chennai, TN	India
S3-806206859	Noviquo a/k/a Burke Arrived Inc.	25889 264 Highway, Pantego, NC	US
S3-806305714	ভারত ম্যানেজমেন্ট	##230/4, Santosh Roy Road Lp-41/4/6, South 24 Parganas, Kolkata, Parganas South, WB	India
S3-806781586	Thirumala Technologies Company	H.no 452 At Washi, Tal Washi, Vashi, Osmanabad, MH	India
S3-806904934	De1hi Technologies Private	R-546, 2Nd F, Front Portion, Main Road, New Rajender Nagar, Delhi, West Delhi, DL	India
S3-80700506	Parker Paloma Grand Inc		US
S3-807007721	akhilindia.com	B-##10, Greater Kailash, Enclave Part-1, New Delhi, South Delhi, DL	India
S3-807064205	Vivyanruizaluminum.Com	2815 Finwood Drive, Rosenberg, Texas	US
S3-807079063	Red Sfeood, Inc	312 College Saint, Covingon, Tennessee	US
S3-807085228	പ്രീമിയർ സൺറൈസ് ഇന്റർനാഷണൽ പ്രൈവറ്റ് ലിമിറ്റഡ്	House, Ernakulam, Kerala, Keralam	India
S3-807113693	Farm Advisors	Chaobe Gola, Nai Sarak, Bara Chauraha, Kanpur Nagar, 41/111.(2), UP	India
S3-807229780	Lucky Deli	Texas, 034 Jersey St, City Of El Paso	US
S3-807314931	Columbus  Vision Custom-Physicians		US
S3-807766003	PC, Perl CPA, [Wilson,]	3537 Rainbow Boulevard, Kansas City, Kansas	US
S3-807769181	Om Limited Private Investments	Central Tin Industrial Estate, Mumbai, MH	India
S3-80786373	Shri Kew Foods Private	Adampur, Bhopal, Bhopal Four Ayodhya Bypass, MP	India
S3-807887946	Ernesta Pearce, O.D., PC	430 Wasatch Blvd, # J1, Cottonwood Heights, Utah	US
S3-808000666	Mr Kalrabrothers.Com	106 Kaji Sayed Street Masjid Bunder Mumbai Mh, Mumbai City, Bombay, महाराष्ट्र	India
S3-808252297	Mr Wild & Service	207, K No 401/207, Bsr Layout Konasandra Village, Jigani, Bangalore, ಕರ್ನಾಟಕ	India
S3-808498128	Padam Makers-Private  Limited	Street No 1, Building, 9 Sec 66, Mamura, Noida, Gautam Buddha Nagar, UP	India
S3-808697220	फ्यूचर एस्टेट प्राइवेट लिमिटेड	Singrauli, C T E I Road In Front Of Daal Mil, 214/1 Pidartali Ward No. 1, Singrauli, MP	India
S3-808732887	Prodynex Family Office-Inc	4 Garden Ln, Wilbraham, Massachusetts	US
S3-809109208	Private Systems Bhk Mánágement Limited	Plot No 74, D.no 8, 23Rd Cross Street, Padmavathy Nagar Extension, Tambaram, Kanchipuram, TN	India
S3-809113811	Kara M Robertson, MD	12906 Transit Line Road, Springville, New York	US
S3-809168811	குளோபல் கன்சல்டிங்	Old No. ##38, New No.73, Coral Merchant Street, Mannady, Chennai -, 600 001., Chennai, TN	India
S3-809254586	Dovaquonovi formerly: Brown Preferred Retail	Mcalester, 1965 Massey Point Road, OK	US
S3-809265622	Lotus Énergy	P3/004 A Wing Kaustubh, MH	India
S3-809286716	HFO G0lden Dteign PC	3330a Lockburn Street, Indianapolis, Indiana	US
S3-809391910	heartland league	30 Cottage Ave, ST. Paul, Minnesota	US
S3-809456175	>> Romisoft Ltd	3904 Lori Drive, Erlanger, Kentucky	US
S3-809459492	Cozy Body! Auto	738 Nursery Road, N/A, Iving, Texas	US
S3-809549272	IX Inn0vative Abony Corp	0040 Savage Ln, Hendersonville CITY, North Carolina	US
S3-809803918	ತಿರುಪತಿ ಕೇರ್ ಪ್ರೈವೇಟ್ ಲಿಮಿಟೆಡ್	#740-D, 1St Main, 4Th Cross, Vinayaka Nagar B Block, Konena Agrahara, Vimanapura Post, Bangalore, ಕರ್ನಾಟಕ	India
S3-810104532	6-Córners		US
S3-810179605	Vetecex 6roup	2761 Stockton Boulevard, Sacramento, Unit APT 420, California	US
S3-810645775	Sudama Resources Private  Limited	Door No ##8, Belgaum, Hukeri, ಕರ್ನಾಟಕ	India
S3-810666500	Bright  Bright Cofeforate, Inc		US
S3-811470093	Drexiri	1130 Underwood Avenue, Conrad, Iowa	US
S3-811620250	atlanticacademy.com	Murray Way, Yorktown, Virginia	US
S3-811718513	Flint.Com	3123 1/2 Broad Street, Richmond City, Virginia	US
S3-811721598	earnosethroat.com	#20 Whitney T Ferguson Iii Road, Vernon, Connecticut	US
S3-811804958	Bridge Intemational School Private (Ltd)	Survey No. D/141, Mundra, Kachchh, GJ	India
S3-811883462	M/s Shiv Energy Private	115 (Hudco) 6Th Main 2Nd Cross Streetindustrial Area, Dak. Kannada, Manipal, ಕರ್ನಾಟಕ	India
S3-811889019	Sonepat Security	196-L Model Town, Sonepat, HR	India
S3-812062219	Peters & Guthrie	1805 Huntington Hills Lane, Atl, Georgia	US
S3-812254840	Vijay  [Exports]	302, Navjivan, GJ	India
S3-812276599	Ghaziabad Machinery	D-606, Nandgram D-606, Nandgram, Gzb, Ghaziabad, UP	India
S3-812359371	Behavioral  Health	18669 460, Moulton, Alabama	US
S3-81239856	Kaustubh  Enterprises	No.24, Karpaganagar, K. Pudur, Madurai North, Madurai, TN	India
S3-812625536	Thomas Suree Development LP	9260 Amberleigh Drive, Plainfield, Indiana	US
S3-812637249	Bhavsakti Agro Pvt Ltd	8-4-369/5-106, S. R Towers New Sastry Nagar, Erragadda, Hyderabad, తెలంగాణ	India
S3-812671546	Prívate Diligence Trading Limited	#45 Ranveer Nagar, Etawa, Etawah, उत्तर प्रदेश	India
S3-81271385	(india) Southern Management Private	K-43, Opp Plaza Cinema, Connaught Place, New Delhi, DL	India
S3-812887478	Surgical Surgical LLC (Center)	5800- Sand Pebble Pl, Raleigh, North Carolina	US
S3-813096391	Frayda Dfeks, DPM, PC		US
S3-813122915	Primary Care Great Physicians P.L.L.C.		US
S3-813233330	Aim Developers	1/44 Rashmi Khand, Eldeco Rashmi Khand, Sharda Nagar, Lucknow, UP	India
S3-813405622	NH Systems LLP | www.nhsystems.com	Pandey Nivas, Akurli Road, Near 282 Last Bus Stop, Damu Nagar, Kandivali (East), Bombay, Mumbai City, MH	India
S3-813502551	Koch Charter Schl	8906 Marcella Avenue, Fl 0, Saint Louis, Missouri	US
S3-813558782	Nexfluxgild One a/k/a Jones Precision Fannie	13561 Pisces Avenue, Eloy, AZ	US
S3-814077647	Vignesh  Micro Private Limited	Kanti Niketan, East Champaran, BR	India
S3-814438640	behavioral health center llc	6220 Skylark Lane, Fort Worth, Texas	US
S3-814533832	Community Services	1119  Budlong Street, Carthage, Missouri	US
S3-814573886	INTERNAL MEDICINE SELECT GROUP	Stockbridge, New York, 4579b Bear Path Road	US
S3-81459054	Blossoms Services		India
S3-815130888	Galaxy BLUE Ventures Private Limited	G No 204 Sinnar Shivar, Nashik, MH	India
S3-815188606	Lise Thomas  Atlanticus LP	Maynard Rd, Rockwood Strip T1 R1 Nbkp, Maine	US
S3-815258028	Millennium Event (India) Corp	Door No 814 Gw 3020 G Block Bharat, Bandra, Mumbai, महाराष्ट्र	India
S3-815295001	Pune Excursions Private	Pune, 611 Fl No 704 Sr. No. 32/7/1 To 6 Kondhwa, MH	India
S3-815345723	Future 5ervices Limited (Private)	Block G-618 205, Surya Kiran Building, K.g.marg, New Delhi, DL	India
S3-815506134	Supreme Múniholdings [LLC]	136 Hulman Saint, Terre Haute, Indiana	US
S3-815606235	Clean Líthium	##3008 Calumet Ave, Valparaiso, Indiana	US
S3-815730569	Little  Secure	Hn 844 Building No. Ix - 453, South Of Kdm Bridge Kalavamcodam P O, Vayalar East Village, Cherthala, Alappuzha, KL	India
S3-815947062	Sanchez  Corporation	003890 146th St, Cleveland, Ohio	US
S3-815974584	Thirumala Technologies  Company	H No 452 At Washi, Tal Washi, Vashi, Osmanabad, MH	India
S3-816170892	@ Home 6	0986 Chillon Dr, Crestline CDP, California	US
S3-816541575	Services Baluja Chillies Pvt Limited	#A-45-100/2A, B61, Uppar Guda, Moulali, Malkajgiri, Ranga Reddy, TG	India
S3-816779763	Alpha Tech  Private Limited	Sy No. 449/E, Dommara Pochampally Medchal-malkajgiri District, Hyderabad, TG	India
S3-816866891	Urgent Care Quality Center PC Commission - 5959538230	2909 Easy Way, Carmichael, California	US
S3-816903734	ડિજિટલ ઇન્ટરનેશનલ પ્રાઇવેટ લિમિટેડ	Sop No. 7, Gondal, Rajkot, GJ	India
S3-81732366	Orthopedic Center	4225 1/2 Alabama Street, Houston, Texas	US
S3-817482980	टेक विजन फाइनेंस प्राइवेट लिमिटेड	S/o Sh Kanwar Lal Yadav Prop In Kh No.- 44/4 5 27 First Floor, Kapashera, New Delhi, DL	India
S3-817797203	Shree & Co	C/o Ganesh Prasad Singh, Alka Colony, Sandalpur, Divreportingcircle, Patna, BR	India
S3-817864615	Inc Pierce Charles	Old Conover Startown Road, Newton Township, North Carolina	US
S3-817901827	Xylonylaio formerly Ford Ace Valuence LLC	182 Elizabeth Parkway, Akron, OH	US
S3-817926120	leque wellness llc	27619 127th Avdnue, Washington, Kent	US
S3-818192111	Spark +	Frat No-#2, Nisat Heritage, Jamun Gali, Sabzibag, Patna, BR	India
S3-81825891	Animal Werfe-Foundation	14020-D Harrisville Rd, Mount Airy, Maryland	US
S3-818449256	Family Guild	4399 Monument Ave, Richmonnd, Virginia	US
S3-818670964	Powell Resources LLC	2725 Vinton Ave, Rockford, Illinois	US
S3-818830238	Ace Unique Infra-LLP	S-126, Basement, Greater Kailash - 1, Delhi, South Delhi, DL	India
S3-818981234	Corner Bike  Shop	1314 Smtihtown Ave, Unit Apartment 12, Bohmeia, New York	US
S3-81909861	Chiropractic Rapid Center	515 Seventh St, Independence, Iowa	US
S3-819118465	Barnett, Scharff and Smith LLC Services	North Carolina, 6632 Forage Ln, Charlotte	US
S3-819266522	Kew Foods  Private Limited	Adampur, Bhopal, Bhopal Four Ayodhya Bypass, मध्य प्रदेश	India
S3-81937983	silver consulting pvt ltd	8-10/41-42 Elango Nagar 2Nd Street, P N Road, TN, Tiruppur, Coimbatore	India
S3-819826490	Solova Guardian	1721 33rd Avenue, Portland, Oregon	US
S3-820006529	Mcwilliams Daegta  Arrived LLC	21115 Madera Valley Lane, Cypress, Texas	US
S3-820111364	Premier Learning  Laboratories Group	9 Tallwood Trl, Palmyra, Virginia	US
S3-820184886	GOLDEN OMEGA	Belanger St, Houma, Louisiana	US
S3-820323500	Balaji Pioneer Consultancy Pvt Ltd.	F 802, K.v.rangareddy, TG	India
S3-820340289	Platinum Cornerstone Centurion Inc.	12 Hasting Pl, Viilonia, Arkansas	US
S3-820379693	Dr Real Construction Private	C/o Shiv Mandir, Rakhi Shahpur Kheri, Hansi, Hisar, HR	India
S3-820452052	Tri-State Center Inc Center	PO Box 3631, Texas, Galveston, 192 61st Street	US
S3-820541370	Vanguard Capital Vértical Co	4151 Continental Dr, Illinois, Waukegan	US
S3-820830441	North Crystal Rare Clínic	719- Westgate Avenue, Fl. 1, Saint Louis, Missouri	US
S3-820881663	स्मार्ट मार्केटिंग प्रा. लि.	House No 2169/79, Dixit Nagar Nari, Nagpur, महाराष्ट्र	India
S3-821035232	Lyráhalo	H.no 7 B Block Vasu Layout B1 Dattagally, Mysore, KA	India
S3-821395373	ఈస్ట్ టెక్ Private Limited	Plot 468 Indis One City Hitech, Beside Malaysia Township, Hyderabad, Tirumalagiri, TG	India
S3-821505836	ग्रेट सॉल्यूशंस प्राइवेट लिमिटेड	Jyoti Apartments. Parwana Road Road No. 42, Behind Deepali, Pitampura, Delhi, DL, 35, North West	India
S3-821666556	divyaflavourspartners.com	Sector-46, Gurugram, HR, Gurgaon, House No-3152, Sector -45	India
S3-821809320	White Group Inc	102 Goodwinds Drive, Oriental, North Carolina	US
S3-821934099	Quoevo dba Digital International Private Limited	Shop No. 7, Plot No 1, Gf, Royal Complex, Gondal, Rajkot, Gujarat	India
S3-822360802	Ciraxylo DBA Rohit (India) Steels Private Limited	C/O Sandeep Sangwan, Village Garhi, Alwalpur, Kharkhara, Rewari, Haryana	India
S3-822416158	Redwood LLC	7384 Stout Rd, Germantown, Tennessee	US
S3-822434069	Creative Education Brands		US
S3-822476660	Lassetter Coin LLC	17319 Cr 6, Coshocton, Ohio	US
S3-822665668	Rswdod - 2539630695	1530 Porter Street, GARY CITY, Indiana	US
S3-82285540	OREILLY & SCOTT LIGHT HOLDINGS	1847 35th Street, Fargo, North Dakota	US
S3-823764893	MJ Arbor Corporation	754 Ar 172 Hwy, Wilmar, Arkansas	US
S3-82383033	Capps and and Pangan	1262 Harrison Rd, Murfreesboro, Tennessee	US
S3-824154616	Oncology Medicine	Collins Ave, Unit B, Plymouth, Massachusetts	US
S3-82444353	Vaughn, Martino and Aiello Consultants	320 Foley Street, Sullivan, Indiana	US
S3-824467566	Setao Xflh,	114 Cross Pointe Ln, Aberdeen, North Carolina	US
S3-824789165	Florentine Réalty Pvt Ltd	##526 B, Girwa, Udaipur, RJ	India
S3-825002976	w 6 diamond virginia	122 Chateau Avenue, Roseburg, Oregon	US
S3-825410184	Foot & Ankle | www.footank.com	1063 San Marcos Drive, Unit 36, Apache Junction, Arizona	US
S3-825532605	young interests	Arizona, Shaw Butte, 15001 1/2 29th Ave	US
S3-825947548	East Bright  Siddhi L.L.C.		US
S3-826061618	Legacy Electronics		US
S3-826255001	Innovative Pvt Ltd Services	Iira Int. School Bhayli, Block B-598 Ff-14 Shreenath Avenue Nr, Vadodara, GJ, Vadodara	India
S3-826522159	Bee,  Muller and Hirschfeld Telecommunication LLC		US
S3-826944917	Ss Hitech	26, Hill View, Port Trust Housing Colony Tirusoolam, Chennai, Kancheepuram, Tamil Nadu	India
S3-827044353	Larson Soulpower Anchor	Lakewood Loop Loop, Marshfield, Missouri	US
S3-827105745	Classic Systéms Private Ltd	Left Portion Of Ground Floor, No.16, Sathyanarayana Avenue, Boat Club, Road, Chennai, TN	India
S3-827363192	Laxmi International Pvt Limited	Door No 1322/89 Hemkunt Chamber 13Th Floor Nehru Place, Delhi, New Delhi, DL	India
S3-82762569	Farica Parra Secure Fidelity Corporation	1031 Yosemite Ave, # 1, Merced, California	US
S3-827676518	PHX Best Meshflow	Robinhood Ave, PMB 4935, Kansas City, Missouri	US
S3-827718285	The United Charter (School)	15425 Haiku Rd, Evansville, Indiana	US
S3-827858879	Shri Sunrise Estate Private		India
S3-828041254	Urgent Care Quality Center Inc	Carmichael, California, 2909 Easy Way	US
S3-828350151	Corella'S Vanguard Distribution	#2019 Livingston Ave, Unit APT 43, Heena, Montana	US
S3-828931529	nexos braves inc.	1546 State Street, Unit 10, Bowling Green CITY, Kentucky	US
S3-829065604	Farica Parra Secure Fidelity	1031 Yosemite Avenue, Unit 1, Merced, California	US
S3-829228230	Surya Marketing-Pmrisve Limited	R.s No 7/2, Ram Nagar Vadgaon, Hatkanagale, Kolhapur, MH	India
S3-829356887	Keystone Allied Cdaaian	6506 Mona Vista Dr, Houston, Texas	US
S3-829364176	OQ Purpose	D-7, Phase Iii Garden Homes Alkapuri, Gwalior, MP	India
S3-829447981	Behavioral Health Interstate Care	6741 Rice Road, NULL, Specer, Ohio	US
S3-829587156	Ear Nose & Throat Summit Inc Associates	2910 5th Steet, Canton, Ohio	US
S3-829617899	Economic Development Project LLC	#45 Lake Mist Dr, null, Piperton, Tennessee	US
S3-830004537	Orthopedic  Care	10595 Mt Prospect Road, New Kent Township, Virginia	US
S3-83012815	Zetairi	8920 Oconto Ave, PO Box 7583, Mortn Grove, Illinois	US
S3-830159945	Quozetaonyx f/k/a Cody Winston Plum LLC	4502 Superior Square, Unit STE 4502, Fairfax County, VA	US
S3-830195342	signaturenutritiongroup.com	2351 Presbury St, Baltimore, Maryland	US
S3-830309493	রেড আদিত্য আইটি প্রাইভেট লিমিটেড	No. G-610 College Para, Aurangabad, Murshidabad, WB	India
S3-830351025	FX Producer-Pvt. Ltd.	C1-2/1125, Sabari Enclave, Bpl Junction, Koottupatha, Palakkad, Keralam	India
S3-830410585	Environmental Initiative	##866 14th St Northeast, Cedar Apids, Iowa	US
S3-830623064	Hill, Gunilla Golden Schwab LLC	2190- Meadowlark Lane, <NULL>, North Logan, Utah	US
S3-830964311	United Program P.L.L.C.	11455 2, <NULL>, Double Springs, Alabama	US
S3-831408824	Nous		US
S3-831459505	Preferred Business Services	Sun City West, 21203 132st Dr, Arizona	US
S3-831581600	Tinsley Golden Home Care	Jeremy Hill Road, North Stonington, Connecticut	US
S3-831663535	Ha1verson's  Deli	0204 Stone Street, Alabama, Huntsville	US
S3-831741188	dermatology royal care associates inc	Wappingers Falls, Princess Circle, New York	US
S3-831772950	Smt South Enterprises-Private Limited	3 A Uliyampalayam Road Thaliyur Post, Coimbatore, தமிழ்நாடு	India
S3-832315266	Brixnylapyra f/k/a Hernandez Trading Inc	12437 Stumptown Road, Huntersville, NC	US
S3-832411235	Ectodelta formerly: Workman Intermediate	44684 Newsom Road, Vinton, OH	US
S3-832506712	Family  Rocky	474 Hart Saint, Arkansas, Malvern	US
S3-832813727	Reed L.L.C. Partners	Lousiville, Kentucky, 1937 South 30th St	US
S3-832888050	Borton Of Hingham Services	29 Rockland Street, Hiingham, Massachusetts	US
S3-832965754	Sakthi Ticmied Private Limited		India
S3-832983780	Kautilya Ádvsoors Company	1/357, Sree Karthigai Lakshmi Nagar, Thuvariman, Madurai, தமிழ்நாடு	India
S3-833010579	Vava St0ne	24st Avenue Court, Tacoma, Washington	US
S3-833197204	#paperindia	Chamorshi, MH, Gadchiroli, C/o Suresh Jengathe	India
S3-833382640	Gangaya  Instant Private Limited	Ga284, G/f At Po Bharatpur Via Baramnunda Colony, Bhubaneswar, Khordha, ଓଡ଼ିଶା	India
S3-834248782	Safapublicschool.Com	Ground Floor, Howrah, পশ্চিমবঙ্গ	India
S3-83433391	dentalspecialists.c0m	626 Dayton St, Edmonds, Washington	US
S3-834343867	SA Énbridge	Spring, PMB 4084, 17119 Carriage Dale Ct, Texas	US
S3-834630992	ONCOLOGY PÍONEER PHYSICIANS	12066 Shotgun Ln, Sparta, Illinois	US
S3-835053798	Dr JAI SOLUTIONS	Plot No. 75, TG, Shaikpet, Hyderabad	India
S3-835120961	Royal  Quality Cms	00135 Sagewood Drive, Thibodaux, Louisiana	US
S3-835130301	AH Impex Private Private (Limited)	Ahmedabad, No. 1000 Office No. 304, GJ, Brookly Tower, Nr. Ymca Club (P 269), Makarba, Ahmadabad City	India
S3-835161472	Supreme Reliable Lakeshore Llc	2434 Cedar Pointe Dr, City Of Janesville, Wisconsin	US
S3-835328659	HAMAKER AMERICAN ALI8ABA INC	180 Winding Run Boulevard, Dayton, Ohio	US
S3-835462857	Laxmi International Pvt	New Delhi, 1322/89 Hemkunt Chamber 13Th Floor Nehru Place, DL, Delhi	India
S3-835696575	New Delhi	G - 53 Sarita Vihar, NULL, New Delhi, North Delhi, DL	India
S3-835748978	Creative-Investment Prívate Limited	P-##68, Sector-a, Metropolitan Co-operative Housing Society Limited, Police Station- Pragati Maidan, Canal South Road, Kolkata, Dhapa, South 24 Parganas, WB	India
S3-836184904	Southern Bright Private Properties Limited		India
S3-836283243	Shiva Cnosendhbitng	299, At Post- Nimgaon Jali Taluka- Sangamner, District- Ahmednagar, Ahmednagar, MH	India
S3-836599150	IX Innovative Abony	0040 Savage Lane, Hendersonville CITY, North Carolina	US
S3-836790724	Colonial	43 Crocker Ave, Vinneyard Haven, Massachusetts	US
S3-836822657	रॉयल बिजनेस प्राइवेट लिमिटेड	Khata No 100, Khesari No 319, Bochaha, Muzaffarpur, BR	India
S3-837548855	Piedmont Council LP	119 Mead Avenue, Smyrna, Tennessee	US
S3-838016140	szee.com	H.no C-1599, Ground Floor Sector - 82, Mohali, ਪੰਜਾਬ	India
S3-838049202	Better Constellation Constellation	#21 Settlement Way, Luling, Texas	US
S3-83822646	Spak Brothers Company	304/A, Rajkot, GJ	India
S3-83826747	Preferred Atlantic	1020 Peace Street, # R 6, Raleigh, North Carolina	US
S3-838341751	South Foundation Private (Limited)	C/o Maruti Govind Andhale Doifodewadi Dist Beed Doifodewadi, Beed, Bid, महाराष्ट्र	India
S3-838479455	Coimbatore Services Private Ltd	Door No.164-a, NULL, Coimbatore, TN	India
S3-838888736	pipefitters union local no 724	6 Bicknell St, Kittery, Maine	US
S3-838920298	Kestrel Fúturecrest Inc.	37 July Ave, Oyster Bay, New York	US
S3-839660473	Gurgaon Fund Private	Plot No 359, Gurgaon, HR	India
S3-839785739	Lumium  Axiom	5409 Hideaway Drive, Chapel Hill, North Carolina	US
S3-839835016	Legacy  Fields	3117 Madison 1427, Huntsville, Arkansas	US
S3-839866897	Al éxports	C/o Nilam Devi, Vill-bhujapur, Daulatpur, Masaurhi, Jehanabad, BR	India
S3-840172637	OPTIMAL METROPOLITAN CHURCHILL LLC	Waynesboro Way, Waynesville, Ohio	US
S3-84023392	Zephvioflux d/b/a Cardiology Clinic Inc.	WI, City Of Oshkosh, 2750 Havenwood Drive, Unit Unit B	US
S3-840445600	The National Health Center LLC	132 Teller Rd, Trumbull, Connecticut	US
S3-840456528	Roopavi Technologies-Private Limited	##169, Thiruganasambandar Streetthiruvalliswarar Nagar Thirumangalam, Chennai, TN	India
S3-84053529	American Catalyst Inc	15001 Howards Mill Road, Mulino, Oregon	US
S3-840673739	Signature Corporate [Llp]	1630 Marquis Lane, Hobbs, New Mexico	US
S3-840703614	internationalstaffinginnovations.com	357 Westchester Square, <NULL>, Billings CITY, Montana	US
S3-840812804	APEX FOUNDATION LIMITED	Door No 831 C-5, Amernath (West), Mumbai, MH	India
S3-840948817	Nylatavo Co doing business as Delhi Sons Private Limited	Shop No.14, Plot No.26, Upper Ground Floor, Viaks Royal Arcade Road No.44 Community Center, Pitampura, Delhi, North West, Delhi	India
S3-841073006	The Pelican Trust	A-2303, Thane, MH	India
S3-841336357	Estates  Society Center	H.no 4784/A1/C/2, Shop No. 07 And 18, 2Nd Floor, Pride Icon, Gokul Road, Hubli, Dharwad, Dharwar, KA	India
S3-841441971	Supreme Reliable Lakeshore	2434 Cedar Pointe Drive, City Of Janesville, Wisconsin	US
S3-841641783	Silver Pinnacle	#392 Ogden Falls Blvd, Osweog CDP, Illinois	US
S3-841876706	Pediatric Déntal Physícians	Deer Dr, Lavergne, Tennessee	US
S3-842080279	Lakshmi Baba Impex Pvt Ltd.	Shop No. #8 12Th Road Circle, Jodhpur, Jodhpur I, राजस्थान	India
S3-842154250	Pune Warehousing  Private Limited	Office No. 39, Pune, Kothrud, MH	India
S3-842214075	[Inc] Heritage Initiative	3241 Troost Avenue, Kansas City, Missouri	US
S3-842250142	Bhadrak-Private Limited Center	Plot No-262/584, Bhadrak, Orissa	India
S3-84227129	Lakshmi Digital Constructions Private	Fat No.-g6-404, Rupnagar, PB	India
S3-842303189	Supreme  Reliable	2434 Cedar Pointe Dr, City Of Janesville, Wisconsin	US
S3-842334233	Francisco	9324 Deer Run Road, Williamsburg, MO	US
S3-842416389	Saraor Inc	Pine St, Biddeford, Maine	US
S3-842747004	लाइफ टेक प्राइवेट लिमिटेड	405, Mehta Court Annex, 13, Gilder Lane, Mumbai, MH	India
S3-842837153	Rocky Center	7430 Williams Ave, Saint Louis, Missouri	US
S3-843000731	Laborers Local Union 122	418 Southeast Blvd, PO Box 3251, Clinton, North Carolina	US
S3-843224623	Thomas Supreme Development  LP	9260 Amberleigh Dr, Plainfield, Indiana	US
S3-843618513	OQ Purpose  Co	D-7, Gwalior, MP	India
S3-843705653	Nguyen Clark and C0	Ohio, Dayton, 1233 Snnyview Ave	US
S3-843948895	Beacon  Logistics Consultants Center	198 Ridgelawn Avenue, N/A, Painesville, Ohio	US
S3-843951522	Maurise's Custom Custom	335-D Telford Road, Telford, Tennessee	US
S3-844027210	Great Rapid	Texas, Houston Township, 13823 Rosemere Lane	US
S3-844839420	फ्यूचर एस्टेट प्राइवेट लिमिटेड	214/1 Pidartali Ward No. 1, C T E I Road In Front Of Daal Mil, Singrauli, MP	India
S3-844891644	Mohit Pvt  Construction Ltd	#656 First Floor, Khivraj Complex Iii, 480, Anna Salai, Chennai, Chennai, TN	India
S3-845097458	#Envaonsui	83482 State Highway 11, Wakita, Oklahoma	US
S3-845174745	Sullivan Better Sony [LP]		US
S3-845426456	Markham and Bácchus	181 Arnold Gamble Cir, Sacramento, California	US
S3-845540641	Capricorn Limited  Services	C/o Chadra Sekhar Reddy, Pulivendla, Y.s.r., AP	India
S3-845770750	Temple Fellowship Corporation	404 Twentieth Avenue, Minot, North Dakota	US
S3-845795910	The Chesney Meridian LP	05 Harvest Hills Dr, Woodbine, Iowa	US
S3-845860200	duganrockymid.com	941 Hesters Crossing Road, Round Rock, Texas	US
S3-8459068	Diagnosticworldwidebeacon.Com	Alabama, 325 Shag Bark Trl, Somerville	US
S3-84687992	Kane Bold Llc	Derby, 660 4H Rd, Vermont	US
S3-846912110	Khairatabad Limited Center	6-3-596/69, Naveen Nagar, Khairatabad, Hyderabad, TG	India
S3-846939423	Jarlova [Big-Lowell]	131 Varnum Ave, Lowell, Massachusetts	US
S3-846986651	Private Tirupati Estate Ltd	#8/108/7 Vill-mehram Nagar, New Delhi, N/A, DL	India
S3-847153408	National  Precision Central Inc.	Missouri City, 8614 Doves Yard, Texas	US
S3-847194701	Dr Abl Ltd. Pvt. Dríshti	Cl-299 Mphb Colony Pitahm, Dhar, मध्य प्रदेश	India
S3-847283819	Best Engineering Prívate Ltd		India
S3-847363643	kubettertherapeutics.com	231 Brayden Dr, Advance CITY, North Carolina	US
S3-84737753	Big Key Pvt. Ltd.	F N9 Sn5/10 Someshwarwadi, Pune City, Pune, MH	India
S3-84758919	North  Milestone	Kolkata, 14/2 Burdwan Road, Kolkata, WB, C-4 Siddharth Building, Kolkata	India
S3-847787903	Workman Intermediate	44684 Newsom Rd, Vinton, Ohio	US
S3-848280667	JOURNEY CHOICE FOODS LLC	8421d Weybridge, Johnston, Iowa	US
S3-848419959	சவுத் எண்டர்பிரைசஸ் பிரைவேட் லிமிடெட்	#3 A Uliyampalayam Road Thaliyur Post, Coimbatore, தமிழ்நாடு, Coimbatore	India
S3-848526598	Cornerstone Inc	127 Hillcrest Road, Maggie Valley, North Carolina	US
S3-848618361	Dr Evoonyxtavo	C/o Shi Ngmchand Asharaflal Agarwal Kacchi Complex Opp Hira Hotel, Miraj, Sangli, MH	India
S3-848722920	India Sky Slimming Pvt.	S-100, Dwarka, दिल्ली	India
S3-848835491	Environmental Ínitiative	14th St Northeast, Cedar Apids, Iowa	US
S3-848853819	>> Jennilee-5aucier Gen Gen	03628 Spruce St, Racine, Wisconsin	US
S3-849106285	Yumaflux DBA QB Classic Yhn Inc.	7055 Louisa Road, Albemarle County, VA	US
S3-849284834	Environmental Guild LLC	200 1/2 Crestwood Dr, Texas, Avinger	US
S3-849445463	Fortune Producer [[Limited]]	No 36, Erode, TN	India
S3-849905337	Unique Investment Private Ltd	Cbn No25 G5osian Building, New Delhi, South Delhi, दिल्ली	India
S3-850274613	Chiropractic Partners  L.L.C.	Overhill Road, Plymouth Township, Pennsylvania	US
S3-850453447	sky tirupati healthcare limited	33 Foota Road, Pankaj Colony, Kurukshetra, HR	India
S3-850630297	Mumbai Security Gróup	##202 Pltt No 55, Green Lane Sher-e-punjab, Mumbai, MH	India
S3-850721431	Cobalt	2501 Sunset Drive, City Of Beloit, Wisconsin	US
S3-850800755	Kalra Private Limited-Center	106 Kaji Sayed Street Masjid Bunder Mumbai Mh, Bombay, Mumbai City, MH	India
S3-850950911	Weber-Epr PC	6- Saratoga Ave, Waterford, New York	US
S3-851109695	KU Better	231 Brayden Drive, Advance CITY, North Carolina	US
S3-851277886	Integrated Apex Inc Service	22318 Forst Loop Road, Granite Falls, Washington	US
S3-851328079	Slate PLLC	735C Charlton Street, Southbridge, Massachusetts	US
S3-85133569	Shri Shree Builders  Private Limited	Semara Hardo, UP, Kushinagar	India
S3-851585511	Renton Youth Summit	15408 179th Street, Renton, Washington	US
S3-851678404	Orthopedic Highland Medicine	Virginia, Stafford Court, Sterling	US
S3-852279613	Dm Eegnt Limited	#4A Keya Apartemnts 6A Keyatala Road, null, Kolkata, Howrah, WB	India
S3-852534575	V Í & R Generation LLC - 1121692721	6541 Willowhollow Lane, Cincinnati, Ohio	US
S3-852648544	Schier, Finke And [Fowler] | www.schierfi.com	Arapaho Road, Unit 5131, Richardson, Texas	US
S3-852689428	লক্ষ্মী Construction প্রাইভেট লিমিটেড	Room-403, 4Th Floor, P-41, Princep Street, Kolkata, Kolkata, Kolkatta, পশ্চিমবঙ্গ	India
S3-853517362	Regional Clear Arch	2632 Mcdonald St, City Of Appleton, Wisconsin	US
S3-853588158	QB  Classic Yhn Inc.	7055 Louisa Road, Gordonsville, Virginia	US
S3-853781828	Dovanex Formerly Ridge Diana LP	NC, Greenville, 1725 Arlington Boulevard, Unit 102	US
S3-853901115	साउथ डेवलपर्स प्राइवेट लिमिटेड	1 Mela Ram Market, 913/17 Chotta Chippiwara Chawri Bazar, Delhi, DL	India
S3-853945010	Ectopyra d/b/a Cube Services Pvt. Ltd.	Sy No 161, Previously Pranava School Near Royal Function Hall, Manchirevula V, Illage, Hyderabad, Telangana, Hyderabad, D.No 7-107/A	India
S3-854346042	LLC Sion Hafrrzibn Cloud	49 Field St, # 2, Massachusetts, Brockton	US
S3-854461449	Baney Intelligence (Inc.)	Park Ln, Dallas, Texas	US
S3-854632323	Walker, Konecny &-Arnold	Coulton Park, Needham, Massachusetts	US
S3-854644248	Skyline Advisory  Private Ltd	Hfuse No. ##1184, Sector 5, Urban Estate, Kurukshetra, हरियाणा	India
S3-854670162	Kulkarni Institute	Dr.no-224, Ph-ii Kamalapuri Colony, Ganganagar, Hyderabad, Andhra Pradesh	India
S3-854887663	Mr állmarketing.com	302 2Nd Floor, Bhera Enclave, Paschim Vihar, New Delhi, West Delhi, DL	India
S3-855043139	galaxy blue ventures private limited	महाराष्ट्र, Nashik, G No 204 Sinnar Shivar	India
S3-855426972	Discover Broadband Private Ltd	#17/160. Sardar Ganj, B/h. Market Yard Office, Gandhinagar, Patan, GJ	India
S3-855593814	Law Brit Services	Plot 146 G-2, 1/28, Tilak Nagar, New Delhi, Tilak Nagar, DL	India
S3-855594711	Ironworkers Local Union  777		US
S3-856000415	Alley  and Richardson	202 Meteor Avenue, Unit 103, Cambridge, Maryland	US
S3-856092543	Asset Blucdndiccg Trust	741 3rd St, Wakeeney, Kansas	US
S3-856488537	Family Rocky	474 Hart Street, Malvern, Arkansas	US
S3-856698930	Ace Ace Tech Tech Private Limited	8., Nalanda Appartments D-block, Vikas Puri, West Delhi, New Delhi, DL	India
S3-857179791	Peacock Tut Ltd	2-10-309/2/6 Prasanthinag, Warangal Urban, Hanamkonda, Andhra Pradesh	India
S3-857558643	1338 Plaza Highland Partners LLC	North Carolina, Rocky Mount, 433 Washington St	US
S3-857633380	Johnson, Dorree D, PA	#105004 Hidden Valley Drive, Mcloud, Oklahoma	US
S3-857864107	Construction Magnum Rasayan  Limited	362 Ff-17, Goyal Tower, Nr. Jahanvi Restaurant, Panjara Pole Char Rasta Univercity, Ahmedabad, GJ	India
S3-857906400	Schuler Capital Douglas, [Llc]	255 Lost Springs Terrace, Beaverton, Oregon, # #201	US
S3-85820406	Perfect Finance Pvt Ltd	Shri Krushan Nagar, Osmanabad, MH	India
S3-858280535	एपेक्स कंस्ट्रक्शंस प्राइवेट लिमिटेड	Dior No 348 B-7/31/1, Block B-7 Safdarjung Enclave, Delhi, South Delhi, DL	India
S3-858304260	Cornerstone Immersion Inc	Baseline Road, # 1017, Gilbert, Arizona	US
S3-858380605	Strategic Sun	2699 Broadwing Lane, Liberty Lake, Washington	US
S3-858438260	Kronos Lift Limited	Ahmadabad City, Mondeal Heights, Nr. Wide Angle Cinema, B-5-1401, Ahmedabad, GJ	India
S3-858504044	Paper (Lfndi)A Private Limited	C/o Suresh Jengathe, Gadchiroli, महाराष्ट्र	India
S3-858570623	Avizepharia Co aka Lifestyle Inc	802 Brookside Drive, Dayton, TX	US
S3-858590974	Clardy Greenland-Llc	222 Wythe Avenue, Frederick County, Virginia	US
S3-858655723	Mr Comet Services Llp	MH, #1. Krishna Vihar Bldg 4 Tata Compound Irla Bridge Vile Parle West, Mumbai	India
S3-858790869	Haloquo fka Shannon School of Medicine	216 Gibson Street, Canandaigua, NY	US
S3-859129736	Ford Ace Valuence	182 Elizabeth Pkwy, Akron, Ohio	US
S3-859252463	Smart Greenland Greenland Partners	2599 Lake Ridge Drive, Pulaski County, Virginia	US
S3-859477543	Apex Enterprises Trading		India
S3-859540000	Orbisolaria formerly known as Royal Media Pvt Ltd	Shop No.-15, Pooja, Shoping Complex, Saharanpur, Uttar Pradesh	India
S3-859831933	Foot and-Ankle Specialists	930-D Center Saint, Paris CITY, Texas	US
S3-859978135	Williams Colpanies	109 Stoner Dr, Upper Allen Township, Pennsylvania	US
S3-860033657	Patel Plumbn,g L.L.C.	1658 Lin-Lor Ct, Elgin, Illinois	US
S3-86015745	Marketing Source Crusher Private [Ltd]	1602, Mumbai, MH	India
S3-860164513	Nagiya Krishna-Pvt Ltd	#22/265 Talkus Building, Paravur, Ernakulam, Keralam	India
S3-860262430	AMERICAN COUNCIL P.C.		US
S3-860421839	Morales Runway LLC	5074 Lowell St, Washington, District of Columbia	US
S3-860440520	Guinn Gulf Mercury (Inc)	3417 Winding Oak Ln, Burleson, Texas	US
S3-860531453	Northern Custom East, [LLC]	132 Coontown Mountain Rd, Edmeston, New York	US
S3-860723114	Peon Star Metals LP	2930 33rd St, Indianapolis, Indiana	US
S3-860918447	Rojas Sterling Association		US
S3-861408522	Royal Consultancy LLP	403, Salooni Chs Ltd, 56Th Road, T P S 3, Borivali West, N/A, MH	India
S3-861615404	@vanguardfifth	##2108 Grand Detour Rd, Dixon, Illinois	US
S3-861658093	Allie Coombes LLC Services	Newberg, 34115-D Wilsonville Rd, Oregon	US
S3-861922066	Mava Trhuntfd Dte	2810 Liberty Rd, Greensboro, North Carolina	US
S3-861958082	టెక్ ఇన్ఫోటెక్ ప్రైవేట్ లిమిటెడ్	4-6-375/3/8, Sri Siddi Vinayaka Apartm, Karim Nagar, Karimnagar, TG	India
S3-862089762	भारत फाउंडेशन प्राइवेट लिमिटेड	E-1-1, Jaipur, NULL, RJ	India
S3-862253347	LLC Urgent Cgee Vanguard Medicine	21901 Cardinal Court, Monticello, Iowa	US
S3-862631588	Tri-State Star Solutions	##8009 Count Saint, NULL, Houston, Texas	US
S3-86268308	Clean Lithium Ltd	##3008 Calumet Avenue, Valparaiso, Indiana	US
S3-862843506	hopkins horizon bluerock group	Downing Dr, PMB 1206, Cincinnati, Ohio	US
S3-863114139	Ridge Diana [LP]	# 102, North Carolina, Greenville, 1725 Arlington Boulevard	US
S3-863172260	Delly'S Data	316 Blackburn Bay Dr, Verona, Wisconsin	US
S3-863361504	Safe Environmental Group	334 Wagon Train Road, Mc Rae, Arkansas	US
S3-863717766	Fylfot Traders	No 4 No Fairlie Place Mezzanine Floor, Kolkata, Calcutta, পশ্চিমবঙ্গ	India
S3-863773329	North Stardust Corp	Stoow, 4608 Commodore Dr, Ohio	US
S3-863793742	Pune Warehousing Private	Ofifce No. 39, Pune, Kothrud, MH	India
S3-863850182	Mah Enviro Private Ltd	Flat No C-1105, S No 69/1A/1A, Building No C2 Ganga Satellite Wanawadi, Pune, MH	India
S3-863972558	Gamer, Stuart Michael Inc	Bryans Road, 2212 Heather Ln, Maryland	US
S3-863995751	lb investments pvt. ltd.		India
S3-864442786	Suryatech Office Private	Dharm Bhakti Estate, Opp. Sonet Ceramic Old Ghuntu Road, Morbi, Rajkot, GJ	India
S3-864454032	ब्लैक फाउंडेशन प्राइवेट लिमिटेड	R-18/19 Basement Pul Pehladpur, Delhi, South Delhi, DL	India
S3-864464833	JQ Pinnacle Markets, Llc	420 W 6th St, Davenport, Iowa	US
S3-864550341	Shivam lmpex Limited Center	Fl No. 4, 2Nd Flr, Satsang Aptt, B J Road, Mh, Pune, महाराष्ट्र	India
S3-865084108	Straight Edge LLC  Barbershop	320 1st Ave, Salt Lake City, Utah	US
S3-865162688	ಗುರು ಸರ್ವಿಸಸ್ ಪ್ರೈವೇಟ್ ಲಿಮಿಟೆಡ್	18, Ramashree Arcadeii Floor, Bangalore, M.g. Road, ಕರ್ನಾಟಕ	India
S3-865263494	Limited Chamundeshwari & Sons	1, 2Nd Floor, Jagdamba Palace Near Gurgaon Dreamz Mall, Old Railway Ro, Ad, Gurgaon, Gurugram, HR	India
S3-865291363	Zetajax trading as 24HR Locksmith LLC	11 Halley Place, Unit 2, Washington, DC	US
S3-865555337	Cornerstone  Inc	127 Hillcrest Rd, Maggie Valley, North Carolina	US
S3-865958022	Novex Gsr  LLC	4107 Charlotte Ave, Nashville, Tennessee	US
S3-865998876	Massif Corporation Services	Ward No.8, null, Hatkanangle, Kolhapur, MH	India
S3-866209422	Gujarat Logistics Private  Limited	TN, Chennai City Corporation, H.no 40, Old No56 3Rd Main Road, Kasthuribai Nagar Adyar, null	India
S3-866245357	Kinney	2005 Halbert Street, Fort Worth, TX	US
S3-866654388	Rudra (India) Energy Private  Limited	#2743, 27Th Main, 15Th Cross, Hsr Layout - 1St Sector, Bangalore, Bangalore South, ಕರ್ನಾಟಕ	India
S3-867011668	Pyraavi	C/O Prashant Rathod, Balaji Nagar Mehkar, Mehkar, Buldhana, Maharashtra	India
S3-867234917	grace zion	Illinois, 400 328 Madison St, Springfield	US
S3-867305404	Irihalo+ Formerly Horizon Inc	1145 Micheline Terrace, Henrico County, VA	US
S3-867493275	goarstone.com	2105 Wood Ridge Cv, Cedar Park, Texas	US
S3-867569716	Ronet Clear Texas,	3876 Pincher Street, null, Bellingham, Washington	US
S3-867682638	497-498 West-Owners Corp	35 Beechwood St, Thomaston, Maine	US
S3-867737351	Nagindas Master Road Services Private Ltd	301, Gundecha Chambers, Nagindas Master Road, Mumbai, MH	India
S3-867858752	Construction Shubh Beverages Limited	4, N/A, Oaa, Howrah, WB	India
S3-867864008	Casimiro Dynamic Airport Inc	Brnox, 001311 Farms Road, New York	US
S3-86793640	imojean boyd signature china inc	Forest Ave, null, West Chicago, Illinois	US
S3-86801692	Nexonyx	2745 Oakland Sang Run Rd, Oakland, Maryland	US
S3-868149099	Jeanne Chin Heritage Staffing,	Paulding, Ohio, 011512 Rd 114	US
S3-868269714	Iomprenla & Co (Ltd)	06, Kanpur, उत्तर प्रदेश	India
S3-868282182	Pediatric P.C. Group Of Lenoir Dental	2625 Collettsville Road, Lenoir, North Carolina	US
S3-868321467	സ്റ്റാർ ഇൻഫ്ര Private Limited	Thrissur, Thalapilly, KL, 1/440	India
S3-868330645	Digital Medical Center		US
S3-868623778	Paisoft LLC	00102 Walter Way, PMB 384, Anadarko, Oklahoma	US
S3-868649926	Physical Therapy Platinum of Houston LLC Center	7216 1/2 Los Angeles Street, Houston, Texas	US
S3-868653355	Cooley, Beamer &  Eller Biotherapeutics	94 Summerfield Dr, <NULL>, Holtsville, New York	US
S3-868875306	Ariamira	Block B-483 Maatangi Medicine Centre, Shop No- G-38, Ground Floor, Property No. 8/209 And 8/209-1 To 30, Hing Ki Mandi, Kotwali Road, Agra, Dauki, UP	India
S3-869105599	5hiven Design Partners	Floor - Grd, Recondo Compound, Sudam Kalu Ahire Marg, Glaxo, Worli Colo, Ny, Mumbai, Mumbai City, MH, 4/A	India
S3-869110690	(LLC) Lee Taiwan	2-4 Albert Drive, Monsey, New York	US
S3-86915556	Balaji Tech Private Límited	Hn 246 Kushalpura, Jaipur, Chanwaji, राजस्थान	India
S3-869192648	Indo Business Private Limited	174B/2/2, Thanjavur, தமிழ்நாடு	India
S3-869257198	UY Limited Private Gardens	77/10 Gidc Estate Phase I, Daskroi, Ahmedabad, ગુજરાત	India
S3-86953762	Sagara-Fsoisd Limited	Gopal Gowda Nagara 1St- Cross, Ward No 31, Sagara Town, South Karnataka Region, Shimoga, KA	India
S3-869674570	EMPIRE INVESTMENTS, LLC	5145 45, Indiana, Auburn	US
S3-869823559	Mithi Interiors Prívate Limited	C/oanju M, Nelliyazhikathu, Veedu, Pampalil, Kollam, KL	India
S3-870019596	torres royal evo	16818 Roosevelt Street, Goodyear, Arizona	US
S3-870150585	Redwing Center Prívate Ltd	K 43 B Kalkai, New Delhi, South Delhi, DL	India
S3-870160908	Johnson Smart  of - 2728531019	11200 Tidewater Ln, Raleigh, North Carolina	US
S3-870229489	Surgica1  Care of Dixie	West Virginia, Dixie Highway, Dixie	US
S3-870239805	Creative 8anco Pc	Roanoke Road, Indiana, Roanoke	US
S3-870289314	Ons International Scool	Kno-58/66/65, Hno-24-c, S/f, Gautam Ngr, Near Father Angel School, South Delhi, New Delhi, DL	India
S3-870310984	Pipefitters Union Local  No 724	6 Bicknell St, Kittery, Maine	US
S3-870339876	Capital Pioneer FAST	Cherry Street, Missoula, Montana	US
S3-870561286	Children'S Children'S Summit Alliance Inc.	15-17 Catalpa Ln, null, Valley Sstream, New York	US
S3-870925053	Synvera t/a Mumbai Herbal Pvt Ltd	Parksite Colony Road No 1, Lower Depot Pada Vikhroli (W), Mumbai, Mumbai City, Maharashtra	India
S3-871200945	adhunik (india) art care	No 41/1, Dasappa Garden, Rt Nagar Post, Bangalore, KA	India
S3-871383455	Bangalore (Equip)	No. D/88, Bangalore, KA	India
S3-871471218	Portlandtownship.Com	5805 Milwaukie Avenue, Portland, Oregon	US
S3-871488044	Federman Center Associates		US
S3-871710005	Dr intemational food private limited	Surat, 6/1919, Surat, GJ, 3Rd Floor, Office No. 302, Prayosha Apartment, Jadakhadi, Mahidharp, Ura	India
S3-871746773	FAMILY MEDICINE	1500 Pickford Lane, BWIE CDP, Maryland	US
S3-8720081	Ambrose Commodity	63 Betsy Drive, PMB 1080, Islip, New York	US
S3-872045065	clithium.com	##3008 Calumet Ave, Valparaiso, Indiana	US
S3-872336426	Kelolum f/k/a Heartland Ministries	24 Piccadilly Court, NC, Durham	US
S3-872601955	Man Ridnge LLC	17 Olympic Dr, PO Box 3607, South Barrington, Illinois	US
S3-872653492	Unique [International]	57, दिल्ली, 3Rd Floor East End Enclave, Laxmi Nagar, Delhi, East Delhi	India
S3-872703649	Cornerstone Immesiroion Inc	3225. Baseline Road, Unit 1017, Gilbert, Arizona	US
S3-872820774	skytechnologies.com	0018, 2Nd Floor Sector 14, Opposite Krishan Mandir, Karnal, हरियाणा	India
S3-872864359	shawgiovannadds.com	679 Halsey Ave, Buffalo, Minnesota	US
S3-873072638	Department of Aigfg	2708 Forest Edge Way, Tennessee, PO Box 5395, Knoxille CDP	US
S3-87347373	ਹਾਈ ਇਨਫੋਟੈਕ ਪ੍ਰਾਈਵੇਟ ਲਿਮਟਿਡ	Scf 62, Amritsar, Ajnala, PB	India
S3-873529361	Star Payment Ádvisors	Kansas, Edwardsville, 1550 105rd St	US
S3-873608096	Mcdaniels and Piasecki	720 Pacific Ave, Portsmouh, Virginia	US
S3-873680098	E+ LLC Market	976 Hurds Road, N/A, Virginia Beach, Virginia	US
S3-8739771	Dominguez Plamnire Industrials	Mc Farland, Wisconsin, 6366 Nordic Ln	US
S3-874075047	lSQ Five	24 Wayne Drive, Eutaw, Alabama	US
S3-8741429	atsconcrete.com	#225 Fl No-104, Nashik, MH	India
S3-874374352	#4 Lab0ratories	3455- Meadowlark Dr, Edgewood, Kentucky	US
S3-874472735	Mr Micro  Agro Pvt Ltd	Door No 130/D (1) Pandit Complex Near Hornbill Hotel, Kankavli Sindhudurg, Kankavli, Sindhudurg, MH	India
S3-874541953	slate slate pllc	735C Charlton Street, Southbridge, Massachusetts	US
S3-874553993	Shivam Impex Private	Fl No. 4, 2Nd Flr, Satsang Aptt, B J Road, Mh, Pune, MH	India
S3-874832190	Nguyen Prancromier Royal	Priceville Rd, Munfoordville, Kentucky	US
S3-874976716	visionhealth.com	EL PASO CITY, Texas, 329 Sereno Drive	US
S3-875080686	Nexonyx fka Spurr and Hill Patriot LLC	186 Narrow Lane, New Market, AL	US
S3-875101178	CANTRELL PIPELINE OF TAYLOR MILL LLC	512 Taylor Mill Road, Unit Apartment 286, Latonia Ky, Kentucky	US
S3-875543920	Hopkins Horizon Bluerock		US
S3-875649930	Maa Deve10pers Private  Limited	313 3Rd Floornavneelam Socitey R G Thandni Marg Worli, Mumbai, MH	India
S3-87566567	First Engineering [Pvt]	Midc Ambad, Nasik, D-87, महाराष्ट्र	India
S3-875896478	sandhi fashion (india) private limited	Flat. No. 3001, Ratna Punit Apartment, Street No.8, Mylargadda, Seethaphalmandi, Secunderabad, Hyderabad, TG	India
S3-876097943	Oncology Medicine	4 Collins Avenue, # B, Plymouth, Massachusetts	US
S3-87612137	Mangus Legacy Oak Corporation	713 Perolla Dr, Fort Wayne, Indiana	US
S3-876317807	Verile'S-Fresh Boutique  LLC		US
S3-876569759	Telodyne Miaangelnt-Inc	# Unit 230, Pittsford, New York, 160 Jefferson Road	US
S3-876638792	Flint Inc. Center	3123 1/2 Broad St, Richmond, Virginia	US
S3-876679255	Ectodrex F/K/A Vas Cv Private Limited	Gayathri Nagar, Srinivasa Nagar(East), Plot No.25, Ameerpet Hyderabad, Telangana, Behind Huda Maitrivanam	India
S3-876780801	Lee Taiwan Llc	Monsey, 2-4 Albert Drive, New York	US
S3-87684848	Veterans Society	Center St, Loami, Illinois	US
S3-877073382	quillpolytechnic.com	TN, 31, Erode, Kagam Erode	India
S3-877187347	Autism  Assistance Program Care Corp	401 Burnsville Parkway, Unit Unit 128, Burnsville, Minnesota	US
S3-877474578	Gujarat Logistics Private	Door No 40, Chennai City Corporation, null, TN	India
S3-877739558	Canitfal Group P.C.	Kentucky, 993 Willow Springs Dr, Lyndon	US
S3-877754604	Macro 5hakti Pvt (Ltd)	At Pimpri Kalaga, Tq. Ner, Yavatmal, MH, C-371, Yavatmal	India
S3-877768928	Oncology ássociates LLC	2310 Iris Dr, Sierra Vista, Arizona	US
S3-877794307	Mr Life Tech Private [Limited]	405, Mehta Court Annex, 13, Mumbai, Gilder Lane, MH	India
S3-877907506	Capricorn Services	C/o Chadra Sekhar Reddy, Dr No 4-7-53, Bank Colony, Cuddapah, AP	India
S3-877969825	माय फाउंडेशन Private Limited	Plot No-15a., New Township, Faridabad, हरियाणा	India
S3-878449960	Florentine Pvt Ltd Services	##526 B, Otc Scheme Near Charak Chatrawas, Ambamata, Udaipur, RJ	India
S3-878470354	célestainfrastructure.com	No 140/B Keshab Chandra Sen Street, Kolkata, Howrah, WB	India
S3-878510945	Herbal India Private [Ltd]	Gari Badai, Agra, UP	India
S3-878515090	M. Deberry Scientific	1300 Chestnut Road, Seven Hills, OH	US
S3-878543151	Pediatric Medicine Corporation	7-59 86 Street, Woodhaven, New York	US
S3-878759218	LLC BR Advanced Compass	1054 16th Street, PO Box 1970, Cottonwood, Arizona	US
S3-87887761	Bright Bright C0rporate, INC	35142 Lead Line Road, Virden CITY, Illinois	US
S3-879016721	Pediatric Dentistry  Group	Opal St, Evansvillee CITY, Wyoming	US
S3-87938673	क्रिएटिव फॉर्च्यून कंस्ट्रक्शन प्राइवेट लिमिटेड	A-5 Sultanpurestate Mehrauli, Divreportingcircle, South Delhi, दिल्ली	India
S3-879563953	Rebman, Brant & Schmídt [P.L.L.C.]	735 20th Ave, Unit 4, Coralville, Iowa	US
S3-879674866	Empire (Sbcdty)	8263-8267 Harcourt Road, # APT 239, Indianapolis, Indiana	US
S3-87984761	Great Solutions Private	35, Jyoti Apartments. Parwana Road Road No. 42, Behind Deepali, Pitampura, North West, Delhi, DL	India
S3-880181351	M/s golden it limited	Villa No-1, Hyderabad, Andhra Pradesh	India
S3-880488284	5ilver Packaging	1706 Severn Road, # R, Severn, Maryland	US
S3-880821809	Mcwilliams Delta Arrived	Madera Valley Lane, Cypress, Texas	US
S3-881089743	Federal Payment Labs,	8853 Ahmed Ave, Elk Grove, California	US
S3-881324999	ஈஸ்டர்ன் கன்ஸ்ட்ரக்ஷன்ஸ் பிரைவேட் லிமிடெட்	Khan Palayam, 4Th Street, TN, Madurai, Madurai North, #36A/12	India
S3-881429194	Co Bee Inmia	F-c-1204, Mumbai, महाराष्ट्र	India
S3-881433976	digitallogisticsdigital.com	104th St, Omaha, Nebraska	US
S3-881446605	XX XX Máintenance	33 Willow Street, Lansdale Borough, Pennsylvania	US
S3-881446618	Rnk Índia Limited	61, 15Th Cross, J P Nagar, 1St Phase, Bengaluru South, Bangalore, KA	India
S3-881497081	M 9 Certified Giant	4122 Scenic Dr, Dickinson, Texas	US
S3-881554920	North Builders	Kendrapara, Orissa, Nayan Vihar At - Kasoti, Po - Pandiri, Kendrapara, Market Building	India
S3-881865064	Mount Community [Church]	444 Wallace Rd, PO Box 8139, Luttrell, Tennessee	US
S3-881900553	Clouser Complete Jab	Riverhead, New York, 164 Robinson Parkway	US
S3-881927691	Sri mohit construction pvt ltd	No 656 First Floor, Khivraj Complex Iii, 480, Anna Salai, Chennai, Chennai, தமிழ்நாடு	India
S3-882252107	privatefoundationsader.com	No 422, Badgo, Sader, Gorakhpur, UP	India
S3-882421800	department of aging Enterprises		US
S3-882433048	Lotus Food-Ltd	Plot No 175-176 New Vishkarma Nagar, Jamalpur, Ludhiana, PB	India
S3-882568270	Rodriguez Calisa	699 Cr 21, Helena, Ohio	US
S3-882601144	Sun Systems #39661	Plot No.-62, Gurgaon, Bhondsi, HR	India
S3-882840048	Health Fúnd	##14 Raintree Ridge, Muond CITY, Kansas	US
S3-882918349	Kew  Foods Private	Adampur, Bhopal, Bhopal Four Ayodhya Bypass, MP	India
S3-883422015	The Secure Usa LLC	4163 1/2 Green Trail, Town Of Jackson, Wisconsin	US
S3-883958554	Inchwad Ltd Center	#743 Bvg House, Pune, Inchwad, MH	India
S3-884166548	Industries Pms Informatics Pvt #83690	Pl No.65, Kundrathur, TN, Kunrathur	India
S3-884372426	Lisa'S Coffee	501 Augusta Dr, Village Of Waunakee, Wisconsin	US
S3-884549493	Viodrexonyx	East Delhi, F/F Pkd D, Mayur Vihar, Phase-Ii, Delhi, 274, East Delhi	India
S3-884790295	Avievo trading as Bedell Cadenza of Heyworth	206 Main Street, Heyworth, IL	US
S3-884880323	[Industries] Staffing Commercial	5307 Alcove Grove Road, <NULL>, Chesterfield County, Virginia	US
S3-884994534	Twisted Twisted Yoga	4700 Alkire Rd, Columbus, Ohio	US
S3-885176570	आनंद इंजीनियरिंग प्राइवेट लिमिटेड	Door No 568 26, Silarpur, Near Secretariat, Mandi Ateli, Rewari, HR	India
S3-885326906	míllercleanbiotherapeutics.com	Pennsylvania, Fallowfield Township, 200 Riverview Ave	US
S3-886005244	Cedar Ltd	07477 Covered Bridge Drive, Floor Ground Floor, Waterloo, Illinois	US
S3-886122066	GUJARAT ENERGY	#83 Sp Muherjee Road, 4Th Floor Kolkata, Kolkata, Kolkata, NULL, WB	India
S3-886273758	LLC Jones Seotl Músic,	1209 17nd Street, Mattoon, Illinois	US
S3-886455424	Mr Kinesis (India) Infraproperties  Ltd	2/113 Raheja Crest, Oshiwara Off New Link Rd, Mumbai, महाराष्ट्र	India
S3-88647348	Caldeon Stts LLC	8820 Pendleton Pike, Unit LOT 818, Indianapolis, Indiana	US
S3-886603461	Oncology Ridge Associates ínc.	Alabama, Barnwell, 10363 24	US
S3-886699862	Gao and Báty Genesis Corp		US
S3-886772558	Nexflux D.B.A. Dido Johnson Affiliated LLC	MA, Scituate, Unit 204, 12 Meeting House Lane	US
S3-886802183	@pediatricdental | www.pediatric.com	451 Adams Avenue, Lebnaon, Tennessee	US
S3-886984399	Federal Glóbal Glóbal LLC	22 Jackson Street, Vernon, Indiana	US
S3-887173981	Smith lmperial of (Corvallis)	Arrowood Cir, Corvallis, Oregon	US
S3-887255272	Fayelyracira	No. 796 B-88, Ghaziabad, UP	India
S3-887261962	Sun  Infrastructure Limited	Spaze It Park, Gurgaon, हरियाणा	India
S3-887441763	Dr Tres-Fab		India
S3-887495482	Environmental Guild Inc	200 1/2 Crestwood Drive, Avinger, Texas	US
S3-887582565	Evomira Labs d/b/a Anderson Floating	866 30th Avenue, Santa Cruz, CA	US
S3-888015732	HARBOR PACIFIC RETURN INC	199 Stonecliff Dr, Rochester, New York	US
S3-888110277	BH Service Corp	Gurgaon, #1035 Near Back, Sadar Bazar, HR, Side Shanti Ispat Khandsa	India
S3-888121263	Bowers Navigation,	3006 Mcgee St, Kansas CITY, Missouri	US
S3-888372019	Borton Specialty of Hingham Corporation	29 Rockland Street, Hiingham, Massachusetts	US
S3-888487050	Solutions Karishma Karishma Public	Madurai, TN, Madurai, No 11 - 97 East Street Pandiyan Nagar Thirunagar	India
S3-888549190	Sri Aura Medical	8-4-390/A/8. Prem Nagar Erragadda, Hyderabad, Medchal Malkajgiri, TG	India
S3-889821947	Mullins, Thomas and Shoemaker Invesco Corp	38 Norman Drive, Mountain Brook, Alabama	US
S3-889904422	Colonial Citizens L.L.C.	31 Laurie Drive, Lockport, Illinois	US
S3-890194276	Yumadova formerly known as Internal Medicine Health	9210 114th St, Blue Grass, IA	US
S3-89025155	HB Solutions Ltd	Nehru Nagar-3 Block, Ghaziabad, UP, E-181	India
S3-890269573	Dr Planet Limited Services		India
S3-890386441	Bright Odyscey LLC	906 Washington Avenue, Wagoner, Oklahoma	US
S3-890422694	PLLC Ironclad	181 Audubon Rd, Jacksonville, North Carolina	US
S3-890454919	Guerrero, Mcwilliams and Keeton Jessamine	201 Canter Ln, Jessamine Co, Kentucky	US
S3-890718422	ટેક ફૂડ્સ પ્રાઇવેટ લિમિટેડ	No 786 15, F.p.396, Fariawala, Estate, Opp. Hotel Avtar, Ahmadabad City, Ahmedabad, ગુજરાત	India
S3-890823580	The Cozy Coffee	Fargo, 1014 7th Street, # Apartment 3, North Dakota	US
S3-890883648	Varshika Foundation Private	C/o-sudhansu Sekhar Saooo, Sahadevkhunta, Baleshwar Sadar, Balasore, Orissa	India
S3-890956063	Continental Blue Spíre LLC	2271 Sunley Ln, Chesterfield, Missouri	US
S3-89100901	Nagraj Edaciton  Ltd	Door No 3/1B Gour Sundar Sett Lan, Dumdum, Sinthee Police St, Kolkata, Kolkata, Howrah, WB	India
S3-891033883	Star Investment Limited	Kolkata, 47 Mandir Road Flat No 4D1 P S Dum Dum, WB, Calcutta	India
S3-891208668	Sankalp Private-School Public Limited	#2/2 Saini Bhavan, Bombay, Mumbai, MH	India
S3-891366228	Lyraciraaria t/a Webb Credit PLLC	745 -303 Lawrence Drive, Virginia Beach City, VA	US
S3-891372463	Square Trading [Private]	Howrah, Kolkata, 24, Hemanta Basu Sarani, Manglam, A- Block, R. No. 201, WB	India
S3-89162576	Llc Mitchell, Herring and Graham	120 Mimosa St, Camden, Tennessee	US
S3-891701181	ahagroprivate.com	Site No. A-4, Coimbatore, TN	India
S3-89178126	Suh Service	#221 Highland Circle, PMB 6182, Bluff City, Tennessee	US
S3-892029670	Bvs Medical Centre Private Limited	Door No 575 E-5/405, Gali No. 8, Netaji Subhash Mohalla, Sonia Vihar, North West Delhi, Delhi North East, दिल्ली	India
S3-892087197	Clean India  Private Limited	F3, 1St Floor, Shiv Complex, Village Vallabh Vidhyanagar(m), Taluka Anand, Dist. Anand, Anand, GJ	India
S3-892157732	-- Hitech & Sons  Private [Limited]	H No 734 At Post Kanerwadi Tq Kallam, Osmanabad, Shiradhon, MH	India
S3-89218331	Evozeph d/b/a Allied Investments LLC	320 Carroll Street, Thomasville, NC	US
S3-892224292	Vega Manulife Highland Holdings		US
S3-892701413	Polar	701 Royal Lakeview, Nr Gota Lake, Daskroi, Ahmedabad, Gujarat	India
S3-892983076	Star Choice Ford	6- Soundview Rd, Glen Cove, New York	US
S3-893005957	Complete	Heath, 1174 Hebron Road, OH	US
S3-893019704	LIV Pvt Ltd Center	Bangalore North, Bangalore, 241, KA	India
S3-893116809	Simmons Veterinary Clinic	1614 Kingsbridge Drive, TX, Garland	US
S3-893191740	diaz & mills physical therapy	9300 Ovehill Rd, <NULL>, Henrico, Virginia	US
S3-893574283	Wanids's Wanids's Yoga	251-255 Admiral Cochrane Drive, PO Box 7582, Annapolis, Maryland	US
S3-893741992	ferrynfurniture.com	Connecticut, 100 Commerce Dr, Shelton	US
S3-893893792	Arcorbibelo (ID: 81803)	Inglewood St, Mesa, Arizona	US
S3-894103431	Vibha Center	E-401, Faridabad, HR	India
S3-894138821	Grace  Cgale	Lewis Dr, City Of Aberdeen, Maryland	US
S3-894165708	cabralaccounting.com	Calvert City, 26C Cypress Creek Drive, Kentucky	US
S3-894206805	Bramel 0sprey  PLLC	547. Ingraham St, Washington, District of Columbia	US
S3-894311097	Loveland, County  Of Co	797 Decade Ln, null, Loveland, Ohio	US
S3-894358799	Flores's Consultants Inc	00105 Dohm Avenue, Guilford, Connecticut	US
S3-894399054	Premier Private Limited Center	Pada No-4, Thane, महाराष्ट्र	India
S3-894401000	>> Empire  Society LLC	8263-8267 Harcourt Rd, # APT 239, Indianapolis, Indiana	US
S3-894932954	Francisco  and Warren LP	009324 Deer Run Road, PO Box 2426, Williamsburg, Missouri	US
S3-895130740	Ilse's Rhatatid Law Group	105. Miles Dr, San Marcos, Texas	US
S3-895340746	SHAGUN SHAGUN ENTERPRISES	C/o Ramasharay Singh, New Area Ward No-11 Near Devi Mandir, Aurangabad, Aurangabad(bh), BR	India
S3-89549110	Jeanelle LP Granite-Moctezuma	Cider Mill Dr, Hendersonville, North Carolina	US
S3-895605096	Aviarcavi	2481- Elizabeth Ann Ln, Atlanta, Georgia	US
S3-895920986	Simmons Veterinary  Clinic Clinic	Kingsbridge Dr, Garland, Texas	US
S3-895992039	Baney Istnetligee [Inc.]	6623 Park Ln, Dallas, Texas	US
S3-896116242	Dayton Family Charities	238 Oxford Ave, Dayton, Ohio	US
S3-896367662	Kpr Info Private Ltd	4524/2, Ahmedabad, Daskroi, GJ	India
S3-89638034	Peacock Trust Ltd.	Andhra Pradesh, Hanamkonda, H.no 2-10-309/2/6 Prasanthinag, Warangal Urban	India
S3-896404476	#volkfirst	Tulsa, Oklahoma, 2610 29th Pl	US
S3-896453517	Ridge School Services	15588 Merrill Avenue, Fontana, California	US
S3-896507352	Smith, Stubblefield	6913 Violet Dr, Fredericksburg, Virginia	US
S3-896558845	Eadie Tórres Frontier Ápollo LLC	North Carolina, Wilmmington, 3910 Oleander Drive	US
S3-896592941	Clean Alliance Semiconductor Corp	5813 Baseline Rd, Unit Apt 158, Little Rock, Arkansas	US
S3-896662106	Theo Navarro Colonial Technology L.L.C.	282 River Clay Road, Fort Mill, South Carolina	US
S3-896803713	North  Constructions Private Ltd	Office No Bwa-9021, Bandra Suburban, MH	India
S3-897019038	saprivate.com	House No. ##1184, Sector 5, Kurukshetra, Urban Estate, हरियाणा	India
S3-897153829	Chiropractic Mdiicne	242 Godfreys Ln, Hertford, North Carolina	US
S3-897245044	Valdes Cúlture LLC	Missouri Ave, Islip, New York	US
S3-89755169	Apex Center LP	New York, 4 1/2 Hillside Court, Sleepy Hollow Lake	US
S3-897857258	Inchwad Ltd Services	Door No 743 Bvg House, Premier Plaza Pune - Mumbai Road, Above Icici Bank, Ch, Inchwad, Pune, MH	India
S3-89797682	Valdez and Murphy  Energia Inc	3911 Circle Drive, Wichita Falls, Texas	US
S3-897989804	M/s Laxmi Consulting  Private Limited	13/288, 1St Floor, Irumban Building, Sreekrishnapuram (Post), Palakkad, കേരളം	India
S3-897991685	@Leachcapstone	Taylor Gaines Street, Austin, Texas	US
S3-898047937	Star Investments Private Ltd	Ae-16 Avantika, Ghaziabad, उत्तर प्रदेश	India
S3-898082812	Green Roky  Holdco LLC	2805 Maple Dr, Mesquite, Texas	US
S3-898121176	Pellegrino, Simpson and Thompson Métals LLC	602C W Hills Drive, Rogersville, Tennessee	US
S3-898470442	Swami Welfare Society LLP	Door No 00446 55/ 4, Khargone, Indore, MP	India
S3-898578101	Ivenium Ráilway L.L.C.	Arkansas, Mayflower, 7 Credit Dr	US
S3-898975774	सेवन मार्केटिंग प्राइवेट लिमिटेड	No 209, B.d. Chambers, 10/54, Desh Bandhu Road, Karol Bagh, New Delhi, दिल्ली	India
S3-899269237	Shreyans (Academy)	33, Taskand Mard, Civil Lines, Prayagraj, Allahabad, उत्तर प्रदेश	India
S3-899343587	MACHINISTS LOCAL 697		US
S3-899357325	Clyis Obic	##403 A Hume Ave, Alexandria, Virginia	US
S3-899534815	liberty select llc	3202 Boardwalk Lane, Unit 9, Greenville, North Carolina	US
S3-899963959	Oncology	443 Airport Industrial Park Rd, Parkersburg, West Virginia	US
S3-900110842	High-Shyam Builders Pvt Ltd	KL, 5-62/1963/B12, Kozikode, Kozhikode	India
S3-9004723	Bright Technical  Dynamics LLC	2112- Crockett Way, N/A, Anna Township, Texas	US
S3-900607781	Smt Masco Foundation	167- Ground Floor Abhay Khand - 1, Ghaziabad, उत्तर प्रदेश	India
S3-900851657	Private Hyderabad Cuisine Ltd	Hyderabad, TG, 26, Hyderabad	India
S3-900972191	Classic  Newbridge LLC	Kingbird Street, Tucson, Arizona	US
S3-901277278	LLC Ambrose Commodity	63 Betsy Dr, PMB 1080, Islip, New York	US
S3-901442277	Bramel Osprey (PLLC)	547. Ingraham Street, Washington, District of Columbia	US
S3-901516052	Simps0n,Emelita, CPA, (PC)	841 Panther Lane, Sapula, Oklahoma	US
S3-901586764	Health Valley Chárities Inc Commission	#4 Hilltop Dr, Pittsford, New York	US
S3-90173947	Consolata'S Fínancial	2573 Fort Road, Belton, Texas	US
S3-901828542	Orthopedic Inc Service	4225 1/2 Alabama Saint, Houston, Texas	US
S3-901961809	Star Payment [Advisors]	Edwardsville, Kansas, 1550 105rd Street	US
S3-902049188	Wealthy Solutions (Private)	Unit No. 703, 704, Amba Tower, Plot No.2, Community Centre, D.c Chowk, Sector-9, Delhi, North West Delhi, दिल्ली	India
S3-902123532	& Tripower Co	Sai Home House No 205. 2Nd, North Karnataka Region, Bellary, KA	India
S3-902354300	TM Servaise Pvt Ltd	1/G Khudiram Bose Sarani, Howrah, Kolkata, WB	India
S3-902432481	Seven Tradmng Pvt Ltd	3 Friends Flats 4Th Main 4Th Cross Aecs Layout Sanjay Nagar Geddala Halli, Bangalore, KA	India
S3-902600024	International Arn Laundry (LLP)	Plot 493 Shop No-108 Anchal Plaza Vasant Kunj, New Delhi, North Delhi, DL	India
S3-902946857	Shri Roots  Securities Pvt Ltd	C-87, Goyal Park, Opp Goyal Plaza, Vastrapur, Ahmadabad City, GJ	India
S3-903381073	Varshika Foundation Private		India
S3-903422293	Om Foods Private	No. 0515 59, Type 2 Sec 1, Naya Nangal, Anandpur Sahib, Rupnagar, PB	India
S3-90360043	A Cure 6 IT Co	11890 Pasco Rd, Apple Valley, California	US
S3-903685016	Shaw, Gi0vanna, DDS Corporation	679 Hhlsey Ave, Buffalo, Minnesota	US
S3-903948259	Diamond-Transport Corporation	00295 Holly St, Vidor, Texas	US
S3-90396954	National Health Center Llc	132 Teller Road, Daniels Farm, Connecticut	US
S3-904203756	Shri Royal  Service	403, Salooni Chs Ltd, 56Th Road, T P S 3, Borivali West, N/A, महाराष्ट्र	India
S3-904280983	Quality Media Partners,-Inc	1730 Mozart St, Chicaog Township, Illinois	US
S3-904319926	South Atlantic Table	02072 Copenhaver Rd, null, Tennessee, Rock Island	US
S3-904326456	PC Dempsey Quality Fuel	11221 850, Tyler, Texas	US
S3-904866792	Arts  Ministries	5790-5792 Hughes Road, Galena, Ohio	US
S3-904905170	LLC Patterson Quasaredge Platinum	Scott Dr, Clintonc DP, Indiana	US
S3-905055899	Siex  Metropolitan Mercator Inc	Texas, Amarillo, Bowie Street	US
S3-905077097	Ace Th Tech Private (Limited)	8., Nalanda Appartments D-block, Vikas Puri, West Delhi, DL	India
S3-905149744	India Newleaf Energies Private	#0969 Office Gala No.1, Ground Floor, Shubham Industrial Building No.2 Dhumal Nagar Vasai East, Vasai, Thane, MH	India
S3-905583106	shookfrontiernewhold.com	5707 Sora Ln, Riverdale, Maryland	US
S3-905620378	HFO Golden Design	3330a Lockburn St, Indianapolis, Indiana	US
S3-905748682	Peyton'S  Mountain #78918		US
S3-906013436	Evobrix	13195 Brant Road, Victorville, CA	US
S3-906273391	Harb0r First  LLC Service	3208. Glenda Avenue, N/A, Haltom City, Texas	US
S3-906590818	Heartlandministries.Com	Piccadilly Ct, Durham, North Carolina	US
S3-906712461	Limited Gangaya Private Services	Ga284, Bhubaneswar, Khordha, ଓଡ଼ିଶା	India
S3-906774224	Interstate Platinum Etpmdtses PLLC	61 Brookwood Dr, Indinaola, Iowa	US
S3-906800381	BRONSON, KOLB & JACOBS BEST	25246 Court St, SAN Bernardinno, California	US
S3-906840336	@tadynesignature	Humlbe, Texas, 21523 Maria Amore St	US
S3-907158528	Nan0n Montes, Ph.D., DDS [PC]	Olympia, Devonshire St, Washington, Floor 1	US
S3-907233119	Hale Algonquin - 9628527856	124 Towergate Drive, LAK ST Louis, Missouri	US
S3-907287816	Ace Total Spark LLC	1269 Elrod Road, Manchester, Tennessee	US
S3-907309455	City Of El Paso Harbor Apex  Corp	10320 Montwood Dr, City Of El Paso, Texas	US
S3-907664101	BR C0mpass Advanced LLC	1054 16th Street, PO Box 1970, Cottonwood, Arizona	US
S3-907893405	Ltd Super Realtors Pvt (Services)	Pune City, S.no. C-22/26, MH, Tathawade, Greens Pine, K-501, Opp. Pudamjee Mill	India
S3-908296755	Community 5ervices	810 Moorpark Place, Tucson, Arizona	US
S3-908305368	Caloarc	662 Rania Way, West Fargo, North Dakota	US
S3-908368622	Plumbing, Patel Plumbing,	1658 Lin-Olr Court, Elgin, Illinois	US
S3-908504328	Private Jsr Bizc0n Limited	D/214 Shyam Ashish Sunder Nagar, Agashi Road Bolinj Virar West, Thane, Palghar, MH	India
S3-908592665	Express  Mortgage Union Inc		US
S3-90871336	Clyola Neuberger LLC	New York, 21 Elm Lane, Greenville	US
S3-908894849	Education	1601 Malibu Place, Newport News City, VA	US
S3-908943520	Shiven Design Partners LLP	4/A, Floor - Grd, Recondo Compound, Sudam Kalu Ahire Marg, Glaxo, Worli Colo, Ny, Mumbai, Mumbai City, MH	India
S3-908962293	Vrb Services (India) Pvt	GJ, 7, Mill Officer Colony, B/h. Reserve Bank, Ashram Road, Ahmedabad	India
S3-90910928	Youth Ministries-Corp	1017 Autumn Lane, Concord, North Carolina	US
S3-909176069	Aparna Industries	Inayat Nagar, Milkipur, Faizabad, उत्तर प्रदेश	India
S3-909337052	रॉयल मीडिया प्रा. लि.	Shpo No.-15, Pooja, Shoping Complex, Saharanpur, UP	India
S3-909358706	Kirtika Limited Partners	No.301, 3Rd Cross, Rustum Bagh Main Road, Bangalore North, Bangalore, KA	India
S3-910381537	Co & Cs	407/9, Pukhraj Corporate, Opp. Nawlakha Bus Stand Near Prashant Hotel, Indore, MP	India
S3-910481787	Sangameshwar Brothers Center	Prestige Trade Towerno.##46, 23Rd Floor Palace Road, Bengaluru, Bangalore, KA	India
S3-910731661	International Software LLC Digital	Baytown, Texas, 9207 Franklin Dr	US
S3-910880935	FAMILY GROUP	2735 Wagner Street, Cincinnati, Ohio	US
S3-911148338	hembree & wireman inc.	0914 Gatestone Forest Dr, Beasley, Texas	US
S3-911464482	Angela Commercials-Pvt	Plot No-00142-904, Kendujhar Town, Kendujhar, Keonjhar, ଓଡ଼ିଶା	India
S3-911708918	Headrick,Harker & Dick Nexera	Beckley, #106 Wilkes Ave, West Virginia	US
S3-911794354	Health 6úild	5205 Cornelias Prospect Drive, Bowie, Maryland	US
S3-912101830	Agro Innovative Infrastructure Private Ltd	C/o-gopal Patil Dwarka, Amalner, Jalgaon, MH	India
S3-912108715	ଶ୍ରୀ ଗ୍ଲୋବାଲ୍ ପ୍ରାଇଭେଟ୍ ଲିମିଟେଡ୍	Plot No-315/1088, Bhubaneswar, Khordha, ଓଡ଼ିଶା	India
S3-91225516	Happy  Travels Private Limited	Door No 3641Gal Lohewali Chawri Bazar, New Delhi, Delhi, DL	India
S3-912351493	Orthopedic Chare Associates [Co]	181 Amherst Cir, Oswego, Illinois	US
S3-912492395	Anvil	001701 Colter Street, Unit 302, Phoenix, Arizona	US
S3-913119857	क्लासिक ट्रेडिंग प्राइवेट लिमिटेड	महाराष्ट्र, Sector - 2, Plot No. - 2, Phase - Ii, Nerul (West), Navi Mumbai, Thane, Office No. 7 & 8	India
S3-913566942	I+ Paceline,	Texas, Schulenburg, 1517 Kellett Ave	US
S3-913820436	Gatiman Law  Chambers	Door No 465 H.no.-69/5, Albony Lodge, Bahraich, UP	India
S3-914056373	Mr Ch Clinic Corporation	No. D/415, 13Th Cross, G Block, Dattagalli Badavane, Mysore, Mysuru, KA	India
S3-91408312	Vivan Company Center Center	Junagadh, Nr Khamdhrol Fatak, 7-Cross Complex Shop No 107, Junagadh, GJ	India
S3-914276507	P 2 R Indx		US
S3-914349131	Morgan  Entergy Inc	616. Belforte Blvd, Hsb Llano Co, Texas	US
S3-9144763	N0dyne	Tennessee, Nashville, Ashington Ln	US
S3-914834449	Ankle Foot Medicine Center	Phillipsburg, 658 H Street, Kansas	US
S3-915377057	5t. Ministries	9107 1/2 Beach Rd, New York, Brewerton	US
S3-915725003	Safe Dpc	1122 Briarwood Cir, Moody, Alabama	US
S3-915800950	Schuler Capital Douglas, Llc	255 Lost Springs Terrace, # #201, Portland, Oregon	US
S3-915808596	Sweet Tvdrn		US
S3-915857261	Private Rajmata Law Chaamrbers Limited	Kundalahalli, A/b 01, KA, Bangalore, Sree Enclave, Plot No-48/1 4Th A Cross, Shirdi Sai Nagar, Munekolal, A	India
S3-916177260	Luthra Solutions	F.no.-g-2. P.no.- 36 Dharam Nagar Gopalpura Bypas, Jaipur, RJ	India
S3-916379142	Halcyon	5314 Casa Grande Dr, Topock, Arizona	US
S3-916380547	ux global private limited	J-1955, Southeast Delhi, DL	India
S3-916411888	ஹைடெக் எஸ்எஸ் இன்ஃப்ரா பிரைவேட் லிமிடெட்	Hill View, Port Trust Housing Colony Tirusoolam, Kancheepuram, TN, 026, Chennai	India
S3-916603689	Health-Guild	Cornelias Prospect Dr, Bowie, Maryland	US
S3-916884023	Consulting Cristal Agro Private	Block C-676 Medicine Tower 1St Floor Near Sajjad Nursing Home Hamidia Road, Bhopal, मध्य प्रदेश	India
S3-917332790	Risaus Inc Services	# 323, Massachusetts, Botson, Border Street	US
S3-917340909	VD Consulting Private Ltd	Fenin Villa Wno 5-6 Kisaan, Colony Nawalgarh Road, Sikar, RJ	India
S3-917342907	Shri @jaycoindia	C-56gharpure Path Girgaum, Mumabi, Mumbai, महाराष्ट्र	India
S3-91741797	Regional Lae LLC	213 Edgeware Road, Hampden Township, Pennsylvania	US
S3-917424926	Hsh Center Limited	Fl N-k-a-108 Sr N-12/16-17, Pune, Haveli, MH	India
S3-91779875	CENTRAL SECURITY PRODUCTS	##14 Kimmie Ct, Sacramento, California	US
S3-91797453	American Council ínc.	DWEY, 1264-1266 River Dr, Arizona	US
S3-918016674	ARDYCE OPP FIELDS LLC	Illinois, 02242 91st Saint, Chicago	US
S3-918035374	Synariayuma t/a Curtice's Signs	NY, Brookhaven, 16 Grasslands Circle	US
S3-918101954	#favovue	# 102, North Carolina, 704 Copperline Drive, Chapelhill	US
S3-91811478	Mnm Trading (Ltd)	846 Bldg 5/3D, Flat No. 13, New Ajanta Avenue Society Kothrud, Poona, Pune, MH	India
S3-918126506	Cascade Generaling-Inc	7406 Centenary Dr, Rowlett, Texas	US
S3-918436032	Choice Investment [Techonflogises]	182nd Ave, Bristol, Wisconsin	US
S3-918664470	Mandie  Deberry	1300 Chestnut Rd, Seven Hills, Ohio	US
S3-918679344	Village Of Somers [Community-Services]	7811 12th Street, Village Of Somers, Wisconsin	US
S3-918923760	Mr Raj Projects Pvt Limited	B-47, Jodhpur, राजस्थान	India
S3-919031316	tech ínfotech private limited	4-6-375/3/8, Sri Siddi Vinayaka Apartm, Karimnagar, Karim Nagar, తెలంగాణ	India
S3-919275367	Jay-Limited Private Software	3-8-3-228/96/2/1, Rahmath Nagar Yousufguda, తెలంగాణ, Hyderabad	India
S3-919275552	Akshit Ltd Knowledge	C3, Shri Manglam Banglow, Kalika Park Untwadi, Nashik, MH	India
S3-919310924	soto, dási, d.d.s., p.c.	02900 Danzig Pl, Louisville, Kentucky	US
S3-91974392	Mr GLS KITCHEN PVT. LTD.	Malappuram, Malapuram, Block A-122 8/1104, കേരളം	India
S3-919954258	Smt Frog India  Ltd		India
S3-920027285	Billie Mersr Beauty LLC	700 Commerce Park Drive, Grand Prairie, Texas	US
S3-920032449	Allied  Partners	Plot 343 City Sr No 170 Word No 1, Plot 255-256/B, Bhavnagar, GJ	India
S3-920238950	PEDIATRIC DENTISTRY DESERT CLINIC, LLC	295 Greenwood Ave, Ontario, California	US
S3-920344864	Pi0neer Investments Prate Limited	Door No 286- Pp/14-767, 768, 1222 Near, Kochupalam, Attingal Road, Chirayinkeezhu, Trivandrum, Keralam	India
S3-920390689	Caldeon LLC Center	8820 Pendleton Pike, PO Box 1234, Indianapolis, Indiana	US
S3-920456406	FQ India Associates Corp	#503, Mumbai City, Mumbai, महाराष्ट्र	India
S3-920704479	Lamb Interlts Co	2634 Boulder Court, HGH Point, North Carolina	US
S3-920866762	Fayezephnovi+ trading as Red Media Private Limited	Plot 229, 230 Gidc Hansalpur, Viramgam, Ahmedabad, Gujarat	India
S3-920878650	Big Healmcare Private Limited	No 3Rd Floor Office No 300 Galore Tech, Survey No 22 Hissa No 2 1 3 1 4 1 1 Bavdhan Khurd, Pune City, Pune, MH	India
S3-920892404	लक्ष्मी कंसल्टेंट्स प्राइवेट लिमिटेड	A-301, New Sai Dham Chsl, Ramdev Park Road, Thane, MH	India
S3-920996654	Green Sterling Midcap, Llc	209 Mira Vista Dr, Santa Cruz, California	US
S3-921138095	Cornerstone Service	5641-5645 Harry Street, Wichita, Kansas	US
S3-921223984	East-Saint Louis Ínsight	475 22nd St, East Saint Louis, Illinois	US
S3-9213199	Rocky Learning Center Ltd	2710 Ford Street, Brooklyn, New York	US
S3-921368944	Quality Media	1730 Mazart Street, Chicaog Township, Illinois	US
S3-921846188	Cancer Ministries  Ltd	1550 State Highway 386, Anton Chico, New Mexico	US
S3-922003653	Cozy Nails! PLLC Center	13977 East Road, Lake Park, Minnesota	US
S3-922181967	335 MAIN AVE COMPANY PC	337 Old Pinson Road, Jackson, Tennessee	US
S3-922288067	Ptife Shyam Land Limited	Kolkata, H.no 10- Lyons Range5th Floor, Calcutta, পশ্চিমবঙ্গ	India
S3-922358548	De Haynes, MD Corp	340-344 155nd Ave, Mayville, North Dakota	US
S3-922448418	Norah Homlmtsh  Fresh Fuel LLC	7914 Hope Valley Court, Adamston, Maryland	US
S3-922469770	Vision Center of Farmers Branch Care LLC	13301 Galleria Pl, Unit 3204, Farmers Branch, Texas	US
S3-922628364	Lumaviveo	Maharashtra, Pune, Pandhari Nagar, Saranga, Near Rakshak Ngr, S No 4/1, Pune	India
S3-922634740	Whale Industries Group Private	Hno 2/1B Sno 9 Gujarwadi, Pune City, Pune, MH	India
S3-923120329	Libby's Apex Tattoo Ltd	1816 Jerauld Ave, Niagara Falls, New York	US
S3-923212746	Fin 8rotadcantig LLP	D/602- Excellency Tower, Indralok Phase 8 Bhayander East Mumbai, Mumbai City, Mumbai, MH	India
S3-923346866	Sri Bee India Company	F-c-1204, Mumbai, MH	India
S3-923444043	Dr Mishra Realtors Pvt. Ltd. Partners	Building No. 13B, Block No. 13 Zone-1, Road 1C, Gift Sez, Gift City, Ahmedabad Hq Region, Gandhi Nagar, ગુજરાત	India
S3-924062635	GT Trichur Private-(Limited)	Fa-229b, New Delhi, दिल्ली	India
S3-924191082	Secure Columbus LP	229 Tarkington Road, Creswell, North Carolina	US
S3-924356864	Adhunik (India) Art Care Co	No 41/1, Dasappa Garden, Rt Nagar Post, Bangalore, KA	India
S3-924358017	Super Medical Centre	Ernakulam, KL, Kalamassery, Plot 913. 23/163A	India
S3-924378606	Sri Helot Medical Centre	729, 16Th Cross, 27Th Main, Sector-1, Bangalore, KA	India
S3-924532861	2677 First Road	10403- Wagon Trail Road, Houston, Texas	US
S3-924544429	X Z M Intercontinental Services	3235 Woodbrook Court, Irving, Texas	US
S3-924611187	Kacey Piercy Desert	220 12th St, Hamilton, Ohio	US
S3-924672069	Satterfield, Crawford and Copeland  Newbury Inc	1204 Bennett Drive, PO Box 874, Pasadena, Texas	US
S3-924726929	शक्ति लॉजिस्टिक्स प्राइवेट लिमिटेड	Plot No. Rb-50, Riico, Industries Area Karoli, Tizara, Tapokda, RJ	India
S3-924824386	Tech Infotech  Private Ltd	4-6-375/3/8, Sri Siddi Vinayaka Apartm, Karimnagar, Karim Nagar, TG	India
S3-924954226	Gilddova	Shop No 413, Kokapet Terminal, Gandipet Main Road, Narsingi Municipality, Rajendra Nagar, K.V.Rangareddy, Telangana	India
S3-925315481	Classic Electronics Technologies LP	1239 Tillerman Place, Fl 0, Curtis Bay, Maryland	US
S3-925607977	American Inc. Council	1264-1266 River Dr, Dewey CITY, Arizona	US
S3-925709661	Safa Public Schóol Limited Partners	Ground Floor, Lp-55/10/3, 8/30B Bejoygarh, Kolkata, Howrah, Kolkata, WB	India
S3-926555529	Jones Select Music,		US
S3-926774456	Garcia Brewog | www.garciabre.com	5500 Highland Drive, Little Rock, Arkansas	US
S3-926917633	Zenith Táx	5241 Sable Ct, Metor, Ohio	US
S3-926932080	Behavioral Health  Medicine Ltd		US
S3-927390710	Great Holdings Rare		US
S3-92747296	Pvt NJY Welefaregfoundation Ltd	Kh No-d/33/5, DL, South Delhi, Jonapur New Delhi, South Delhi	India
S3-927529142	Ali's Empire Wireless Ínc	235 Brooks Road, Binghamton, New York	US
S3-927744978	Simpson, Emelita,	1233 Panther Lane, Sapulpa, Oklahoma	US
S3-928215963	Cozy Nails! Pllc	13977 East Rd, Lake Park, Minnesota	US
S3-928449189	BIRACILIK MACGREGOR ASSOCIATES	2481- Elizabeth Ann Lane, Atlanta CTY, Georgia	US
S3-928683234	Tejiya  Developers Center	55 Amer Complex, Bhopal, MP	India
S3-928920096	Steelworkers Local Union No 303	869 Echo Dr, Meadview, Arizona	US
S3-929063348	Digital A6RO PVT LTD	Block D-840 Cts No. 41, Pune, Pune City, MH	India
S3-929487580	Marketing Sharda Márketing Private Limited	Shaikpet, TG, Flat No. 3-101, Hyderabad	India
S3-9295409	Eye Care	3492 Bynum Leatherwood Road, Anniston, Alabama	US
S3-929553399	BC Hydrogen Private Limited	Plot 813 Khata No. 87 Plot No. 830, Beladal, Puri Sadar, Puri, Orissa	India
S3-929645968	NATIONAL COHEN	3287 1/2 Jaber Dr, Akron, Ohio	US
S3-929764787	2688 Madison Ave Owfrs Corp, LLC	Kelzer Pond Dr, Victoria, Minnesota	US
S3-929770206	Yumabeloio t/a Rudloff's Crystal Metal Works	100 Paradise Drive, Unit 6, Nacogdoches, TX	US
S3-929855251	Choice Resorts Resorts Inc	Pleasant Ln, Lagrange, Indiana	US
S3-930263670	Minerva And Sons L.L.P.	Office 13, 2Nd Floor, S.no.138/1, City Center, Haveli, Pune, MH	India
S3-930520511	PY Elite	45th Avenue, Seattle, Washington	US
S3-930528130	Pollachi Crop Private Ltd	No ##113, New No. 96, Gandhinagar, Kottur Road, Suleeswaranpatti, Pollachi, Coimbatore, TN	India
S3-931037016	Vision Center óf Farmers Branch	# 3204, 13301 Galleria Pl, Texas, Farmers Branch	US
S3-931117544	KH Plastics  L.L.P.	#591A, Hmt Layout, V.r Pura, Yelahanka, Bangalore, KA	India
S3-931306030	Silver Consultants Limited Service	No. #42, Coimbatore, தமிழ்நாடு	India
S3-931387448	Link	252-B, Lower Ground Floor, Office No.-10-A Prince Plaza, Sant Nagar, East Of Kailas, H, New Delhi, Delhi	India
S3-93139722	8ig-Key Pvt.	F N9 Sn5/10 Someshwarwadi, Sahadeo Avenue Pashan, Pune City, Pune, MH	India
S3-931515172	Unique Investment Private Limited	Cbn No25 G5osian Building, New Delhi, South Delhi, दिल्ली	India
S3-93153052	Maurise's  Custom Tavern	335-D Telford Rd, Telford, Tennessee	US
S3-931720898	Crystal Cloud	#325 Euclid Ave, Sioux Falls, South Dakota	US
S3-931731258	Yu Rare,	1530 Mirror Lake Dr, Illinois, Naperville	US
S3-931804603	... Enano Sui Inc	83482  State Highway 11, Wakita, Oklahoma	US
S3-93223835	Physical Physical Therapy Rocky Associates	125A Villa Ave, Yonkers, New York	US
S3-932295144	#Juliannrockwell	1205 Spaulding Ave, Chicago, Illinois	US
S3-932443946	राज Global लिमिटेड	611. - A, Bombay, Mumbai City, MH	India
S3-932612678	P0well-Resources	2725 Vinton Ave, Rockford, Illinois	US
S3-932923135	Secunderabad (india) Pvt. Ltd. Ltd.	Secunderabad, Hyderabad, Dinesh Apartments Padmarao Nagar, తెలంగాణ, 6-1-284/4/103	India
S3-933095389	Vision of Care-Klamath Falls	0584 Old Midland Road, null, Klamath Falls, Oregon	US
S3-933108115	Marlo Ngfhygen Oaktree, Inc		US
S3-933156173	Perfect Chnsetlany  Private Limited	4/1, Middleton Street, Sikkim Commerce House Room No-208, Kolkata, Kolkata, Kolkata, Howrah, WB	India
S3-933183664	Brand Coinshares  LLC	Maryland, 394 Hillcrest Dr, Aberdeen	US
S3-933531165	Direct-Heritage Velos Inc	28515-D Great Canyon Dr, Hockley, Texas	US
S3-933613208	>> Nashville Historical Services	226 Dellrose Dr, Nashville, Tennessee	US
S3-93367042	scism preparatory academy llc llc	0203 Brentwood Dr, Cedar Falls, Iowa	US
S3-934312947	Rodgers, Margaret, (DMD)	12375 107st Avenue Court, # #D4, Puyaallup CDP, Washington	US
S3-934623561	shivam consultants private limited	Sco 124, null, Amritsar, PB	India
S3-934672681	First Producst Private (Limited)		India
S3-935325046	The Marj G. 8ranch, P.A., M.D., P.C.	Pennsylvania, 80 Meadow Ln, West Norriton Township	US
S3-935470630	IO Credit Private Ltd	MH, Chhatrapati Sambhaji Nagar, N-6-8 Vishwakarma Co- Hou, Aurangabad	India
S3-935569716	Ear Nose & Throat National Group P.C. P.C.	431. Saguaro Dr, Apache Junction, Arizona	US
S3-935613341	áurora	935-C Third Ave, Unit 101, Hickory, North Carolina	US
S3-935638728	Wexveo	C 401, Sharmin Chs Ltd, Shanti Park, Vallabh Baug Cross Road, Ghatkopar East, Mumbai, Mumbai City, Maharashtra	India
S3-935963554	Historical Fund Cáre	1600 Massachusetts Avenue, Cambridge, Massachusetts	US
S3-936162002	Yumasyn	Opp. Dhandari Kalan Railway Station, Punjab, Ludhiana, Adjoining R.V International, G.T. Road Dhandari Kalan	India
S3-936252012	Orthopedic Highland  Partners	301-303 Teague Street, WAKE Fores CDP, North Carolina	US
S3-936302297	New-Delhi Systems Private (Limited)		India
S3-936442721	Pepper  Mills Private Limited	Hn 426 Unit No 607, North - West Delhi, North West, दिल्ली	India
S3-936599683	Dream Prgctts Límited	No51 R.k.mutt Road, Mylapore, Chennai Hennai, Hennai, Chennai, TN	India
S3-936751003	KS Enterprises Private	Plot 1412, Chanakyapuri, Sainik Colony Pushpa Raj Sumitra Sadan Gola Road, Patna, बिहार	India
S3-937095666	Kumhar (Near Railway Gumti) Projects	Sharda Lok Sandalpur, Kumhar (Near Railway Gumti), Patna, बिहार	India
S3-937743205	Lamb Clear	Lasalle St, # 33I, Durham Township, North Carolina	US
S3-937946101	The Rici Allbritton Starry Inc	Oklahoma, Hardesty Road, Shawnee	US
S3-938403289	Zonnya Cúrtis, DMD, P.C.	1580 Harbor Springs Rd, Jamesstown, Kentucky	US
S3-938465794	Wild & Associates Limited	207, K No 401/207, Bsr Layout Konasandra Village, Jigani, Bangalore, KA	India
S3-93858821	Surat City Private Limited Partners	Door No 12648 Gr. Flor, Bhavnagri Sheri, Surat, Surat City, GJ	India
S3-938908672	Berm	7401 Sleepy Hollow Dr, Tulsa, Oklahoma	US
S3-938952505	Sampati  +	Delhi, 97 House No 922, DL, North West, Khasra No 177 Ground Floor Near Shiv Mandir Village Jaunti	India
S3-939233594	Burke Inc.  Arrived	25889. 264 Highway, Pantego CITY, North Carolina	US
S3-939281501	Breanne Emwss, Esq. P.C.	213 Bamboo Dr, Lansdale, Pennsylvania	US
S3-93938272	Consolidated Apparel Apparel Concepts	395-397 Pickard Road, Sanford, North Carolina	US
S3-93939404	Grace Chapel	22 Lewis Dr, City Of Aberdeen, Maryland	US
S3-939590212	Niclarnet Corporation	Ridgewood Drive, Daphne, Alabama	US
S3-939697009	Kaitlyn's Construction	#321 Florence Avenue, Syracuse, New York	US
S3-939847000	Innovative Canary L.L.C.	13 Main St, Unit 16, Upton, Massachusetts	US
S3-939939893	-- Bvs Centre Private Limited  Service	H.no 575 E-5/405, Delhi North East, North West Delhi, DL	India
S3-93994323	Pune Solutions Private  Limited	N28/8 Sneh Paradise, Mit College Road, Off. Paud Road, Kothrud, Pune, MH	India
S3-940067798	Kanak (Inida) Pvt. Ltd.	H.no 145 Keshab Chandra Sen Street, Calcutta, Kolkata, WB	India
S3-940110775	Clear Currencyshares	2631 Holyoke St, Floor 0, Wichita, Kansas	US
S3-940133236	Unified Hospitality Innovations	006611 Airport Boulevard, Austin, Texas	US
S3-940465385	Transworld Dígital	A - D/1, Ranip, Ahmedabad, GJ	India
S3-940627970	Ambica Consultancy	#11/20, 10Th Avenue, Ashok Nagar, Chennai-83., TN	India
S3-940793859	Redwood  LLC	7384 Stout Rd, Germantown, Tennessee	US
S3-940974316	bestsemiconductorglobal.com	Seven Hills, Ohio, 1928-C Ridgewood Dr	US
S3-941220829	Prlbtlnesr Group Synflonet	5600 -132 Ocean Front Avenue, Virginia Beach, Virginia	US
S3-941251931	Harbor Federation	511 Cedar Street, Ottawa, Kansas	US
S3-941520766	Lamb  Clear Center	00311 Lasalle Street, Durham Township, North Carolina	US
S3-941535803	Achyut Church Private Ltd	533, Surat, Tapi, GJ	India
S3-941686559	Wadhwa Manpower Private Límited	Hyderabad, TG, #D/656 C2, Yamuna Block, Triveni Complex Habsiguda Cross Roads	India
S3-942354631	Unified Hóspitality Innovations Inc.	006611 Airport Blvd, Austin, Texas	US
S3-942460482	Llc YWH Convertible	06220 Harvest Street, Springfield, Ohio	US
S3-942661821	King & Ann LLC	003236 Pisano Avenue, Round Rock, Texas	US
S3-942670808	હાઇ ઇન્ડસ્ટ્રીઝ પ્રાઇવેટ લિમિટેડ	East Face, Bh Atul Maruti Showroom, Ahmedabad, A 1107, ગુજરાત, Daskroi	India
S3-942991938	PC Helios	1145 Church St, Jesup, Iowa	US
S3-943110723	Uptown De1i	7231 Loralea Dr, Hanover County, Virginia	US
S3-94316263	Visi0n Care Of Klamath Falls	0584 Old Midland Road, null, Klamath Falls, Oregon	US
S3-943369747	Eldridge Animal Hospital Inc		US
S3-943595684	Silva And Sirmna LLC	6969 Levin Dashiell Rd, Hebron, Maryland	US
S3-943746989	laborerslocal.com	418 Southeast Blvd, PO Box 3251, Clinton, North Carolina	US
S3-944534190	जय बिजनेस प्रा. लि.	C-1101 Torer C, null, Gurgaon, हरियाणा	India
S3-94466200	Lumiriiri fka Belva's Cascade Pilates	1683 Scarbrough Circle, Concord, NC	US
S3-944686875	bigkey.com	महाराष्ट्र, F N9 Sn5/10 Someshwarwadi, Pune City, Pune	India
S3-944785870	BS	No. 21, Mahatma Gandhi Road (Opp: Income Tax Building), Nungambakkam, Chennai, Tamil Nadu	India
S3-944871297	Mandi Dean Jersey (Inc)		US
S3-945014001	Company Crowder Crowder Holding	O Street, Washington, District of Columbia	US
S3-945044329	The Synneum Worldwide	5125 Greenwood Avenue, Redmond, Oregon	US
S3-945568478	Cicily Agyemang,-O.D., DDS PC	Gerrish Ave, Dracut, Massachusetts	US
S3-946195194	Billups Iron	1708 Red Clover Street, Holmen, Wisconsin	US
S3-946318503	Orthopedic Highland Partners Corp	301-303 Teague Street, WAKE Fores CDP, North Carolina	US
S3-946742405	Natassia's Cleaning Service Inc	818B Sth 42, Town Of Liberty Grove, Wisconsin	US
S3-946798921	NDX-Surgical LLC	4920 Jefferson Street, Pulaski, New York	US
S3-946877808	Dream Limited Center	No51 R.k.mutt Road, Mylapore, Chennai Hennai, Hennai, Chennai, TN	India
S3-947336299	LLC Davy Laanc	PMB 3253, 251 State Street, Connecticut, Guilford Center	US
S3-947376945	Barker Veterinary Clinic (Inc)	27660 Gibralter Loop, Eguene, Oregon	US
S3-94741484	Weber PC  Center		US
S3-947621347	Dovanex	Washington, Federal Way, 30445 1st Pl	US
S3-947637879	New Delhi Leathers Limited Services	DL, New Delhi, 709/58, South Delhi	India
S3-947694541	Cordes LLC [Service]	132 Middlesex Rd, Middlesex Township, Pennsylvania	US
S3-947831240	रॉयल कंसल्टेंसी	403, Salooni Chs Ltd, 56Th Road, T P S 3, Borivali West, N/A, MH	India
S3-94785252	Galaxy  Global Private Limited	B-401, Archit Royal Apt, Mahatma Nagar, Nashik, MH	India
S3-947953741	Cornerstone Qoaiy Pet Care	Indiana, 1716 Lynn St, Mishawaka	US
S3-94812651	কৃষ্ণ হসপিটালিটি প্রাইভেট লিমিটেড	Atlagari Canal Para Road, Midnapur, Midnapore, WB	India
S3-948477587	Black Foundation Pbaie Limited	Delhi, South Delhi, R-18/19 Basement Pul Pehladpur, DL	India
S3-948706858	Shivam Consultants Private	Sco 124, null, Amritsar, ਪੰਜਾਬ	India
S3-948715117	Xdi Consulting Private Limited	2 Ratanpura Nr Ambicamata Mandir Opp Shivkush Nagar Vastral Road, Ahmedabad, ગુજરાત	India
S3-949015383	Tavonyla t/a Lee Taiwan LLC	2 Albert Drive, NY, Ramapo	US
S3-949018687	Orbixylo t/a Hetrick Classic Ford LP	35 Clinton Street, Seneca Falls, NY	US
S3-949120296	Heartland Blúe Lng LLC	Illinois, 00218 Charleston Ave, Romeoville	US
S3-949360846	Namco  Clinic	10, 1St Floor, Bhawani Indl Estate, Nr Jain Mandir, Iit Market, Powai, Mumbai City, Mumbai, MH	India
S3-949643807	Choice Résorts Inc Inc		US
S3-949801856	taylor harbor senior	8922 Falls Creek Trl, Albuquerque, New Mexico	US
S3-94986780	Life Surya Foundation Private	Flat No: A-201, Sri Jagdish Apartment Indrapuri, Rajabazar, Patna, BR	India
S3-950188607	Achyut Church Prviret Limited	533, Pati Faliya, Village Padamdungari, Vyara, Tapi, GJ	India
S3-950204307	Pediatric Precision (Partners)	135 Center Tree Drive, Palacios, Texas	US
S3-95025438	SUJ Santander Clear (LLC)		US
S3-950262439	Tri-State Complete	9259 Raintree Drive, Unit UNIT 2042, Scottsdale, Arizona	US
S3-950293694	Emerald Auto  Repair	1199 1/2 Howard Bullins Road, Madison, North Carolina	US
S3-950384603	ஈஸ்டர்ன் கன்ஸ்ட்ரக்ஷன்ஸ் பிரைவேட் லிமிடெட்	#36A/12, Madurai North, Madurai, TN	India
S3-950476804	Vega Highland  Manulife	1015 Omni Drive, Salt Lake City, Utah	US
S3-950633779	Main Sneet Hypnosis	8805 1/2 Springsbury Pl, PMB 5451, Hurstbourne, Kentucky	US
S3-950856337	Caserta's Bike Frontier Shop		US
S3-950867925	Sri Prakriti India (India) Pvt.  Ltd.	H.no 196/18 &19 Ist Floor Aiswarya Commercial Center R S Puram, Coimbatore, TN	India
S3-951165162	Fltdgn Ncr	6418-C Rockwell Blvd, Charrlotte, North Carolina	US
S3-951264668	LLC Urology Specialists Peak	606 Upland Creek Rd, Fl. 1, Columbia, Missouri	US
S3-951268820	Gildnovi DBA Sasoft Interests Inc	7176 234, Ladoga, IN	US
S3-951344251	Cardiology Partners of	321 Nostrand Ave, Brooklyn, New York	US
S3-951571738	Allied Initiative	38108 Olney Ln, Astoria, Oregon	US
S3-951679223	Mr #urbanenergy	Plot No. D/27-33, Surat, GJ	India
S3-951794151	Zephbrix aka WWV Cover Private Limited	1423 Awas Vikas Colony, Gonda, Uttar Pradesh	India
S3-952040915	सन इंफ्रा	F-387 F-387, Transport Nagar, Lucknow, UP	India
S3-952227304	Kamalalaya Center	No. 2313 Saptaghiri Padmi, 15Th Cross 2Nd Cross Hal, Bangalore North, Bangalore, ಕರ್ನಾಟಕ	India
S3-952290222	Sky Private Solutions [Limited]	Raurkela (M), Ftbi, Nit, Orissa, Room No. Ti 109	India
S3-952308592	Lyraumbraio née Stokes Best Old	22 Collins Cove Road, Machiasport, ME	US
S3-952342593	Paramount Limited Hospitalities	702, 7Th Floor, Silicone Tower, Near Samartheshwar Mahadev Temple, Law Garden, Ellisbridge, Ahmedabad, Gujarat, India, Ahmedabad, Ahmadabad City, GJ	India
S3-952412839	Lumxylo Co D.B.A. Temple Lutheran Church Center	North Little Rock, 2200 Village Drive, AR	US
S3-952640420	Hurley, Caaalth, DO	##25 Cedar Circle, NULL, Stamford, Connecticut	US
S3-952666905	Tri-State Star Soolultaiis LP	Count St, NULL, Houston, Texas	US
S3-952685370	Sudama-Resources Private (Limited)	Plot No ##8, Hukeri, Belgaum, ಕರ್ನಾಟಕ	India
S3-953045012	Secure Usa L.L.C.	Wisconsin, Town Of Jackson, 4163 1/2 Green Trail	US
S3-953239724	M/s Rose Rose Infocom Private Ltd	No 4190 Dhabai Ji Ka Nohara, Jaipur, राजस्थान	India
S3-953333893	CBS	2271 Sunley Lane, Chesterfield, MO	US
S3-95350927	Jabalpur-Multitrade Pvt. Ltd.	H.no 772 C/o R K Sahu 939, Prem Sadan Hem Electronik, Jabalpur, Adarsh Nagar, MP	India
S3-953558147	Precision Wireless LLC 5ervices	1639 County Home Rd, Paris, Tennessee	US
S3-953773645	Onyxorbi	Plot-E-14, 14/1, 15, 15/1, 16, Electronic Est Gidc Sec26, Gandhinagar, Gandhi Nagar, Gujarat	India
S3-953825515	tgtechnologiescenter.com	Pune, महाराष्ट्र, #116 Office No. 502, Pune, 5Th Floor, Fortune Business Center Survey No. 207, Hissa No. 2/1/4A/1, Waka, D	India
S3-953910280	Little Ltd Center	Hn 844 Building No. Ix - 453, Cherthala, Alappuzha, KL	India
S3-954053529	Equinox  Emerging		US
S3-954091636	Bee, Muller and Hirschfeld Telecommunication	North Carolina, 243 Norwood Hollow Rd, Banner Elk	US
S3-954198404	community services	1119 Budlong St, Carthage, Missouri	US
S3-954224944	Shiksha & Sons Pcivaet Limited	D. No. 7-1-636/31, F. No. 102, Park View Apartments, Model Colony, S. R. Nagar, Hyderabad, Rangareddy, TG	India
S3-954262620	स्मार्ट कंसल्टिंग	H.no 16/79 D Civil Lines, Kanpur Court, Kanpur Nagar, UP	India
S3-954360491	Leesa Salgad0 Prime Audio (Installation)	3200-C Kingwood Drive, Great Falls, Montana	US
S3-954846777	Exim Marketing Private Ltd	H.no 25, 1St Floor, 4Th Main Road, Inbetween 2Nd & 3Rd Cross, Chamarajpet, Bangalore, KA	India
S3-954912425	Arctavo f/k/a Raso & Vanderpool Fox	2215 San Juan Trail, Tucson, AZ	US
S3-955342617	Superior Islands	144 Foster Avenue, Harriman, Tennessee	US
S3-955399846	Mann (Ultra)		US
S3-955761869	NCC Contact of Nanded (Corporation)	Nagareshwer Mandir Road Maulha Hatai, Regional Office Aurangabad, Nanded, महाराष्ट्र	India
S3-955781690	Amiable [Brew]	Dlor No 974 130, Matheshwartola Road, Ground Floor, Kolkata, Calcutta, Howrah, WB	India
S3-956173893	Yu  Rare,	Mirror Lake Dr, Naperville, Illinois	US
S3-956188831	A Choice (Carlyle)	Mountain Road, Montpelier, Virginia	US
S3-956217441	welfarenewsociety.com	0-A Tirupati Balaji Naga, Jaipur, RJ	India
S3-956233840	Kolkata Solutions  Corporation	No 46/2 Sarat Ghosh Garden Road, Howrah, Kolkata, পশ্চিমবঙ্গ	India
S3-956557093	Cascade Generating lnc	7435 Centenary Drive, Rowlett, Texas	US
S3-956571494	Sun कंस्ट्रक्शंस प्राइवेट लिमिटेड	C/o Shri Ngmchand Asharaflal Agarwal Kacchi Complex Opp Hira Hotel, Miraj, Sangli, MH	India
S3-956972725	Big  Tavem	514 Riverside Drive, Fl. 0, Pasadena, Maryland	US
S3-956975734	Swastik Good Próducer Private	No 222 Kmc Xvii/130 Balavilas Bldgsreenivasa Iyer Road, Kottayam, Kollam, KL	India
S3-957212623	Nexos Inc. Braves	1546 State St, Bowling Green CITY, Kentucky	US
S3-957287320	Grand Research Consultants	6623 Walter Raleigh Lane, Wisconsin, Village Of Mt Pleasant	US
S3-957300057	Gróup Chemical Anchor	2 South St, Unit Apartment 3, Beacon CDP, New York	US
S3-958094787	Nair's  Bakery	643. Casper Rd, New Mexico, RIO Rancho	US
S3-958101276	C0mplete Apex	76 Watch Hill, Berlin, Connecticut	US
S3-958157275	Herbal lndia Private (Limited)	Gari Badai, Agra, उत्तर प्रदेश	India
S3-958256072	C+ Ops, Corp	8500- Palmer Avenue, Minneapolis, Minnesota	US
S3-95863556	Sauceda & Solis	145 River Birch Grove Road, Unit 108, Asheville, North Carolina	US
S3-95865373	M/s -- Technical & Brothers Ltd	No 3, Gandhi Nagar 3Rd Street, Abdul Ameer Street Guduvanchery, Chengalpet, TN	India
S3-958738783	Vista Solutions-Private (Limited)	B-88, Ghaziabad, UP	India
S3-958788557	Pansy's Better Vision Center Co	Martin St, Nashville, Tennessee	US
S3-958920797	Diamond Innovations Packaging Corp	3000 Tilden Street, # 303, Washington, District of Columbia	US
S3-959047130	5ervices Premier Vanguard LLC	6115-6119 Pioneers Pt, Brecksville, Ohio	US
S3-959117679	Division-of Public Works Inc	4130 Mckinley Blvd, Sacrmento CITY, California	US
S3-959370295	scientificwortham.com	255 Claybourne Ave, South Salt Lake City, Utah	US
S3-95939324	Sunray Quality Pmrvtae Limited #62145	Mi No:463 A/p Laul Tal:madha Dist:solapur, Solapur, Laul, MH	India
S3-959662523	Private Clean India Ltd	F3, 1St Floor, Shiv Complex, Village Vallabh Vidhyanagar(m), Taluka Anand, Dist. Anand, Anand, GJ	India
S3-959903191	Perideus Center	266 Hampton Parkway, Tonawanda, New York	US
S3-960195966	Bramel-Osprey PLLC	Ingraham Street, Washington, District of Columbia	US
S3-960639433	Castillo Standard LLC	1564 Glf St, Uniontown, Ohio	US
S3-960692911	Group Flying of Companies	No 7 Ganesh Chandra Avenuep.s. Bowbazar, Kol, Calcutta, WB	India
S3-960742546	ఆల్ఫా టెక్ ప్రైవేట్ లిమిటెడ్	Sy No. 449/E, Dommara Pochampally Medchal-malkajgiri District, Hyderabad, TG	India
S3-960862503	Letourneau [Neurosciences]	New York, 9993- Alleghany Rd, Darien	US
S3-960894763	LIV Resorts Pvt Limited	241, Bangalore North, Bangalore, ಕರ್ನಾಟಕ	India
S3-961079714	Hotel Great LLC	608 2nd Street, Bloomington, Indiana	US
S3-961132561	Caserta's Frontier Bike Shop Corporation	NULL, Wisconsin, 1171 Vandenburg Street, City Of Sun Prairie	US
S3-961163041	Mumbai Herbal Pvt	Parksite Colony Road No 1, Mumbai City, Bombay, MH	India
S3-961217715	Evosyn doing business as Arihant Royal Management Private Limited	C-204 Shikshapatri Height, B/S Astha Row House, Chorayasi, Surat, Gujarat	India
S3-961331087	Consulting Cristal Agro	Block C-676 Medicine Tower 1St Floor Near Sajjad Nursing Home Hamidia Road, Bhopal, MP	India
S3-96164280	Cardiology Clean Center Corporation	#2636 Aruba Bend Dr, Katy, Texas	US
S3-961848194	Silver Book Store Service	#184 Old Hwy 19E, Roan Mountain, Tennessee	US
S3-962136230	Jalnayan Beverages Ltd.	C-213/1 Gali No. 5, Shahdara, East Delhi, दिल्ली	India
S3-962341145	Sri Suvidha Welfare (Cénter)		India
S3-962564393	Andydelgadoesq.Com	136 Inez Ln, Jackson Springs, North Carolina	US
S3-962706095	Summit Council Of Aamrillo LLC	1721 Walker Drive, Amarillo, Texas	US
S3-962839251	E & L Gorose PC	Hope Mills, North Carolina, 3925 1/2 Heidelberg Dr	US
S3-962950016	Shiv Enterprises Private	C/o.teja Seeds And Pesticides, Krishna, Guntur, ఆంధ్రప్రదేశ్	India
S3-963508125	Zonnya Cúrtis, DMD, P.C.	1580 Harbor Springs Road, Jamesstown, Kentucky	US
S3-963639772	The  Lizette's Publishing	# 2, Massachusetts, 668 1/2 Main St, Brockton	US
S3-963643040	L.L.C. Reed Net	1937 S 30th St, PO Box 2165, Lousiville, Kentucky	US
S3-963682778	Bushway, Beltran & Potts Center	11110 Park Ridge Road, Fredericksburg, Virginia	US
S3-96388313	Kolkata Exporters Private	18, Kolkata, Howrah, WB	India
S3-964210882	Choice Atlantic Pólestar	17721 Couch Street, Portland CTY, Oregon	US
S3-964616326	Barnett, Scharff and Smith  LLC	6632 Forage Lane, Charlotte, North Carolina	US
S3-964678437	Mumbai Ltd Pvt Financial	No B3/8th Floor, Unit 803, Godrej Two, Pirojsha Nagar, Eastern Express Highway, Vikhroli (E), Mumbai, Mumbai Suburban, MH	India
S3-964848226	Womens  Health Superior Partners Inc	620 Alpha Road, Dayton CITY, Ohio	US
S3-965010941	balajipioneerconsultancy.com	F 802, K.v.rangareddy, TG	India
S3-965071737	value nutrition collective	403, Bonnots Mill, Missouri	US
S3-96540038	Smart Tartig Limited	W/o Mr. Rajiv Joshi 44, New Delhi, DL	India
S3-965409243	Sri Hitech Ce Pvt Ltd	H.no 02/224 R, Kuzhikkattu Plaza, Opp. Bsnl Exchange, Ernad, Malappuram, Mongam, KL	India
S3-965499963	Nichter, Milli, DPM, M.D., LLC P.C.	2147. Roper Lane, Wenatchee, Washington	US
S3-965692471	MW Priority LLC	106 Fite Avenue, Carthage, Tennessee	US
S3-965873476	Cedillo Oceanhawk Ltd	270 Cottonwood St, # 6, Ketchum, Idaho	US
S3-965971109	Noyes Disciplined	Arizona, 6955 Teton Circle, Mesa	US
S3-966071880	SMITH, DEBI, P.A.	220 Mcnutt Rd, Sunland Park, New Mexico	US
S3-966135739	Redwood Center	1530 Porter St, PMB 7501, GARY CITY, Indiana	US
S3-966266002	Division of  Motor Vehicles	0105 Cox St, Morganton, North Carolina	US
S3-966306052	MARJI NEWSOM CRYSTAL URBAN LLC	323 Beech Street, Unit 2R, Holyoke, Massachusetts	US
S3-966339815	Inc Ferrify Vendome	Missouri, Branson, 2302 Branson Landing	US
S3-966650162	शक्ति लॉजिस्टिक्स प्राइवेट लिमिटेड	Plot No. Rb-50, Tizara, Tapokda, राजस्थान	India
S3-966665838	Partners Owen LLC	1420 Zeno Road, PO Box 3354, Apex, North Carolina	US
S3-966709490	colonial interests llc	Ohio, 379 Middle Bellville Road, Masnfield CDP	US
S3-9667402	dempseyquality.com #14982	Texas, 11221 850, Tyler	US
S3-967089409	International	Shopin Hno-Je-6Gf Khno 56, Gupta Colony, Khirki Ext, New Delhi, South Delhi, Delhi	India
S3-967195838	Dental Clinic Associates		US
S3-967350578	TR Foundations Private Limited (ID: 54731)	Bungalow No. 9/3, Golden Beach Co - Op Housing Society Limited, Ruia Park, J M Marg, Juhu, Mumbai, महाराष्ट्र	India
S3-967353955	memorial society	Sugar Grove, #Milepost 109.7 I88 Highway, Illinois	US
S3-967372656	Regional Association Corporation	122 Hagaman Place, Statne Island CDP, New York	US
S3-96759990	Little  Secure	Hn 844 Building No. Ix - 453, Cherthala, Alappuzha, KL	India
S3-967600497	સૂર્ય કન્સ્ટ્રક્શન્સ	Fl. No. 308, Surat, <NULL>, GJ	India
S3-967856082	Prívate Share Kay Limited	11 Sunder Puri, Bulandshahr, NULL, UP	India
S3-96795992	UTM Inc Gravity	22- Quigley Ave, <NULL>, NC Helmsford, Massachusetts	US
S3-968526472	Solcira F/K/A Value Creative Technologies Clinic	2311 Garnet Drive, Amarillo, TX	US
S3-968806559	infrastructuresamanvaytech.com	Vi/565vrindavanam Nellaya P O, Palakkad, KL	India
S3-969028035	CARE SURGICAL OF DIXIE	4089 Dixie Highway, Dixie, West Virginia	US
S3-969050972	Essar International Private Limited Limited	Kolkata, পশ্চিমবঙ্গ, Howrah, H.no 175/J Manicktala Main Road, Kolkata	India
S3-969116194	kanpur dehat engineering pvt ltd	C/o Pankaj Katiyar, Dubki, Kanpur Dehat, उत्तर प्रदेश	India
S3-969123865	partnersdermato1ogy.com	2554 Hwy 87, Gilchrist, Texas	US
S3-969374224	LVD Tocheh Limited	Block C-0472 D-112, Magarpatta City, Pune, महाराष्ट्र	India
S3-969460734	Ínterstate-Ministries	3433 Campbell Ave, Arcadia, Arizona	US
S3-969963136	Gabrila Fisher,	94 Wildcat Road, Connecticut, Burlington	US
S3-970010054	Heartland  Ministries	24 Piccadilly Court, Durham, North Carolina	US
S3-970085721	Sri Shree India	345, Devguradiya, Indore, MP	India
S3-970265969	isahella matlock mining llc	34742 101 Business, Astoria, Oregon	US
S3-970573732	Fluxwex	260 15 St, Brooklyn, New York	US
S3-970744474	लक्ष्मी कंस्ट्रक्शन प्राइवेट लिमिटेड	Village - Paraspur, Gonda, UP	India
S3-970850240	GA Supply  Limited	#43 Sainik Enclave Sector-iii Mohan Garden Uttam Nagar Pole No.1543, New Delhi, West Delhi, दिल्ली	India
S3-971048417	Ear Nose & Throat LLC Associates	5419 Ninth St, Albquuerque, New Mexico	US
S3-971134838	urology ridge care associates inc		US
S3-971220964	Physical Therabp Center	4459 College Ave, Indianapolis, Indiana	US
S3-971376087	@americanguild	1376 Wood St, Dubuque, Iowa	US
S3-971388227	BE	Mig Flat No. -110, Block-Y-1 Sector- D-6, Vasant Kunj, New Delhi, Delhi	India
S3-971534523	Aurora	935-C Third Ave, Hickory, North Carolina	US
S3-971686579	UCL Limited [Pártners]	Door No D/24 Sy #139, Shop #3&4, Gear Schl Rd Doddakannahalli, Sarjapura Main Rd, Bangalore Rural, Bengaluru, KA	India
S3-97180360	Beacon Painting	3509D Creek Road, Dripping Springs, Texas	US
S3-97181667	The Operating Engineers Union Local No 149	6028 Meyers Landng Ct, Burke, Virginia	US
S3-971876496	greenrockyholdco.com	2805 Maple Dr, Mesquite, Texas	US
S3-971948820	Nylajaxiri formerly: Choice Biomedical Group	7227 Englehardt Drive, Raleigh, NC	US
S3-972100558	& Harmony Saohs	H.no 354 9-11-20, Kalangi Complexkothapet, Guntur, Andhra Pradesh, AP	India
S3-972231128	Cchaudhcary  Holdings	27/1736, Kolavely Buildings, 2 Nd Floor, Kunnumpuram-civil Station Road, Thrikkakara, Ernakulam, കേരളം	India
S3-972593387	Irinovi aka Smart Trading Advisors Inc	5577 165th Place, Portland, OR	US
S3-973097813	Commercial Staffing Services	415 Grant, Hartford City, Indiana	US
S3-973173239	Sudershan & Brothers	Aashreya 7-1-34 F N Ameerpet, <NULL>, Hyderabad, Andhra Pradesh	India
S3-973178467	Sarg LLP  Service	A-104 Krishna Shardha Apt Nilemore, Nallasopara West, Thane, MH	India
S3-973629095	Center 5uperior Co	144 Foster Avenue, Harriman, Tennessee	US
S3-97363590	Chandram Finance	#246- B Alagesan Road, Saibaba Colony, Coimbatore, TN	India
S3-974180312	Cook & Bckhslotz L.L.C.	28W 705 Main Street, PMB 2530, Warrenville Township, Illinois	US
S3-974285783	লোটাস গ্লোবাল লিমিটেড	7/13, Kolkata, NULL, WB	India
S3-974447703	Virginie's Advisors	1200 Maxwell Street, Crown Point, Indiana	US
S3-974516169	Bureau of Public	921 Mountain Branch Cir, Biringham Township, Alabama	US
S3-974592399	8ingham, Lyons & Villa, Inc	#49 Tankeroosen Road, Vernon, Connecticut	US
S3-974699636	Heartland Center Inc. Society	##164 Mountaindale Main St, Fallsburg, New York	US
S3-974721406	Greens Dévelopment Limited	No 2/156, Dindigul, தமிழ்நாடு	India
S3-97473035	Hea1th Fund	##14 Raintree Rdg, Muond CITY, Kansas	US
S3-974804011	American Cátalyst	Mulino, 15001 Howards Mill Rd, Oregon	US
S3-975024769	Sun Limited Infrastructure	Spaze It Park, Tower B3, 4Th Floor, Unit No- 442-4, Gurgaon, हरियाणा	India
S3-975068240	Shakti Enterprises	House No.546, Malachiwadi, Tahsil Sangmeshwar, Ratnagiri, Sangmeshwar, महाराष्ट्र	India
S3-975155347	Allen LLC  Center	01403 Pleasant Avenue, Ontario ICTY, California	US
S3-975257382	Dukes,, Frayda PC Services	86 Beartown Rd, Painted Post, New York	US
S3-97527019	Gangaksh Service	C-7/239, Lucknow, उत्तर प्रदेश	India
S3-975316492	Beacon Rasmtid [Grid]	226 Como Ave, Columbus, Ohio	US
S3-975397820	Fetech National Twín	19034 Woodburn Rd, Woodbuurn, Indiana	US
S3-975625117	Roller Legal		India
S3-975683365	Ghanshyam Me	Floor, Mumbai (SUBURBAN), MH	India
S3-97586276	Malappuram Infrastructures Private Limited	Apsara Arcade, Ponnyakurussi, Palakkad Road, Perinthalmanna P. O., Malapuram, Malappuram, KL	India
S3-975921478	Ak Cnosuhltat Private Limited	Sh.no-##01 Shivani Heights, Sn- 54/15/1/2 Kondhawa Bk, Badhe Ngr, Pune, महाराष्ट्र	India
S3-976235979	High Energy Pvt		India
S3-976618039	Mcdaniels and Piasecki Center	720 Pacific Avenue, Portsmouh, Virginia	US
S3-97693410	Chiropractic	515 7th Street, Independence, IA	US
S3-977141681	Salvo Home Improvements Inc.	924 Lynchburg Drive, Jacsonville, North Carolina	US
S3-977252999	Easytech lanicfa	274, 28Th Fl, Block B, Lodha Meridian Kphb Phase, Hyderabad, Ranga Reddy, TG	India
S3-977455618	Dynamic Energy Worldwide		US
S3-977580957	ಹೈ ಕನ್‌ಸ್ಟ್ರಕ್ಷನ್ಸ್ ಪ್ರೈವೇಟ್ ಲಿಮಿಟೆಡ್	H.no 313 Vaastu Hill, View 3 Apartment, Bangalore South, Bangalore, KA	India
S3-977610582	Bowers Navigation,	3006 Mcgee Street, Kansas CITY, Missouri	US
S3-977992171	Capital Próperties L.L.C.	00713 Glenhaven Dr, Phoenix, Arizona	US
S3-97803351	Umbradova DBA: Chickie's Delta Data	4001 Harlem Road, New Albany, OH	US
S3-97838567	IMOJEAN BOYD SIGNATURE CHINA INC (ID: 93668)	29W 270 Forest Ave, null, West Chicago, Illinois	US
S3-978477103	Harris and Pulley Inc Services	1012 Hayes Street, Fairfield, California	US
S3-978486583	The Atlantic Institute #83749	14 Haverhill Pl, Trumbull, Connecticut	US
S3-978500574	CK [Mall]	95L Kankulia Road, Kolkata, Howrah, পশ্চিমবঙ্গ	India
S3-978501136	Bombay Trading Private	H.no 752 Flat No B-1, Thane, MH	India
S3-978811646	Inc. Nexos Bráves	1546 State Saint, Unit 10, Bowling Green CITY, Kentucky	US
S3-978927029	ursasbikeshop.com	4184 1784, Pleasanton, Texas	US
S3-979326327	20/20 Vision  Center LLC	1348 Heritage Hills Way, Wake Forest, North Carolina	US
S3-979344123	The Robertsdale Dental Frontier Care Associates LLC	24176-A 71, Robertsdale, Alabama	US
S3-979495172	Oreilly and Sncdott Light Holdings	1847 35th St, Fargo, North Dakota	US
S3-979700446	स्काई ऑल टेक्नोलॉजी प्राइवेट लिमिटेड	Plot D/626 32-B, New Delhi, South Delhi, DL	India
S3-979833501	Falke, Lindsey & Meza Corp Partners	70 58 St, Broolkyn, New York	US
S3-979956009	Agarsen Memorial Trust Company | www.agarsenme.com	C 104, Ashirwad Park B/h Krish Hotel, Opp. Panjara, Vastral, Ahmedabad, ગુજરાત	India
S3-98001854	G + X Partners	2620 Vermont View Drive, Colonie, New York	US
S3-980141555	Perri Bobo, CPA, DDS	708 Ryan Street, Girard, Kansas	US
S3-980234190	Limited Ars Exports Services	Vijaya River Scape Appartment, Ernakulam, കേരളം	India
S3-980388287	XU CLEAN NORTHERN	1130 Underwood Ave, Conrad, Iowa	US
S3-980478653	Seaview Farm Limited Center	N 302, Palm Drive Appartments, Sector-66, Gurgaon, हरियाणा	India
S3-98061682	Custom-Regional Cola	State Road 519, Petaca, New Mexico	US
S3-980653264	National Investments L.L.C.	6641 Virginia Ln, PMB 4280, Bessemer CDP, Alabama	US
S3-980810877	Womens Health Clinic	##407 Broadhead Dr, Unit 101, Spring Hill, Tennessee	US
S3-980877971	Choice Mortgage Group	1844a Bass Loop, Colorado City, Texas	US
S3-981138261	Dermatology Pártners	2554 Hwy 87, Gilchrist, Texas	US
S3-981588692	Dovacirairi	4685 Valley Road, Tucson, Arizona	US
S3-981690122	Pediatric Denta1 Clinic Co	85- Azalea Lane, Andrews, North Carolina	US
S3-981760309	Gildonyx Sys F/K/A Clear Diagnostic Partners P.C.	1403 Ridley Road, Unit Lot 2, NY, Phelps	US
S3-981978783	L0veland, Caunyt Of	797 Decade Ln, null, Loveland, Ohio	US
S3-98205257	Mr Tajpuria Foundation LLP	103, Shivaji Nagar, Nagpur, महाराष्ट्र	India
S3-982360526	LIV Resorts	241, Sahakara Nagar, Bangalore, Bangalore North, KA	India
S3-982414529	Creative F0rtune Construction Private Limited	South Delhi, Divreportingcircle, DL, #A-5 Sultanpurestate Mehrauli	India
S3-982486206	Wendy Bfaorker Managed LLC	14120-14122 Cedar Lane, Humble, Texas	US
S3-983010097	Mohit Construction Construction Pvt	#656 First Floor, Chennai, TN	India
S3-983221162	Vaibhav Limited Associates	H.no-2-9-106/108, Shivams Pride Apt, Risala Bazar, Macha Bolaram, Secunderabad, Hyderabad, Tirumalagiri, TG	India
S3-983223225	LLC Complete Tt Flag	Schaumburg, 0800 Dighton Ln, Illinois	US
S3-983490974	BKU Anchor Skín Care LLC	Oak Park, Illinois, # # P53, Lake St	US
S3-983604741	QIT Pvt. Ltd. Services	Haji Moosa Patrawala Ind Estat##20 Dr E Moses Mahalaxmi, Mumbai, महाराष्ट्र, Mumbai City	India
S3-983684912	5outh-Developers Private Limited	Chandigarh Mathpara Post Ganganagar, Parganas North, N/A, WB	India
S3-983711437	Fontenot And Eppard Franklin LLC	1385 Cross St, Salem, Oregon	US
S3-98377200	Private Zeus & S0ns Limited	16-A, Ab Road, Indore, MP	India
S3-983818106	Shelton-Ddcla Associates LLC	#1501 North Avenue, Melrose Park, Illinois	US
S3-98429597	Dorena's  Apparel, LLC	16563 Clzart Ave, Pembroke Township, Illinois	US
S3-984340352	UC	#24 Sy #139, Shop #3&4, Gear Schl Rd Doddakannahalli, Sarjapura Main Rd, Bengaluru, Bangalore Rural, Karnataka	India
S3-984609390	Maix Complete Figx L.L.C.	N9086 Kernan Avenue, Menasha CPD, Wisconsin	US
S3-984952530	ID All Nippon Inc	Hardaway Pt, Clayton, North Carolina	US
S3-985223860	Memorial  Socfifety	#Milepost 109.7 I88 Highway, PO Box 985, Sugar Grove, Illinois	US
S3-985484965	Cube Pvt. Ltd. Partners	Sy No 161, Previously Pranava School Near Royal Function Hall, Manchirevula V, Illage, TG, Hyderabad, #7-107/A, Hyderabad	India
S3-985502412	Butler Midwest Karbon Co	30 Eagle Hill Drive, Plymouth CITY, Massachusetts	US
S3-985593975	Torres Royal Evo	16818 Roosevelt Street, Goodyear, Arizona	US
S3-985704153	Solutions Limited Solution Private India	Co-janmejay Bir, Plot No-91, Khata No- 191/156, Mauja-balikuti, Tahashil-baliapal, Baleswar, Balasore, Orissa	India
S3-985901686	Lyrakor DBA: Strategic Talent Dynamics	6220 Cr 862, Pearland, TX	US
S3-985947781	Nexelle Construction	31-33 Hillcrest Heights, Lebanon, Connecticut	US
S3-986826965	Gkk Business Private Ltd	Vii/415-l10, Ernakulam, Angamaly, Keralam	India
S3-986878478	The Garcia Brewing	5500 Highland Dr, # Apt 1438, Little Rock, Arkansas	US
S3-987033562	Arts Ministries	Hughes Road, Galena, Ohio	US
S3-987478345	Jishnu Limited (Partners)	Belgaum, Plot No C-53 Rs No 530 Cts No 4947, KA, Belgaum	India
S3-987481073	New Stowbare Private Limited	H.no 0028 Meghdoot Building No B-2, Flat 35 113A Sv Road, Borivali West, Sai Baba Nagar, MH	India
S3-987504231	Kulkarni Ienstlfute Private  Limited		India
S3-987535403	Evozeta	4Th Floor, The Kode Building S.No.134/1/38, C.T.S No.2265 To 2273 Pashan Baner Link Road, Haveli, Pune, Maharashtra	India
S3-987685972	Hein Modern (Xrp)	# Unit 106, 6870 Foley-Beach Express, Orange Beach, Alabama	US
S3-987921206	Haveli Flour Private	Unit No. 701 Auqila Apartments Plot No 101, Haveli, महाराष्ट्र	India
S3-988234112	HEIN Modern XRP		US
S3-988699529	Fylf0t  Traders	#4 No Fairlie Place Mezzafine Floor, Kolkata, Calcutta, পশ্চিমবঙ্গ	India
S3-988778674	mumbai exports private limited	C 401, Mumbai City, Mumbai, महाराष्ट्र	India
S3-98879134	Misha Jensen, D.C. LP	979 Carmencita Ave, Sacramento, California	US
S3-989245223	ENU Galaxy Limited Center	New Delhi, Iifloor, Northwestavenue, Clubroad, Westpunjabbagh, Newdelhi, 23, दिल्ली	India
S3-989400632	ఏపెక్స్ టెక్ ప్రైవేట్ లిమిటెడ్	H. No. 10-3-444/120A P S Nagar, Hyderabad, TG	India
S3-989664934	williams, hernandez & armstrong global	Tucson, 3509 7th Ave, Arizona	US
S3-989791912	Industrial	4434 White Pine Avenue, Tucson, AZ	US
S3-989821180	Swastik International Limited Private	B-00101, Ridhi Sidhi Comple, M G Road, Borivali (East), Borivlai East, Mumbai, MH	India
S3-989953	Tavopyra Formerly HFO Golden Design P.C.	3330 Lockburn Street, Indianapolis, IN	US
S3-989984158	4448 Seventh Wáy LLC	525-529 50th Pl, Unit 31, Washington, District of Columbia	US
S3-990011519	Clean Wealth  Associates	218 1th Ave, Hungry Horse, Montana	US
S3-990195188	Imojeanboydsignature.Com	29W 270 Forest Ave, null, West Chicago, Illinois	US
S3-990312891	lífeline.com	615 D Wing 6Th Floor Neelkanth Business Park Vidya Vihar West, Mumbai, Mumbai City, MH	India
S3-990520076	Reliable Hospitality-Associates Inc	102 Omega St, Harriman, Tennessee	US
S3-99060690	Bay Project LLC Authority	1404 Main St, Warsawcdp, Indiana	US
S3-990886801	Raleigh Direct Sunshine Corp	Seattle, Washington, 119 59th St	US
S3-990971743	Rev It Up Náils	840-842 Sunset Park Drive, City Of El Paso, Texas	US
S3-991034799	Verrova Wellness, L.L.C.	0625 800, Salt Lake City, Utah	US
S3-991162658	DS  Solution Private Ltd	Arun Park, Pune, महाराष्ट्र	India
S3-992260794	Bagwe Wafers Prthet  Limited	Sno D/672/3a State Bank Hsg, Pune, Pune City, महाराष्ट्र	India
S3-992328886	Great LLC Hotel	Second Street, Indiana, Bloomington, # APT 2	US
S3-992513718	Andy Delgado, Esq., Pc	136 Inez Ln, Jackson Springs, North Carolina	US
S3-992989471	Stanek Hovnanian,		US
S3-993001345	न्यू सॉफ्टवेयर प्राइवेट लिमिटेड	#0028 Meghdoot Building No B-2, Flat 35 113A Sv Road, Borivali West, Sai Baba Nagar, महाराष्ट्र	India
S3-993102003	Standard Wireless Digital Inc	875 Little Marsh Creek Road, Bellefonte, Pennsylvania	US
S3-993103047	Brown Elctrcei PC	269 1/2 Stanmore Rd, Baltimore, Maryland	US
S3-99318454	Platinum Learning Enterprises	189 Parkstone Dr, Fraziers Bototm, West Virginia	US
S3-993224562	Veus Black Llc	Old Frankfort Pike, Midway CITY, Kentucky	US
S3-993272001	1338highlandplaza.com	433 Washington Street, Rocky Mount, North Carolina	US
S3-9936635	Orbos Insurance Insurance	426 Counselors Way, Unit APT 208, Fort Mill, South Carolina	US
S3-993986392	Services Smith's Select LLC	Unit APT 213, 839 Market St, Delaware, Wilmigton	US
S3-993991292	KR INDUSTRIES GROUP	R No 15/2 Hotel Shed Gr Flrnilkanteshwar Bldg Annie Besant Rd, Mumbai, MH	India
S3-994031823	one properties private limited	Geeta Nilyam, Umesh Cinema Road, Vaishali, BR	India
S3-994408477	Wheeler'S Thedray	# 4, Nashville, Tennessee, 180 Wallace Road	US
S3-994585491	Agarsen Mmmorrigl Trust	C 104, Sabar Kantha, Ahmedabad, GJ	India
S3-994679662	Gangaksh Gangaksh Services	C-7/239, Lucknow, UP	India
S3-994766010	Colonial Citizens	31 Laurie Drive, Lockport, Illinois	US
S3-99530999	Safe Laboratories PC Partners	210 Spencer St, Unit Unit 4, Ithaca, New York	US
S3-995359172	Surya Management Ptrvaite Limited	Hapur, New Shivpuri Hapur, UP, Ghaziabad, 2-1/1502	India
S3-996104673	Shri Big Technology (L.L.P.)	Door No 474 Iind Floor Hardevpurigautam Nagar, New Delhi, South Delhi, DL	India
S3-99625301	United Charter Schóol	15425 Haiku Road, Evansville, Indiana	US
S3-996303980	discover discover broadband private limited	#17/160. Sardar Gaj, B/h. Market Yard Office, Gandhinagar, Patan, GJ	India
S3-996774084	M/s Kaira Education Private (Limited)		India
S3-996857985	Rizaveoio née Castelli Brookfield LLC	141 Saundersville Road, Unit 2104, Hendersonville, TN	US
S3-996867278	GA  Supp1y Limited	#43 Sainik Enclave Sector-iii Mohan Garden Uttam Nagar Pole No.1543, New Delhi, West Delhi, DL	India
S3-996874380	రాయల్ కన్‌స్ట్రక్షన్స్ ప్రైవేట్ లిమిటెడ్	8Th Street, Jsn Colony Habsiguda, Hyderabad, Door No 7-9/5, Hyderabad, తెలంగాణ	India
S3-996902173	New Delhi Servicesprivate Private	Door No 555 A 80/2/2/6, Ground Floor, Jeewan Nagar, New Delhi, Bahadurgarh, DL	India
S3-996978203	Pediatric (Medicine)	Otisco, New York, 4850-4852 20	US
S3-997059065	Owen-LLC Service	1420 Zeno Rd, Apex, North Carolina	US
S3-997150569	LLC Urgent Care Vanguard Medicine	Monticello, 21901 Cardinal Court, Iowa	US
S3-997227833	Oncology Better Care	1406. Whittier Ave, Hempstead, New York	US
S3-99746792	Dv  College	Sfop No #408, Third Floor, Shopprix Mall, Sector 5, Ghaziabad, Kaushambi, UP	India
S3-997481241	Firefighters 232 Local	Ohio, #601 Bagley Rd, Berea	US
S3-997789709	Rampur Machinery  Limited		India
S3-998005988	PHX Best Meshflow Partners	8540 1/2 Robinhood Avenue, Kansas City, Missouri	US
S3-998017573	M/s Royal Media Pvt Ltd	Shop No.-15, Pooja, Shoping Complex, Saharanpur, UP	India
S3-998211678	Wildlife Association of Center	145 Oak Staeet, Bremerton, Washington	US
S3-998317620	Clean Índia Private Limited	F3, 1St Floor, Shiv Complex, Village Vallabh Vidhyanagar(m), Taluka Anand, Dist. Anand, Anand, GJ	India
S3-998331090	Smt Tech Energy Private Límited	#310, Bangalore, Peenya, KA	India
S3-998513627	RALEIGH DIRECT SUNSHINE CORP	119 59th St, Seattle, Washington	US
S3-998610575	Colonial Citizens	31 Laurie Dr, Lockport, Illinois	US
S3-998743421	Kumhar (Near Railway Gumti) Gumti) Projects	Sharda Lok Sandalpur, Kumhar (Near Railway Gumti), Patna, बिहार	India
S3-998771146	Holdings Q Kidey H	2005 Halbert Street, Fort Worth, Texas	US
S3-999001990	Mr Rohit (India) Steels  Private Ltd	C/o Sandeep Sangwan, Village Garhi, Alwalpur, Kharkhara, Rewari, HR	India
S3-999005331	Health Valley Valley Charities	#4 Hilltop Dr, PMB 9418, Pittsford, New York	US
S3-999092654	Silver Consulting Pvt Ltd.	No 8-10/41-42 Elango Nagar 2Nd Street, Tiruppur, Coimbatore, தமிழ்நாடு	India
S3-999133820	Romisoft LP	3904 Lori Dr, Unit Apartment 28, Erlanger, Kentucky	US
S3-999522480	Liberty Network	Choate Street, Portsmouth City, Virginia	US
S3-999526016	cornerstonecarlyle.com	647 Beulahtown Rd, Kenly, North Carolina	US
S3-999564706	Luise Griffin A1lspring, L.L.C.	Wythe County, Virginia, 001753 Austinville Road	US
S3-999781603	सन कंस्ट्रक्शंस प्राइवेट लिमिटेड	C/o Shri Ngmchand Asharaflal Agarwal Kacchi Complex Opp Hrra Hotel, Sangli, Miraj, MH	India
S3-999788629	Dean Tailwind Co	894 Willman Rd, Talladega, Alabama	US
S3-999874978	onealjesselynwilco.com	245 Montgomery Lane, Homewood, Alabama	US
