entity_id	business_name	business_address	country
S1-100399179	Rahul Chemicals (India)	13/82 Lgf, Vikram Vihar, Lajpat Nagar - Iv, New Delhi, South Delhi, Delhi	India
S1-100511071	Shakti Infra Private Limited	C/O Jagabandhu Mondal, Vill- Mirzapur, Sethpur, North 24 Parganas, West Bengal	India
S1-100953104	White Infotech Private Limited	Near Badel Naje Abadi Hiway Bypass Banki Barabanki, Nawabganj, Barabanki, Uttar Pradesh	India
S1-101762377	Hill Investments PLLC	4110 Anderson Street, Milan, TN	US
S1-102539463	Swastik Consulting Private Limited	10-6-87/2, Srinivas Colony, Mahabubnagar H.O, Mahabub Nagar, Telangana	India
S1-103306793	Swastik Management	बॉम्बे ट्रेडिंग प्राइवेट लिमिटेड	India
S1-103669468	Youth Guild LLC	1 Lush Forest Trail, Chesterfield County, VA	US
S1-104386090	Smart Greenland Partners	Pulaski County, 3599 Lake Ridge Drive, VA	US
S1-104517174	Manley Reliable Association, Inc	13385 Moss Hill Drive, Beaumont, TX	US
S1-104594645	Credent International School	25 Venetian Villas, Opp Anandniketan School Vill: Shilaj, Taluka: Daskroi, Ahmedabad, Gujarat	India
S1-104820451	Valley Alliance	1234 Pimpernell Path, Middletown, DE	US
S1-104944987	Tag Public School	440, It House Imamwada Industrial Area Nagpur, Nagpur, Maharashtra	India
S1-105559761	Tandi's Massage, LLC	127 Libby Lane, ME, West Gardiner	US
S1-105693693	Nagpur Than Private Limited	22/3, 7Th East Main Road, Gandhi Nagar, Vellore, Tamil Nadu	India
S1-105750285	Mullins, Thomas and Shoemaker Invesco	38 Norman Drive, Mountain Brook, AL	US
S1-10580196	Secure Telecom	310 Calion Street, Unit Apt C, Jonesboro, AR	US
S1-106138150	Select Metropolitan Bain L.L.C.	7 Stone Hedge Drive, Lancaster, NY	US
S1-106307602	Dental Green Clinic	655 Mesa Drive, Unit 1104, Mesa, AZ	US
S1-106898123	LFL House Pvt. Ltd.	125, Second Floor, Vigyan Vihar, Near Yamuna Sports Complex, Delhi, East Delhi, Delhi	India
S1-106966123	Ujjaya Merchandise Ltd	C/O K.Vinodini, Kappachery, House Vijaya Flower Mil, Kannur, Kerala	India
S1-107296667	Machinists Local 697	120 Jackson Street, Greenfield, IA	US
S1-10745149	Creative Heritage Staking, LLC	2507 Lakeview Avenue, Sparrows Point, MD	US
S1-107757375	Diamond Venture Private Limited	Flat No E 704 Grand Ajnara Heritage Plot No Gh 01 B Sector 74, Noida, Gautam Buddha Nagar, Uttar Pradesh	India
S1-10802286	814-815 South Owners Corp	NC, 218 Lovelace Road, Forest City	US
S1-108573058	Urban Coffee	NY, Unit Apartment 2, 1052 Center Road, West Seneca	US
S1-108709725	Chan, Ferguson & Mcnicol Inc	4358 Rio Cancion, Tucson, AZ	US
S1-108874063	Redwood	1530 Porter Street, Gary, IN	US
S1-109396190	Raleigh Direct Sunshine Corp	119 59th Street, Seattle, WA	US
S1-109450074	Hex (India) Enclave LLP	405, Cloud 9 Towers, Sector-1, Vaishali, Ghaziabad, Uttar Pradesh	India
S1-109666175	Village Of Somers Community Services	7809 12th Street, Village Of Somers, WI	US
S1-110461692	SUJ Clear Santander LLC	43125 Valley Creek Lane, Astoria, OR	US
S1-111004357	Pioneer Global Private Limited	Pushpak-22, Mitra Niwas Road, Ratlam, Madhya Pradesh	India
S1-111609632	Rajasthan International School	Office No. 208-211, Mumbai, Maharashtra, Mumbai, 2Nd Floor, Gateway Plaza Co Co-Op. Premises Society Ltd, Central Avenue Road, Indusind Bank, Hiranandani Gardens	India
S1-111617836	Metro Family Practice LLC	7490 Taconic State Parkway, Gallatin, NY	US
S1-11200670	Holloway Great Nasdaq Holdings	4717 Lakeside Drive, Omaha, NE	US
S1-112265255	Thielen Modern Barings LP	AZ, 639 16th Street, Tempe	US
S1-112604796	Fresh Optimal Mellon	3680 Paulding Avenue, Bronx, NY	US
S1-112998882	JQ Pinnacle Markets, LLC	420 W 6th St, Davenport, IA	US
S1-113800133	Mam India Private Limited	Door No. Xv/34, U Brothers Building Guruvayoor Road, Kunnamkulam Post, Thrissur District, Thrissur, Kerala	India
S1-113906569	Jpt Sen Private Limited	1539, Gf, Gali Arya Samaj, Sita Ram Bazar, Delhi, Central Delhi, Delhi	India
S1-113946951	Massif Clinic Corporation	Ward No.8, H. No.1585/5, Sangali Road Ichalkaranji, Hatkanangle, Kolhapur, Maharashtra	India
S1-114032603	Dion Toscano Prairie Prudential, Inc	111 Adair Street, Shell Rock, IA	US
S1-114144410	Perri Bobo, CPA, DDS PC	708 Ryan Street, Girard, KS	US
S1-114307063	Gao and Baty Genesis Corp	Town Of Delafield, W312N763 Fairfield Way, WI	US
S1-114346855	Premier Brown	3542 Architect Avenue, Minneapolis, MN	US
S1-11510001	Shree Developers Limited	# 62/C, Ground Floor, Modi Residency, Millers Road, Benson Town, Bangalore, Karnataka	India
S1-115178263	DM Products Corp	1102, T- 5 Emaar, Gurgaon Greens Sec 102, Sadar Bazar, Gurgaon, Haryana	India
S1-115854912	Kulkarni Institute Private Limited	Dr.No-224, Ph-Ii Kamalapuri Colony, Hyderabad, Telangana	India
S1-115957309	Eanes Health Center	32 D And Road N, Unit Apt 13, Stuttgart, AR	US
S1-116176160	Deva Seva Samiti	Madhupura Industrial Estateplot No 5 6 7 Madhapur, Rajkot, Gujarat	India
S1-116177	Yamuin Finance Private Limited	T9B Palm Avenue Ballygunge, Kolkata, Howrah, West Bengal	India
S1-116338782	Rocky Ministries Corp	1026 1/2 Bridge Street, Unit 1/2, Columbia, TN	US
S1-116838967	Jones Rapid Hydro LLC	5860 Braeside Lane, Ferndale, WA	US
S1-116900265	Foreman and Robinson LLC	3787 Harris Road, Oxford, OH	US
S1-117047297	Thoothukkudi Tradex Co	No.26A/1A, Bryant Nagar Viii, Thoothukkudi, Tuticorin, Tamil Nadu	India
S1-117048649	Jalnayan Beverages Ltd	C-213/1 Gali No. 5, Chauhan Banger, Shahdara, East Delhi, Delhi	India
S1-117321831	Inger Santiago Briacell LLC	117 Stephenson Street, Marion, IN	US
S1-117584702	Agro Innovative Infrastructure Private Limited	C/O-Gopal Patil Dwarka, Nagar Pimple Road, Amalner, Jalgaon, Maharashtra	India
S1-118144180	Pediatric Dentistry Group	4068 Opal Street, Natrona, WY	US
S1-118462061	Goswick Renewables LLC	4207 Farmers Pass Road, Houston, TX	US
S1-118477314	Interstate Alibaba Inc.	407 Center Street, Unit 3FL, Meriden, CT	US
S1-118502154	North Constructions Private Limited	Office No Bw9021, Maharashtra, 9Th Floor, G Block Bharat Diamond Bourse, Bkc, Bandra East, Bandra Suburban, Mumbai	India
S1-118773253	Cranford, Mitchell and Brown Lion LLC	904 Lakeshore Drive, Kelleys Island, OH	US
S1-118784559	Simmons Veterinary Clinic Clinic	TX, Garland, 1614 Kingsbridge Drive	US
S1-119008218	Holderman & Parker Burtech LLC	OH, Grand Rapids, 23628 Fourth Street	US
S1-119033930	Royal Technology Private Limited	G-8-A, No. 1, Bhagirath Palace, North East, Delhi, 1737	India
S1-119666499	Nira Industries Group Care	19/1/1/4 Mukhram Kanoria Roadhowrah, Howrah, West Bengal	India
S1-12075135	Prime Construction Industries LLC	407 Sycamore Street, Unit D, Clarkston, WA	US
S1-120775250	Bivue Quality Eastern Inc	7556 1050, Milroy, IN	US
S1-12093078	Tri-State Medical Center Inc	1923 61st Street, Galveston, TX	US
S1-121009264	Health Guild	5205 Cornelias Prospect Drive, MD, Bowie	US
S1-121332262	Surya Producer Private Limited	C/O Nand Jee Dubey Vill, Dasiyawan Rampur, Kesath, Buxar, Bihar	India
S1-121717159	Beacon Rapid Grid	226 Como Avenue, Columbus, OH	US
S1-121818990	Nainan Solutions Limited	Plot No. 12A, Front Of Vikram Solar, Falta Sez, South 24 Parganas, Nainan, Nainan, Parganas South, West Bengal	India
S1-121953695	Allied Investments LLC	320 Carroll Street, Thomasville, NC	US
S1-12240557	Lakshmi Developers	12Thfloor, Manjeeratrinity, Jntu-Hitechcityroad, Kphb, Tirumalagiri, Hyderabad, Telangana	India
S1-123130491	Cozy Auto Body!	738 Nursery Road, Unit 130, Irving, TX	US
S1-123330682	Prairie Chemical Inc.	16772 Lakeshore Road, Chelan, WA	US
S1-123375455	Cedar	7477 Covered Bridge Drive, Fl GROUND FLOOR, Waterloo, IL	US
S1-123555068	Bhavsakti Agro Pvt Ltd	8-4-369/5-106, S. R Towers New Sastry Nagar, Erragadda, Hyderabad, Telangana	India
S1-123636921	United Project VI	351 Blue Glacier Loop, Sequim, WA	US
S1-123862687	Pedrosa Resource, Inc	Unit 3F, 51 Fairview Avenue, MA, West Springfield	US
S1-124236812	Rathore Seva Samiti	Off.No.8, C1, 2Nd Floor, Bramha Estate Kondhwa, Pune City, Pune, Maharashtra	India
S1-124237025	Silver Regional Coca LLC	MN, 7549 165th Street, Lakeville	US
S1-124461485	I 5 Preferred Communities Inc.	19179 11th Avenue, Poulsbo, WA	US
S1-124664286	Hayathnagar India Pvt Ltd	Flat No 512 B-A, Metro Heights, Mamatha Nag, Hayathnagar, Hyderabad, Telangana	India
S1-125627390	Blue Council	751 Fletcher Avenue, Indianapolis, IN	US
S1-125905322	Colonial Citizens LLC	316 Laurie Drive, Lockport, IL	US
S1-126022071	Jay Food Private Limited	Orissa, Jagatsinghpur, Khata No 181 Nimidhi Gate Bazaar Paradeep Garh, C/O Ramesh Ch Nayak P.No 40, Jagatsinghapur	India
S1-126290320	1763 Sunset Blvd Owners Corp	7642 Gordonshire Court, Indianapolis, IN	US
S1-128032366	Digital Logistics Digital LLC	5624 104th Street, Omaha, NE	US
S1-128350097	Fu, Emmert & Perkins Oaktree	1710 Mount Hood Street, The Dalles, OR	US
S1-128595370	LT Saree Ltd	22/1 T.B Road, Bharathidasan Salai, Madurai, Tamil Nadu	India
S1-128777239	Ghaziabad Machinery Private Limited	D-606, Ghaziabad, Uttar Pradesh, Ghaziabad, Nandgram D-606, Nandgram, Gzb	India
S1-129391126	Suvidha Technosoft Private Limited	206, Ward No 27, South Kumrakhali Paschim Para, Kamal Gazi, Narendra Pur, Kolkata, Kolkata, Howrah, West Bengal	India
S1-129985911	Secunderabad Talent Partners	Telangana, Ayodhya Nagar, Khapra, Hyderabad, Plot No. 74, Secunderabad	India
S1-130345826	Colonial Pinnacle Premier	344866 890 Road, Chandler, OK	US
S1-130957177	Fin Broadcasting LLP	D/602 Excellency Tower, Maharashtra, Mumbai City, Mumbai, Indralok Phase 8 Bhayander East Mumbai	India
S1-13194029	Coraque, Inc	19 Stuart Avenue, Wappingers Falls, NY	US
S1-132449362	Continental Blue Spire LLC	2271 Sunley Lane, Chesterfield, MO	US
S1-132586451	Smith, Debi, P.A.	220 Mcnutt Road, Sunland Park, NM	US
S1-132912629	Vinayak Telesystems Private Limited	C/O Shivaji Singh, Mohaddiganj, Mahdiganj, Bihar, Sasaram, Rohtas	India
S1-133050338	Federal Floating	200 Terry Avenue, Springdale, AR	US
S1-133393847	Surya Constructions	Fl. No. 308, Chandan Appt. Nr. Althan Garden, Surat, Gujarat	India
S1-133479118	Blue Construction LLP	Delhi, C Block Yamuna Vihar, C-6/298, North East	India
S1-133571899	Hornyak, Borgen & Wells L.L.C.	495 Bell Street, Evant, TX	US
S1-133902932	Jain Edusystems Private Limited	Flat No.302, Chartered Mady, 17Th Main, J..P. Nagar, Phase - Ii, Bangalore, Karnataka	India
S1-133908979	Lise Thomas Atlanticus LP	236 Maynard Road, Rockwood Strip T1 R1 Nbkp, ME	US
S1-134316565	Wortham Scientific LLC	255 Claybourne Avenue, South Salt Lake City, UT	US
S1-13511214	Heller Coinshares LLC	5 Alhambra Court, Durham, NC	US
S1-135222686	Geum LLC	3713 Riley Road, Terre Haute, IN	US
S1-135251474	Helot Medical Centre Pvt Ltd	Bangalore South, 16Th Cross, 27Th Main, Sector-1, No 2729, Karnataka, Bangalore	India
S1-135636981	Ns Trust	8-2-693/2/37A Mithila Nagar, R.No 12, Film Nagar, Hyderabad, Telangana	India
S1-136157050	VOP Etf	104 Ashwood Rd, Prince Edward County, VA	US
S1-136645993	Sky Technologies Pvt Ltd	Shop No. 24, 2Nd Floor Sector 14, Opposite Krishan Mandir, Karnal, Haryana	India
S1-136933096	Preferred Atlantic Minerals, LLC	1020 Peace Street, Unit R 6, Raleigh, NC	US
S1-13756671	Pipariya Funds Pvt. Ltd.	Shree Rameshwar Pd Agrwal S/O Satyanarayan Agrawal C/O Pacmari Road, Pipariya, Hoshangabad, Madhya Pradesh	India
S1-137573948	Surgical Modern Health LLC	1224 Farm Road, Mount Pleasant, NY	US
S1-138006264	Beum	7401 Sleepy Hollow Drive, Tulsa, OK	US
S1-138256304	Sree Investment Private Limited	Gala 7, 1B, Singh Industrial Premises, Ram Mandir Road, Goregaon West, Mumbai, Mumbai City, Maharashtra	India
S1-138351920	Balaji Pioneer Consultancy Pvt Ltd	F 802, 8Th Floor, Block -I, Mhb, Sy No-83/1, Raidurgam, Seri Lingampally, K.V.Rangareddy, Telangana	India
S1-138353866	Shreyans Academy	33, Taskand Mard, Civil Lines, Prayagraj, Allahabad, Uttar Pradesh	India
S1-138419700	Gokula Services Pvt Ltd	Shop No.2 Laxminagar, Opp. Gopalnagar School, Ahmadabad City, Ahmedabad, Gujarat	India
S1-139000701	Billie Marrs Beauty LLC	700 Commerce Park Drive, Grand Prairie, TX	US
S1-139063364	Bright Bakery	3737 Obsidian Avenue, Redmond, OR	US
S1-139235239	Raj Consultancy Private Limited	Krm Plaza, Regus No.2, Harrington Road. Chetpet, 8Th Floor, Chennai, Tamil Nadu	India
S1-139401572	Prakriti India (India) Pvt. Ltd.	196/18 &19 Ist Floor Aiswarya Commercial Center R S Puram, Coimbatore, Tamil Nadu	India
S1-139619805	Super Medical Centre Company	Kalamassery, Kerala, Ernakulam, Kummancheri Junction Changhampuzha Nagar, Pathadippalam, 23/163A	India
S1-139707378	Ace Consultancy LLP	No 1, Khata No: 147, Thubrahalli Village Ramagondanahalli Post, Whitefield Main R, Oad, Bangalore, Karnataka	India
S1-13979681	Grasso Rocky Cbre	1219 13th Street, Great Falls, MT	US
S1-139998995	Shree & Sons LLP	Som Santi House, 152 Patparganj Industrial Estates, New Delhi, Delhi	India
S1-140018104	Banks & Shaheen Pearl	118 I Street, Richmond, IN	US
S1-140176981	Daskroi India Private Limited	Devgram Residency, Opp Aquapolaris Residency, Daskroi, Ahmedabad, Gujarat, E-703	India
S1-140546152	Ray Mortgage LLC	884 Cascade Avenue, Atlanta, GA	US
S1-140655586	Herman Safe Inc	6253 90th Place E, Tulsa, OK	US
S1-140915305	Whale Industries Group Private Limited	Hno 2/1B Sno 9 Gujarwadi, Rd. Nibalkarwadi, Katraj, Pune City, Pune, Maharashtra	India
S1-141683936	Jyotiba Adhesives Private Limited	Plot No.2, Dhanalakshmi Nagar, Moulivakkam, Kundrathur, Sriperumbudur, Kanchipuram, Tamil Nadu	India
S1-141784862	Peralta Pioneer Keen, LLC	29523 Water Willow Trace Drive, Spring, TX	US
S1-14181542	Gta Nursing Home	C-715, Dev Aurum Prahladnagar Road Satellite, Ahmedabad, Gujarat	India
S1-141941354	Bright Metro L.L.C.	284 Danforth Street, Unit APT 104, Portland, ME	US
S1-142161944	Tio Companies LLC	842 Canton Point Road, Dixfield, ME	US
S1-142228333	ETI Colonial Axiom LLC	1901 Northwest Boulevard, Unit R, NC, Newton	US
S1-142550690	Harmony & Sons	9-11-20, Kalangi Complexkothapet, Guntur, Andhra Pradesh	India
S1-142553519	Wendell & Stahley Bioscience	3994 Rutledge Road, Charleston, WV	US
S1-142832040	Sullivan Better Sony	309 Litchfield Street, Unit Apartment 1, Frankfort, NY	US
S1-143155407	Bangalore. Technology Limited	99/D3, Bull Temple Road, Bangalore., Karnataka	India
S1-144223421	Nguyen and Clark Co	1233 Sunnyview Avenue, Dayton, OH	US
S1-144296491	Kedia Mediaworks Private Limited	Flat No. C-35, Rajnigandha Co.Op.Hsg, Society Somani Gram, Ram Mandir Road, Goregaon (, West), Mumbai, Maharashtra	India
S1-144329304	Gold Group	No.9Vasanth Apartments, Door No:4 Iiird Floor, Montieth Lane, Egmore, Chennai, Tamil Nadu	India
S1-144406637	Technologies Swarn Infra Pvt Ltd	Plot No. 1113, Road No. 54 Jubilee Hills, Hyderabad, Telangana	India
S1-144525073	Jalandhar Experts Pvt Ltd	Industrial Plot No. 28, Kapurthala Road, Wariana Industrial Complex, Punjab, Jalandhar	India
S1-144659903	Dermatology National Center	Hanover, 3036 Main Street, ME	US
S1-144726395	Orient Exports Private Limited	B-4/123, Ekta Gardens Cghs, Indra Prastha Extn., Delhi, East Delhi, Delhi	India
S1-144748187	Urology Physicians LLC	1689 Parco Avenue, Ontario, CA	US
S1-14503478	Tara Drugs (India) Private Limited	Bangalore, No. 217, 9Th 'H' Main, 1St Block, Hrbr Layout, Karnataka, Bangalore	India
S1-14516084	Z+ Southern	CT, 45 Saint James Street, West Hartford	US
S1-145276542	Good Industries	Flat No. 130 Vrindavan Mukand Staff, Col L B Shastri Marg Ghatkopa Near Pipe Line, Mumbai, Maharashtra	India
S1-145480834	Brightelle Goldman	1525 Richardson Road, Lewisburg, TN	US
S1-145485432	Family Center	5805 Indian Trace, City Of Madison, WI	US
S1-145490067	Urban Pizza	Montgomery, 6959 Sandfield Drive, AL	US
S1-145562720	Rmb Foundations Ltd	B-138/B, 3Rd Cross Road, Peenya Industrial Area, Shushruti Nagar, Peenya, Bengaluru, Bangalore, Karnataka	India
S1-146140598	Golden Auto Body Clinic	184 7th Place, IL, Chicago Heights	US
S1-146307722	Rici Allbritton Starry Inc	OK, 37990 Hardesty Road, Bethel Acres	US
S1-146312018	Western Beacon Defense LLC	1519 32nd Street, Fargo, ND	US
S1-146795545	Summit Council of Amarillo LLC	1721 Walker Drive, Amarillo, TX	US
S1-146798100	Chandrendra Breweriesprivate Private Limited	Plot No. 33A, Khasra No.7/17 Hari Vihar(Kakrola), New Delhi, South West Delhi, Delhi	India
S1-147212186	National Ngl LLC	23826 Northwestern Pike, Romney, WV	US
S1-14722979	Eda Mcfarland Fresenius	300 Maple Avenue, Milton, Unit Apartment K, NY	US
S1-147273928	Galaxy Management Limited	C/O Ambika Prasad, Vill Post Aunhar Shekh Ps Majhaulia, Dist. West Champaran, Bettiah, West Champaran, Bihar	India
S1-147366289	Sankalp Public School Private Limited	2/2 Saini Bhavan, Amar Himachal Chs Ltd, G M Road, Pestom Sagar, Chembur, Mumbai, Mumbai City, Maharashtra	India
S1-147967017	Universal Infotech Private Limited	2532, Oswal Sadan Ghee Walon Ka Rasta, Johari Bazar, Jaipur, Rajasthan	India
S1-148055400	Grethel Gardner Enclave LLC	1354 Smith Street, City Of Green Bay, WI	US
S1-148320332	Moorman Investments	12353 Del Sur Street, Victorville, CA	US
S1-148546092	Desert Capital Kkr, Inc	11814 Echo Point Place, Clarksburg, MD	US
S1-149175191	SB Schwab LLC	158 Peach Street, Hillsboro, AL	US
S1-149498539	Rojas Sterling Association LLC	94 Lafayette Avenue, Suffern, NY	US
S1-149615573	Liberty Network	Portsmouth City, 175 Choate Street, VA	US
S1-149756625	Tales Teaching Private Limited	West Bengal, Calcutta, 71 Canning Street	India
S1-149898575	Brand Coinshares LLC	394 Hillcrest Drive, City Of Aberdeen, MD	US
S1-150089224	Bright Tech Private Limited	S.C.O 191, 3Rd Floor, Huda Ground, Jind, Haryana	India
S1-150792804	Classic Power Private Limited	281, Udayan Pally, Sec V, Kolkata, Howrah, West Bengal	India
S1-151025970	Burrell Best Silverbox LLC	9300 Hickory Hollow Road, Chesterfield County, VA	US
S1-15105893	Wealthy Solutions Private Limited	Unit No. 703, 704, Amba Tower, Plot No.2, Community Centre, D.C Chowk, Sector-9, Delhi, North West Delhi, Delhi	India
S1-15133345	Capps and Pangan Mortgage Partners	1262 Harrison Road, Murfreesboro, TN	US
S1-151798010	Lucknow Automobiles Private Limited	Vivek Khand Gomti Nagar, Lucknow, Uttar Pradesh, 2/221, Lucknow	India
S1-152016818	Vision Center of Farmers Branch Care	13301 Galleria Place, Unit 3204, Farmers Branch, TX	US
S1-152106212	Allied Intelligence Union Corp	174 Nola Lane, New Tazewell, TN	US
S1-152672519	Mohit Construction Pvt Ltd	First Floor, Chennai, Khivraj Complex Iii, 480, Anna Salai, Chennai, Chennai, Tamil Nadu	India
S1-152731297	Square Trading Private Limited	24, Hemanta Basu Sarani, Manglam, A- Block, R. No. 201, Kolkata, Howrah, West Bengal	India
S1-152751171	LC Solutions Pvt. Ltd.	No.457, 17Th Cross, 14Th Ma, 4Th Sector, Hsr Layout, Hsr Layout, Bangalore, Bangalore South, Karnataka, India, Bangalore South, Bangalore, Karnataka	India
S1-152896439	2688 Madison Ave Owners Corp, LLC	8390 Kelzer Pond Drive, Victoria, MN	US
S1-153485613	QO Suisse LLC	470 Dollinger Drive, Romeoville, IL	US
S1-153594731	Wilkinson Meshflow LLC	401 Carpenter Road, Snohomish, WA	US
S1-153609913	Prime Equity Global Inc	4646 Carmen Street, Houston, TX	US
S1-15403568	Chiropractic Group LLC	226 Whitetail Crossing, Oswego, IL	US
S1-154167572	Norah Holmes Fresh Fuel LLC	Adamstown, MD, 7914 Hope Valley Court	US
S1-154182001	Reeva Industries Group	8-21-Ant-502, Narava Road, 8Th Ward Giddlur, Giddalur, Prakasam, Andhra Pradesh	India
S1-154854825	Interstate Platinum Express PLLC	611 Brookwood Drive, Indianola, IA	US
S1-155033161	Janhavi Traders Private Limited	S-062, Unistar Estate, Sahara Mall, M G Road, Dlf Qe, Gurgaon, Haryana	India
S1-155344653	Sky Finance	Gat No-446/01 A4/2 At Post-Dodi Budruk Sinnar Nas Hik Dodi Bk, Nashik, Maharashtra	India
S1-155365106	SZ Atlantic	185 Camouflage Circle, Aledo, TX	US
S1-155714047	Children's Summit Alliance Inc.	15 Catalpa Lane, Hempstead, NY	US
S1-15576435	Jobye Mack Genetics, Inc	11283 Robinson Drive, Unit Apartment 309, Coon Rapids, MN	US
S1-155799136	Temple Lutheran Church Center	2200 Village Drive, North Little Rock, AR	US
S1-155840225	Exports Saru Services Limited	C/O Ombeer Singh, Suthyana, Greater Noida, Gautam Budh Nagar, Noida, Gautam Buddha Nagar, Uttar Pradesh	India
S1-156341291	Cummings Alto Center	123 Co Rd 15 A, Rayland, OH	US
S1-157030035	Fulkerson Fresh Gen Associates	Brooklyn, 640 61 Street, NY	US
S1-157075971	Alpha Consultancy Limited	Opposite Dawat Restaurant Above Indian Overseas Bank National Highway Kh, Anna, Khanna, Patiala, Punjab	India
S1-157731220	AW Superior Rogers LLC	IN, Unit APT 12, Indianapolis, 1991 Campbell Avenue	US
S1-157863931	Smith, Stubblefield and Beckham	6913 Violet Drive, Spotsylvania County, VA	US
S1-158009900	Pediatric Partners Associates	10 Glen Ellen Boulevard, Millis, MA	US
S1-158196518	Chennai Pharmaceuticals Private Limited	32 12 Avadanam Ii Lane Choolai, Chennai, Tamil Nadu	India
S1-158409228	Sader Foundation Private Limited	H. No. 422, Badgo, Sader, Gorakhpur, Uttar Pradesh	India
S1-158534901	Raven Corp	60 Taunton Avenue, Boston, MA	US
S1-158753049	Premier Keystone Pacific Inc	41 Bulfinch Street, Unit 1, Lynn, MA	US
S1-159104980	Coates & Milton Emera LLC	328 Court Street, Prestonsburg, KY	US
S1-159431942	Tompkins Aegon LLC	6249 Argyll Place, Missoula, MT	US
S1-159641046	Behavioral Health Trusted Care Associates LLC	VA, 806 Clearview Drive, Vinton Town	US
S1-159745385	Reyes Midwest Sunshine LLC	1737 Sherman Street, AZ, Phoenix	US
S1-159871837	Dynamic Municipal	Indianapolis, IN, 8510 Castle Ridge Lane	US
S1-159913926	Mount Chapel	Prince William County, Unit UNIT 309, VA, 12519 Gordon Boulevard	US
S1-160393706	Nadiya's Gulf Physical Therapy PLLC	7524 Gingerblossom Drive, Citrus Heights, CA	US
S1-160812869	Rocky Center	7430 Williams Avenue, Saint Louis, Fl 0, MO	US
S1-161473715	Simpson Techno Limited	M 655 Sec M Ashiyana Colony, Kanpur Road, Lucknow, Uttar Pradesh	India
S1-161921922	Office of Labor	16114 Onda Mountain, West Fork, AR	US
S1-162026563	West South Inc	37504 Oliver Drive, Selbyville, DE	US
S1-1621510	Complete Transit Enterprises LLC	Heath, 1174 Hebron Road, OH	US
S1-162510200	Tirupati Estate Private Limited	8/108 Vill-Mehram Nagar, Near Chopal, New Delhi, South West Delhi, Delhi	India
S1-162947724	Penelopa's Delta Brewing	4012 2475, Ogden, UT	US
S1-163249957	Empire Investments, LLC	5145 45, Auburn, IN	US
S1-163908522	Surgical Specialists LLC	5800 Sand Pebble Place, Raleigh, NC	US
S1-164081713	ZH Acquisition Inc	30445 1st Place, Federal Way, WA	US
S1-164236538	Value Finance Limited	759/34, Bhandarkar Road, Near Pyc Hindu Gymkhana, Pune, Maharashtra	India
S1-164245960	Ram Premises Private Limited	Rupantar Building, 891 Jessore Road, 2Nd Floor, Dum Dum Park, North 24 Parganas, West Bengal	India
S1-164586919	Vallez, Candra D., D.C.	836 Barnaby Street, Unit 204, Washington, DC	US
S1-164615504	V I & R Generation LLC	6541 Willowhollow Lane, Cincinnati, OH	US
S1-164960342	Clear Diagnostic Partners P.C.	1403 Ridley Road, Unit Lot 2, Phelps, NY	US
S1-165492357	Baldwin and Trant LLC	3520 Salmon Avenue, Redmond, OR	US
S1-165879099	Mountain Society	6490 19th Street, Unit #D, Fircrest, WA	US
S1-166141123	Mcneill Centers Inc	Tempe, AZ, 2104 Rio Salado Parkway, Unit 323	US
S1-166187937	Kalra Brothers Private Limited	106 Kaji Sayed Street Masjid Bunder Mumbai Mh, Mumbai, Mumbai City, Maharashtra	India
S1-166440928	Hotel Krishna Infotech Private Limited	D9, Sector 3, Noida, Gautam Buddha Nagar, Uttar Pradesh	India
S1-166567943	DS Solution Private Limited	33/3 Arun Park, First Floor, Near Aditya Birla Hospital, Thergaon, Pune, Maharashtra	India
S1-166822891	W 6 Diamond Virginia	3122 Chateau Avenue, Roseburg, OR	US
S1-167098629	Heritage Talent Digital Inc	CA, 721 Riverside Avenue, Santa Cruz	US
S1-16731525	Platinum Wireless Union Inc	307 Village Woods, Waitsfield, VT	US
S1-167866604	Projects One Distributors Ltd	Tata Mills Hsg. Society, Building No. 3, Flat No. 32, 7Th Floor, P, Arel, Mumbai, Mumbai City, Maharashtra	India
S1-168276702	Oncology Physicians Inc	4611 Sycamore Drive, Unit APT 104, Lorain, OH	US
S1-168599179	Classic Systems Private Limited	Left Portion Of Ground Floor, No.16, Sathyanarayana Avenue, Boat Club, Road, Chennai, Tamil Nadu	India
S1-169094796	Peer Enterprises	9-B, Sane Building, 2Nd Floor, 2Nd Nanabhai Lane, Fort, Mumbai, Maharashtra	India
S1-169164639	Vidales & Nichols	3802 303rd Court, Auburn, WA	US
S1-169338169	Reus Idaho Company	Sanford, ME, 31 Guillemette Street	US
S1-169564442	Global Consulting	Old No. 38, New No.73, Coral Merchant Street, Mannady, Chennai -, 600 001., Chennai, Tamil Nadu	India
S1-169612171	2937 First St Management	621 Highlands Drive, Tucumcari, NM	US
S1-169634580	Comet Services LLP	Flat No 1 Krishna Vihar Bldg 4 Tata Compound Irla Bridge Vile Parle West, Mumbai, Mumbai City, Maharashtra	India
S1-170142243	International Arin Laundry LLP	Shop No-108 Anchal Plaza Vasant Kunj, New Delhi, North Delhi, Delhi	India
S1-171226928	Shelton Dental Associates LLC	1501 North Avenue, Melrose Park, IL	US
S1-171679630	Health Fund	14 Raintree Ridge, Mound City, KS	US
S1-172453620	Allie Coombes Mortgage LLC	34115 Wilsonville Road, Newberg, OR	US
S1-172627624	Urgent Care Associates Inc	OH, Columbus, 1145 Chambers Road, Unit 407	US
S1-173123445	Grove Global	2104 Lakeview Parkway, Orange County, VA	US
S1-173485321	Cornerstone Carlyle Inc	647 Beulahtown Road, Kenly, NC	US
S1-174146241	Frontier Patriot Molecular Inc	240 Cedar Lane, Clarksville, AR	US
S1-174234108	Rohit (India) Steels Private Limited	C/O Sandeep Sangwan, Village Garhi, Alwalpur, Kharkhara, Rewari, Haryana	India
S1-174290728	Roopraj Appliances Limited	19, Ist Floor, Corner Market(C/O World Wide Tour) Malviya Nagar, New Delhi, South Delhi, Delhi	India
S1-174434806	Taylor's Diagnostics	1352 Brooklyn Avenue, Brooklyn, NY	US
S1-174502099	Smartlife Welfare Society	Plot No 54 Puppalguda, Gandipet, Rangareddy, Telangana	India
S1-174575092	Hetrick Classic Ford LP	35 Clinton Street, Seneca Falls, NY	US
S1-17463957	Laxmi International Pvt Ltd	1322/89 Hemkunt Chamber 13Th Floor Nehru Place, Delhi, New Delhi, Delhi	India
S1-174657	Elite Telecom Union	355 Russ Court, OR, Mcminnville	US
S1-175111461	Dermatology Medicine LLC	1051 Van Buren Avenue, Indian Trail, NC	US
S1-175157350	XO Jones LLC	15547 Cottage Grove Avenue, Dolton, IL	US
S1-175168450	Elite Realty Dynamics	MN, Prior Lake, 5199 Trailhead Lane	US
S1-175389879	Beacon Clough, LLC	3409 Chihuahua Street, Dallas, TX	US
S1-175441667	Mach Trading Private Limited	317, Sanali Heavens, Behind Kamma Sangam Ameerpet, Hyderabad, Telangana	India
S1-175691750	Kanak (india) Pvt. Ltd.	145 Keshab Chandra Sen Street, Kolkata, Calcutta, West Bengal	India
S1-175958699	Lizette's Publishing	668 Main Street, Unit 2, Brockton, MA	US
S1-176336021	Jones Newhold	1860 Inglewood Street, Mesa, AZ	US
S1-176616076	Pelican Trust	A-2303, Fair Field Lodha Luxuria, Lodha Paradise, Near Majiwada Bridge, Thane (West), Thane, Maharashtra	India
S1-176895558	Mithi Interiors Private Limited	C/Oanju M, Nelliyazhikathu, Veedu, Pampalil, Kollam, Kerala	India
S1-176944060	Heartland Ministries	24 Piccadilly Court, Durham, NC	US
S1-177548932	Rocky Biotech	47 Coffman Drive, Jackson, TN	US
S1-177622378	Gaytan Clear Bond Inc	Fontana, 7886 Cypress Avenue, CA	US
S1-177669122	Motley, Romo & Cross Lion Inc	45 La Granja Road, San Benito, TX	US
S1-178139149	Freida Hodges, Esq.	TN, 3738 Abercrombie Circle, Chattanooga	US
S1-178294692	Pediatric Advanced Care Associates Inc	IN, Greenwood, 1567 Glen Canyon Drive	US
S1-178656456	Lotus Enterprises Pvt Ltd	Flat No. C 527, Pawar Enclave, S No. 86 / 3B Pune Solapur Road, Hadapsar, Pune, Maharashtra	India
S1-179003866	Cardiology Associates	TX, Blanco, 160 Star View	US
S1-179030333	Ch Clinic	No. 415, 13Th Cross, G Block, Dattagalli Badavane, Mysore, Karnataka	India
S1-179271772	Coimbatore Services Private Limited	Door No.164-A, New No.2, Basmati Complex Balaji Nagar, Siddhapudur, Coimbatore, Tamil Nadu	India
S1-17937860	Temple Fellowship	Minot, 404 20th Avenue, ND	US
S1-179526359	Bright Foundation Private Limited	Maharashtra, H.No 4, Malegaon, Nashik, Nagzari, Tal Malegoan	India
S1-180372325	Hawkins Shore of Weatherford Inc.	2420 O'connor Ran Drive, Fl 0, Weatherford, TX	US
S1-180557072	Long Urban	880 Stanwood Avenue, Akron, OH	US
S1-180923763	Hunger Fellowship	1314 University Drive, Unit 31, Tempe, AZ	US
S1-180936752	CS Ameren Inc	1302 2nd Street, Grimes, IA	US
S1-181105164	Bucher Innovative Tax Service Inc.	816 Greenland Drive, Fayetteville, NC	US
S1-181252930	Big Solution	33A, Rabindra Sarani, 1St Floor, Kolkata, Kolkata, Howrah, West Bengal	India
S1-181342679	Kamalalaya Sangh	No. 2313 Saptaghiri Padmi, 15Th Cross 2Nd Cross Hal, Bangalore North, Bangalore, Karnataka	India
S1-181497142	Summit Inc	1021 Avent Hill, Unit B3, Raleigh, NC	US
S1-182026676	One Properties Private Limited	Geeta Nilyam, Umesh Cinema Road, Hajipur, Vaishali, Bihar	India
S1-182472925	Charu Brew Private Limited	P.No.917A, Sf.No.247/2, 6Th West Cross Road, Gandhi Nagar, Katpadi Urban Extn, Vellore, Tamil Nadu	India
S1-183038220	Lee Learning Center	7 Shade Tree Point, Alexander City, AL	US
S1-183143792	Xu Clean Northern	1130 Underwood Avenue, Conrad, IA	US
S1-183145941	Barker Health Center Inc.	Richmond Heights, OH, 488 Pierson Drive	US
S1-1838589	Blue Solutions	Plot No. 432, R No. 8, Gayatri Chs Ltd., Sec 4, Near Saraswat Bank, Kandivali, Kandivali West, Mumbai, Maharashtra	India
S1-183878283	Wealth Three Private Limited	501, Shapath Complex-1, Opp. Rajpath Club, Ahmadabad City, Ahmedabad, Gujarat	India
S1-18393760	Oxnard Liberty Mid	243 Lark Street, Oxnard, CA	US
S1-184112563	Royal Constructions Private Limited	H. No. 7-9/5, 8Th Street, Jsn Colony Habsiguda, Hyderabad, Telangana	India
S1-184137996	Vijay Healthcare Limited	D. No 11-10-268/6/A/1, Shop Zone, Yellandu, Khammam, Telangana	India
S1-184958491	Dynamic Investment Private Limited	Ho.No 671, At Sk. Rajur Palam, Parbhani, Parbhani, Maharashtra	India
S1-185502834	Urology Group LLC	6508 Roth Drive, Joliet, IL	US
S1-185836464	Kestrel LLC	1099 Middle Leesville Road, Bedford, IN	US
S1-185859119	Hembree & Wireman Inc.	914 Gatestone Forest Drive, Beasley, TX	US
S1-185918861	Safe Environmental Group	334 Wagon Train Road, Mc Rae, AR	US
S1-187193171	Gunilla Hill Golden Schwab LLC	2190 Meadowlark Lane, North Logan, UT	US
S1-187387873	Bhadrak Window Private Limited	Plot No-262/584, Khata No-186/121 At-Simila, Po-Chandbali, Bhadrak, Orissa	India
S1-187570412	Inchwad Technologies Ltd	Bvg House, Pune, Inchwad, Maharashtra, Premier Plaza Pune - Mumbai Road, Above Icici Bank, Ch	India
S1-187580275	MB Seas	279 Barrington Lane, IL, Bourbonnais	US
S1-187759653	Tivodyne International LLC	37 Williamstowne Court, Unit Apartment 2, Cheektowaga, NY	US
S1-188134909	Invicta (India) Patient Private Limited	4, Jehan Plaza, New Gangapur Naka, Nashik, Maharashtra	India
S1-189282375	Maribel Matthews Cion Inc	137 Baltic Street, Norwich, CT	US
S1-189583682	Bangalore Conferences Clinic	294, C.K Palya Cross, Superintendent Dinne, Bannerghatta Road, Gottigere Post, Bangalore, Karnataka	India
S1-189661882	Iso Brothers Private Limited	R.S.No.366/1-B, East Street, Thiruvalanzuli, Thanjavur, Tamil Nadu	India
S1-189867735	Ab System Private Limited	H-69 Ugf Connaught Place, New Delhi, Central Delhi, Delhi	India
S1-190207937	Vatech	14300 Chenal Parkway, Unit Apt 1216, Little Rock, AR	US
S1-190567859	Olvera Sterling Energy	494 Hub Boulevard, Unit 1822, Bowling Green, KY	US
S1-191076207	Shiksha & Sons Private Limited	D. No. 7-1-636/31, F. No. 102, Park View Apartments, Model Colony, S. R. Nagar, Hyderabad, Rangareddy, Telangana	India
S1-191209328	Bay Project LLC	1404 Main Street, Warsaw, IN	US
S1-191406032	Green Developers Private Limited	First Floor, Chokkalinganagar Main Rd, Tamil Nadu, Madurai, No.4B, Madurai South	India
S1-191490925	Maurise's Custom Tavern	Telford, 335 Telford Road, TN	US
S1-191502	Global Pink Learning Public Limited	2-57, Madapur, Narsapur, Medak, Telangana	India
S1-191510054	Bangalore & Brothers Private Limited	3Rd Floor, Sri Bhagavathi Complex Hmt Main Road, Gokula 1St Stage, 2Nd Phase, Karnataka, No 361, Bangalore	India
S1-191589302	Cobalt	N7530 Edgewater Drive, WI, Town Of Westford	US
S1-191612861	Urban Blue Care Private Limited	273/6 Manicktola Main Road, Kolkata, Calcutta, West Bengal	India
S1-192037859	Green Real Technologies Private Limited	2/210, Vikas Khand, Gomti Nagar, Lucknow, Uttar Pradesh	India
S1-192066115	Best Frontier Obic	910 Newgate Way, Dixon, CA	US
S1-192464263	Lucky Seafood! Inc	303 Washington Street, Hanson, MA	US
S1-192652606	Developers Mangalam Automobile Pvt Ltd	No 08 1St Main, 1St Cross, K. V. S Layout, Bangalore North, Bangalore, Karnataka	India
S1-193577408	Rose Developers Pvt Ltd	A 17, Raju Enclave Dwarka, Kakrola, New Delhi, Delhi	India
S1-193618187	YWH Convertible LLC	6220 Harvest Street, Springfield, OH	US
S1-19445849	Henderson Keystone Auto Sales	173 Stateline Cemetery Lane, Salem, AR	US
S1-195080397	Anand Engineering Private Limited	26, Silarpur, Near Secretariat, Mandi Ateli, Rewari, Haryana	India
S1-195306212	Wileen's Prairie Marketing	8012 Quiet Knolls Drive, Antelope, CA	US
S1-195657416	Corporate Brothers Private Limited	Bangalore, C704, Karnataka, Bangalore South, Salarpuria Serenity, Sector 7	India
S1-195659370	Seaview Farm Private Limited	N 302, Palm Drive Appartments, Sector-66, Gurgaon, Haryana	India
S1-195839862	Construction Ideaz Papers Private Limited	Building No.4/606, Prabhul Cottage Karimbalur, Elakamon, Ayiroor P.O., Thiruvananthapuram, Trivandrum, Kerala	India
S1-195880082	Multimax & Brothers Private Limited	B- 201, 202, 203, 204, 205, Second Floor, Montclaire Office Spaces, Haveli, Pune, Maharashtra	India
S1-196016267	Innovative Rent LP	62 Brush Hill Road, Litchfield, CT	US
S1-196124805	Transformers & Brothers Care	303, Himland House, D-5, Karampura Commercial Complex, New Delhi, South Delhi, Delhi	India
S1-196692460	Mutual Education Concepts LLC	78 Dutch Hollow Drive, Orangetown, NY	US
S1-196860345	Paleva LLC	2595 Snap Dragon Drive, Harrisburg, NC	US
S1-196931737	Everrise (India) Forwarding LLP	B-1Ashok Vihar Ph-Iv, Delhi, South West, Delhi	India
S1-197040995	Unique International	57, 3Rd Floor East End Enclave, Laxmi Nagar, Delhi, East Delhi, Delhi	India
S1-197531064	Marlo Nguyen Oaktree, Inc	72 Country Run Drive, Jackson, TN	US
S1-197973049	Black Products Private Limited	16/277, Sar 24, Kuthukuzhy P.O, Kothamangalam, Ernakulam, Kerala	India
S1-198675986	Choice Biomedical Group	7227 Englehardt Drive, Raleigh, NC	US
S1-198739579	Green House Private Limited	15/237 C, Cherukavu, Ernad, Malappuram, Malapuram, Kerala	India
S1-198841366	The Dent Yoga	294 Lincoln Street, Abington, MA	US
S1-198981444	Community Alliance	1810 Moorpark Place, Tucson, AZ	US
S1-199048795	Ksr Nursing Home	No 59, Namma Mane, Royal Palcid Phase-2, Haraluru Road Hsr Extension, Bangalore South, Bangalore South, Bangalore, Karnataka	India
S1-199080590	Cancer Ministries Ltd	1550 State Highway 386, Anton Chico, NM	US
S1-199322081	Clyis Obic Partners	403 A Hume Avenue, Alexandria City, VA	US
S1-19937151	Exim Marketing Private Limited	No. 25, 1St Floor, 4Th Main Road, Inbetween 2Nd & 3Rd Cross, Chamarajpet, Bangalore, Karnataka	India
S1-199702910	Norma Law Chambers	J-8/109, Ug Floor Rajouri Garden, New Delhi, Delhi	India
S1-199752364	Plumbers Local 932 Inc.	815 6th Street, Missoula, MT	US
S1-199923119	Bright Technical Dynamics LLC	2112 Crockett Way, Anna, TX	US
S1-200125864	Whitson, Barone and Pitcher Capital LLC	122 Lakeside Drive, Fairfield Glade, TN	US
S1-200332639	Fylfot Traders	4 No Fairlie Place Mezzanine Floor, Kolkata, Calcutta, West Bengal	India
S1-200453197	Health Processing Ltd	Opposite Water Park, Danapur, Dinapur-Cum-Khagaul, Bihar, Patna, Khagaul Road	India
S1-201570205	Suvidha Welfare Society	S-7 Plot No4 Pkt-7 Sf, Malhan Plaza S 12 Dwarka, New Delhi, South West Delhi, Delhi	India
S1-202025302	Oncology Associates LLC	2310 Iris Drive, Sierra Vista, AZ	US
S1-202359521	Jasper LLC	8 Dalton Court, Richlands, NC	US
S1-202442008	Kautilya Advisors Company	1/357, Sree Karthigai Lakshmi Nagar, Thuvariman, Madurai, Tamil Nadu	India
S1-202503754	Aggy Trujillo Royal Sab	519 Pineville Road, Statesville, NC	US
S1-202578176	UY Gardens Private Limited	77/10 Gidc Estate Phase I, Daskroi, Ahmedabad, Gujarat	India
S1-202618983	Z 6 Clean Copper, LLC	104 Joey Circle, Huntsville, AL	US
S1-203284471	Ghosh Consultancy Limited	Mig Ii 552, Chirahula Colony Ward No - 44, Rewa, Madhya Pradesh	India
S1-203772241	Vetecex Group	Sacramento, 2761 Stockton Boulevard, CA, Unit APT 420	US
S1-203955016	Green Infra Private Limited	Bhaiyasaheb Ambedkar Naga, R, Ot Section, Kalyan, Thane, Maharashtra	India
S1-204351485	Liberty Select LLC	3202 Boardwalk Lane, Unit 9, Greenville, NC	US
S1-204431055	BR Advanced Compass LLC	1054 16th Street, AZ, Cottonwood	US
S1-205140592	Balan Producer Private Limited	Ii/01 Menon Parambu Near Palliyarkkavu Temple, Kavalam, Alapuzha, Alappuzha, Kerala	India
S1-205197806	Novex Gsr LLC	4107 Charlotte Avenue, Nashville, TN	US
S1-205348400	Ladonna A. Qualls, P.A.	NC, 374 Ruritan Park Road, North Wilkesboro	US
S1-205806884	Infra Rao Global Limited	1/217A, Kallayivalappil House, Thalapilly, Thrissur, Kerala	India
S1-206530017	Vision Choice Health LLC	10702 650, Shoals, IN	US
S1-206973671	Behavioral Health Clinic	1597 11800, Lewiston, UT	US
S1-207084028	Venus Constructions Private Limited	C/O- Ram Kishor, Khetkuri, Manbhawna, Dhammaur, Sultanpur Sadar, Sultanpur, Uttar Pradesh	India
S1-207329319	Dido Johnson Affiliated LLC	12 Meeting House Lane, Unit 204, Scituate, MA	US
S1-20760503	Green Funds Private Limited	Shop No 1-14, Grd Flr Mahavir Dham Chs Plot No -112 Sector -12, Vashi, Thane, Maharashtra	India
S1-208148903	Rnk India Limited	No.610, 15Th Cross, J P Nagar, 1St Phase, Bengaluru South, Bengaluru, Bangalore, Karnataka	India
S1-208682389	Primary Care Medicine PLLC	1487 11B, Dickinson, NY	US
S1-20876055	Eileen Bustamante Enterprise	7603 Tidewater Drive, CA, Vallejo	US
S1-208825334	Pacific Empire Pantages, LLC	4701 Smokey Quartz Lane, TX, Arlington	US
S1-208831154	Cabral Accounting Corp	26 Cypress Creek Drive, Calvert City, KY	US
S1-209008446	Bharat Food Private Limited	Flat No.701, A Wing Ambika Plaza, 90 Feet Road, Mulund (E), Mumbai, Maharashtra	India
S1-209260214	Arihant Infrastructure Private Limited	C/Oprabhat Rai, Amarpally, P.O. New Rangia, Matigara, Darjiling, Darjeeling, West Bengal	India
S1-209364779	East Urban Infra Private Limited	F-45D, Gtb Enclave, Nand Nagri Dilshad Garden, North East Delhi, Delhi	India
S1-20960301	Temple Community Church	9325 Quinnford Boulevard, Chesterfield County, VA	US
S1-209655918	H Q Kinney Holdings	2005 Halbert Street, Fort Worth, TX	US
S1-209902848	Suba Technology Private Limited	91/94-453 1St Floor, 2Nd, 4Th Main, Dcm Township, Davanagere, Davangere, Karnataka	India
S1-210700579	Cornerstone Cross	5641 Harry Street, Fl 0, Wichita, KS	US
S1-210935903	Leann Colon Federal Acquisitions Inc	9229 106th Way, Fl 1, Scottsdale, AZ	US
S1-211383900	Prime Homes LLC	Cabins, WV, 6089 Fork Highway	US
S1-211517658	Horizon Innovation	17 Collinsville Avenue, East Saint Louis, IL	US
S1-211535546	International Infotech Pvt Ltd	F-14 & F-15, First Floor F Block Inner Circle, Connaught Place, New Delhi, Central Delhi, Delhi	India
S1-21164424	Vishal Polytechnic Company	1, Tamil Nadu, River View Enclave, Teesta Street, 3Rd Main Rd, Sriperumbudur, Kanchipuram	India
S1-212190647	Ursa's Bike Shop of Pleasanton PLLC	TX, 4184 1784, Pleasanton	US
S1-212310311	Shiva Developers Limited	F2 Skyline Ranch Villas, Market Road, Thripunithura, Ernakulam, Ernakulam, Kerala	India
S1-212923073	Brittany Demello Coastal Ofs LLC	2682 859, Edgewood, TX	US
S1-213018937	Great Maa Construction Private Limited	B 1401, Shine Swasti Opp., Siddharth Icon, Tragad, Ahmedabad City, Ahmedabad, Gujarat	India
S1-213733425	Tech Indo Projects Limited	C-128, Singh Bhoomi Colony Khatipura, Jaipur, Rajasthan	India
S1-213755230	QIT Foundation Pvt. Ltd.	Haji Moosa Patrawala Ind Estat20 Dr E Moses Mahalaxmi, Mumbai, Mumbai City, Maharashtra	India
S1-213892203	Jeanelle Moctezuma Granite LP	Hendersonville, NC, 169 Cider Mill Drive	US
S1-213935895	VF Quality LLC	345 30 Avenue, Saint Cloud, MN	US
S1-214121848	Unique Sangh	Hatzan Bazar Madrasapally, Suri, Birbhum, West Bengal	India
S1-214131574	Vertex Esports, L.L.C.	7767 White Chapel Road, OH, Licking Twp	US
S1-214346352	Hamstra, Strong & Sager LLC	Stafford County, VA, 157 Joshua Road	US
S1-214436767	Keify Premier Machines LLC	615 Main Street, Whitewater, KS	US
S1-214443273	HB Solutions Limited	Uttar Pradesh, E-181, Ghaziabad, Nehru Nagar-3 Block	India
S1-214642590	Jalsagar Enterprises Private Limited	Survey No. 122, Kalavad Road, Village Sapda, Taluka Jamnagar, Jamnagar, Gujarat	India
S1-214884127	Orthopedic Highland Medicine LLC	14 Stafford Court, Loudoun County, VA	US
S1-215012656	Pioneer Services Private Limited	3-B, Light Industrial Area, Jodhpur, Rajasthan	India
S1-215077056	Mount Community Church	458 Wallace Road, Luttrell, TN	US
S1-215328816	Ridge Montessori School	15588 Merrill Avenue, Fontana, CA	US
S1-215683534	Radha Welfare Society	Ram Villa Plot No. 23, 4Th Floor Behind Aurora Theatre, Matunga, Mumbai, Maharashtra	India
S1-215958440	Kaitlyn's Construction	321 Florence Avenue, Syracuse, NY	US
S1-216733182	Spak Brothers	304/A, Shyamal Kunj 2, B/H Arya Shri, Opp Pentagon Appartment, Rajkot, Gujarat	India
S1-216872097	Shree Hospitality Partners	Fl No C -103, Eisha Empire Sno 45/1A/1, Pune City, Pune, Maharashtra	India
S1-216969439	Awadallah Family Practice	2261 St Vincent Avenue, Lasalle, IL	US
S1-217911777	Salasar Ventures Pvt Ltd	East Delhi, 274, East Delhi, Delhi, F/F Pkd D, Mayur Vihar, Phase-Ii	India
S1-218058354	Al Media Private Limited	Mumbai, Ananya Hill Crest Chs Ltd, Plot No.7, N S Road No.10, Vile Parle (West), Cts No.197 A Pt, Jvpd, Vile Parle (West), Mumbai, 1003, Maharashtra	India
S1-219055946	Smith Foods LLC	Glendale, AZ, 17220 66th Terrace	US
S1-219386036	Ivenium Railway L.L.C.	7 Credit Drive, Mayflower, AR	US
S1-219437524	Perideus Snow	266 Hampton Parkway, Tonawanda, NY	US
S1-219732879	OIS Services Ltd	Kamman Halli, 1St Floor 5Th Main, Kullappa Circle, No.8, Bangalore, Karnataka	India
S1-219765772	Nexelle Construction P.C.	31 Hillcrest Heights, Lebanon, CT	US
S1-220062526	Gagandeep & Co	Unit No. 312, 3Rd Floor Bps Plaza, Devidayal Road, Mulund West, Mumbai, Mumbai City, Maharashtra	India
S1-221020563	Jay Software Private Limited	8-3-228/96/2/1, Rahmath Nagar Yousufguda, Hyderabad, Telangana	India
S1-22110427	Vistaar Institute of Technology	501, Floor 5, Plot 345, Milan Laxmi Co Op Hsc Soc Ltd, Chandavarkar Cross Road, Matunga Cr, Mumbai, Maharashtra	India
S1-221756656	FX Producer Pvt. Ltd.	C1-2/1125, Sabari Enclave, Bpl Junction, Koottupatha, Palakkad, Kerala	India
S1-221941373	South Developers Private Limited	1 Mela Ram Market, 913/17 Chotta Chippiwara Chawri Bazar, Delhi	India
S1-221963103	Caressa B. Hamrick, Ph.D., DDS PC	4506 El Paso Avenue, Snyder, TX	US
S1-222212786	Ventures Axiom Movers Private Limited	Chennai, Rangoon Street Thousand Lights, Tamil Nadu, Chennai, New No 132	India
S1-222238684	Future Estate Private Limited	214/1 Pidartali Ward No. 1, C T E I Road In Front Of Daal Mil, Singrauli, Madhya Pradesh	India
S1-222335156	Cardiology Associates of Newton Inc	231 Wicksburg Road, Newton, AL	US
S1-222606235	Integrated Apex Surgical Inc	22318 Forest Loop Road, Granite Falls, WA	US
S1-222790248	Systems Bhk Management Private Limited	Plot No 74, D.No 8, 23Rd Cross Street, Padmavathy Nagar Extension, Tambaram, Kanchipuram, Tamil Nadu	India
S1-223166567	Hanson School of Medicine	Town Of Eldorado, WI, W8950 N	US
S1-223404776	American Council P.C.	Unit SITE A, OK, Mcalester, 998 Lookout Mountain Road	US
S1-224096874	Dental Center PLLC	2035 Swanson Meadows Road, Bonner, MT	US
S1-224232599	Jenn Graves Better Systems Inc	28234 Us Highway 70, San Patricio, NM	US
S1-224424402	Hi Consultancy Pvt Ltd	Scf 18, 100 Feet Road Near Bhagu Road, Bathinda, Punjab	India
S1-224507173	Kaustubh Enterprises	No.24, Karpaganagar, K. Pudur, Madurai North, Madurai, Tamil Nadu	India
S1-225015652	Apex Infra	Chitanvispura Cir 4 House No. 1274, Mahal, Nagpur, Maharashtra	India
S1-225738018	Mankin Telefonica PLLC	9402 Covey Lane, TX, Beasley	US
S1-226090714	Star Infra Private Limited	1/440, Vadakkancherry P.O.Trichur Dist, Thalapilly, Thrissur, Kerala	India
S1-226163817	Great Rare Holdings	2036 Claremont Street, Phoenix, AZ	US
S1-226182978	Perez Sterling House LLC	222 Massee Drive, Dothan, AL	US
S1-226577000	Machinists Union Local No 202	123 Day Hill Road, Windsor, CT	US
S1-226980027	Vogt, Morrow & Mota Tax Inc	5616 Kanawha Turnpike, South Charleston, WV	US
S1-227222958	Marj G. Branch, P.A., M.D., P.C.	64 Meadow Lane, West Norriton Township, PA	US
S1-227517182	Cornerstone Aerospace Ventures LLC	47 Elizabeth Street, New Haven, CT	US
S1-227764656	Universal Real International Private Limited	Flat No 401, 8-3-231/W/9, Yousufguda, Khairatabad, Hyderabad, Telangana	India
S1-227771883	Western Octave Inc	9503 Milstead Drive, Bethesda, MD	US
S1-227988433	Swastik Producer	No.10/6, Valluvar Street Vijayalakshmipuram, Ambattur, Chennai, Tamil Nadu	India
S1-228084002	Indo United Hospitality Private Limited	Hyderabad, Plot No 14A, Hyderabad, Telangana, Road No 3, H No 8-2-333 Banjara Hills	India
S1-228398068	Estates Educational Society	Survey No. 4784/A1/C/2, Shop No. 07 And 18, 2Nd Floor, Pride Icon, Gokul Road, Hubli, Dharwad, Dharwar, Karnataka	India
S1-228653601	Nagraj Education Ltd	3/1B Gour Sundar Sett Lan, Dumdum, Sinthee Police St, Kolkata, Kolkata, Howrah, West Bengal	India
S1-228806910	Baba Infotech Private Limited	Abhijit, 7Th Floor Mithakhali Six Road, Ellisbridge, Ahmedabad, Gujarat	India
S1-228884127	Germany, Ramsay & Vittitow Japan	4170 Baxter Road, Nashville, TN	US
S1-229036658	Allied Program Clinic	3321 Ocean Drive, Manhattan, KS	US
S1-229992726	United Federation Inc	6171 Pichon, Tucson, AZ	US
S1-230308182	Orthopedic Group	260 Epes Street, Unit 103, Blackstone Town, VA	US
S1-230557301	Bushway, Potts & Beltran Center	11110 Park Ridge Road, Spotsylvania County, VA	US
S1-231098202	Eckles Guggenheim LLC	3721 Queenswood Lane, Garland, TX	US
S1-231527440	Ans Ventures Limited	Scheme No.-14 Inter State Bus Terminal Dindayal Chowk Trimurti Nagar Jabalpur, Jabalpur, Madhya Pradesh	India
S1-231998783	Choice Atlantic Polestar	Gresham, OR, 17721 Couch Street	US
S1-23204173	Prosperous Farms Private Limited	Meghwalo, Ka Vas, Dhani Bazar, Barmer, C/O Prem Boss, Rajasthan, Barmer	India
S1-232165664	Rosser Municipals Corp	UT, Enterprise, 2869 Bench Road	US
S1-233007363	Majestic Vidyalaya	B-111, Sumel Business Park 7, Near Soni Ni Chali, Rakhial Road, Ahmadabad City, Ahmedabad, Gujarat	India
S1-233025802	Great Rapid Aimei LLC	TX, Houston, 13823 Rosemere Lane	US
S1-233112957	Atlantic Preparatory Academy	665 Tournament Drive, Cincinnati, OH	US
S1-233316635	Legacy Logistics Enterprises Inc	1312 O Avenue, Unit 3, Anacortes, WA	US
S1-23347444	Barb Fortson Select Trading	138 Lauderback Road, Rogersville, TN	US
S1-233578344	Community Services	1119 Budlong Street, Carthage, MO	US
S1-233590245	Mountain Endocrinology Inc	16745 Newell Road, Tamms, IL	US
S1-233708496	Ehrhardt and Stewart Columbus LLC	279 Neptune Avenue, Brooklyn, NY	US
S1-23379815	Blue Silver Rice	416 Jefferson Street, Mangum, OK	US
S1-233822786	2677 First Road Holdings	TX, Houston, 10403 Wagon Trail Road	US
S1-234073732	Housing Project	7871 Majestic Ridge Drive, Cottonwood Heights, UT	US
S1-234478198	Anubhuti Facility	Plot No 222, Telangana, Balanagar, K.V.Rangareddy, H No 14-1-90/222, Jayalakshmi Villa, Andhra Bank Street, Gayatri Nagar, Borabonda, Hyderabad	India
S1-236048105	Morgan Advanced Bain LLC	21 Courtesy Drive, Thomasville, NC	US
S1-236380353	Adriane L. Prosser, O.D.	AZ, 275 Pine Road, Williams	US
S1-236648665	Beacon Logistics Consultants Center	198 Ridgelawn Avenue, Painesville City, OH	US
S1-236871158	Anchor Reliable Live LLC	3678 Lauren Court, Crisfield, MD	US
S1-236909503	Beia LLC	616 Creek Street, Skiatook, OK	US
S1-23697347	Leach Capstone	1713 Taylor Gaines Street, Austin, TX	US
S1-237198889	Delpro Services Limited	B-8, Shri Ram Nagar Village-Jaipura, Post- Jagatpura, Jaipur, Rajasthan	India
S1-237349399	Winner Best Limited	Sub Plot No. 6 60/61 Lati Bazar Gita Mandir Road, Ahmedabad, Gujarat	India
S1-237539441	Summit Xcel	609 Coile Road, TN, Jefferson City	US
S1-237957646	Delonix Traders Private Limited	4Th Floor, 256, Prantick Pally, Kasba, Kolkata, Kolkata, Howrah, West Bengal	India
S1-239085040	Clark Australia	608 Files Street, Itasca, TX	US
S1-240637747	Nellie Schaller Scientific	12732 1/2 Central Park, Austin, TX	US
S1-240670780	Timothea Croxton Optimal Babcock	223 5th, Manila, UT	US
S1-240916563	Orthopedic Physicians	City Of Two Rivers, WI, 2112 43rd Street	US
S1-24115094	Advanced Wholesale Networks	Tinley Park, IL, 17231 Foxgrove Lane	US
S1-241389619	Prashant Ahmed Limited	D-201 Mayfair Meridian Bldg-2, Off Sv Rd Amboli, Ceaser Road, Andheri West, Mumbai, Mumbai City, Maharashtra	India
S1-24195381	Hari Marketing LLP	808, Pearl Best Heights-I, Nsp, Pitampura, Delhi, North West Delhi, Delhi	India
S1-242173296	Spotless Clinic Limited	349, 2Nd Floor 349, School St Angels School, Gurgaon, Haryana	India
S1-243237899	Setao Xflh, Inc.	114 Cross Pointe Lane, Aberdeen, NC	US
S1-243418626	Mercie Bowe Highland Motors Care	9158 Maple Grove Road, Unit F, Windham, OH	US
S1-243732195	Heritage Initiative Inc	3241 Troost Avenue, Kansas City, MO	US
S1-243964430	Ear Nose & Throat Supreme Care PC	37 Commonwealth Avenue, Unit 4RR, Boston, MA	US
S1-24424354	Bharat Foundation Private Limited	E-11, Ram Path, Shyam Nagar Extension, New Sanganer Road, Jaipur, Rajasthan, Jaipur	India
S1-245023930	Frog India Ltd	Plot No.176, Sector 52, Gutigau, Gurugram, Gurgaon, Haryana	India
S1-245215825	Summit Piedmont Precious Inc	9231 Rippling Fields Drive, Houston, TX	US
S1-245259144	Margeaux's Blue Bistro	ME, Washington, 171 Waldoboro Road	US
S1-245358131	National Institute LLC	141 First Parish Road, Unit A, Scituate, MA	US
S1-24539049	Atlantic Institute	14 Haverhill Place, Trumbull, CT	US
S1-246025488	Shree Builders Private Limited	Bazari Tola, Padrauna, Kushinagar, Semara Hardo, Uttar Pradesh	India
S1-246225268	Wooten Continental Enterprises Inc	AZ, Prescott, 469 Miracle Rider Road	US
S1-246283519	Cure Bike Shop	613 Shefford Street, Fl 0, Wichita, KS	US
S1-246355278	HFO Golden Design P.C.	3330 Lockburn Street, Indianapolis, IN	US
S1-246724659	Red Pilates LLC	320 First Street, Ramsey, IL	US
S1-247267200	Sheba Pesticides Ltd	2/395-21, Kannappan Nagar, Kattiganpalli, Krishnagiri, Krishnagiri, Dharmapuri, Tamil Nadu	India
S1-247273599	National Health Center LLC	132 Teller Road, CT, Trumbull	US
S1-247284513	Castaneda Modern Realty	616 State Street, Rush Twp, PA	US
S1-247532095	Oncology Better Care LP	1406 Whittier Avenue, Hempstead, NY	US
S1-248050840	Raye Vannatta Fortress P.C.	13286 Henry Street, Unit #151, Beaverton, OR	US
S1-248161353	Jones Select Music, LLC	1209 17th Street, Mattoon, IL	US
S1-248568460	Hamaker American Alibaba Inc	1803 Winding Run Boulevard, Dayton, OH	US
S1-24892513	Classic Investments Pvt Ltd	House No - 2821, Ward No -4, Sanjay Colony Block - D, Gouchhi, Ballabgarh, Tehsil Ball, Abgarh, Faridabad, Haryana	India
S1-250070625	Pediatric Medicine	87-59 86 Street, Woodhaven, NY	US
S1-250810347	Beacon Diagnostic Worldwide Center	325 Shag Bark Trail, Somerville, AL	US
S1-251057654	Tripower & Co	Sai Home House No 205 2Nd, Cross Near Pepup Squear, Bellary, Karnataka	India
S1-251242475	DNN Foundation Center	H No 1-98/9/3/46 & 47, Plot No 15 & 16 Silicon Valley, Madhapur, Hyderabad, Telangana	India
S1-251458621	Diversified Wellness Associates LLC	OR, West Linn, 1954 Sunburst Terrace	US
S1-251644083	Minerva & Sons LLP	Office 13, 2Nd Floor, S.No.138/1, City Center, Haveli, Pune, Maharashtra	India
S1-251815069	Allied Initiative	38108 Olney Lane, Astoria, OR	US
S1-251910741	Red Aditya It Pvt Ltd	College Para, Aurangabad, Murshidabad, West Bengal	India
S1-252570434	Bogle Investments LLC	2209 Caronia Street, Unit D, Charlotte, NC	US
S1-252757889	Indo Business Private Limited	174B/2, Pattukottai, Thanjavur, City Bank Opp, Madukkur South, Tamil Nadu	India
S1-252968531	Rk Products Limited	Pl.No.9, Sy.No.17, 2 Floor, Himagirinagar, Gandhamguda, Rajendra Nagar, Hyderabad, Telangana	India
S1-253063520	Helios PC	1145 Church Street, Jesup, IA	US
S1-253227957	Indraprastha Global	714-A, Tamil Nadu, 7Th Floor, Mount Road, Anna Salai, Chennai	India
S1-25495248	Bright Care Private Limited	H.No. C-84, Ground Floor Kalka Ji, New Delhi, South Delhi, Delhi	India
S1-255217115	My Investments LLP	22-6-270/3/8, Balala Shopping Mall, Machli Kaman, Charminar, Hyderabad, Telangana	India
S1-255452144	Swickard Companies PC	1530 Doubletree Lane, TN, Nashville	US
S1-255499373	Viola Nursing Home	01, Osho Drive Gadaipur Road, New Delhi, Delhi	India
S1-255555674	Ear Nose & Throat Associates LLC	5419 9th Street, Albuquerque, NM	US
S1-255644168	Huggins Commerce	4539 Underwood Drive, Redding, CA	US
S1-255766183	Caserta's Frontier Bike Shop	1171 Vandenburg Street, City Of Sun Prairie, WI	US
S1-25645575	Digital Trading Collective Care	119 Delaware Street, Mounds, IL	US
S1-256473352	Cozy Cleaning Service Inc	4485 Pine Bluff Road, Morris, IL	US
S1-25666003	Barnett Gulf Leapfrog Associates	Washington Court House, 508 Rawling Street, OH	US
S1-256667363	W+ Mission Corporation	2841 281, Baird, TX	US
S1-256795949	Creative Rio LLC	Salem, OR, 4115 Sunnyview Road	US
S1-257007466	Ziveron	1808 Enoch Lane, Greensboro, NC	US
S1-257911549	Leque Wellness LLC	27619 127th Avenue, Kent, WA	US
S1-258060279	7-Brothers	3829 Ainsworth Avenue, Tacoma, WA	US
S1-258356187	Weiser Youth Institute	522 Main Street, Weiser, ID	US
S1-258608264	Platinum Learning Enterprises LLC	189 Parkstone Drive, Fraziers Bottom, WV	US
S1-258969920	Swastik International Private Limited	B-101, Ridhi Sidhi Comple, M G Road, Borivali (East), Borivlai East, Mumbai, Maharashtra	India
S1-25922331	Apex Constructions Private Limited	B-7/31/1, Block B-7 Safdarjung Enclave, Delhi, South Delhi, Delhi	India
S1-259613196	Dental Specialists	628 Dayton Street, Edmonds, WA	US
S1-259620754	Tri-State Saul Inc	407 State Street, Williamston, NC	US
S1-259687087	Interstate Ministries	AZ, 3433 Campbell Avenue, Phoenix	US
S1-259841007	Young (India) Constructions Private Limited	4526 Dlf Phase 4, Hibiscus Main, Dlf Qe, Gurgaon, Haryana	India
S1-260162043	Workman Intermediate	44684 Newsom Road, Vinton, OH	US
S1-260171466	Miller & Rivas Music	9 Springer Woods, Edwardsville, IL	US
S1-260261988	Anne Evans Rogers LLP	4137 Polkville Road, Polkville, NC	US
S1-260309710	Armas Rare Corp	TX, 8117 Rosemary Sage Drive, Magnolia	US
S1-261169281	U 3 K Steel	5200 Clairemont Drive, Town Of Grand Chute, WI	US
S1-261506576	Fey Farr Nexpoint Clinic	2510 Virginia Avenue, Unit 909, Washington, DC	US
S1-261599095	Legacy Staffing Partners	32 Deerfield Lane, Monroe, CT	US
S1-26257270	The Dent Pub!	4846 Waveland Avenue, Chicago, IL	US
S1-262613671	Mishra Realtors (India) Pvt. Ltd.	Gandhinagar, Building No. 13B, Gujarat, Block No. 13 Zone-1, Road 1C, Gift Sez, Gift City, Gandhi Nagar	India
S1-26328906	Cody Winston Plum LLC	Fairfax County, 4502 Superior Square, VA, Unit STE 4502	US
S1-263545313	Obsidian	1934 Jody Lane, North Middleton Township, PA	US
S1-263753520	Silver Industries Private Limited	House No.65 (Basement), Furniture Block, Kirti Nagar, New Delhi, West Delhi, Delhi	India
S1-264272851	Varsham Products Private Limited	No - 6, South Rampart Old Town Bustand, Thanjavur, Tamil Nadu	India
S1-264626712	Celesta Infrastructure Private Limited	140/B Keshab Chandra Sen Street, Kolkata, Howrah, West Bengal	India
S1-26469428	Vivan Ventures Company	7-Cross Complex Shop No 107, Nr Khamdhrol Fatak, Junagadh, Gujarat	India
S1-264869509	Alvarez & Mendez Research	12981 Brannon Road, Bethel, OH	US
S1-26511140	Infra Cybernet Estates Private Limited	Faridabad, 1247/8, Faridabad, Haryana	India
S1-265528835	Mangus Legacy Oak	713 Perolla Drive, Fort Wayne, IN	US
S1-265707414	Bombay Management Private Limited	Basement 69, Mausam Vihar, Delhi, North East, Delhi	India
S1-266878753	Nilgiri Services Limited	16/1B Ramkanta Bose Street, Kolkata, Howrah, West Bengal	India
S1-267372211	Coex Inc	4679 Abberton Drive, Greenwood, IN	US
S1-267433852	Sree Producer Private Limited	No 2 19Th Street, 5Th Avenue, Ashok Nagar, Chennai, Tamil Nadu	India
S1-268581045	Surya Engineering Private Limited	No. 7, Bellary Road, Gangenahalli, Bangalore, Karnataka	India
S1-268651992	Davidson Vulcan	501 Main Street, Loretto, TN	US
S1-268699253	Sandhi Fashion (India) Private Limited	Flat. No. 3001, Ratna Punit Apartment, Street No.8, Mylargadda, Seethaphalmandi, Secunderabad, Hyderabad, Telangana	India
S1-268709477	Mumbai Security Group	Flat No 202 Plot No 55, Green Lane Sher-E-Punjab, Mumbai, Maharashtra	India
S1-268721187	Swami Welfare Society	55/ 4, New Palasia, Indore, Madhya Pradesh	India
S1-26895703	Moore Total Rain	3945 Octavia Avenue, Chicago, IL	US
S1-268959255	Bridwell and Pitt PLLC	122 Main Street, Unit 5, Georgetown, MA	US
S1-26969687	Ilead Storage Private Limited	No.5, Sy. No.90/3, Harikumar Layout Manjunathnagar, Nagasandra Post, Tumkur, Road, Bangalore, Karnataka	India
S1-269770838	Wood, Dawn, D.C.	811 4th Street, Unit 512, Washington, DC	US
S1-269898915	NCC Contact of Nanded	Nagareshwer Mandir Road Maulha Hatai, Nanded, Maharashtra	India
S1-270462238	Orthopedic Fresh Partners Inc	508 Second Street, Albany, NY	US
S1-270587511	Treichel & Rennie	279 Aaron Circle, Vacaville, CA	US
S1-270643653	Pacific Guild LLC	3405 Tryon Street, Unit 309, Charlotte, NC	US
S1-270886539	Lower Beacon Beverage LLC	38 Macglashan Lane, Chester, NY	US
S1-271048276	Satin Consultancy	Plot No.13-B, Vithalbaug, Bambhniyani Vadi Vidyanag, Bhavnagar, Gujarat	India
S1-271049848	St. Ministries	9107 Beach Road, Cicero, NY	US
S1-27176332	Kumhar (Near Railway Gumti) Projects Ltd	Sharda Lok Sandalpur, Kumhar (Near Railway Gumti), Patna, Bihar	India
S1-271817074	Horizon LLC	106 Hampton Vista Drive, Brookhaven, NY	US
S1-272254334	Eastern Tech Projects Private Limited	Tp 5/547, Near Mary Matha Cathedral, Thamarassery, Kozhikode, Kerala	India
S1-272384681	WCC (i) Group	Plot No. 10, Block No. 6 Ff, Right Side, Spring Field Colony, Sec, Tor-31, Faridabad, Haryana	India
S1-273971652	Cardiology Medicine LLC	440 Rhode Island Avenue, Unit 104, Washington, DC	US
S1-274659648	Integrated Media Concepts Corp	Kingsport, 3907 Skyland Drive, TN	US
S1-275002421	Digital Technology Private Limited	Pl#6, #2 Anna St, 1St Cross, Therodum Veedhi, Chennai, Poonamallee, Tiruvallur, Tamil Nadu	India
S1-277675102	Bracco Materials LLC	715 Collington Drive, Cary, NC	US
S1-277743177	Silver Book Store	184 Old Hwy 19E, Roan Mountain, TN	US
S1-277796692	Link Vehicle Pvt. Ltd.	252-B, Lower Ground Floor, Office No.-10-A Prince Plaza, Sant Nagar, East Of Kailas, H, New Delhi, Delhi	India
S1-278132753	Maa Developers Private Limited	Mumbai, 313 3Rd Floornavneelam Socitey R G Thandni Marg Worli, Maharashtra	India
S1-27817521	Womens Health Superior Partners Inc	620 Alpha Road, Dayton, OH	US
S1-278907918	Agl Homes LLP	Flat No. 90, First Floor, Deshbandhu Co Operative Group Housing Society, I.P. Extn. Patparganj, East Delhi, Delhi	India
S1-279142402	United Holding Company	1009 Torngat Court, Virginia Beach City, VA	US
S1-279297066	Bijnor Micro Pvt Ltd	00, Mohalla Mukarpur Khema Urf Mukarpur Khema, Bijnor, Bijnor, Bijnore, Uttar Pradesh	India
S1-279900868	Rodgers, Margaret, DMD Clinic	12325 107th Avenue Court, Unit #D4, Puyallup, WA	US
S1-280570359	Sun Investments	D-566/146 Gf, Society Camp, Tajpur Pahari, Badarpur, New Delhi, South Delhi, Delhi	India
S1-281408668	Carpenters Union Local No 961	3620 Old Birds Creek Road, Unit 9, Sevierville, TN	US
S1-281569207	Ak Consultant Private Limited	Sh.No-01 Shivani Heights, Sn- 54/15/1/2 Kondhawa Bk, Badhe Ngr, Pune, Maharashtra	India
S1-283749539	Suryatech Office Private Limited	Dharm Bhakti Estate, Opp. Sonet Ceramic Old Ghuntu Road, Morbi, Rajkot, Gujarat	India
S1-283806184	Cobalt	2501 Sunset Drive, City Of Beloit, WI	US
S1-284185233	Niclarnet	513 Ridgewood Drive, Daphne, AL	US
S1-284216091	Buis Superior Hotels Inc.	8621 Plainfield Lane, Cincinnati, OH	US
S1-284357691	Vrb Services (India) Pvt Ltd	7, Mill Officer Colony, B/H. Reserve Bank, Ashram Road, Ahmedabad, Gujarat	India
S1-284516393	B 8 Crystal Golden	1143 Garden Drive, VA, Newport News City	US
S1-284559871	Patriot Project of Covington, Corp	245 7th Street, Covington, KY	US
S1-284747519	Swastika Top Private Limited	Room No: 6/635, 1St Floor Snehatheeram Road, Thalikulam P O, Thrissur, Kerala	India
S1-285097507	Webb Credit PLLC	745 -303 Lawrence Drive, Virginia Beach City, VA	US
S1-285325876	Nevarez, Labarge and Woods Horse LLC	5540 Atlantic Crossing Drive, Raleigh, NC	US
S1-285451793	Constellation Earthmovers Limited	Mahua, Vaishali, Vill- Mahua Singh Rae, Tola-Mahua Singh Rae Post- Mahua, Ps-Mahua, Bihar	India
S1-28578244	Zeify Sterling Pacific LLC	128 Bertrand Street, Unit 221B, Knoxville, TN	US
S1-285936990	Cohen and Delacruz	423 Monroe Avenue, Edina, MN	US
S1-286101444	Dental Partners of Rockford Inc.	1125 Grant Avenue, Rockford, IL	US
S1-286272499	QB Classic Yhn Inc.	7055 Louisa Road, Albemarle County, VA	US
S1-287054505	Marketing Source Crusher Private Limited	1602, Limona Tower No. 2, Runwal Anthurium, Lbs Marg, Veena Nagar, Mulund (W), Mumbai, Maharashtra	India
S1-287698956	Swad Pharmaceuticals Private Limited	Plot No 222 First Floor, Kuan Mohalla, New Delhi, South Delhi, Delhi	India
S1-288143358	Khairatabad Chits Limited	6-3-596/69, Naveen Nagar, Khairatabad, Hyderabad, Telangana	India
S1-288282737	Joint For	B-40-A, First Floor, Abul, Fazal Enclave-1, Okhla, New Delhi, South Delhi, Delhi	India
S1-288786162	Lotus Global Limited	7/13, Narkel Danga Main Road, Kolkata, Howrah, West Bengal	India
S1-288950673	Downtown Pub!	3568 Abbott Road, Hamburg, NY	US
S1-290452420	KH Plastics LLP	H.No 591A, Hmt Layout, V.R Pura, Yelahanka, Bangalore North, Bangalore, Karnataka	India
S1-29108056	Family Clinic of Greenbrier, LLC	6620 E D Williams Road, Greenbrier, TN	US
S1-291109440	Williams, Higgins & Garrett LLC	17252 Village Main Boulevard, Unit 15, Lewes, DE	US
S1-291316802	Chirayu Healthcare Private Limited	B-6/5 Local Shopping Centre Safdarjung Enclave, Delhi, South Delhi, Delhi	India
S1-291421724	OT Automotive Private Limited	Parkview Appart Flat-102, Opp Kamlabaug, Porbandar, Gujarat	India
S1-291654549	A Cure 6 IT	11890 Pasco Road, Apple Valley, CA	US
S1-291831548	Tameer & Brothers Private Limited	G - 802, Rohan Iksha, No. 14C/123, Bhoganahalli, Bangalore South, Bangalore, Karnataka	India
S1-291922534	Patriot Veterinary Clinic	6820 Vista Terraza Drive, Albuquerque, NM	US
S1-292161838	Mcneill Medical Inc	OH, Cincinnati, 4824 Paddock Road	US
S1-292267545	First Golden Concepts	36 Barstow Road, Unit Apartment 3K, Great Neck Plaza, NY	US
S1-292333888	Angela Commercials Pvt Ltd	Plot No-142-904, Kendujhar Town, Keonjhar, Kendujhar, Orissa	India
S1-292425300	New Welfare Society	20-A Tirupati Balaji Naga, Sanganer Thana, Sanganer, Jaipur, Rajasthan	India
S1-292684571	Maroney Advanced Harmony LLC	TX, 1319 Ridgefield Loop, Round Rock	US
S1-292741345	Fateh Pur Foods Limited	C/O Atul Kumar, Baraiya, Fateh Pur, Barabanki, Uttar Pradesh	India
S1-293269519	Flytech Brothers Private Limited	9-2/30, Chah Kamal Purana Bazar, Hapur, Ghaziabad, Uttar Pradesh	India
S1-29349535	Dusky Management Private Limited	Flat No. 604, Garden Vi R P Marg, Hazratganj, Lucknow, Uttar Pradesh	India
S1-293970681	Bangalore Realtors Private Limited	No.158, 22Nd A Main, 1St Cross, Padmanabhanagar, Bsk 2Nd Stage, Bangalore, Karnataka	India
S1-294048548	Fleming Ncr	6418 Rockwell Boulevard, Charlotte, NC	US
S1-294128479	Bhive Foundation	Howrah, 66, West Bengal, Dhan Devi Khanna Road 2Nd Floor, Kankurgachi, Kolkata	India
S1-294256612	Mountain Freight	51 6A, Orleans, MA	US
S1-294321565	Piedmont Council	119 Mead Avenue, Smyrna, TN	US
S1-294500958	Community Midwest Association Corp	77 Woodcliff Road, Wellesley, MA	US
S1-294675541	Real Construction Private Limited	Hansi, Rakhi Shahpur Kheri, C/O Shiv Mandir, Haryana, Hisar	India
S1-295068151	Best Engineering Private Limited	Mig Flat No. -110, Block-Y-1 Sector- D-6, Vasant Kunj, New Delhi, Delhi	India
S1-295295975	X Z & M Intercontinental	3235 Woodbrook Court, Irving, TX	US
S1-295434714	Internal Medicine Health	9210 114th St, Blue Grass, IA	US
S1-296015030	330 Park Avenue Management LLC	21502 San Luis Pass Road, Galveston, TX	US
S1-296223975	Joy's Dental	9319 Longwood Drive, Acton, TX	US
S1-296237987	Atlantic Academy York County	214 Murray Way, York County, VA	US
S1-296275047	Redfox (India) Metallurgical Ltd	Tamil Nadu, 1 St Floor 4/271 Pari Salai Mogappair East, Chennai	India
S1-296416408	Perfect Finance Pvt Ltd	C/O Munna Thakur, Ward No7, Ward No.-7, Ps-Malahi, Areraj, East Champaran, Bihar	India
S1-29673951	Services Baluja Chillies Pvt Ltd	Malkajgiri, H No. 45-100/2A, B61, Uppar Guda, Moulali, Hyderabad, Telangana	India
S1-296741919	Family Guild	4399 Monument Avenue, Richmond City, VA	US
S1-297066241	XE Networks Private Limited	House No 1 Basement, Block -2 Eros Garden, Faridabad, Haryana	India
S1-298578196	Isahella Matlock Mining LLC	34742 101 Business, Astoria, OR	US
S1-29880047	M & M Commerce LLC	250 Ivy Drive, Liberty Hill, TX	US
S1-299748202	Cornerstone Inc	127 Hillcrest Road, Maggie Valley, NC	US
S1-300005414	Mitchell, Herring and Graham L.L.C.	120 Mimosa Street, Camden, TN	US
S1-300292914	Galaxy Blue Ventures Private Limited	G No 204 Sinnar Shivar, Sinnar Sinnar, Nashik, Maharashtra	India
S1-300337615	Garcia Brewing	5500 Highland Drive, Unit Apt 1438, Little Rock, AR	US
S1-300703873	Parakh Institute of Technology	193/1, Howrah, West Bengal, B.L. Saha Road, Kolkata	India
S1-30076236	Solutions Grace Network Private Limited	4Th Floor, The Kode Building S.No.134/1/38, C.T.S No.2265 To 2273 Pashan Baner Link Road, Haveli, Pune, Maharashtra	India
S1-300818091	Teum Soulpower PC	205 Murray Street, Gainesboro, TN	US
S1-300869734	KJP Piedmont Futurecorp	NC, Wake Forest, 1016 Prairie Smoke Street	US
S1-300912906	Ghazipur Clothing Private Limited	Saklenabad, 108, Ghazipur, Uttar Pradesh, Ghazipur	India
S1-301092232	X/U Malt	6285 Caldwell Road, Unit #43, Gladstone, OR	US
S1-301149309	Class & Co	407, Pukhraj Corporate, Opp. Nawlakha Bus Stand Near Prashant Hotel, Indore, Madhya Pradesh	India
S1-302247650	Miyasato, Martin and Vesely Photonics, LLC	5670 New Harmony Road, Pikeville, TN	US
S1-302460878	Lewis Fortune LLC	TN, 2948 Harris Circle, Memphis	US
S1-302558001	Everyday Institute Limited	Plot No : 19, Vinayagapuram, Ags Colony Velachery, Chennai, Tamil Nadu	India
S1-303213003	Volk First Labs, LLC	2610 29th Place, Tulsa, OK	US
S1-303388340	E+ Market LLC	976 Hurds Road, Virginia Beach City, VA	US
S1-303431879	St Biotech Public Limited	South Delhi, Delhi, 101 Ground Floor Plot Number B7 Dev Pari Shopping Plaza Near Ntpc Gate Number 3 Badarpur, New Delhi	India
S1-303638435	Sky Services Private Limited	C/O Poonam Kishor Patkar, Flat- 2A, 702 Hema Park Chs.Ltd, Bhandup, Mumbai City, Maharashtra	India
S1-303689924	Sagara Foods Limited	Gopal Gowda Nagara 1St Cross, Ward No 31, Sagara Town, Sagara, Shimoga, Karnataka	India
S1-304692609	689 Mountain View Place Company	IA, West Des Moines, 4112 Maple Street	US
S1-305556231	Solent Sprott LLC	6610 Coleshire Drive, Dallas, TX	US
S1-305879453	Hitech & Sons Private Limited	Osmanabad, H No 734 At Post Kanerwadi Tq Kallam, Maharashtra	India
S1-306666043	Great Hotel LLC	607 2nd Street, Unit APT 2, Bloomington, IN	US
S1-306947086	National Precision Central	TX, 8614 Doves Yard, Missouri City	US
S1-30752064	Rampur Machinery Limited	25 Tehsil Swar, Mohalla Kashipur Suar, Rampur, Uttar Pradesh	India
S1-307581912	Ambrose Commodity LLC	63 Betsy Drive, Islip, NY	US
S1-307661923	Jerry Carriers Ltd	Flat No B-203, 2Ndfloor, Royal Classice Chs, New Link Road, Andheri West, Mumbai, Mumbai City, Maharashtra	India
S1-308958530	Vantium Inflection	554 Cr 294, Alvin, TX	US
S1-309650476	Maa Global Private Limited	Ernakulam, Muvattupuzha, 19/208A, Kerala, Kuzhivelikudiyil Thrikkalathoor	India
S1-310278174	India Aura Project Private Limited	503 Silver Arch, Aprtmnt 22 Feroz Shah Rd, New Delhi, Central Delhi, Delhi	India
S1-310478083	Equinox Emerging LLC	5782 Starks Settlement Road, Town Of Laona, WI	US
S1-310630315	Halcyon LLC	5314 Casa Grande Drive, Topock, AZ	US
S1-310826441	Star Investments Private Limited	Ae-16 Avantika, Ghaziabad, Uttar Pradesh	India
S1-310945402	Smart Robotics Labs LLC	1 Marie Court, Ballwin, MO	US
S1-311051134	Best American Bitcoin L.L.C.	W66N1253 Forward Way, City Of Cedarburg, WI	US
S1-311387663	Sadashiv Creations Private Limited	1203, Times Square Arcade, Opp. Rambaug, Nr, Ravija Plaza, Thaltej-Shilaj Road, Tha, Ltej, Ahmedabad, Gujarat	India
S1-311831862	Colonial Interests LLC	2379 Middle Bellville Road, Mansfield, OH	US
S1-311937192	Dhiraj Institute of Technology	Plot No. 246, F/F, Block-K, Khasra. No. 809, Mahipalpur Extension, New Delhi, Delhi	India
S1-312379994	Bombay Trading Private Limited	Flat No B-1, Plot No 7, Secotr 5, Near Rakhma Bhawan Building, Sanpada, Navi Mumbai, Thane, Maharashtra	India
S1-312454031	Happy Travels Private Limited	3641Gali Lohewali Chawri Bazar, New Delhi, Central Delhi, Delhi	India
S1-312454806	Southern Hospitality	24 1St Floor, West Bengal, Howrah, Kolkata, Anuj Chamber Camac Street, Park Street, Kolkata	India
S1-312677351	Mackinnon Continental Navios Associates	418 Buck Jones Road, Unit 10, Raleigh, NC	US
S1-31271939	Lambright, Sohal and Cueto Inc	40 Wilma Road, Eastham, MA	US
S1-313448121	Signature Nutrition Group	2006 Presbury Street, Baltimore, MD	US
S1-313764026	Cozy Coffee	Fargo, Unit Apartment 3, ND, 1014 7th Street	US
S1-314253341	Ridge Babcock	6150 Oxford Street, Indianapolis, IN	US
S1-314303471	Kost & Welsh	27 Park Towne Drive, Granite City, IL	US
S1-314703917	Dermatology Great Associates PLLC	Calabash, 437 Maplewood Drive, NC	US
S1-31505100	Highland Charities	77 Montauk Highway, Brookhaven, NY	US
S1-315244635	4174 Second Lane Company	1954 Tucker Gulch Road, Helena, MT	US
S1-315679803	#4 Laboratories	3455 Meadowlark Drive, Edgewood, KY	US
S1-315686019	Interstate Vine	11046 Luminate Drive, Rancho Cucamonga, CA	US
S1-315840301	Bramel Osprey PLLC	Washington, 547 Ingraham Street, DC	US
S1-316021079	Arihant Investments Pvt Ltd	5 Clive Row 3Rd Floorr No 73 P S Burrah Bazar, Kolkata, Calcutta, West Bengal	India
S1-316507703	Sweet Tavern	1175 Lost Trail Drive, Pullman, WA	US
S1-317776099	Flint Inc.	3123 Broad Street, Richmond City, VA	US
S1-317992973	Vbs (india) (India) Private Limited	Bc-85, West Shalimar Bagh, New Delhi, Delhi	India
S1-318096834	Noida International Co	H 160, Noida, Gautam Buddha Nagar, Uttar Pradesh, Office Number B 018 Sector 63	India
S1-318221358	Vanguard Capital Vertical	4151 Continental Drive, Waukegan, IL	US
S1-318683929	Tech Food	202/9, Old Shastri Nagar, L:Adhout Road, Rohtak, Haryana	India
S1-318739926	Oncology Group	443 Airport Industrial Park Road, Parkersburg, WV	US
S1-318862606	Ace Intelligence Technologies Inc	Earle, 919 Arkansas Avenue, AR	US
S1-318944374	Rudra (India) Energy Private Limited	No. 2743, 27Th Main, 15Th Cross, Hsr Layout - 1St Sector, Bangalore South, Bangalore, Karnataka	India
S1-319105003	Aim Developers Ltd	1/44 Rashmi Khand, Eldeco Rashmi Khand, Sharda Nagar, Lucknow, Uttar Pradesh	India
S1-319998043	Lyreon Sterling Inc.	560 Boyero Avenue, Pueblo West, CO	US
S1-320133494	CFT Arts Inc.	TX, Fort Worth, 9763 North Freeway	US
S1-320151505	Fetech National Twin	19034 Woodburn Road, Woodburn, IN	US
S1-320209096	Om Foods Private Limited	59, Type 2 Sec 1, Naya Nangal, Anandpur Sahib, Rupnagar, Punjab	India
S1-320454471	Solutions Chatrapati Cottage Pvt Ltd	A-53, G D Colony Mayur Vihar, Phase 3, Mayur Vihar, East Delhi, Delhi	India
S1-320583870	Great Project Associates	17560 Waterman Lane, Marana, AZ	US
S1-320620476	Tech Religious Maa Co	Gagan Uno, 6Th Floor, Office No. 602, Dhole Patil Road, Opp. Vohuman Cafe, Pune, Pune City, Pune, Maharashtra	India
S1-320670331	Dream Dream Industries Private Limited	B-404 Matruchhayas N Road Mulund (W), Mumbai, Maharashtra	India
S1-321285349	Barney & Thomas Physical Inc	113 Molly Rex Lane, Mooresville, NC	US
S1-321306005	Classic Mortgage Works	12739 Mcdowell Street, Le Grand, CA	US
S1-3214632	Denna Palmer Corporate LLC	105 Main Street, Unit A, Aberdeen, NC	US
S1-321494836	Kural Soft Private Limited	C/O Meher Kumar Nigam, Na, Jail Talab Road Meherpuri, Hamirpur, Uttar Pradesh	India
S1-321818285	Planet Traders Limited	Ankamvetti Kavala, Puthupariyaram P.O, Manakkadu, Thodupuzha, Thodupuzha, Idukki, Kerala	India
S1-322066165	Heartland Goldman	704 Carolina Street, Hoxie, AR	US
S1-322655550	Katni Impex Limited	Roshan Nagar, Near Mammu Medical Rafi Ahmad Kidwai Ward, Tehsil-Katni, Katni, Madhya Pradesh	India
S1-322670554	Ethel Brand Open LLC	204 Anniston Street, Weaver, AL	US
S1-322870263	Montus Atlas L.L.C.	145 Plaza Boulevard, Madison, AL	US
S1-323520196	Jai Industries Private Limited	A-002/157 Site 5 Kasna Ind Area Greater Noida, Noida, Gautam Buddha Nagar, Uttar Pradesh	India
S1-323853106	Hunter Grand Glass Inc	8647 Burrell Lane, Indianapolis, IN	US
S1-324694091	Colonial Initiative LLC	CT, Manchester, 58 Jeffrey Alan Drive	US
S1-324704727	OQ Purpose Co	D-7, Phase Iii Garden Homes Alkapuri, Gwalior, Madhya Pradesh	India
S1-325243184	Balamurugan & Brothers Private Limited	Karnataka, Bbmp No. 68/1, Bangalore, Bda Site No. 78 Situated In Industrial Suburb, Mahalaxmi, Puram, Bangalore	India
S1-32551850	Shiva Engineering Private Limited	Plot No-Cp-53 & Cp-44, Sitapur Road Yojna, Sector-E, Jankipuram, Lucknow, Uttar Pradesh	India
S1-326265989	Hari Business Private Limited	Bangalore South, Bangalore, Iti Layout, No.421, Karnataka	India
S1-326794764	Concept Travels Limited	Dahanu Road, Maharashtra, Vadkun, Thane, Shreeji Industries	India
S1-326937840	Padam Makers Private Limited	Street No 1, Building, 9 Sec 66, Mamura, Noida, Gautam Buddha Nagar, Uttar Pradesh	India
S1-327066467	Fredrika Griffin Continental Pinnacle LLC	MD, 2824 Still Leaf Lane, Ellicott City	US
S1-327077722	Sand Project Private Limited	A2-302, Dsk Madhuban, 3Rd Floor, Meter Room 1, Opp Orkey Mill, Near Sakinaka Of, Fice, Mumbai, Mumbai City, Maharashtra	India
S1-327510317	Rodriguez and Morgan Inc	629 Scarlet Leaf Lane, Oakboro, NC	US
S1-327962609	Straight Edge Barbershop	1401 Covert Street, Parkersburg, WV	US
S1-328828277	As & Co	Hno.F-9, Floor-2Nd, Auchandi Road, Land Mark Near Shiv Mandir, Village - Bawana, New Delhi, North West, Delhi	India
S1-328833833	Indresh Technologies Private Limited	1-98/K/16, Hyderabad, Telangana, Plot No.16, South Block Third Floor Kunams Pride, Krithika Layout, Madhapur, Hyderabad	India
S1-328875820	Southern Logistics	Shop No. 101/102 Ff, Sr No. 4311, 4312 Shobha Chambers, Zaveriwad, Ahmedabad, Gujarat	India
S1-329026161	Elite Property Services LLC	2005 Gallaudet Street, Washington, DC	US
S1-329132834	Digital Healthcare Private Limited	3, Shubham Apts, Mahatma Nagar, Nashik, Maharashtra	India
S1-329138290	Zuniga Perfect LLC	1130 Cornflower Way, Manlius, NY	US
S1-330042716	Value Nutrition Collective	1994 403, Bonnots Mill, MO	US
S1-330427971	Gerrity and Davis Wintergreen LLC	AR, Weldon, 1000 Weldon Avenue	US
S1-330645946	New Delhi Software Limited	New Delhi, L-43-A Malviya Nagar, New Delhi, Delhi	India
S1-330704463	Lynda's Pioneer Grading	1008 Foxview Drive, Joliet, IL	US
S1-330878120	Greenwave Estate Private Limited	205, 2Nd Floor Pankaj Plaza-Iii, Sector-6 Market, Dwarka, South West Delhi, Delhi	India
S1-33110448	Olivia Consultants Private Limited	No 39/2, Bannerghatta Road, Bengaluru, Bangalore, Karnataka	India
S1-331488652	Valley Sterling Intercontinental Partners	13119 72nd Place, Bixby, OK	US
S1-331714707	Vue Pediatrics, Inc	101 Canal Road, Unit 3B, Hebron, OH	US
S1-331873768	Pediatric Crystal Associates	1473 Bayfront Street, Accomack County, VA	US
S1-33315303	Dermatology Green Physicians	7903 Pleasant Valley Road, Camden, OH	US
S1-333262606	Dream Innovative International	8-1-284/569, 2Nd Floor, Ou Colony, Shaikpet, Golconda, Hyderabad, Telangana	India
S1-333384059	Oncology Group	3556 Piedmont Road, Unit 108, Atlanta, GA	US
S1-33429719	East Tech Private Limited	Indis One City Hitech, Beside Malaysia Township, Tirumalagiri, Hyderabad, Telangana	India
S1-334373405	Coastal International Inc.	1803 Myrtle Road, Silver Spring, MD	US
S1-334733674	Lotus Food Limited	Plot No 175-176 New Vishkarma Nagar, Jamalpur, Ludhiana, Punjab	India
S1-334800733	Nichter, Milli, DPM, M.D., P.C. LLC	2147 Roper Lane, Wenatchee, WA	US
S1-335301031	Good Consultancy Limited	H.No.31/A, Vengalrao Nagar, Hyderabad, Telangana	India
S1-33537044	UTM Gravity Inc	22 Quigley Avenue, Chelmsford, MA	US
S1-335569976	Digital International Private Limited	Shop No. 7, Plot No 1, Gf, Royal Complex, Gondal, Rajkot, Gujarat	India
S1-335985576	Varanasi Research Private Limited	B 34/140 M-9, Varanasi, Gayatri Nagar Colony, Shukulpura, Uttar Pradesh, Varanasi	India
S1-336044801	Family Star Care Inc	22 Main St(moosup), Plainfield, CT	US
S1-336713437	Safalya & Brothers Private Limited	201/A, Vertex Vikas, Sir M. V. Road, Andheri (East), Mumbai, Maharashtra	India
S1-337417350	Blossoms Spices	No. 21, Mahatma Gandhi Road (Opp: Income Tax Building), Nungambakkam, Chennai, Tamil Nadu, Chennai	India
S1-337537721	Shannon School of Medicine	216 Gibson Street, Canandaigua, NY	US
S1-337644278	K 9 Horizon Power	Round Rock, 702 Tassey Street, TX	US
S1-338339821	Shree Industries Private Limited	Chavakkad, Kandanath House, Kerala, Building No. 139/6, Thrissur	India
S1-338748376	Coronado Pacific Anadolu	213 15th Street, Ellendale, ND	US
S1-338864090	Rebman, Brant & Schmidt PLLC	735 20th Ave, Unit 4, Coralville, IA	US
S1-338877097	Diamond Gold	10 Eichen Street, Ticonderoga, NY	US
S1-339725837	Baney Intelligence Inc.	TX, Dallas, 6623 Park Lane	US
S1-33984562	Slate PLLC	735 Charlton Street, Southbridge, MA	US
S1-340323269	Sudama Resources Private Limited	Plot No 8, Survey No 253/, Post Sankeshwar, Belagum, Hukeri, Belgaum, Karnataka	India
S1-340781155	International Food Private Limited	Gujarat, Plot No. 6/1919, Surat, 3Rd Floor, Office No. 302, Prayosha Apartment, Jadakhadi, Mahidharp, Ura	India
S1-34081350	Barabani Builders Private Limited	C/O Varsha Agarwal, F-1 A, Shree Hl Appt Tagore Road, Barabani, Bardhaman, West Bengal	India
S1-341475409	India Newleaf Energies Private Limited	Vasai, Ground Floor, Shubham Industrial Building No.2 Dhumal Nagar Vasai East, Maharashtra, Thane, Office Gala No.1	India
S1-341545488	Aparna Industries Group	Inayat Nagar, 5 Nambar, Milkipur, Faizabad, Uttar Pradesh	India
S1-341564472	Raviya Infra of Konnagar	99/A Indira Gandhi Road Prasanna Vila, Ground Floor Flat No-13, Konnagar, Hooghly, West Bengal	India
S1-341638714	Frayda's Specialists	36 Celestial Way, Marshall, NC	US
S1-341726181	Twisted Yoga	4700 Alkire Road, Columbus, OH	US
S1-34181833	Ear Nose & Throat Medicine LLC	2500 Melbrook Drive, Kankakee, IL	US
S1-341892772	Polar Movers Private Limited	701 Royal Lakeview, Nr Gota Lake, Daskroi, Ahmedabad, Gujarat	India
S1-342223702	Blue Deli! LP	57 Old Country Road, Unit Suite 1, Westbury, NY	US
S1-342344172	Panvel Sugar Limited	Shop No. 4, Ground Floor, Swami Smarth Chs, Plot Number - E1/C, Sector Number - 12, Panvel, Raigarh(Mh), Maharashtra	India
S1-342750841	Labs Beverages Clinic	Ed-24 Raj Danga Main Rd, Kolkata, Howrah, West Bengal	India
S1-342807694	Prodynex Family Office Inc	4 Garden Lane, Wilbraham, MA	US
S1-343226247	Gold Energy Private Limited	Flat No. 502, Tower A-12, Tulip Violet Darbaripur Road, Sector 69, Gurgaon, Haryana	India
S1-343340671	Continental Marine, Inc	1801 Meridian Street, Unit 402, Nashville, TN	US
S1-343753883	Thirumala Technologies	H No 452 At Washi, Tal Washi, Vashi, Osmanabad, Maharashtra	India
S1-343891447	Bridge International School Private Limited	Survey No. 141, (Paiki) Mundra Sez Textile & Apparel Park, Sector 12/S Shantipath - I, V, Mundra, Kachchh, Gujarat	India
S1-344152319	Paramount Hospitalities Limited	702, 7Th Floor, Silicone Tower, Near Samartheshwar Mahadev Temple, Law Garden, Ellisbridge, Ahmedabad, Gujarat, India, Ahmadabad City, Ahmedabad, Gujarat	India
S1-344381735	Maid Auto Body	203 Cold Spring Road, Stamford, CT	US
S1-345259097	SP Direct Disciplined LLC	2745 Oakland Sang Run Road, MD, Oakland	US
S1-345521170	Favovue	704 Copperline Drive, Unit 102, Chapel Hill, NC	US
S1-345575972	Shivam Solutions LLP	Rangareddy, Telangana, Syno. 177, Puppalaguda, Gandipet Mandal	India
S1-34586594	Standard Wireless Digital Inc	875 Little Marsh Creek Road, Boggs Twp, PA	US
S1-345875957	Cube Services Pvt. Ltd.	D.No 7-107/A, Sy No 161, Previously Pranava School Near Royal Function Hall, Manchirevula V, Illage, Hyderabad, Telangana	India
S1-34603018	Peach Serve (India) Private Limited	Tentulberia, Natun Para Garia Station Road, Po- Garia, Kolkata, Kolkata, Howrah, West Bengal	India
S1-346681735	Express Nutrition Digital	8112 St Charles Rock Road, Unit SUITE A, Saint Louis, MO	US
S1-347000383	Sunrise Construction Private Limited	4Th Floor, C Wing, Trade World Kamala Mills Compound, S.B. Marg, Lower P, Arel, Mumbai, Mumbai City, Maharashtra	India
S1-34703985	Gujarat Consultancy Private Limited	B-21, 2Nd Floor, Lajpat Nagar-Ii, New Delhi, South Delhi, Delhi	India
S1-347383673	Vision Care of Klamath Falls	584 Old Midland Road, Klamath Falls, OR	US
S1-347452328	Varshiya Solutions Private Limited	7-3, Main Road, Narkatpally Nalgonda Dist, Nalgonda, Telangana	India
S1-34781644	Pune Excursions Private Limited	Fl No 704 Sr. No. 32/7/1 To 6 Kondhwa, Maharashtra, Pune	India
S1-348343236	BC Hydrogen Private Limited	Puri, Beladal, Puri Sadar, Khata No. 87 Plot No. 830, Puri, Orissa	India
S1-348424826	Lyons Strategic Iron Works LLC	3712 Miranda Avenue, Gillette, WY	US
S1-348459651	Jabalpur Multitrade Pvt. Ltd.	C/O R K Sahu 939, Prem Sadan Hem Electronik, Jabalpur, Madhya Pradesh	India
S1-349550100	Bhayani Consultancy Pvt Ltd	Anita Pandurang Patil Columbia C 204 Casa Rio Kalyan Shil Road Lodha Palava Ghesar Vil, Lage Nilje, Mumbai, Thane, Maharashtra	India
S1-349763244	Family Rocky Health	474 Hart Street, Malvern, AR	US
S1-350132104	Hotel Consulting Private Limited	C/O Noushad Gulzar House, Govt Hospital Road Vizhinjam, Neyyattinkara, Thiruvananthapuram, Trivandrum, Kerala	India
S1-350243012	Ferryn Furniture	100 Commerce Drive, Shelton, CT	US
S1-350850589	Internal Medicine Clinic, Inc	37-24 77 Street, Jackson Heights, NY	US
S1-350911260	Dayal Radhey Private Limited	17 Good Luck Barrel & Tin, Gujarat, Asso. Opp Chandola Talav, Ahmedabad, Ahmadabad City	India
S1-35091896	Lawson & Hoang Consumer LLC	5829 Fort Road, Greenwood, FL	US
S1-351093285	North Stardust Care	470 Lake Street, Ravenna, OH	US
S1-351106191	Champagne Pinnacle Sky Corp	Irving, 3235 Finley Road, Unit 186, TX	US
S1-351397229	Sawant Designers Private Limited	Flat No. A-102, La Regencia, Panipat, Haryana	India
S1-352050814	Veterans Society	Loami, IL, 409 Center Street	US
S1-352234396	Barker Veterinary Clinic P.C.	27660 Gibralter Loop, Eugene, OR	US
S1-353411751	MJ Arbor	754 Ar 172 Highway, Wilmar, AR	US
S1-35357200	Hanna & Gan, LLC	1617 56th Street, Lubbock, TX	US
S1-354074844	IO Credit Private Limited	N-8 Vishwakarma Co- Hou, Aurangabad, Society Plot No 23, Aurangabad, Maharashtra	India
S1-354565193	Kestrel Futurecrest Inc.	37 July Avenue, Oyster Bay, NY	US
S1-354580627	Rios Pbc Inc.	7746 Wagner Way, Unit Unit A, Cheltenham Township, PA	US
S1-354973856	Advanced Bay Teucrium LLC	217 5th Street, Unit Apartment B, Ellwood City Borough, PA	US
S1-355236049	Metropolitan Fund	108 Laval Street, Waterbury, CT	US
S1-355343805	General Commercial Systems LLC	13 Nelson Street, Wareham, MA	US
S1-355671854	Pounders Advanced Prudential Inc	1208 July Court, Fayetteville, NC	US
S1-356272103	Smith Imperial of Corvallis	4315 Arrowood Circle, Corvallis, OR	US
S1-356575341	Sunshine's Pinnacle Solutions LLC	223 Marlboro Road, Lower Merion Township, PA	US
S1-356842693	Smart Consulting	16/79 D Civil Lines, Kanpur Nagar, Kanpur Court, Kanpur Nagar, Uttar Pradesh	India
S1-356968386	HGX Market Private Limited	Uttar Pradesh, Dharmshala Nawabganj, Bareilly, C/O Surendra Kumar Mo Kaharan Near Babu Ram, Nawabganj	India
S1-357295155	IL Associates	24026 Corinaldo Court, Katy, TX	US
S1-357792520	Drayora Evo	2879 Invergarry Road, Memphis, TN	US
S1-358500669	Gevue Grand Electricity Care	Albuquerque, 8720 Rio Grande Boulevard, NM	US
S1-35908111	Kara M. Robertson, MD	NY, 12906 Transit Line Road, Concord	US
S1-359389192	South Gulf Altisource	421 Armory Street, Trenton, TN	US
S1-359440945	Daon Continental Music LLC	7667 136, Terrell, TX	US
S1-359892659	Keshri & Co	New Delhi, West Delhi, Delhi, Wz-48 G/F, Krishna Park Extn	India
S1-359931067	Safex Management	Maharashtra, Saki Vihar Road, Powai, Amar Hill, Mumbai	India
S1-360503863	KF Endeavour Pvt Ltd	38-B Gobind Nagar, Ambala, Haryana	India
S1-360834742	Skywalk Impex Private Limited	C/O Sh.Veer Singh, Basai, Noida Sec-70, Near M-Block, Noida, Gautam Buddha Nagar, Uttar Pradesh	India
S1-360877297	JXW Spade, LLC	3209 11th Avenue, Pine Bluff, AR	US
S1-361048423	Preferred Peak Enterprises LLC	4512 Texoma Place, Moore, OK	US
S1-361278004	Sapon Aura LLC	7018 Cliffbrook Drive, Dallas, TX	US
S1-361301675	Value Telecom Global	6505 Little Dove Drive, Pine Bluff, AR	US
S1-361859792	Sampati & Co	Delhi, House No 922, North West, Delhi, Khasra No 177 Ground Floor Near Shiv Mandir Village Jaunti	India
S1-36216088	Urban Food Private Limited	Flat No.504/A, 5Th Floor, Plot No.1-98/4/1-13, 28&29, Image Garden Road Jain Sadguru Image S Capital Park Madhapur Village Serilingampally, Shaikpet, Hyderabad, Telangana	India
S1-362524142	Belva's Cascade Pilates	1683 Scarbrough Circle, Concord, NC	US
S1-362542076	Burns, Reich & Kalinowski Group	4220 Park Avenue, Unit Suite 1, Hamburg, NY	US
S1-363682780	Vision Health	329 Sereno Drive, City Of El Paso, TX	US
S1-363881648	Creative Investment Private Limited	West Bengal, South 24 Parganas, Dhapa, Sector-A, Metropolitan Co-Operative Housing Society Limited, Police Station- Pragati Maidan, Canal South Road, Kolkata, P-68	India
S1-364479937	Sun Finance Private Limited	At Post Wadebolhai, Rahu Road Taluka Haveli, Pune, Maharashtra	India
S1-364609105	24HR Locksmith LLC	11 Halley Place, Unit 2, Washington, DC	US
S1-365227711	Skytech Chits Pvt Ltd	4Th Floor, Flat-4B, 150A Diamond Harbour Road, Kolkata, Kolkata, Howrah, West Bengal	India
S1-365396425	Commercial Investment Advisors LLC	5515 Mills Civic Parkway, Unit Suite 145, West Des Moines, IA	US
S1-365450541	Granite LLC	AZ, Phoenix, Unit 1050, 5151 16th Street	US
S1-366004857	Liberty Empire Cantor	11630 Heritage Ridge, Town Of Fulton, WI	US
S1-366191116	Cicily Agyemang, O.D., DDS PC PLLC	190 Gerrish Avenue, Dracut, MA	US
S1-366310100	Oona Decker Keystone Developments	923 Tanyard Road, Webbtown, TN	US
S1-366927546	Kahn, Giroux & Welch Guaranty	139 Whitehall Drive, Clarksville, TN	US
S1-367030244	I+ Era	2596 State Highway K, Clever, MO	US
S1-367291716	ND Liberty Mercury LLC	IL, Lake Zurich, 1155 Omalley Drive	US
S1-36841639	Shivalik Food Pvt Ltd	Plot No.01, S. No. 145/4, Bolhegaon Phata, Nagapur, Ahmednagar, Ahmed Nagar, Maharashtra	India
S1-368767037	Short Advanced Mitsui	11926 Lois Lane Drive, Pinehurst, TX	US
S1-369198632	Federman Chimera Associates	Charlotte, 9214 Arbor Creek Drive, NC	US
S1-370419392	Lucky Deli	8034 Jersey Street, City Of El Paso, TX	US
S1-370712658	Edenfield Commodity	2168 Hitching Post Lane, Schaumburg, IL	US
S1-371733566	Flame Farmer (India) Private Limited	24/4 Tilak Nagar, Delhi, New Delhi, West Delhi	India
S1-372567687	Jay Finance Private Limited	4/461 2Nd Floor Suite1376, Valamkottil Towers, Kanayannur, Ernakulam, Kerala	India
S1-372675685	North Marketing Limited	Punita W/O Deepak Arora, Plot No 1 G/F, Mor Land, New Delhi, Central Delhi, Delhi	India
S1-373334447	Aarvendra Suppliers Private Limited	Ghaziabad, Gaur Cascades, A-708, Uttar Pradesh, Ghaziabad	India
S1-373446305	FB Liberty Garden	680 Hidden Meadows Drive, Miamisburg, OH	US
S1-373541788	Green Global Pvt Ltd	Parbati Bhaban S B Gorai Road, Near Sd Hospital, Asansol, Bardhaman, West Bengal	India
S1-373635517	Cordes Presidio LLC	132 Middlesex Road, Middlesex Township, PA	US
S1-37388827	East Bright Siddhi L.L.C.	1357 Pecan Street, Mobile, AL	US
S1-373896077	Great Surya Consulting Private Limited	Kanchan, Streetno.2, Madhavpark-2, Nr. Goverdhan Chowk, Rajkot, Gujarat	India
S1-373940784	Saidapet Art Pvt Ltd	6Th Floor, Block 2, Dlf Sez It Park, 1/124, Mount Poonamallee Road, Saidapet, Kanchipuram, Tamil Nadu	India
S1-373989211	Columbus Vision Custom Physicians	5357 Branscom Boulevard, Bldg 20, Columbus, OH	US
S1-374766299	Green Products Pvt Ltd	H- 34- B F/F Gewa Sampada, Cghs, Arjun Apt, New Delhi, West Delhi, Delhi	India
S1-375190672	Cooley, Beamer & Eller Biotherapeutics LLC	94 Summerfield Drive, Brookhaven, NY	US
S1-375360311	Suellen T. Perez, M.D.	668 Merrimont Circle, Birmingham, AL	US
S1-375621255	Brit Law Chambers	G-2, 1/28, Tilak Nagar, New Delhi, West Delhi, Delhi	India
S1-375777792	Cedillo Oceanhawk	270 Cottonwood Street, Unit 6, Ketchum, ID	US
S1-376563089	NH Systems	Pandey Nivas, Akurli Road, Near 282 Last Bus Stop, Damu Nagar, Kandivali (East), Mumbai, Mumbai City, Maharashtra	India
S1-376857040	Rivera Valley Epr LLC	492 Mclean Avenue, Unit Apartment 1, Yonkers, NY	US
S1-376985246	Sky Technology Limited	Bts-1, 701, Inspire, Business Park, Shantigram, Gandhinagar, Gandhi Nagar, Gujarat	India
S1-377014380	Education Coalition	1601 Malibu Place, Newport News City, VA	US
S1-377186602	Urgent Care Midwest Partners Corp	3771 Paloma Drive, Ventura, CA	US
S1-377309209	Newton and Chambers Huntington	4323 Stevens Battle Lane, Fairfax County, VA	US
S1-377390065	Pediatric Dental Group of Lenoir P.C.	2625 Collettsville Road, Lenoir, NC	US
S1-377912796	Vaayuora Solutions Private Limited	7Th Floor-719, Shivalik, Shilp, Iscon Cross Road, Ahmadabad City, Ahmedabad, Gujarat	India
S1-377966619	Alcala Era PLLC	6566 Metso Road, Kettle River, MN	US
S1-377982562	Barb's Bright Tax	NC, 3475 Falling Creek Road, Kinston	US
S1-378028484	Gaor Secure Kochav LLC	226 Cecil Avenue, Spring Lake, NC	US
S1-378193513	Shiv Management	Soni Mansion, 20, Telegraph Colony, Phulwari, Patna, Bihar	India
S1-378502980	Unique Enterprises Private Limited	New No.11, Old No.6, Mahalingam Street, Mahalingapuram, Nungambakkam, Chennai, Chennai, Tamil Nadu	India
S1-378992164	Vara Products LLP	Level 2, Tamil Nadu, Guindy, Altius, Olympia Technology Park No.1 Sidco Industrial Estate, Chennai	India
S1-379182528	RFY Digital Limited	Ahmedabad, Gujarat, Opp. Naroda Champion, Gf Shop No. 35 Vithhal Plaza	India
S1-379288100	Human Rights Institute	1961 Woodridge Road, Tuscaloosa, AL	US
S1-379301216	Precision Net Inc.	6330 Brever Road, Town Of Burlington, WI	US
S1-379654996	Ironclad PLLC	181 Audubon Road, Jacksonville, NC	US
S1-381341639	South Foundation Private Limited	C/O Maruti Govind Andhale Doifodewadi Dist Beed Doifodewadi, Beed, Bid, Maharashtra	India
S1-381729340	Jodhpur Mushrooms Limited	12Th Road Sardarpu, Ra, Jodhpur, Rajasthan, Jodhpur, Shree Kunj Plot No. 54 Behind Arora Namkeen	India
S1-381941696	Premier Direct L.L.C.	261 Newbury Street, Unit 100, Peabody, MA	US
S1-382106800	Karishma Solutions Public Limited	Tamil Nadu, No 11 - 97 East Street Pandiyan Nagar Thirunagar, Madurai	India
S1-382237627	Mark Ventures	Wz Â 8, Ii Nd Floor, Sant Nagar Extn Near Chawkhandi, New Delhi, Delhi	India
S1-382264455	Gerry Baldwin, Ph.D., DDS PC	1638 Millers Chapel Road, Greeneville, TN	US
S1-382861164	Fortune Finance Private Limited	Rs No 226, Flat No C-808 Anantpuram Appart Bapat Camp, Kolhapur, Maharashtra	India
S1-383115155	Emerald Auto Repair Inc	1199 Howard Bullins Road, Madison, NC	US
S1-383136037	Quirino & Skidmore Mckinley	1889 Hart Street, Ridgewood, NY	US
S1-383252307	Aura Medical Centre Center	8-4-390/A/8 Prem Nagar Erragadda, Hyderabad, Telangana	India
S1-383557821	Reliable Hospitality Associates Inc	102 Omega Street, Harriman, TN	US
S1-383592058	Marji Newsom Crystal Urban LLC	323 Beech Street, Unit 2R, Holyoke, MA	US
S1-383737004	Choice Mortgage Group	1844 Bass Loop, Colorado City, TX	US
S1-384396621	C D & M Skin Care Inc.	85 Park Avenue, Unit 7, Worcester, MA	US
S1-384915150	Violet Yoder Pharma LLC	2259 Hermitage Way, Unit APT 208, Indianapolis, IN	US
S1-385307649	Allied Cornerstone Tax PLLC	NC, Burlington, 1736 Vanderbilt Court	US
S1-385338827	Chiropractic Rapid Center Inc	515 7th Street, Independence, IA	US
S1-386550076	Allied Tidewater	617 Jefferson Street, Toulon, IL	US
S1-386601124	Francisca Fritz Crystal Global	2002 Butternut Road, Temple, TX	US
S1-386616083	Achala Trading LLP	D-171 Ground Floor Gali No-16 Ramesh Enclave, Kirari, West Delhi, Delhi	India
S1-386951554	UNK Realty LLP	Level 2, Delhi, West Delhi, New Delhi, A-4/42, Paschim Vihar	India
S1-387211283	Royal Engineering LLP	Level - 2, Elegance Tower District Center, Jasola, New Delhi, South Delhi, Delhi	India
S1-387476804	Marie-Ann W. Hall, MD, P.C.	644 Lincoln Street, Utica, IL	US
S1-387548686	Yash Solution Care	D.No: 20-1201/3, Indra Kiladri Nagar, Vijayawada (Rural), Krishna, Andhra Pradesh	India
S1-387636300	Tri-State Star Solutions LP	8009 Count Street, Houston, TX	US
S1-387942393	Red Seafood, Inc	312 College Street, Covington, TN	US
S1-388065298	Coleman Interstate Thayer LLC	8429 Lambright Road, Houston, TX	US
S1-388208370	Panya Rhino Private Limited	Plot No. 7, Sector 3, Imt Manesar, Gurugram, Gurgaon, Haryana	India
S1-388253939	Ivenent Hawaii L.L.C.	5473 Sr 249, Hicksville, OH	US
S1-389061762	Urology Care	505 Aragona Boulevard, Virginia Beach City, VA	US
S1-389198170	Vsn Advisors Private Limited	Mumbai City, Flat No. 1, Maharashtra, Ground Floor, Harihar Niwas, Besant Street, Santacruz (W), Mumbai	India
S1-389546786	KU Better Therapeutics	Advance, 231 Brayden Drive, NC	US
S1-389551746	Ridge Delta Enbridge Inc	922 21st Street, Lorain, OH	US
S1-389624737	City Of El Paso Harbor Apex Corp	10320 Montwood Drive, City Of El Paso, TX	US
S1-389979959	Chennai Engineering Private Limited	Tamil Nadu, 01 Fa, I Floor, Kanagam Road, Taramani, Chennai, C/O. Iit Madras Research Park, Chennai	India
S1-390616880	P 6 O Communities LLC	508 Manhasset Road, Charlotte, NC	US
S1-390872819	Sakhi Welfare Society	8-2-5 To 12, Ravula Residency Srinagar Colony, Punjagutta, Hyderabad, Telangana	India
S1-39113532	EVL Shipping Private Limited	C/O Om Prakash Malakar, Tola-Kahara Panchdhabauli, Patarghat, Saharsa, Bihar	India
S1-391683240	Patriot Tire Shop Group	Patriot, OH, 280 Wright Road	US
S1-391814388	Lucknow Mutual Private Limited	Lucknow, D-43, Uttar Pradesh, Pratapgarh, Salehnagar, Sainik Nagar	India
S1-392417866	Guerrero, Mcwilliams and Keeton Jessamine Co	201 Canter Lane, Jessamine Co, KY	US
S1-392605449	Jay Business Pvt Ltd	C-1101 Tower C, Greenburg, Sector 86, Gurgaon, Haryana	India
S1-393194393	Industries Pms Informatics Pvt Ltd	Pl No.65, Sambandam Nagar, Tamil Nadu, Kundrathur, Chennai	India
S1-393240482	Dermatology Partners Inc.	2554 Hwy 87, Gilchrist, TX	US
S1-393259793	Innova Care Ltd	34, Pelican Ind Estate, Road No 5 Kathwada Gidc, Daskroi, Ahmedabad, Gujarat	India
S1-393345405	Aurora	935 3rd Avenue, Unit 101, Hickory, NC	US
S1-393893683	Perfect Consulting Private Limited	A/7, Trade World, Kamala City, Senapati Bapat Marg Lower Parel (W), Mumbai, Mumbai City, Maharashtra	India
S1-393899874	Gabrila Fisher, L.C.S.W.	93 Wildcat Road, Burlington, CT	US
S1-393903055	Apex Enterprises Private Limited	C/O Prashant Rathod, Balaji Nagar Mehkar, Mehkar, Buldhana, Maharashtra	India
S1-39399252	Angel It Private Limited	Gulbarga, Karnataka, H.No.5-993/20/52, Gulbarga, Azadpur Road Mohammadi Masjid, Umar Colony	India
S1-394064735	Bagwe Wafers Private Limited	Sno 672/3A State Bank Hsg, Socy Shop N0.4 Bibawewadi, Pune City, Pune, Maharashtra	India
S1-394093741	Fortune Care Limited	Hanuman Marg, Prasad Th. Sarada, Udaipur, Rajasthan	India
S1-394418075	Ear Nose & Throat Summit Associates Inc	Canton, 2910 5th Street, OH	US
S1-394475192	Om Constructions Private Limited	Delhi, Savitri Nagar, 150-A, New Delhi	India
S1-394531291	Tri-State Complete City	9259 Raintree Drive, Unit UNIT 2042, Scottsdale, AZ	US
S1-394705639	Shiva Logistics Private Limited	Neev Aura, Level 3, 19Th Main, Sector 3, Hsr Layout, 7/A, Bangalore, Karnataka, Bangalore	India
S1-394836603	Nguyen Space Inc.	4850 79, Colesville, NY	US
S1-394912287	Digital Medical Consultants	78 Summer Street, Unit 2, Natick, MA	US
S1-395392795	Halcyn Restaurant, LLC	300 Everly Brothers Boulevard, Unit ROOM 219, Central City, KY	US
S1-396548246	Main Street Pizza	210 Augusta Avenue, Mannington, WV	US
S1-396923246	Temple Synagogue	15 Cleone Drive, Waterbury, CT	US
S1-396928826	Bernier Generation LLC	7670 Quill Lane, Fl 1, Scottsdale, AZ	US
S1-397106589	Vijay Trading Private Limited	Village Pavesara, Gudera, Mathura, Uttar Pradesh	India
S1-397274285	Smart Trading Limited	Delhi, West Delhi, Defence Apartment, Sunder Vihar, W/O Mr. Rajiv Joshi 44, New Delhi	India
S1-397557408	Shree & Co LLP	C/O Ganesh Prasad Singh, Alka Colony, Sandalpur, Bihar, Sampatchak, Patna	India
S1-398237725	Sky Solutions Private Limited	Room No. Ti 109, Ftbi, Nit, Raurkela (M), Sundargarh, Orissa	India
S1-398467928	Historical Fund Care	1600 Massachusetts Avenue, Unit 705, Cambridge, MA	US
S1-398469911	Sushma India	C/O Beena Kumari P, Sai'S 2366923 Paral Rd Cly Var, Po Kuthuparamba, Kannur, Kerala	India
S1-398819664	Hitech Ss Infra Pvt Ltd	26, Hill View, Port Trust Housing Colony Tirusoolam, Chennai, Kancheepuram, Tamil Nadu	India
S1-3988382	Patel Montessori School LLC	VA, 9409 Lagovista Court, Fairfax County	US
S1-399632864	Direct Heritage Velos Inc	28515 Great Canyon Drive, Hockley, TX	US
S1-400071544	Direct White	160-25 26 Avenue, Flushing, NY	US
S1-400139873	Eastern It Pvt Ltd	Opp. Dhandari Kalan Railway Station, Adjoining R.V International, G.T. Road Dhandari Kalan, Ludhiana, Punjab	India
S1-400281816	Amarnath Traders Private Limited	Office No.8 F/Fchandermal, Plot9 Dharambir Market, New Delhi, South Delhi, Delhi	India
S1-400576010	Prairie Bay Ofs, LLC	220 Ballardvale Street, Unit 1, Wilmington, MA	US
S1-400898759	Optimal Global Madison	1073 Little Grave Creek Drive, Glen Dale, WV	US
S1-401153469	Highland Montessori School	2902 18th Street, Rogers, AR	US
S1-401952529	Cooper Desert Airport LLC	27 Temple, Rancho Cordova, CA	US
S1-402272627	Tinsley Golden Home Care LLC	75 Jeremy Hill Road, North Stonington, CT	US
S1-402312207	Equinox LLC	6055 Timber Ridge Dr, KY, Prospect	US
S1-402478112	Beltran Innovative Muniyield LLP	451 Ardmore Avenue, Unit J, Villa Park, IL	US
S1-402860122	Virat Allied LLP	Sixth Floor - 610, Lilamani Corporate Heights, Near Brts Bus Stop, Vadaj, Ahmedabad, Gujarat	India
S1-402965427	Digital Wealth Alliance LLC	9314 Cherry Hill Road, Unit 609, College Park, MD	US
S1-403614753	Central Security Products	14 Kimmie Court, Sacramento, CA	US
S1-404079969	Shyam East Pvt Ltd	529D/164/Ff-10, Sun Tower Kanchana Vihari Marg, Kalyanpur, Lucknow, Uttar Pradesh	India
S1-404252243	Modern Consulting Private Limited	Agra, M.G. Road, Uttar Pradesh, 21/301, Doneria Raj Apartment Suresh Plaza	India
S1-404678575	Al Consultants Pvt Ltd	Flat No B-504, Green Heritage Sidheshwar Nagar, Nehru Nagar, Patna, Bihar	India
S1-404777375	Gea LLC	142 Back Nine Drive, Baneberry, TN	US
S1-404993188	Lumium Axiom	NC, 5409 Hideaway Drive, Chapel Hill	US
S1-404995167	Easytech India	# 2809, 28Th Fl, Block B, Lodha Meridian Kphb Phase, Tirumalagiri, Hyderabad, Telangana	India
S1-40508795	Dean Tailwind	Talladega, 894 Willman Road, AL	US
S1-405283092	Ss Builders Private Limited	Shop No 11, Bhopal, Madhya Pradesh, Bhopal, Second Floor, Metro Plaza Bittan Market	India
S1-405437770	Shrinath Agro (India) Partners	Delhi, St Anns Cghs Ltd., Plot No 8A, Sector 7, A 8, New Delhi, South West Delhi	India
S1-405518824	VD Consulting Private Limited	Sikar, Rajasthan, Fenin Villa Wno 56 Kisaan, Colony Nawalgarh Road, Sikar	India
S1-405520008	Gaj Assurance (India)	No 33/4, 2Nd Floor, Madipakkam Koot Road, Saidapet, Kanchipuram, Tamil Nadu	India
S1-405521342	Indore Devcon Limited	201, Second Floor 79, Radhika Palace Gram Khajrana, Indore, Madhya Pradesh	India
S1-405659542	Baptist Patriot Center LLC	920 Florissant Road, Fl 0, Saint Louis, MO	US
S1-405792862	Adc Build Limited	A-304, Iscon Center, Shivranjani Cross Roads, Satellite, Ahmedabad, Gujarat	India
S1-406265194	Star Equipments Private Limited	D-525/25A F/F, Kh.No-550, Gali No-12, Ashok Nagar, North East Delhi, Delhi	India
S1-406932020	Shivam Impex Private Limited	Fl No. 4, 2Nd Flr, Satsang Aptt, B J Road, Mh, Pune, Maharashtra	India
S1-407086915	Powell Resources	2725 Vinton Avenue, Rockford, IL	US
S1-407432406	Agro Gwalior Resorts Limited	D.No 15-9-262, Gowliguda, Hyderabad, Telangana	India
S1-407542251	Coastal Ridge King LLC	181 Milan Avenue, Norwalk, OH	US
S1-407546990	Mogal Consultancy	Covaitechpark, Fl.1, Tw.1, 758/2, 759/2, Kovaithirungr, Coimbatore South, Coimbatore, Tamil Nadu	India
S1-407760885	Shivam Consultants Private Limited	Sco 124, Third Floor, New Pizzare Building, Amritsar, Punjab	India
S1-40778942	White, Glass and Lucero Workshop Inc	1175 Fulton Avenue, Bronx, NY	US
S1-408063271	Panacea Inds Limited	Ichapur Road, Kadamtala, Lp-217/14/4, Howrah, 62/11/1, West Bengal	India
S1-408078837	Behavioral Health Partners	1457 Constance Avenue, Kettering, OH	US
S1-408870056	Glb Advisors	Flat No. 3K, P.S.Alankar, 857, Motilal Gupta Road, Kolkata, Howrah, West Bengal	India
S1-408941682	Primary Care Group of Indianapolis LLC	Indianapolis, IN, 1325 Ohio Street	US
S1-410346353	Express Mortgage Union Inc	900 Chester Street, Baltimore, MD	US
S1-410668413	Smith National Supply Inc.	Roseburg, OR, 130 Hess Lane	US
S1-411111192	Ss Enterprises Limited	Thrissur, Door No 118/7Opp Electricity Office Kattoor, Kerala, Thrissur	India
S1-41154520	Kolkata Solutions	46/2 Sarat Ghosh Garden Road, Kolkata, Howrah, West Bengal	India
S1-412024822	Nexora Nexus Inc	Bldg BUILDING 8, Bettendorf, IA, 3853 53rd Ave	US
S1-412124814	Guru Super Care Limited	Janak Puri, West Delhi, New Delhi, B-1/616-S Floor, Delhi	India
S1-412551600	Orbance Altisource	325 Enchanted Forest Road, Seeley Lake, MT	US
S1-41261675	Shook Frontier Newhold Inc	5707 Sora Lane, MD, Riverdale	US
S1-412717563	Harbor Worldwide, LLC	5833 Hedgemoor Drive, Raleigh, NC	US
S1-412879852	Shree Systems Private Limited	N-3, Lower Ground Floor, Mangolpur Kalan, Rohini, New Delhi, South Delhi, Delhi	India
S1-413177570	Meify Inc	260 15 Street, Brooklyn, NY	US
S1-413252093	Baba Management Private Limited	Akanadkoovappady Perumbavoor, Ernakulam, Kerala	India
S1-413260555	Arora Business Private Limited	Flat No 801, Rachana Sayantara- Ii Hajaripahad, Nagpur, Maharashtra	India
S1-413526081	Shiva Media	22-1-433/1, Opp Mgbs Exit Gate, Kali Kabar, Chaderghat, Hyderabad, Telangana	India
S1-413962509	I 8 R Pacific	393 White River Drive, Pacific, WA	US
S1-414089898	Oncology Interstate Care Associates Inc	2038 Van Buren Street, Brownsville, TX	US
S1-414371382	Mnm Trading Ltd	Bldg 5/3D, Flat No. 13, New Ajanta Avenue Society Kothrud, Pune, Maharashtra	India
S1-414912302	Errico Vertical	5015 234th Lane, Buckeye, AZ	US
S1-415628732	Space Infra Pvt Ltd	Maharashtra, Mumbai, Mumbai City, A-17, Gaurav Annexe, Nr. Mandvi Co.-Op. Bank R.R.T Road, Mulund West	India
S1-41580779	Womens Health Clinic of Washington	Washington, 216 Lexington Drive, IL	US
S1-416197754	Ankur Medical Limited	A-31, Sector-58, Noida, Gautam Buddha Nagar, Uttar Pradesh	India
S1-416760655	Loveland, County Of	797 Decade Lane, Loveland, OH	US
S1-417777542	Oliveira's Appliance	840 Miller Road, Ola, AR	US
S1-418185631	3828 Main Lane Management	910 Watauga Avenue, Unit 301, Johnson City, TN	US
S1-41843797	Media Solutions LLP	Shri Mishri, P No.5, Gf, Kh285, Asola, Fatehpuri Ber, Delhi, South West Delhi	India
S1-418672738	Painters Local Union 158	Everett, WA, 27 108th Street	US
S1-419167253	Housing Alliance	617 Carbon Street, Bldg Rear, Syracuse, NY	US
S1-419249483	First Ministries	7224 250, Greenfield, IN	US
S1-419625791	Primary Care Center of Cincinnati LLC	3100 Windsong Drive, Cincinnati, OH	US
S1-419922883	Sg International School	Ghaziabad, Kd/91 A Kavi Nagar, Uttar Pradesh	India
S1-420260214	Brown Veterinary Clinic Inc	9310 Ella Boulevard, Houston, TX	US
S1-420763337	Konstance Maclean Vaneck LLC	12903 Mason Terrace Lane, Cypress, TX	US
S1-421140629	Sunderland Baptist Association	248 Amherst Road, Unit 7C, Sunderland, MA	US
S1-421418713	Universal Logistics LLP	Vill. Dubaki, P.O. Dawatpur, Fatehpur, Uttar Pradesh	India
S1-421435439	Valdez Pyrophyte LLC	1900 Kittrell Drive, Ocean Isle Beach, NC	US
S1-421513240	Chandna Trading Ltd	Baradari No. 4 Block 7 Govind Nagar, Kanpur, Uttar Pradesh	India
S1-421634986	Tadyne Signature Dpc LLC	21523 Maria Amore Street, Humble, TX	US
S1-422237198	Federal Global LLC	225 Jackson Street, Vernon, IN	US
S1-42246345	Bright Systems Private Limited	1St Floor, Shree Krishna Akshaya Mansion Complex No.9, 27Th Main, Btm 1St Stage, Bengaluru, Bangalore, Karnataka	India
S1-422492231	Jain Services	Naba Apartment Medical Rd, Uttar Pradesh, Aligarh, C/O Tasneem Abdi Flat No1	India
S1-422646941	Cultural Trust, LLC	1515 Maple Ridge Road, De Kalb, NY	US
S1-423276114	Kronos Lift Ltd	B-1401, Mondeal Heights, Nr. Wide Angle Cinema, Ahmadabad City, Ahmedabad, Gujarat	India
S1-423880917	Kirtika Solar Limited	No.301, 3Rd Cross, Rustum Bagh Main Road, Bangalore North, Bangalore, Karnataka	India
S1-423973106	Washburn Holdings LLC	County, 1870 Studebaker Road, Unit 1, WY	US
S1-42402348	Smart Management Private Limited	Flatno.201, D.No.562/2-12, H I G House, Bangalore North, Bangalore, Karnataka	India
S1-424158750	Bay Coastal Shore	7003 Stone Inlet Drive, Fairfax County, VA	US
S1-424550021	Gaskins and Jeffords	18 Olcott Avenue, Unit Apartment 1, Buffalo, NY	US
S1-425029735	Youth Ministries	1017 Autumn Lane, Concord, NC	US
S1-425087749	Choice Bsp	438 Zinnia Court, Merced, CA	US
S1-425098743	Samudra Investments Private Limited	Kanaiyalal No Madh, Vadnagar, Mahesana, Gujarat	India
S1-425165797	Behavioral Health Specialists	18669 460, Moulton, AL	US
S1-425530773	Foot & Ankle Cascade Partners	6070 Moores Mill Road, Huntsville, AL	US
S1-425569447	Bay Custom Productions LLC	209 Grove Street, Pikeville, TN	US
S1-425693286	Kanjirathinkal Exports Private Limited	4/485 A, Parappil House, Paittooli, Malayamma Po, Kanjirathinkal, Kozhikode, Kerala	India
S1-426137654	Pediatric Dental Center LLC	14302 Little Rocky Mountain Court, Fairfax County, VA	US
S1-426438818	Super (India) Realtors Pvt Ltd	S.No. 22/26, Greens Pine, K-501, Opp. Pudamjee Mill, Pune City, Pune, Maharashtra	India
S1-426628985	Supreme Muniholdings LLC	2136 Hulman Street, Terre Haute, IN	US
S1-426702569	Niranjan Apparels Pvt. Ltd.	No.143, 3Rd Main, Avalahalli, Bda Layout, Bsk 3Rd Stage, Bangalore, Bangalore South, Bangalore, Karnataka	India
S1-426953208	Heritage Society LLC	139 Fort Graham Road, Whitney, TX	US
S1-426972643	Lilly and Mcnally Inc	247 Royal Parkway, Frankfort, KY	US
S1-427602960	Vision Builders Private Limited	610, Binori B Square-3, Near Tradebulls, Sindhubhavan Road, Ahmadabad City, Ahmedabad, Gujarat	India
S1-428622363	Orbos Insurance LLC	426 Counselors Way, SC, Fort Mill, Unit APT 208	US
S1-428779552	Complete Apex Xcel, LLC	76 Watch Hill, Berlin, CT	US
S1-429266588	Surya Marketing Private Limited	R.S No 87/2, Ram Nagar Vadgaon, Kolhapur, Hatkanagale, Maharashtra	India
S1-429900267	Federal Preparatory Academy	1410 Thornwood Lane, Houston, TX	US
S1-430162043	Vision Crystal Care	70 Windy Hill Court, Warren County, VA	US
S1-430368184	Carreras Certified Gamco LLC	6330 Dixie Drive, Unit 5A, West Jordan City, UT	US
S1-430428350	Dive Development Pvt. Ltd.	Akshay Nr Jagtaphospital, Anand Ngr S Rd Hingane Kd, Pune City, Pune, Maharashtra	India
S1-430513984	OX Kera Pvt Ltd	Ground Floor, Door No. 73, Thamarai Street, Iyyapan Nagar, Iyer Bungalow, Madurai, Madurai North, Madurai, Tamil Nadu	India
S1-430639396	Classic Allied Vernal	2603 Eldorado Drive, Mobile, AL	US
S1-430980477	International Infra Private Limited	No. 61, Whitefield Road, Mahadevapura, Bangalore, Karnataka	India
S1-431301283	Great Program LLC	790 Cougar Drive, Eagan, MN	US
S1-431442616	Om Consultants Private Limited	Thane, Office No. A1 & B1, Maharashtra, 9Th Floor, Ashar It Park, 16Z, Wagle Industrial Estate, Thane	India
S1-431624584	Islamic Language Private Limited	27 Shakespeare Sarani 5Th Floor, Front Building, Kolkata, Kolkata, Howrah, West Bengal	India
S1-43171728	Bangalore Steels Private Limited	Bangalore, 6Th Block 22Nd Cross, Jayanagar, Bangalore, 186, Karnataka	India
S1-43179162	SB Highland Mines, LLC	25990 Cedar Valley Road, Natrona, WY	US
S1-431867032	Straight Edge Barbershop LLC	320 1st Avenue, Unit 3, Salt Lake City, UT	US
S1-431990060	National Compania PC	29507 68th Avenue, Peoria, AZ	US
S1-432538447	Indo Innovative Technologies Private Limited	Patahi Jagarnath Ward 3, L P Shahi College Road, Bandra, Muzaffarpur, Bihar	India
S1-432543874	Kerisoft LLC	1610 R Street, Unit STE 370, CA, Sacramento	US
S1-432690816	Carter Consulting LLC	2049 Trotwood Avenue, Andover, OH	US
S1-433225698	Eastern Blue Israel-Palestine	103 Miller Street, Palestine, TX	US
S1-433673030	Guru Engineering	122/235, A-14 Sarojini Nagar, Kanpur, Uttar Pradesh	India
S1-433727669	Township Of	19602 Bonney Lake Boulevard, Unit #P101, Bonney Lake, WA	US
S1-433756312	Yuvraj Public School	Palarivattom, Kerala, Ernakulam, 39/2475-B1, Suite 419, Lr Towers Sjrra 104 S Janatha Rd	India
S1-433766724	Walker, Konecny & Arnold	Needham, MA, 29 Coulton Park	US
S1-434607086	Sun Infra	F-387 F-387, Transport Nagar, Lucknow, Uttar Pradesh	India
S1-434719296	Tirumalla Nakshatra Private Limited	Maharashtra, Fl-No-A-6, Basant Building, Spandan Nagar, Cidco. N-4, Aurangabad	India
S1-434956269	Secure American Bleichroeder	2 Day Street, Norwood, MA	US
S1-435159240	Boyd, West & Viner Clough	3566 Glenwood Place, Cincinnati, OH	US
S1-435586996	Tech Energy Private Limited	No.310, Andanappa Circle, Thotadaguddahalli, Bangalore North, Bangalore, Karnataka	India
S1-436269183	Royal Consultancy	403, Salooni Chs Ltd, 56Th Road, T P S 3, Borivali West, Mumbai, Maharashtra	India
S1-436436807	Filer Starling	1020 Johnson Street, Pasadena, TX	US
S1-437332190	Gangaya Instant Private Limited	Ga284, G/F At Po Bharatpur Via Baramnunda Colony, Bhubaneswar, Khordha, Orissa	India
S1-437585950	Autism Assistance Committee	9944 Easton Sky Lane, Cypress, TX	US
S1-438029307	Pediatric Dental Physicians	189 Deer Drive, Lavergne, TN	US
S1-438115387	Indo Investment Private Limited	H. No. 56, Front Portion, Ground Floor Block 7, South Patel Nagar, Delhi, West Delhi, Delhi	India
S1-438307294	Shree India Private Limited	345, Alok Nagar Common Goyal Nagar, Indore, Madhya Pradesh	India
S1-43838517	24HR Towing Inc	4143 Singleton Boulevard, Dallas, TX	US
S1-438388049	New Delhi Service Private Limited	F-90/3C Okhla Industrialarea Ph 1, New Delhi, South Delhi, Delhi	India
S1-438476284	Godinez Constellation, LLC	Columbus, OH, 842 Mission Hills Lane	US
S1-43856225	Total Star Lake LP	1016 Cutters Creek Drive, South Euclid, OH	US
S1-438777523	Lumial Block LLC	3008 Vance Way, Virginia Beach City, VA	US
S1-438834768	Chandram Finance Private Limited	246 B Alagesan Road, Saibaba Colony, Coimbatore, Tamil Nadu	India
S1-439117512	Golden Producer Private Limited	Office No-9, C-38 F/F, Gali No-13 Madhu Vihar, Near Hanuman Mandir, New Delhi, East Delhi, Delhi	India
S1-439203736	Metro Lionheart LLC	19980 Crescent Court, Montgomery, TX	US
S1-440383221	Pediatric Dental Specialists	1112 Washington Avenue, Seymour, IN	US
S1-440783542	Smith's Select Massage LLC	839 Market Street, DE, Unit APT 213, Wilmington	US
S1-441023683	Liberty League of Silver Spring II	2905 Randolph Road, Silver Spring, MD	US
S1-441643727	Behavioral Health Smart Partners Co	TX, Balch Springs, 11908 Gaiter Drive	US
S1-442262521	Diamond Jackson	5553 Goldcrest Drive, Cincinnati, OH	US
S1-442809021	Corner Diner	219 Evanston Avenue, Tulsa, OK	US
S1-442867091	Sundar Defence Pvt. Ltd.	Vadodara, Gujarat, Vinayak Commercial Complex, Opp. Manjalpur Atithi Gruh, Manjalpur, Vadodara, Sf/211	India
S1-443154384	Span Media Limited	D- 298, Basement Defence Colony, New Delhi, Delhi	India
S1-443229916	Real International Private Limited	B-45, Vrindavan Apartment, Sector-6, Dwarka, New Delhi, Delhi	India
S1-443264302	Orthopedic Care Associates Co	181 Amherst Circle, Oswego, IL	US
S1-443405762	Jones Dynamic Can	Randolph, MA, Unit A, 3 Michael Road	US
S1-443452580	(india) Dunamis Autoworks Private Limited	D/8 D/9 Anandwan Society Behind Angan Tower, Manjalpur, Vadodara, Gujarat	India
S1-443605421	First Investments Limited	505A, Azamshah Layout, Sakkardara Chowk, Nagpur, Maharashtra	India
S1-443897230	Cherin Alfaro Pinnacle Healthcare	2313 Camp David Drive, Mesquite, TX	US
S1-444321851	Beum Edison LLC	Unit 2, 19 Peters Street, Cambridge, MA	US
S1-444779444	Bravo & Co	Block 12, J.N. Road, Haliyal, Uttara Kannada, Karnataka	India
S1-444858095	Amaravati Academy	D-301 Sector-7 Suncity, S.P. Ring Road, Daskroi, Ahmedabad, Gujarat	India
S1-445075595	Schoen Tri-State Jpmorgan LLC	1500 Terrace Drive, Unit APT 31, Brownwood, TX	US
S1-445742098	Letourneau Neurosciences	9993 Alleghany Road, Unit Site 1067, Darien, NY	US
S1-445886042	Fea Inc	124 Eve Street, Nevada, TX	US
S1-446225826	Dynamic Trusted Software Inc	City Of El Paso, 925 Broadmoor Drive, TX	US
S1-446256122	Ogle Complete Open	6743 Highway 56, Unit A, Chauvin, LA	US
S1-446442890	Flores Automotive Inc.	1358 72nd Place, Chicago, IL	US
S1-446596565	Nanon Montes, Ph.D., DDS PC	5643 Devonshire Street, Fl 1, Olympia, WA	US
S1-44682741	Aida's Advisors LLC	8449 Dunnavant Road, Leeds, AL	US
S1-447199310	Surgical Partners	1120 151st Lane, Goodyear, AZ	US
S1-447521690	Economic Development Trust	4802 Promenade Lane, James City County, VA	US
S1-447531347	Direct Payroll Union	618 17, Rockland, NY	US
S1-447681107	Natividad Kocher Shreya LLC	2021 Nebraska Avenue, Peoria, IL	US
S1-44785280	Urology Care Associates	NY, Brighton, 2279 Johnsarbor Drive	US
S1-448061431	Gatiman Law Chambers Limited	H.No.-69/5, Police Line Road, Albony Lodge, Bahraich, Uttar Pradesh	India
S1-448291320	Ledyne Freight LLC	Accokeek, MD, 16309 Tortola Drive	US
S1-448345019	Urban Construction Private Limited	Flat No. B1/604, Minar Regency Talao Pali Mumbra, Thane, Maharashtra	India
S1-448367080	Fresh Massage! Care	Bensenville, Unit 102, 1101 Irving Park Road, IL	US
S1-448653123	Hannon Energy Group	TX, 2908 St Charles Drive, Mansfield	US
S1-449387618	NM Technologies Inc.	22026 Gardenwall Terrace, Loudoun County, VA	US
S1-449397951	Global Jas Technologies Private Limited	A-40, Krishna Nagar - Ii, Lal Kothi Tonk Road, Jaipur, Rajasthan	India
S1-449790619	Elder & Harkness LLC	116 Foley Lane, Folsom, CA	US
S1-449838181	Helios P.C.	1301 Branchlands Drive, Albemarle County, VA	US
S1-450618700	Silver Consulting Pvt Ltd	8-10/41-42 Elango Nagar 2Nd Street, P N Road, Tiruppur, Coimbatore, Tamil Nadu	India
S1-450636499	Arihant Technology Private Limited	Sno-21/1, 21/3 Flat-C/22, Ganesh Garden, Dapodi, Pune, Maharashtra	India
S1-451119317	Tully Taxable	1017 Westgate Avenue, Durant, OK	US
S1-451496142	Urology Peak Specialists LLC	606 Upland Creek Road, Fl 1, Columbia, MO	US
S1-45252741	Pediatric Dental Group	451 Adams Avenue, Lebanon, TN	US
S1-452543865	Ear Nose & Throat National Group P.C.	431 Saguaro Drive, Apache Junction, AZ	US
S1-45257038	Sree Perfect Properties Private Limited	1-3, Jayavaram, Kandukur, Prakasam, Andhra Pradesh	India
S1-452657790	Kanpur Dehat Engineering Pvt Ltd	C/O Pankaj Katiyar, Dubki, Kanpur Dehat, Uttar Pradesh	India
S1-45275723	Thea Ortiz Invesco LLC	45 Poplar Street, Islip, NY	US
S1-454847258	United Products LLP	21/2 Khetra Mohan Banerjee Lane, Kolkata, Howrah, West Bengal	India
S1-455385190	Commercial Staffing Industries	9307 Alcove Grove Road, Chesterfield County, VA	US
S1-455565134	All Marketing Private Limited	302 2Nd Floor, Bhera Enclave, Paschim Vihar, New Delhi, West Delhi, Delhi	India
S1-45563729	Arihant Consultants Private Limited	Chaudhary Auto Traders Kuchaman City, Nagaur, Kuchaman City, Rajasthan	India
S1-45575585	Frayda Dukes, DPM, PC	Erwin, NY, 86 Beartown Road	US
S1-455886423	4022 Third Drive Partners LLC	360 Union Avenue, West Haven, CT	US
S1-456085328	Pacific Federation	534 North Street, Fl 1, Galesburg, IL	US
S1-456146873	As Industries Group Limited	H No. 107 Ram Puram, Kanpur, Uttar Pradesh	India
S1-456243021	Womens Health Better Center	128 Church Street, Middletown, CT	US
S1-456299450	Green Rocky Holdco LLC	Mesquite, TX, 2805 Maple Drive	US
S1-456378342	Ostrich Constructions LLP	No. 88 And 89, Indira Nagar, Bagalur Road, Hosur, Krishnagiri, Dharmapuri, Tamil Nadu	India
S1-456427404	Cozy Nails! PLLC	MN, 13977 East Road, Lake Park	US
S1-456624929	Lila Satterlee Hovnanian LLC	2140 Oakcrest Lane, Provo, UT	US
S1-456943523	Bright Odyssey LLC	906 Washington Avenue, Wagoner, OK	US
S1-457241467	Carter & Barnes LLC	1016 Fair Meadow Way, City Of Onalaska, WI	US
S1-457381309	Urgent Care Keystone Associates Corporation	116 Fulton Avenue, Baltimore, MD	US
S1-45782158	Great Marketing LLP	Bangalore, Karnataka, No. 2818 Hemasudeep Arcade, 15Th Main Road, 3Rd Cross, E Block, Sahakarnagar	India
S1-457882370	Custom Telefonica Inc	7333 Barberry Avenue, Unit UNIT 1, Yucca Valley, CA	US
S1-458207036	Halcial Midland	28 Dogwood Lane, Brookhaven, NY	US
S1-458392278	Jaiswal Products Limited	Thrissur, Kerala, Kodakara, Nh Service Road, Room No. 3/763H	India
S1-458919664	Kary Young Stellar LLC	NC, 848 Fox Lair Trail, Semora	US
S1-459297936	Cho, Han & Ayala Resources Inc	1427 Flora Lane, Oxnard, CA	US
S1-459361794	Jasso Realty, Inc	1988 Webster Circle, Caseyville, IL	US
S1-460386929	Ravitech Opticals Pvt Ltd	4Th/401, Swagat-3, Nr. Sopan Complex, New C.G. Road, Chandkheda, Ahmedabad, Gujarat	India
S1-460626113	Seven Trading Pvt Ltd	No 3 Friends Flats 4Th Main 4Th Cross Aecs Layout Sanjay Nagar Geddala Halli, Bangalore, Karnataka	India
S1-460658692	Bowes Kpet	1702 Aster Court, Sevierville, TN	US
S1-460718306	PHX Best Meshflow Partners	8540 Robinhood Avenue, Kansas City, MO	US
S1-460943174	Jain Constructions Private Limited	Door No 31/834 V Square It Hub, 4Th Floor, Pulikkillam, West Road, Chembumukku, Ernakulam, Kerala	India
S1-461222117	Barman Energetics, Inc	14241 Davenport Path, Rosemount, MN	US
S1-461462917	Dawa Bazaar R.N.T. Marg Project Private Limited	124, Third Floor, Dawa Bazaar R.N.T. Marg, Indore, Madhya Pradesh	India
S1-461741774	Y 2 S Canada	1024 Briarcliff Circle, Maryville, TN	US
S1-461821835	Zonnya Curtis, DMD, P.C.	1580 Harbor Springs Road, Russell, KY	US
S1-462499569	Rojas Lane LLC	413 Bidwell Avenue, City Of Waukesha, WI	US
S1-462720339	Opalina P. Singleton, DPM P.C.	587 Stacie Drive, Roanoke County, VA	US
S1-463630507	Chhata Shiva Pvt. Ltd.	C/O Karan Pal, Goverdhan Chorah, Chhata, Mathura, Uttar Pradesh	India
S1-464095516	My Properties Private Limited	C/O Ashish Keshavprasad Rathi, Amravati, Anjangaon, Maharashtra, Surji Takarkheda Naka, Saint Merry School	India
S1-464455049	Gulf Medical Center	503 1st Avenue, Belton, TX	US
S1-464679420	Johnson, Dorree D., P.A.	105004 Hidden Valley Drive, Mcloud, OK	US
S1-464958840	Shakti Exports Private Limited	11-4-19/3, Srinivasapuram Colony, Kovvuru, Andhra Pradesh	India
S1-464962649	One Agro Private Limited	Flat No.102 Tower I, Greenridgetower Chikuwadi, Borivali West, Mumbai, Maharashtra	India
S1-465007516	Perl Wilson, CPA, PC	KS, Kansas City, 3537 Rainbow Boulevard	US
S1-465062093	Esparza, Pembroke and Huh LLC	4438 Arrel Road, Youngstown, OH	US
S1-46506909	High Shyam Builders Pvt Ltd	62/1963/B12, Muslim Orphanage Building, Kozhikode, Kerala	India
S1-46543345	Mclane Diamond Private	630 Solon Road, Unit Apartment 208, Waxahachie, TX	US
S1-465483754	Vistar India Center	Maharashtra, Santacruz (West), Ground Floor, Shobhana Bldg., Tilak Road, Near A Sha Parekh Hospital, Shop No.2, Mumbai	India
S1-465739288	Chong's Hospitality LLC	1884 Pine Meadow Court, Gurnee, IL	US
S1-466369301	Lisa's Coffee	501 Augusta Drive, Village Of Waunakee, WI	US
S1-466668920	Therine Morales Clear Foods Inc	326 5th Street, Oswego, NY	US
S1-466876326	Raj Foods Pvt Ltd	611, Ratnanjali Square, Nr. Gloriya Restaurant, Ahmadabad City, Ahmedabad, Gujarat	India
S1-466955044	Frontier Trust LLC	923 Walter E Martin Road, Conway, NC	US
S1-46732045	Hp (India) Entertainment Clinic	C/O Paritosh Naskar Nona, Uluberia, Howrah, West Bengal	India
S1-46775767	Shree Trading Limited	'Kishan', Rajkot, Block No. 101, Govt. Karmachari Society, Gujarat, Rajkot	India
S1-467896167	Oreilly & Scott Light Holdings	1847 35th Street, Unit Apartment 304, Fargo, ND	US
S1-467934267	Phenix Brothers Private Limited	B-307, 3Rd Floor, R G Complex, Plot No. 2, Dda Community Centre, D B Gupta Road, Mo, Tia Khan, Phar Ganj, New Delhi, Delhi	India
S1-467934474	Finance Bright Estate Private Limited	Maharashtra, Plot R-710, Rabale, T.T.C. Industrial Area Midc, Navi Mumbai	India
S1-468272359	Dorothee Roy, Ph.D.	178 Valley Brook Road, Agawam, MA	US
S1-468461684	Quantify Hovnanian	742 Second Street, West Brooklyn, IL	US
S1-469762410	India Sarah Impex Ltd	Plot No-1061 At- Nayapalli, Bhubaneswar, Cuttack, Orissa	India
S1-469978997	Preferred Printing Concepts LLC	412 545, Blue Ridge, TX	US
S1-470502238	Butler Midwest Karbon	30 Eagle Hill Drive, Plymouth, MA	US
S1-470696549	Lopez Assets L.L.C.	W1797 A, Town Of Farmington, WI	US
S1-471121926	Montic Chesapeake LLC	318 Blackstone Avenue, Glenwood, IL	US
S1-471409765	Moseley Continental Rocket	400 Tryon Street, Unit 2500, Charlotte, NC	US
S1-471448906	Todaro Empire Parts	63 Fletcher Street, Unit 2D, Lowell, MA	US
S1-47157678	Primary Care Choice Specialists LLC	1140 Wind Ridge Drive, City Of El Paso, TX	US
S1-471700224	UX Global Private Limited	Delhi, J-1955, Chittranjan Park, New Delhi	India
S1-472045820	Surgical Center of Dahlgren	16551 County Road 200, Dahlgren, IL	US
S1-472323567	Shyam Agro	25/A, Midc Marol Industrial Est Ind Area Rd No 3, Marol Ind Estate, Andheri East, Mumbai, Mumbai City, Maharashtra	India
S1-472358366	Goodrow Industries	39 Stoney Brook Drive, Unit 4, Millis, MA	US
S1-472380791	Eastern Apex Cell, Inc	AZ, Tempe, 1145 Kelly Lane	US
S1-472695874	Ns Organics Private Limited	Plot No 737 (P)Jayadev Vihar Nayapalli, Bhubaneswar, Puri, Orissa	India
S1-472872032	Zeus & Sons Private Limited	116-A, Silicon City, Opp.Emerald Ht. School Po At Rajendra Nagar, Ab Road, Indore, Madhya Pradesh	India
S1-47313775	Bright Exports Pvt Ltd	Bhawanimandi, Jhalawar, Pachpahar Road, Rajasthan	India
S1-473657464	Saloma's Spa	Jamestown, OH, 3577 Jasper Road	US
S1-474532322	Star Projects Private Limited	Flat No.A-312, 3Rd Floor, Dhpl Enclave 06, Near Pati, Bhubaneswar, Khordha, Orissa	India
S1-475183963	Costa & Natividad Payment	1318 Superior Street, Genoa, OH	US
S1-476097182	Wolfe's Hypnosis Group	7 Beachside Common, Westport, CT	US
S1-476979751	White Tge LLC	1507 Hardie Street, Greensboro, NC	US
S1-477016494	East Saint Louis Insight	475 22nd Street, East Saint Louis, IL	US
S1-477484556	Innovative Canary LLC	Upton, 135 Main Street, MA, Unit 16	US
S1-478018521	497-498 West Owners Corp	35 Beechwood Street, Thomaston, ME	US
S1-478020202	JHS Battery, LLC	302 Dodge Street, Mount Holly, NC	US
S1-478021884	Builders Hariom Engicon Pvt Ltd	1219 A Rk Puram, Kota, Rajasthan	India
S1-478264034	Spurr and Hill Patriot LLC	186 Narrow Lane, New Market, AL	US
S1-478922381	Catha Kirn, Esq.	14610 Union Street, Harvey, IL	US
S1-479161107	C A Evans Noble	1611 Windsor Woods Boulevard, Fort Wayne, IN	US
S1-480109307	Misha Jensen, D.C.	9791 Carmencita Avenue, Sacramento, CA	US
S1-480450270	White Solutions Limited	East Delhi, 185, East Delhi, Delhi, Akash Darshan Apartm-, Ent, Mayur Vihar Phase-1	India
S1-48068006	Zito Yhn LLC	KY, 147 Frankie Drive, Richmond	US
S1-481493147	QTN Logistics Private Limited	18-2-43/A/51/A/1, Ghazi Millat Colony, Chandrayana Gutta, Bandlaguda, Hyderabad, Rangareddy, Telangana	India
S1-482245935	Digital Agro Private Limited	19/28 Prabhat Colony Anand Nagar, Santacruz (East), Mumbai, Maharashtra	India
S1-482402023	Global Foods Private Limited	Flat No. 202, B, Mansarovar Apartments Gen. A.K. Vaidya Marg, Malad East, Mumbai, Maharashtra	India
S1-482632930	Division of Consumer Affairs	1911 23rd Circle, Hondo, TX	US
S1-4826541	Maggy Small Procap	26 Rousseau Road, Windham, ME	US
S1-482974012	Kestari Infinite	4696 River Road, St George City, UT	US
S1-483254223	411 Lincoln Way Properties Inc	4 Jefferson Street, Unit Unit A, Phoenix, NY	US
S1-484009094	Cook & Buckholtz L.L.C.	28W 705 Main Street, Warrenville, IL	US
S1-48470732	Hawkins, Overstreet & Cantrell Copley LLC	249 Trapper Ridge, Cottonwood, AL	US
S1-484753372	North Logistics Private Limited	Ammber Enncllave Bldg No 2B Wing F No 902 Kanchangaon, Thakurli, Thane, Maharashtra	India
S1-485746878	Binevue Silver Enclave LLC	18 Smith Avenue, Delevan, NY	US
S1-486380508	Chesney Meridian LP	505 Harvest Hills Drive, Woodbine, IA	US
S1-487014673	Case and Knight	1829 Marion Street, Unit 208, Shelby, NC	US
S1-487231713	Creative Equity Group	380 Jim Hennessee Road, Sparta, TN	US
S1-487534078	Cornerstone Energy Products LLC	1553 Cedar Gate Circle, Birmingham, AL	US
S1-488324653	Complete Total Flag LLC	800 Dighton Lane, Schaumburg, IL	US
S1-488492940	Cardiology Health of Burgaw LLC	5221 53, Burgaw, NC	US
S1-488702780	Urban Management Pvt Ltd	No 54, Tamil Nadu, Coimbatore, Mettupalayam Road G N Mills Post, Coimbatore	India
S1-489003121	Maudie Wright Grand South LLC	IA, 411 Bryant Avenue, Waterloo	US
S1-489003698	Ss Management Private Limited	Sr. No 44/2 Nr Canal Road, Maharashtra, Pune, Marunji, Haveli	India
S1-489543846	Shakti Logistics Private Limited	Plot No. Rb-500, Riico, Industries Area Karoli, Tizara, Alwar, Rajasthan	India
S1-489834584	Sybil B. Graves, CPA, PC	17039 124th Avenue, Renton, WA	US
S1-489844228	Nityadhara Brothers Care	B2/247, Cbhadaini, Varanshi, Varanasi, Uttar Pradesh	India
S1-490390736	Horizon Wireless Associates Inc	229 Glenrock Drive, Charlotte, NC	US
S1-490868047	Best It	Office No.205, First Floor, Times Square Opp. Balaji Hall, 150 Feet Ring Road, Rajkot, Gujarat	India
S1-491036425	Oncology Medicine	4 Collins Avenue, Unit B, Plymouth, MA	US
S1-491138472	Tejiya Developers Center	55 Amer Complex, Zone Ii, M.P. Nagar Mig 55 Near Pnb Bank, Bhopal, Madhya Pradesh	India
S1-49129368	Unique Investment Private Limited	Delhi, New Delhi, South Delhi, Nehru Place New Delhi, Cbn No25 G5Osian Building	India
S1-491611009	Anchor Chemical Group	NY, 2 South Street, Unit Apartment 3, Beacon	US
S1-491907552	Owen Financial LLC	1420 Zeno Road, NC, Apex	US
S1-492146489	Zeno Engineers Pvt. Ltd.	14No K B Basu Road Barasat24 Pgs(N), Kolkata, Howrah, West Bengal	India
S1-492453158	EF Sprott	7962 Normanshire Court, Unit COND 101, AK, Anchorage	US
S1-493500111	Sun Constructions Private Limited	C/O Shri Ngmchand Asharaflal Agarwal Kacchi Complex Opp Hira Hotel, Miraj, Sangli, Maharashtra	India
S1-495551624	Newstar Sahani Private Limited	65/F/1, Subhas Nagar, Kolkata, Kolkata, Howrah, West Bengal	India
S1-49581873	Farm Advisors Group	41/111(2), Chaobe Gola, Nai Sarak, Bara Chauraha, Kanpur Nagar, Uttar Pradesh	India
S1-495839809	Lotus Business Private Limited	No. 33/3, Banaswadi Road Extension M.S Nagar, Bangalore, Karnataka	India
S1-49584394	Womens Health Cascade Center LLC	1800 Dalhousie Court, Unit APARTMENT A1, Parkville, MD	US
S1-496592466	Mac Infra (India) Pvt Ltd	No. 45, Alankar Plaza, Kotthanur Dinne Main Road, Bangalore South, Bangalore, Karnataka	India
S1-496751988	Alma Services	Khasra No.1360/542, Nh-52 Sikar, Village Lakhani Ringas, Sri Madhopur, Sikar, Rajasthan	India
S1-496780343	Suazo, Little & Jameson Meshflow Inc	NC, Littleton, 118 Timberlodge Circle	US
S1-496802315	Phase-V Dlf City Projects Private Limited	Haryana, The Summit, Sub-123, Phase-V Dlf City, Gurgaon	India
S1-497294767	Oncology Care LLC	Blum, TX, 2388 County Road 1212	US
S1-497494073	Kinston Communities	3449 Danfield Drive, Kinston, NC	US
S1-497842827	Alpha Solutions Private Limited	H. No. 12, Park Drive, Malibu Town, Sector 47, Gurgaon Kty., Gurgaon, Haryana	India
S1-498143089	Clean Lithium	3008 Calumet Avenue, Valparaiso, IN	US
S1-498567090	Gonzalez's Fitness	Port Bolivar, TX, 1017 Monkhouse Drive	US
S1-498976806	SET Sterling Abacus LLC	779 Barnaby Road, Fluvanna County, VA	US
S1-499068091	Office of Veterans Affairs	356 Felkins Avenue, Forsyth, MO	US
S1-49929103	Media Kapil Digital Private Limited	New No.25, Kasturbai Nagar, 1St Main Road, Adyar, Chennai, Tamil Nadu	India
S1-499777510	One Estate Pvt Ltd	Vipin House, A-20, 2Nd Floor, Guru Nanak Street No.3 Laxmi Nagar, Delhi, East Delhi, Delhi	India
S1-500755346	Dermatology Specialists of Coos Bay	889 Kentucky Avenue, Coos Bay, OR	US
S1-501425080	Education Guild	428 22nd Avenue, Moline, IL	US
S1-501627799	American Council Inc.	1264 River Drive, Dewey-humboldt, AZ	US
S1-502039482	Redwing Center Private Limited	South Delhi, K 43 B Kalkaji, New Delhi, Delhi	India
S1-502055237	Rush and Theisen LLC	765 Benthall Cook Road, Rich Square, NC	US
S1-50216702	Tech Vision Finance Private Limited	S/O Sh Kanwar Lal Yadav Prop In Kh No.- 44/4 5 27 First Floor, Kapashera, New Delhi, Delhi	India
S1-502187379	Millennium Event (India) Corp	Maharashtra, Mumbai, Bandra, Gw 3020 G Block Bharat, Diamond Bourse Bkc	India
S1-502381766	Silver Pizza! LLC	533 Wilson Street, Unit 28, Costa Mesa, CA	US
S1-502781798	Gourmet Iron Private Limited	C/O Smt Sushama J Patwardhan Randaspeth, Nagpur, Maharashtra	India
S1-502792973	Capital Pioneer Fast	1016 Cherry Street, Missoula, MT	US
S1-502826134	Bentley Holdings Group Inc	6755 Greenvale Road, Norene, TN	US
S1-503227865	Gentile Great Pimco Corp	429 Kingscote Lane, Henrico County, VA	US
S1-503271306	Mountain Citigroup	Powell, 3598 Perennial Lane, OH	US
S1-503306856	Golden Agro Private Limited	703, 7F, Sector 16, Mg Road, Palam Court, Industrial Estate, Gurgaon, Haryana	India
S1-503452250	Cornerstone Summit Merchants P.C.	24035 Timberwood Drive, Minooka, IL	US
S1-503885567	Clean Semiconductor Alliance Corp	5813 Baseline Road, Unit Apt 158, Little Rock, AR	US
S1-504261681	Dorena's Apparel, LLC	IL, 16563 Cozart Avenue, Pembroke Township	US
S1-504627734	Kumaran Food Private Limited	Gat No 605/1 Pirangutmulsi, Maharashtra, Pune	India
S1-504730603	Saraor Inc	1 Pine Street, Biddeford, ME	US
S1-504862013	James Krakacquisition PC	920 Riptide Lane, Carolina Beach, NC	US
S1-504933019	Watts, Wall & Anderson Nuclear Clinic	201 Sollie Ayscue, Henderson, NC	US
S1-505475964	Advanced Diamond Navigation	67 Robert Drive, Unit 6723, Easton, MA	US
S1-505611155	Diehl Eaton	11341 Hartman Circle, Omaha, NE	US
S1-505704449	Raja & Sons Co	C/O- Md. Faruk Uddin, Bamunmura, Badu, Barasat, Barasat - I, North 24 Parganas, West Bengal	India
S1-505753870	Digital Agro Pvt Ltd	Cts No. 41, Plot No. 14, Shop No. S 11, Swaroop Complex, Karve Road, Pune City, Pune, Maharashtra	India
S1-50588991	Hotel Logistics Private Limited	A-Shop-03, Sai Maitry Apt, Surveyno 402A Virat Nagar, Vasai, Thane, Maharashtra	India
S1-506616855	Clyola Neuberger Group	21 Elm Lane, Westerlo, NY	US
S1-506629756	Mcmahan, Romero and Davis Works Inc	91547 Dearborn Island Road, Blue River, OR	US
S1-50664386	Shyam Land Private Limited	8 Lyons Range5Th Floor, Kolkata, Calcutta, West Bengal	India
S1-50673223	Behavioral Health Care Associates of Port Jervis	35 Orchard Street, Port Jervis, NY	US
S1-507340426	Harbor Pacific Return Inc	199 Stonecliff Drive, Greece, NY	US
S1-50749491	Reliable Services Private Limited	Vill Harharia Po Islampur Ps Islampur, Murshidabad, West Bengal	India
S1-507543346	Aurium Velos LLC	1199 Rosewood Drive, Centerville, TN	US
S1-508675986	Elite Immunopharma	4841 San Juan Avenue, Fair Oaks, CA	US
S1-508769599	Alejandrina K. Eckhart, DO	114 Algonquin Trail, Shawboro, NC	US
S1-508866197	Williams, Armstrong & Hernandez Global	3509 7th Avenue, Tucson, AZ	US
S1-509346614	Balaji Producer Limited	Building No. 8/5- A5, Pb Business Point Nr, Hyundai Service Station, Nilambur, Malappuram, Malapuram, Kerala	India
S1-509859051	Delta Fellowship	814 Circle Drive, Terrell, TX	US
S1-510006375	Hernandez Trading Inc	12437 Stumptown Road, Huntersville, NC	US
S1-510615559	Orthopedic Care Associates LLC	3129 Lundin Drive, Unit 12, Manhattan, KS	US
S1-51067386	Hari Global Limited	H.No.28, Moh. Garwal Colony Patodi Road, Rewari, Gurgaon, Haryana	India
S1-510688610	Brown, Kasey, D.D.S.	1726 Briarmanor Drive, Ofallon, MO	US
S1-511076246	Agra Granites	Flat No-4, Sector-4B, Vaishno Plaza Awas Vikas Colony Sikandra, Agra, Uttar Pradesh	India
S1-511336221	Arjun Services Pvt Ltd	203, Jamuna, Jamnagar Road, Nr Ghanteshwar Park, Rajkot, Gujarat	India
S1-511646965	Pepper Mills Private Limited	Unit No 607, 6Th Floor, Amba Tower Plot No 2, Dc Chowk, Sector 9, Rohini, Delhi, North West, Delhi	India
S1-511876979	Cascade Logistics Inc.	3000 Georgia Street, Vallejo, CA	US
S1-512287160	Boyle Encore Inc	691 Main Street, Unit 1/2, Marion, OH	US
S1-512305382	Fidela's Elite Seafood	7367 Central Avenue, Unit UNIT 274, Highland, CA	US
S1-51279149	Cozy Auto Body Inc	2446 Main Street, Barnstable, MA	US
S1-513202089	BQA Tradeserve Private Limited	Flat No. I-601, Mont Vert, Nr.Datta Mandir, S.No.239, Pune City, Pune, Maharashtra	India
S1-513407139	Diligence Trading Private Limited	45 Ranveer Nagar, I.T.I Chauraha Mainpuri Fatak, Etawah, Etawa, Uttar Pradesh	India
S1-514059871	Bell & Lowe, PLLC	128 Fairmount Street, Connersville, IN	US
S1-514444026	Surgical Center	10113 52nd Drive, Marysville, WA	US
S1-514557658	Edita Majewski Education LLC	351 Paxton Rd, Gallipolis, OH	US
S1-514596900	Regional Clear Arch LLC	2632 Mcdonald Street, City Of Appleton, WI	US
S1-515086445	Oncology Pioneer Physicians	12066 Shotgun Lane, Sparta, IL	US
S1-516134508	Sai Advisors Center	No.3, Perumal Koil 1St Street, Kotturpuram, Chennai, Tamil Nadu	India
S1-516208132	Maitri Multi Private Limited	Plot No. 8/3, Opposite Rewa Railway Station, Godhar, Rewa, Rewa, Madhya Pradesh	India
S1-516734255	Donnie Gabriel Fitness	3531 Maris Way, Humble, TX	US
S1-517683305	Akshit Knowledge Ltd	C3, Shri Manglam Banglow, Kalika Park Untwadi, Nashik, Maharashtra	India
S1-5186327	Physical Therapy Medicine	19046 Stoddard Way, Apple Valley, CA	US
S1-518745913	Bee India Co	F-1204, Raheja Vistas, Mumbai, Maharashtra	India
S1-518839389	Signature Harbor Lake LLC	148 3rd Street, Fort Worth, TX	US
S1-518942171	Universal Ventures Limited	2 Shaheed Park, Etah, Uttar Pradesh	India
S1-520027791	Vas Cv Private Limited	Plot No.25, Gayathri Nagar, Srinivasa Nagar(East), Behind Huda Maitrivanam, Ameerpet Hyderabad, Telangana	India
S1-52005849	Rosenzweig Learning Center	29529 Golton Drive, Easton, MD	US
S1-52007524	Fink Oak LLC	4901 304, Grandview, TX	US
S1-52054281	Graham's Solutions Inc	4500 Thompson Road, Sedona, AZ	US
S1-520679444	Eadie Torres Frontier Apollo LLC	3910 Oleander Drive, Wilmington, NC	US
S1-520686987	Wild & Associates	207, K No 401/207, Bsr Layout Konasandra Village, Jigani, Bangalore, Karnataka	India
S1-520722573	India Tethys Convention Limited	Kadir Lodge, Bazar Street, Sathyamangalam, Erode, Tamil Nadu	India
S1-521084426	Soto, Dasi, D.D.S., P.C.	2900 Danzig Pl, KY, Louisville	US
S1-521336346	Kaira Education Private Limited	Old No.37/C, Chennai, New No.14, Ground Floor, Nathamuni Street, T.Nagar, Tamil Nadu, Chennai	India
S1-521458401	Jarlova Big-Lowell	131 Varnum Avenue, Lowell, MA	US
S1-521683395	Krishna Tech Private Limited	Office No 1, Fourth Floor S No 177/1, Hadapsar, Pune, Maharashtra	India
S1-521713985	20/20 Optical	Lee County, VA, 408 Josh Mccurry Drive	US
S1-521751148	Empire Strategy L.L.C.	1229 Fulls Fork, WV, Leroy	US
S1-521782533	East Perfect Systems Private Limited	46A, Block-E, Panki, Kanpur Nagar, Uttar Pradesh	India
S1-522242210	Albina Li International PLLC	1200 Brookwood Place, Columbus, OH	US
S1-522608106	Zasoft Ramaco LLC	1431 Iris Street, Oxnard, CA	US
S1-522668889	Ferrify Vendome Inc	2302 Branson Landing, MO, Branson, Unit Unit 302A	US
S1-522995114	Foot & Ankle Medicine	658 H Street, Phillipsburg, KS	US
S1-523188737	Ventures Rbc Export Private Limited	B-19, Ground Floor, Street No.4, Rajgarh Colony, Gandhi Nagar, East Delhi, Delhi	India
S1-523368208	Jesselyn Oneal Wilco LLC	245 Montgomery Lane, Homewood, AL	US
S1-523753175	East School of Medicine LLC	OH, 1875 Brightwood Street, East Cleveland	US
S1-524084751	Sunray Quality Private Limited	Mi No:463 A/P Laul Tal:Madha Dist:Solapur, Laul, Solapur, Maharashtra	India
S1-524269445	Dynamic Trading Pvt Ltd	21 1St Cross 1St Block, Akshaya Nagar Tc Palya, Bangalore North, Bangalore, Karnataka	India
S1-524347427	Mava Trusted Dte	2810 Liberty Road, Greensboro, NC	US
S1-524655338	Berry and Patton Fuse LLC	823 3324, Pittsburg, TX	US
S1-524840144	Rangareddy Exports Limited	Flat No.69, 231, Part 316, Diamond Road, Nallagandla, Gopannapalli, Sherrlingampa, Lli, Rangareddy, Hyderabad, Telangana	India
S1-524887516	Consolidated Apparel Concepts L.L.C.	379 Pickard Road, NC, Sanford	US
S1-524928786	Southern Bank Private Limited	No 7 B Block Vasu Layout B1 Dattagally, Mysore, Karnataka	India
S1-525094023	Jordana Castro Midwest Bce Partners	1124 Grand Avenue, Toledo, OH	US
S1-525096876	Northern Custom East, LLC	132 Coontown Mountain Road, Edmeston, NY	US
S1-5261369	Mumbai Exports Private Limited	C 401, Sharmin Chs Ltd, Shanti Park, Vallabh Baug Cross Road, Ghatkopar East, Mumbai, Mumbai City, Maharashtra	India
S1-526536568	Wilkinson, Strong & Smith Soulpower LLC	1008 Nicole Court, Imperial, MO	US
S1-526590712	Primary Care Pioneer Specialists	IN, Indianapolis, 8447 Laurel Valley Drive	US
S1-52701010	Shrinidhi Holdings	F, No-810 & 811, 8Th Floor, Manjeeratrinitycorporate, Tirumalagiri, Hyderabad, Telangana	India
S1-527328101	Fio Oak LLC	4140 Branding Iron Place, Rimrock, AZ	US
S1-527497541	Alpha Care Limited	Maharashtra, A 204 Sawali Co Op Hsg Soc Plot 41 Sec 5 Khargar, Raigarh, Khargar	India
S1-529216273	Lucky Vidyalaya	27 Ramkamal St P S Watgunge, Kolkata, Calcutta, West Bengal	India
S1-529307976	Lakshmi Technologies Private Limited	Lucknow, B-6, Lucknow, Uttar Pradesh, Industrial Area, Amausi, Nadarganj	India
S1-530068562	Lifestyle Inc	802 Brookside Drive, Dayton, TX	US
S1-530087827	Construction Shubh Beverages Ltd	2, Jogodyan Lane Kankurgachi S.O. Kankurgachi, Kolkata, Kolkata, Howrah, West Bengal	India
S1-530496673	Professional Wealth Digital LLC	2404 3rd Street, Washington, DC	US
S1-530544910	Mandi Dean Jersey Inc	892 100, Orem, UT	US
S1-530552317	First Food Private Limited	201 First Floor, Supertech Emerald Court, Sector-93A, Noida, Gautam Buddha Nagar, Uttar Pradesh, Dadri, Gautam Buddha Nagar, Uttar Pradesh	India
S1-530617747	Green (India) Education Private Limited	Sujata Niwas Zone B-1 House No 743 Near Old Adarsh Colony Datta Nagar, Latur, Maharashtra	India
S1-530628821	Nixie's Solutions	45 Taylor Street, MA, Saugus	US
S1-530639460	(india) Southern Management Private Limited	K-43, Opp Plaza Cinema, Connaught Place, New Delhi, Delhi	India
S1-530966759	Elite Security	10610 Sr 762, Unit 169, Lockbourne, OH	US
S1-531107896	Sasoft Interests Inc	7176 234, Ladoga, IN	US
S1-531429114	Sosoft Select South	1202 Argonne Avenue, Loudoun County, VA	US
S1-531678758	Custom Nutrition Partners Inc.	1447 Chillingham Road, San Tan Valley, AZ	US
S1-531837855	Gulf Energetics Inc	East Elmhurst, 94-01 25 Avenue, NY	US
S1-532195683	Continental Patriot Iron	750 239th Lane, Sammamish, WA	US
S1-532282131	Quality Media Partners, Inc	1730 Mozart Street, Chicago, IL	US
S1-532325191	City Hospitality Private Limited	Hyderabad, H. No. 4-84/2, 1St Floor, Duraga Nagar, Dilsukh Nagar, Telangana	India
S1-533013989	Solova Guardian	1721 33rd Avenue, Portland, OR	US
S1-533419421	GT Trichur Private Limited	Fa-229B, Mansarover Garden New Delhi, New Delhi, Delhi	India
S1-533520548	Capricorn Services Limited	Pulivendla, Dr No 4-7-53, Bank Colony, Cuddapah, Andhra Pradesh, C/O Chadra Sekhar Reddy	India
S1-53356671	Pediatric Medicine PLLC	4850 20, Otisco, NY	US
S1-53374274	Creative Banco PC	IN, 11872 Roanoke Road, Roanoke	US
S1-533831012	Diaz & Mills Physical Therapy	9300 Overhill Road, Henrico County, VA	US
S1-534154706	Doe Grand Design	453 Hite Street, Morgantown, WV	US
S1-534618241	Pollachi Crop Private Limited	Old No. 113, New No. 96, Gandhinagar, Kottur Road, Suleeswaranpatti, Pollachi, Coimbatore, Tamil Nadu	India
S1-534799627	Person and Tran	12516 Capitol Saddlery Trail, Austin, TX	US
S1-535340304	DDH Exim Pvt Ltd	Ravi Jaiswal, C/O V Chandran, 137, 3B, Sunland Bldg, Behind Akurdi Rly Station, Chinchwad, Pune, Maharashtra	India
S1-535729178	Ross & Waggoner Yhn LP	4112 Pleasant Valley Road, Unit 120, Raleigh, NC	US
S1-535802318	Heinrich, Torres & Lee, LLC	131517 Federal Boulevard, Riverton, WY	US
S1-535840870	Eye Apex Specialists, Inc	KY, Wayland, 3742 7	US
S1-535875486	Charminar Polytechnic of Indore	J-9, Shree Ji Velly, Bicholi, Mardana, Indore, Madhya Pradesh	India
S1-536101922	Francisco and Warren LP	9324 Deer Run Road, Williamsburg, MO	US
S1-536435138	Bsi Energy Pvt Ltd	C-406, 1-2-608, 609 To 610, Lwr Tank Bund, Kavadiguda, Secunderabad, Hyderabad, Telangana	India
S1-536475371	OQ Services Private Limited	5/8Ajmal Khan Road Karol Bagh, New Delhi, Central Delhi, Delhi	India
S1-537191216	Big Healthcare Private Limited	3Rd Floor Office No 300 Galore Tech, Survey No 22 Hissa No 2 1 3 1 4 1 1 Bavdhan Khurd, Pune City, Pune, Maharashtra	India
S1-537410650	Portland, Township Of	5805 Milwaukie Avenue, Portland, OR	US
S1-538332147	Delhi Sons Private Limited	Shop No.14, Plot No.26, Upper Ground Floor, Viaks Royal Arcade Road No.44 Community Center, Pitampura, Delhi, North West, Delhi	India
S1-538689048	Foot & Ankle Associates of Stokesdale	122 Grove Drive, Stokesdale, NC	US
S1-539009314	Horizon Printing International LLC	49 Redland Road, Wetumpka, AL	US
S1-539360652	Taraesh Products Limited	No.1, 4Th Block, Kkd Nagar, Chennai, Tamil Nadu	India
S1-539955901	HJW Multicon Pvt Ltd	Villa No.88 Rainbow Gh 1, Ashadeep Kings Court, Jaipur, Rajasthan	India
S1-54036499	Hampton City Networks Inc	11 Ferncliff Drive, Hampton City, VA	US
S1-540365786	Surya Sky Infotech Private Limited	T C 2/1934 Gra 22Kumar Bhavan Gowreesapattom Pattom P O, Trivandrum, Palakkad, Kerala	India
S1-540672860	Shree Global Private Limited	Plot No-315/1088, Sardeipur, Dhauli Square, Bhubaneswar, Khordha, Orissa	India
S1-540897787	Leonora Schull, L.C.S.W., DDS PC	2565 Lockbourne Road, Unit 213, Columbus, OH	US
S1-541241346	Yu Rare, L.L.C.	1530 Mirror Lake Drive, Naperville, IL	US
S1-541260963	3-Point	105 Morgan Drive, Windsor, NC	US
S1-541564331	I/W Ithax	555 First Street, Unit STE 102, Benicia, CA	US
S1-541652796	E & L Gores PC	3925 Heidelberg Drive, Hope Mills, NC	US
S1-541770027	Surgical Center	158 Clayton Avenue, Dixon, KY	US
S1-542100901	Sweet Cafe!	6169 Park Lane, Unit 15, Park City, UT	US
S1-542362386	Royal Media Pvt Ltd	Shop No.-15, Pooja, Shoping Complex, Saharanpur, Uttar Pradesh	India
S1-543725881	Ironworkers Local Union 777	25 Wynstay Avenue, Valley Park, MO	US
S1-543921061	Toler, Calhoun and Mitchell Inc	Chandler, AZ, 2341 Indigo Drive, Fl 1	US
S1-544019441	Cardiology Clinic Inc.	2750 Havenwood Drive, Unit Unit B, City Of Oshkosh, WI	US
S1-544234524	Roopavi Technologies Private Limited	Thiruganasambandar Streetthiruvalliswarar Nagar Thirumangalam, Tamil Nadu, Chennai, 169	India
S1-544294706	High Infotech Private Limited	Scf 62, Kabir Park Guru Nanak Dev University, Amritsar, Punjab	India
S1-544342798	Ramos, Gayla J., Esq.	Unit J, 1804 Tribute Road, Sacramento, CA	US
S1-544555328	Whitlock Clean Pineapple Inc	1431 Cullumber Street, Gilbert, AZ	US
S1-545028787	Nashville Historical Council	226 Dellrose Drive, Nashville, TN	US
S1-545194664	Krebsbach Pacific Proshares	AL, 12842 Pasture Lane, Stapleton	US
S1-545392608	Strategic Defense Group	746 Christmas Tree Road, Dunn, NC	US
S1-545789017	Jessie's Summit Motors Group	Moses Lake, 1425 Craig Street, WA	US
S1-54589569	CB Marketing Private Limited	No 16 Sathiram East Street Nilakottai Taluk, Dindigul, Tamil Nadu	India
S1-546713125	Davy Launch LLC	251 State Street, Guilford, CT	US
S1-546733860	LP American Nuveen Inc.	NY, Clay, 7906 Oswego Road	US
S1-54680434	Phoenix Surgical Express Center	512 Lydia Lane, Phoenix, AZ	US
S1-547062323	New Sangh	No.32, Abhiman Enclave, Top Floor, 11Th Main, Nobo Nagar, Bangalore South, Bangalore, Karnataka	India
S1-548405427	101 Galata	UT, 1034 Albion Meadow Way, Bluffdale (sl Co)	US
S1-548790292	Cascade Generating Inc	7405 Centenary Drive, Rowlett, TX	US
S1-548791759	Goshen Pediatric Dental Care Associates	1 Hampton Hills Drive, Goshen, NY	US
S1-548936776	Sadguru Lifecare Pvt Ltd	Sy No.B14, Shed No.01, Industrial Estate, Anantapur, Ananthapur, Andhra Pradesh	India
S1-549461626	Eldridge Animal Hospital	NY, Brooklyn, 1662 7 Street	US
S1-549815345	Virgina Yang Ridge	6641 Artesian Avenue, Chicago, IL	US
S1-549963411	Flora Brothers Co	H No. 83 Sikrona Near Government School Fatepur Tegga, Faridabad, Haryana	India
S1-550428647	Shiva Foods Pvt Ltd	Centre For Incubation & Entreprenuership, 3Rd Floor Vindhya-C4, Iiit-Hyderabad, Gachibowli, Hyderabad, Telangana	India
S1-551015860	Caroline Rodriguez Food, Inc	WV, 4206 Scenic View Drive, Morgantown	US
S1-55102023	Brady Dental Associates	12365 Ensley Drive, Fishers, IN	US
S1-55120945	Wadhwa Manpower Private Limited	C2, Yamuna Block, Triveni Complex Habsiguda Cross Roads, Hyderabad, Telangana	India
S1-551615800	Infrastructure Samanvay Tech Pvt. Ltd.	Vi/565Vrindavanam Nellaya P O, Palakkad, Thrissur, Kerala	India
S1-551897263	Monette Youth Federation Associates	56 Craighead 518 Road, Monette, AR	US
S1-552611163	Tessi E. Person, D.C., P.C.	OH, 4337 191st Street, Cleveland	US
S1-55330790	Kpr Info Private Limited	4524/2, Phase Iv, Gidc Estate, Memdabad Road, Daskroi, Ahmedabad, Gujarat	India
S1-553533042	Lucknow Steels Private Limited	269/205 Birhana, Lucknow, Uttar Pradesh	India
S1-554633440	Macgregor Biracilik Associates	2481 Elizabeth Ann Lane, Atlanta, GA	US
S1-554981898	Supreme Reliable Lakeshore LLC	2434 Cedar Pointe Drive, City Of Janesville, WI	US
S1-5549868	VBO Atlantic Software, Inc.	662 Rania Way, West Fargo, ND	US
S1-555331810	Alpha Tech Private Limited	Sy No. 449/E, Dommara Pochampally Medchal-Malkajgiri District, Hyderabad, Telangana	India
S1-555388048	Urgent Care Express Specialists	6672 Wolcottsville Road, Royalton, NY	US
S1-555507211	KS Enterprises Private Limited	Plot 1412, Chanakyapuri, Sainik Colony Pushpa Raj Sumitra Sadan Gola Road, Patna, Bihar	India
S1-555548772	Classic Nutrition Networks	90 Andesite Ridge Road, Big Sky, MT	US
S1-556943217	Vitrag Services Private Limited	Kolkata, Howrah, West Bengal, 7/1, Kirtibus Mukherjee, Road, Kolkata	India
S1-557017789	Clean Wealth Associates	218 1st Avenue, Hungry Horse, MT	US
S1-557182088	Annamarie Trautman, Esq., PC	1608 Kansas Avenue, Roswell, NM	US
S1-557339930	Vaayuin Worldwide Private Limited	74/74/1, Narkeldanga Main Road Dover Castel, Block-3, Flat No. 1P, Kolkata, Lake District, Kolkata, Howrah, West Bengal	India
S1-557529591	Michalowski Jpmorgan Inc	379 Porter Road, East Longmeadow, MA	US
S1-557716936	Behavioral Health Unified Associates LLC	Hagerstown, MD, 12514 Capstone Drive	US
S1-557732888	Wendy Barker Managed LLC	14120 Cedar Lane, Humble, TX	US
S1-558077075	Fishbein Ace Digitalbridge Inc.	2211 1B Copperstone Drive, High Point, NC	US
S1-558219253	Ankita Medical Centre	9-4-62, Nizam Colony, Tolichowki, Hyderabad, Telangana	India
S1-558254120	LEX Copley LLC	401 Northwest Highway, Unit 1127, TX, Irving	US
S1-55827188	Karisa Richter Dynamic LLC	18073 Harding Drive, Caroline County, VA	US
S1-558506358	H V & S Energy, Inc.	TX, 21044 Angus Drive, Cleveland	US
S1-558794180	Builders Laxmi Carrier Limited	B 973 Sector A, Opp Jal Nigam Colony, Lucknow, Uttar Pradesh, Lucknow	India
S1-559388448	Federal Valley Toyo	268 Coolwell Road, Amherst County, VA	US
S1-559395449	Chiropractic Clinic	108 Green Street, Unit 1/2, Mendon, OH	US
S1-559507599	Dam Clearing Pvt Ltd	203, Gayatri Mansion, 1-1-648/2 Gandhinagar, Hyderabad, Telangana	India
S1-559563624	Ariela's Rapid Studios P.C.	Fl 1, Lacey, 4430 26th Avenue, WA	US
S1-559727470	Sun Systems Private Limited	Plot No.-62, Block-C, Goverdhan Kunj, Bhondsi, Gurgaon, Haryana	India
S1-560575702	Craig's Spa	NM, 3416 Kafka Road, Rio Rancho	US
S1-560839264	Tirupati Care Private Limited	1St Main, 4Th Cross, Vinayaka Nagar B Block, Konena Agrahara, Vimanapura Post, Bangalore, Karnataka, #740-D	India
S1-561036116	Verrova Wellness, LLC	625 800, Salt Lake City, UT	US
S1-561118340	Good It Private Limited	7/330 D, Vkc Tower P.O. Kolathara, Calicut, Kozhikode, Kerala	India
S1-561355903	Lamb Clear Clean	311 Lasalle Street, Unit 33I, Durham, NC	US
S1-561366941	Orthopedic Center Inc	4225 Alabama Street, Houston, TX	US
S1-56182119	Vicari & Sellars Index Inc	512 The Greens Avenue, Newberg, OR	US
S1-561927605	Sai Projects Private Limited	Rz- 18 H/2, Gali No.3 Main Sagarpur, New Delhi, South West Delhi, Delhi	India
S1-5624645	Alley and Richardson	MD, 202 Meteor Avenue, Cambridge, Unit 103	US
S1-563260368	Marlee Sievert Carolina	239 Tims Cove Road, Willimantic, ME	US
S1-563365732	First Engineering Pvt Ltd	D-87, Midc Ambad, Nasik, Maharashtra	India
S1-563566710	Red Producer Limited	Old Bhangrola Road, Haryana, Gurgaon, Sector 8, Near Airtel Building, Imt Manesar, Gurugram	India
S1-563768791	Certified Security Company	Unit 83, 738 University Way, WA, Ellensburg	US
S1-563844373	Pioneer Iron Works LLC	Fontana, 5617 Horseshoe Way, CA	US
S1-564556684	Fahey Dynamic Genesis LLC	15 Lick Branch Maces Creek Road, Viper, KY	US
S1-564930729	Isc Consultants Private Limited	Village- Baghakol, Post - Patut, Ps - Bikram, Patna, Patna, Bihar	India
S1-56536350	Hale Algonquin Inc	Ofallon, MO, 124 Towergate Drive	US
S1-565415924	Arrow Media Private Limited	1St & 2Nd Floor No, 4, Thimmaiah Road, Queens Road Cross, Near Congress Committe, Bangalore, Karnataka	India
S1-56556913	Dinny Lindsey Media LLC	N82W13414 Fond Du Lac Avenue, Village Of Menomonee Falls, WI	US
S1-56591462	TR Foundations Private Limited	Bungalow No. 9, Golden Beach Co - Op Housing Society Limited, Ruia Park, J M Marg, Juhu, Mumbai, Maharashtra	India
S1-566103091	Eleanor W. Mathenia, Ph.D.	458 Columbia, Colville, WA	US
S1-56622125	Ace Software Pvt Ltd	Shop No 104 Cycle Market Gill Road, Ludhiana, Punjab	India
S1-566494341	Stjohn, Smith and Stark Sim LLC	505 Victory Trail, Morganton, NC	US
S1-566557608	New Delhi Finance Private Limited	E-441 Greater Kailash-Ii, New Delhi, South Delhi, Delhi	India
S1-568104900	Namaha Brothers Pvt. Ltd.	23/25, Dhun Building, Office No. 102, First Floor, Janmabhoomi Marg, Opp. Janmabhoomi Bhava, N, Fort, Mumbai, Mumbai City, Maharashtra	India
S1-568299358	Vanton Cable L.L.C.	AZ, 1025 Mulligan Drive, Oro Valley	US
S1-568352323	Schuler Capital Douglas, LLC	255 Lost Springs Terrace, Unit #201, Beaverton, OR	US
S1-568435122	Division of Public Works P.C.	4130 Mckinley Boulevard, Sacramento, CA	US
S1-568546215	G & E Peace Inc.	113 Santa Fe Trail, Jacksonville, AR	US
S1-568565453	Satterfield, Crawford and Copeland Newbury Inc	1204 Bennett Drive, Pasadena, TX	US
S1-569126046	Peters & Guthrie LLC	1805 Huntington Hills Lane, Atlanta, GA	US
S1-569265391	Jk Business Private Limited	Flat No. 3 Raj Palace Cts No. 862, Plot No. 208, Shivajinagar, Pune City, Pune, Maharashtra	India
S1-569268640	Jai Solutions	Plot No. 175, 176 & 177, Swamy Ayyapa Society, Guttala, Begumpet, Kavuri Hills, Shaikpet, Hyderabad, Telangana	India
S1-569363022	Lyrora Purecycle LLC	522 College Street, Bridgewater Town, VA	US
S1-569592374	GIO Properties Associates	1003 Southview Drive, New Castle, IN	US
S1-56989020	Travis Aimei LLC	331 Railroad Street, Lovington, IL	US
S1-570080359	Big Technology Private Limited	A/302 Classique Centre, 26 Mahal Industrial Estate Off Mahakali Caves Road, Andheri (East), Mumbai, Mumbai City, Maharashtra	India
S1-570624954	Tech Richie Media Private Limited	423/2, Ward No 32, Balpurwa Teh Sohagpur, Shahdol, Madhya Pradesh	India
S1-570678038	Namco Clinic	104, 1St Floor, Bhawani Indl Estate, Nr Jain Mandir, Iit Market, Powai, Mumbai, Mumbai City, Maharashtra	India
S1-571298929	Garciaperez Fusion LLC	345 Oakland Street, Unit 345, Manchester, CT	US
S1-571857758	Pasoft LLC	102 Walter Way, Anadarko, OK	US
S1-572069678	Vision Hospitality	Cts No.1285 A/D, Old Bulb Factrory, Nehru Nagar, Opp. Hanuman Temple, Kanjur, Marg (E), Mumbai, Maharashtra	India
S1-572302194	Oliver and Akers Limited LLC	164 Moosehead Boulevard, Bangor, ME	US
S1-572881070	Surgical Regional Health	36 Graham Street, Memphis, TN	US
S1-573207724	Diamond Investment Systems Inc	123 Barkwood Drive, Wadsworth City, OH	US
S1-57328953	Safe Dpc Inc.	1122 Briarwood Circle, Moody, AL	US
S1-573427830	Wildlife Network	5587 Fox Chase Drive, Hokah, MN	US
S1-573513140	Geren Park Clinic	CT, Weston, 15 Wood Hill Road	US
S1-573601358	Metro Foundation of Tucson V	5820 35th Street, Tucson, AZ	US
S1-574597330	Cox, Alaniz & Bryson LLC	928 B Calle Del Llano, Taos, NM	US
S1-574959068	VKL Power Private Limited	3 Meridien Apts Bldg No 1Veera Desai Road Andheri (W), Mumbai, Maharashtra	India
S1-574964449	Synneum Worldwide	5125 Greenwood Avenue, Redmond, OR	US
S1-575642900	Meva LP	1150 Powis Road, Unit 7, West Chicago, IL	US
S1-576393711	ZKJ Merchants Limited	98, Patel Nagar, Deoli, Tonk, Rajasthan	India
S1-576399398	Raye's Prime Associates Associates	159 3000, Roosevelt, UT	US
S1-576884583	Dorothee Marshall Liberty Santander PC	1422 Division Street, Hull, IA	US
S1-57692338	Commission on Parks and Recreation	675 Read Street, Seekonk, MA	US
S1-57693310	Taparia Food Corporation	78-A, Dilshad Garden, New Delhi, Delhi	India
S1-577018897	Ali's Empire Wireless Inc	NY, Chenango, 235 Brooks Road	US
S1-57720049	Harbor Heartland Rogers L.L.C.	3215 Everlasting Lane, Middle River, MD	US
S1-577222608	Gulf Center V Inc	61187 Cone Flower Street, Bend, OR	US
S1-577633788	Meor LLC	3107 Walnut Creek Drive, Unit A, City Of Wilson, NC	US
S1-577676560	Internal Medicine Clinic	Raleigh, 7114 Eversfield Drive, NC	US
S1-57780742	QON Osprey	1421 Kensington Boulevard, Bowling Green, OH	US
S1-577851772	Ons International School	New Delhi, Kno-58/66/65, Hno-24-C, S/F, Gautam Ngr, Near Father Angel School, Delhi, South Delhi	India
S1-578174893	Mann Ultra Inc	210 Seventh Street, Alvin, TX	US
S1-578353639	New Delhi Leathers Private Limited	709/58, Sahyog Building Nehru Place, New Delhi, South Delhi, Delhi	India
S1-579314410	Burke Arrived Inc.	25889 264 Highway, Pantego, NC	US
S1-579996157	Secunderabad (india) Pvt. Ltd.	6-1-284/4/103, Dinesh Apartments Padmarao Nagar, Secunderabad, Hyderabad, Telangana	India
S1-580099825	Urgent Care Vanguard Medicine LLC	21901 Cardinal Court, Monticello, IA	US
S1-580379341	Wildlife Association of Bremerton	145 Oak Street, Bldg C, Bremerton, WA	US
S1-580584358	Borton Specialty of Hingham	299 Rockland Street, Hingham, MA	US
S1-580893806	New Delhi India Pvt Ltd	Plot No-15, S/F, Kh No 16/3, Bajaj Enclave, New Delhi, South West Delhi, Delhi	India
S1-581088143	Roots Securities Pvt Ltd	C-87, Goyal Park, Opp Goyal Plaza, Vastrapur, Ahmadabad City, Ahmedabad, Gujarat	India
S1-581169009	60/49 Vehicle LLC	482 Glen Lily Road, KY, Bowling Green	US
S1-581606301	Rudloff's Crystal Metal Works	Unit 6, 100 Paradise Drive, TX, Nacogdoches	US
S1-581837101	Golden Software Private Limited	8 Meghdoot, 162 Nagarkar Marg, Mahim, Mumbai, Mumbai City, Maharashtra	India
S1-582055058	Om United Projects Private Limited	Sumati Palace Shop No 501, Boring Road, New Capital, Phulwari, Patna, Bihar	India
S1-582057159	Florentine Realty Pvt Ltd	526 B, Otc Scheme Near Charak Chatrawas, Ambamata, Girwa, Udaipur, Rajasthan	India
S1-582673649	Appomattox County Communities	6643 Hollywood Road, Appomattox County, VA	US
S1-582710895	Demille, Newman and Foster LLC	1550 Broadstone Parkway, Unit APT 1309, Folsom, CA	US
S1-582733437	Deep Propmart Clinic	A/21, Shivshakti Chs Ltd., Indira Nagar, Opp. Madhuvan Society, J.P. Road, Andher, I (West), Mumbai, Mumbai City, Maharashtra	India
S1-582824483	TL Technology	11814 Lower 31st Street, Lake Elmo, MN	US
S1-583094024	Ridge School of Medicine Inc	217 Foxgrape Hollow, NC, Beech Mountain	US
S1-58310747	Brown Harbor Wells LLC	148 Kathy Drive, Bourbonnais, IL	US
S1-583963539	Valdes Culture LLC	124 Missouri Avenue, Islip, NY	US
S1-584121250	Mira Turcios Royal Avalanche LLC	7199 Kenneth Court, Okeana, OH	US
S1-584164456	Little Secure Ltd	South Of Kdm Bridge Kalavamcodam P O, Vayalar East Village, Building No. Ix - 453, Cherthala, Alappuzha, Kerala	India
S1-585107938	Kolkata Services Limited	70 71 Nainan Para Lane, Kolkata, Calcutta, West Bengal	India
S1-585186987	Brown Preferred Retail	1965 Massey Point Road, Mcalester, OK	US
S1-585527898	Moriarty Shipping	9 Woodland Avenue, Rensselaer, NY	US
S1-585559117	Nalanda & Sons Private Limited	13, Floor 3, Plot 595 D, Narendra Villa, Dr Babasahe Ambedkar Road, Five Garden, Matunga, Mumbai, Mumbai City, Maharashtra	India
S1-585883008	Sky Tirupati Healthcare Limited	33 Foota Road, Pankaj Colony, Thanesar, Kurukshetra, Haryana	India
S1-586108049	Housing Guild III	NY, 1855 Loring Place, Bronx	US
S1-586172272	Red Technology Private Limited	B/2/268, Madhuvrund Society, Swi Park, Nr Gopal Bag Soc, Neelkhanth Mahadev Man, Dir Road, Ahmedabad, Gujarat	India
S1-586452023	4896 Church Boulevard Owners Corp	18 Rockland Street, Fairhaven, MA	US
S1-58659558	Lakshmi Construction Private Limited	Room-403, 4Th Floor, P-41, Princep Street, Kolkata, Kolkata, Howrah, West Bengal	India
S1-586802916	Verile's Fresh Boutique LLC	9496 Chesapeake Drive, OH, North Royalton	US
S1-587254698	Liberty Tri-State Jackson L.L.C.	8920 Oconto Avenue, Morton Grove, IL	US
S1-587336001	International Software Digital LLC	Baytown, TX, 9207 Franklin Drive	US
S1-588225957	Red Healthcare Private Limited	51-A Friends Colony, Delhi, East Delhi, Delhi	India
S1-58845326	Southern Kongsberg	WA, Olympia, Fl 1, 2323 Cedar Park Loop	US
S1-588668770	Colonial Colonial Dynamix Associates	4895 Allen Avenue, Flagstaff, AZ	US
S1-589146327	Silver Bistro!	125 Water Oak Drive, Smithfield, NC	US
S1-589298046	Nodyne	45 Ashington Lane, Nashville, TN	US
S1-589302928	Munoz & Kaufman Inc	408 Hancock Street, Richmond City, VA	US
S1-589512581	Patel Plumbing, L.L.C.	1658 Lin-lor Court, Elgin, IL	US
S1-589897012	Dugan Rocky Mid	941 Hesters Crossing Road, Unit 3306, Round Rock, TX	US
S1-590041452	Sakthi Trade Private Limited	Plot No A -175 Hanuman Nagar Khatipura, Vaishali Nagar, Jaipur, Rajasthan	India
S1-590773946	Micro Agro Pvt Ltd	H No 130/D (1) Pandit Complex Near Hornbill Hotel, Kankavli Sindhudurg, Kankavli, Sindhudurg, Maharashtra	India
S1-590916075	Continental India Private Limited	204, Station View, Sector 30, Vashi, Navi Mumbai, Thane, Maharashtra	India
S1-59097545	Alpha Lotus Consulting Private Limited	Floor-1, World Trade Centre, Sadhu T L Vaswani Marg, Cuffe Parade, 58, Mumbai City, Maharashtra, Mumbai	India
S1-590984670	Minny P. Duran, M.D.	10 18 Nikos Way, Nogales, AZ	US
S1-593565451	Raj Projects Pvt Ltd	Jodhpur, Shastri Nagar, B-47, Rajasthan	India
S1-593879269	Lyndel Miller First Runway LLC	NY, 2 Rockwood Place, North Castle	US
S1-594278973	Silver Pinnacle Shreya P.C.	Oswego, 392 Ogden Falls Boulevard, IL	US
S1-594559549	Balaji Investment Pvt Ltd	510, Wing A, 5Th Floor, Carlton Towers Old Airport Road, Kodihalli, Bengaluru, Bangalore, Karnataka	India
S1-594942226	Dileva Worldwide LLC	269 Salmon River Road, Schuyler Falls, NY	US
S1-595374997	Rodi Youngblood Advertising	201 Picea Drive, Austin, TX	US
S1-595475905	Krishna Investments Private Limited	Flat No.402 C, Wing Sanghavi Tower Pleasent Park, Kashimira Road Opp, Hatkesh Mira Road East, Thane, Maharashtra	India
S1-595528482	Interstate Fund	216 Prentice Street, Unit 114, City Of Stevens Point, WI	US
S1-595558619	North Milestone LLP	C-4 Siddharth Building, 14/2 Burdwan Road, Kolkata, Kolkata, Howrah, West Bengal	India
S1-596665846	Mcknight Green Esports LLC	79 Boone Road, TN, Medina	US
S1-597059294	Nava Investments	20644 Deerpath Road, Deer Park, IL	US
S1-597079008	Panet Advanced Paper, LLC	Bloomington, IN, 3130 Goodnight Way	US
S1-597096405	Sion Horizon Cloud LLC	49 Field Street, Unit 2, Brockton, MA	US
S1-597460622	Safe Payment Laboratories PC	210 Spencer Street, Unit Unit 4, Ithaca, NY	US
S1-5974875	Guerrero Santander Inc	7380 191st Street, Tinley Park, IL	US
S1-597655654	Suh Graphics	221 Highland Circle, Bluff City, TN	US
S1-597769288	Indian Infotech Private Limited	P O Fertilizernagardist Vadodara, Gujarat, Vadodara, Gujarat	India
S1-597908585	Lakshmi Digital Constructions Private Limited	Fat No.-G404, 4Th Floor, Kg-Block, Falcon View, Sector-66A, Mohali, S.A.S.Nagar (Mohali), Rupnagar, Punjab	India
S1-59915191	LIV Resorts Pvt Ltd	241, Sahakara Nagar, Bangalore North, Bangalore, Karnataka	India
S1-599310463	Family Associates L.L.C.	5715 Hwy 196, Potwin, KS	US
S1-599743648	Torres Royal Evo	16818 Roosevelt Street, Goodyear, AZ	US
S1-599939691	First Business Private Limited	Flat No.303, Usha Sree Residency, S V Nagar, Tirupati, Chittoor, Andhra Pradesh	India
S1-600198554	SQC (mumbai) Pvt Ltd	H-32, Sreet No 3, H Block, Phase 6, Aya Nagar, South Delhi, Delhi	India
S1-600526776	Legacy Cleaning LLC	Unit Unit 112, 1305 University Avenue, IA, Waukee	US
S1-600678953	Kolkata Your Clinic	2Nd-Fr, Fl: B1, 27, Kalidas Singhee Lane, Amherst Street, Kolkata, Howrah, West Bengal	India
S1-600758856	Wild Solutions LLP	Hno 19 Pt No 137 Rd No 22, Suvarna Valley Rtc Colony, Ramachandrapuram, Medak, Telangana	India
S1-601922964	Safa Public School Private Limited	Ground Floor, Lp-55/10/3, 8/30B Bejoygarh, Kolkata, Kolkata, Howrah, West Bengal	India
S1-602397206	MON Bridge Corp	8550 Grover Godwin Lane, Irvington, AL	US
S1-602430416	Universal Consultants Private Limited	Flat No.1, Shruti Appartment, Plot No. 52 Near Bhaikaka Nagar, Thaltej, Ahmedabad, Gujarat	India
S1-602458726	Creative Fortune Construction Private Limited	5 Sultanpurestate Mehrauli, New Delhi, South Delhi, Delhi	India
S1-60309256	High Engineering Limited	Hill County, Sy. No. 192-198, Villa No. 08, K.V.Rangareddy, Telangana, Qutubullapur	India
S1-603195721	Schier, Finke and Fowler Gladstone	Richardson, TX, Unit 5131, 2000 Arapaho Road	US
S1-603550112	Hughes & Pearl Associated	NC, Garner, 214 Muirfield Ridge Drive	US
S1-604240541	Frank Trading Private Limited	C/O (Deepak Sharma) 195, Salarpur Kalan Village, Ghaziabad, Uttar Pradesh	India
S1-604403095	Bhoomi Tradecom Pvt Ltd	136 A, Hundred Feet Road, Gandhipuram, Coimbatore, Tamil Nadu	India
S1-604514530	Primacy Trust	04 Shri Sunder Appt Medical College Road Near T B Ward Square Wanjari Nagar, Ngpur, Nagpur, Maharashtra	India
S1-604613471	Optimal Metropolitan Churchill LLC	8495 Waynesboro Way, Waynesville, OH	US
S1-605100650	Lux Mountain Barclays LLC	3045 Grandview Place, Darien, IL	US
S1-605340665	New Delhi Chits Corp	G - 53 Sarita Vihar, New Delhi, North Delhi, Delhi	India
S1-605603664	North Developers Private Limited	Door No. 33/2910 L3, Tower 1 1103, Empress Garden, Vennala, Ernakulam, Kerala	India
S1-606291083	Economic Development Center	608 Bowman Lane, Unit 121, Bowling Green, KY	US
S1-606417048	Cobalt Lodging	107 Community Way, Unit UNIT 714, Staunton City, VA	US
S1-606541764	GA Supply Limited	H.No.43 Sainik Enclave Sector-Iii Mohan Garden Uttam Nagar Pole No.1543, New Delhi, West Delhi, Delhi	India
S1-606568823	Zephiq Aviation, LLC	58 Frank Cameron Road, NY, Bolton	US
S1-606938203	Staci Jacobo Allied Construction Clinic	800 2 Street, City Of Alma, WI	US
S1-607280488	Empire Committee	1403 Roosevelt Road, Little Rock, AR	US
S1-607312695	Banks and Savage Token Inc	602 Tull Court, Wentzville, MO	US
S1-60760702	Behavioral Health Center LLC	6220 Skylark Lane, Fort Worth, TX	US
S1-607735851	Empire Complete Acp LLC	1201 Harrill Street, Unit 1, Charlotte, NC	US
S1-607933705	Nova LLC	4061 Market Street, Unit 16, Salem, OR	US
S1-60823411	Hurley, Cathee, DO	25 Cedar Circle, Stamford, CT	US
S1-608369126	Fresh Biomedical Brands LLC	502 Ardmore Avenue, Villa Park, IL	US
S1-60889636	Shiv Software Private Limited	S No. 45/3/3 Pisoli Nr Mango Tree, Pune, Maharashtra	India
S1-609144004	New Software Private Limited	Meghdoot Building No B-2, Flat 35 113A Sv Road, Borivali West, Mumbai, Maharashtra	India
S1-609146900	Nexos Braves Inc.	1546 State Street, KY, Unit 10, Bowling Green	US
S1-609167497	Orthopedic Care	10595 Mt Prospect Road, New Kent County, VA	US
S1-609730619	Neelam Service Public Limited	C/O Rajashri Ravindra, Patil At Post New Pargaon, Shirol, Kolhapur, Maharashtra	India
S1-60980827	Bhavishya International School	B-104, Second Floor, Okhla Industrial Area, Phase-1, Delhi, South Delhi, Delhi	India
S1-610896472	Breanne Edwards, Esq. P.C.	213 Bamboo Drive, Lansdale Borough, PA	US
S1-610913484	King & Allen LLC	3236 Pisano Avenue, Round Rock, TX	US
S1-611182218	Grace Zion	Springfield, 400 328 Madison Street, IL	US
S1-611800581	Christ Cathedral	129 Lafayette Avenue, Niles, OH	US
S1-612342775	Little Barbershop L.L.C.	12149 Lewis Circle, Forney, TX	US
S1-612610333	BH Service	Khasra No 1035 Near Back, Side Shanti Ispat Khandsa, Sadar Bazar, Gurgaon, Haryana	India
S1-612950538	Florissant Urgent Care Partners	3816 Colonel Pickering Court, Florissant, MO	US
S1-613071411	Rios Colonial Saul	1406 Summerdale Road, Corvallis, MT	US
S1-613316968	Uptown Yoga Inc	104 Benham Drive, Chattanooga, TN	US
S1-614013818	Salvo Home Improvements	924 Lynchburg Drive, NC, Jacksonville	US
S1-61408376	Select Precision	1334 Shepard Drive, VA, Loudoun County	US
S1-614166735	American Catalyst	15001 Howards Mill Road, Mulino, OR	US
S1-615265325	Castillo Standard LLC	1564 Gulf Street, OH, Uniontown	US
S1-615954597	Lee Taiwan LLC	2 Albert Drive, Ramapo, NY	US
S1-616475804	Cancer Guild Inc	2402 93rd Trail, Brooklyn Park, MN	US
S1-616995300	Taproot Enterprises	S/O Rajanna, Near New Public School, Muneswara Nilaya, Ashwini Extension, Chintamani, Kolar, Karnataka	India
S1-61829385	Raex Capital Partners LLC	Jamestown, OH, 835 Quarry Road	US
S1-618571743	Industrial Equity Consultants Inc	4434 White Pine Avenue, Tucson, AZ	US
S1-618704174	New Life Chapel	AZ, Phoenix, Unit C18, 6565 19th Avenue	US
S1-618837936	Benovue PC	1024 64th Street, City Of Kenosha, WI	US
S1-618997236	Rice and Kennison Siddhi LLC	Bldg LYMAN CONSERVATORY, MA, 16 College Lane, Northampton	US
S1-61939087	Empire Certified Xrp	101 Fox Chase Drive, Gadsden, AL	US
S1-619552943	Namakkal It Private Limited	1St Floor, 01 Main Maruthi, Nagar, Chandra Layout, Bangalore North, Bangalore, Karnataka	India
S1-6196517	Gujarat Logistics Private Limited	New No 40, Old No56 3Rd Main Road, Kasthuribai Nagar Adyar, Chennai City Corporation, Chennai, Tamil Nadu	India
S1-619956812	Beacon Painting LP	3509 Creek Road, Bldg BLDG 3, Dripping Springs, TX	US
S1-620787839	Ear Nose & Throat Pioneer Associates Inc	4431 Shelbyville Rd, Beechwood Village, KY	US
S1-621085351	Camilla Riddle, L.C.S.W., DDS PC Group	2649 Argolis Way, Sacramento, CA	US
S1-621207870	Eastern Investment Private Limited	Room No. 380, 1St Floor, Bismillah Shopping Complex Market Road, Ottupara, Wadakancherry, Kumaranellur P O, Thrissur, Kerala	India
S1-621208988	Koch Charter School	8906 Marcella Avenue, Fl 0, Saint Louis, MO	US
S1-621241096	Lans Conductors Private Limited	C/O Sangameshwar Motiram Patil Mukhed Mukhed Tq. Mukhed Mukhed, Nanded, Maharashtra	India
S1-621577396	Orthopedic Highland Partners	301 Teague Street, Rolesville, NC	US
S1-622183692	Technical & Brothers Limited	No.3, Gandhi Nagar 3Rd Street, Abdul Ameer Street Guduvanchery, Chengalpet, Chennai, Tamil Nadu	India
S1-622802949	Butech LLC	23 1/2 Cheever Street, Worcester, MA	US
S1-623115224	Family Group	2735 Wagner Street, Cincinnati, OH	US
S1-623177460	Brightance Fisheries, Inc	8648 13, Wheeler, NY	US
S1-623452738	FM Ifsc Limited	No. 15, Shop No. 3 And 4, 1St A Cross Telecom Layout, Jakkur Post, Bangalore, Karnataka	India
S1-623475769	Rhetta's Health	4210 Pimlico Road, Baltimore, MD	US
S1-623762053	Services Hcm Jewels Private Limited	Plot No.: 2224/2225, Kalpana Area, Bhubaneswar, Khordha, Orissa	India
S1-623821600	Secure Columbus	229 Tarkington Road, Creswell, NC	US
S1-623858923	Surya Business Private Limited	Flat No 603 Bldg No 122 B Wing Bhakti Heights Tilak Nagar Opp Icici Bank Chembur Mumb, Ai, Mumbai, Mumbai City, Maharashtra	India
S1-623993543	Swastik Technology LLP	11/293, Nadackal, Erattupetta, Kottayam, Kerala	India
S1-624656570	Silver Atlas LLC	100 County Road 2555, Cleveland, TX	US
S1-624714972	Hein Modern Xrp	6870 Foley-beach Express, Unit Unit 106, Orange Beach, AL	US
S1-624983672	Envaon Sui Inc	83482 State Highway 11, Wakita, OK	US
S1-626837857	Kroger Endocrinology	429 Matthew Street, Barbourville, KY	US
S1-626949347	Elspeth Smith Frontier Gsr LLC	379 Fm 369, Iowa Park, TX	US
S1-626976426	Fulcher Ncr Inc	19 Polk Way, Poestenkill, NY	US
S1-627754038	HKD Corporation	2241 Wolfsnare Drive, Virginia Beach City, VA	US
S1-627975754	Meridian	9 Pitts Street, Natick, MA	US
S1-627999780	Sunrise Infotech Private Limited	Flat No D-5 Sri Harsha Residency, Nagarjuna Street, A, Shok Nagar, Eluru, West Godavari, Andhra Pradesh	India
S1-628241119	Dental Valley Center, Inc	900 4th Avenue, Austin, MN	US
S1-628245995	Telodyne Management Inc	160 Jefferson Road, Unit Unit 230, Pittsford, NY	US
S1-628407801	East Ridge Scuti, Inc	205 Dirks Drive, Wichita Falls, TX	US
S1-628791405	Polaris LLC	8390 Green Retirement Lane, Hanover County, VA	US
S1-629090802	Surya Management Private Limited	2-1/1502, New Shivpuri Hapur, Hapur, Ghaziabad, Uttar Pradesh	India
S1-629270773	Motley Smart Rio Inc	Trenton, 109 Pecan Circle, TX	US
S1-630149953	Ss Construction Private Limited	Flat No. 904, 'A' Wing, Pristine Fontana Building S. No. 22, Behind Maratha Mandir, Bavdha, N Khurd, Pune, Maharashtra	India
S1-630257849	Consulting Cristal Agro Private Limited	Medicine Tower 1St Floor Near Sajjad Nursing Home Hamidia Road, Bhopal, Madhya Pradesh	India
S1-630494536	Prairie Auto Inc	16554 Brigadoon Trail, Gulf Shores, AL	US
S1-630594079	Sarg India LLP	A-104 Krishna Shardha Apt Nilemore, Nallasopara West, Thane, Maharashtra	India
S1-630822944	Family Select Physicians LLC	8805 Kingston Pike, Unit 107, Knoxville, TN	US
S1-631569262	Bharat Consultancy Private Limited	3 Goenka Lane 1St Floor, Kolkata, Calcutta, West Bengal	India
S1-631621013	Atlas Square	3144 Maple Drive, Reedsport, OR	US
S1-631690612	Pediatric Dental Health LLC	101 York Street, Elmhurst, IL	US
S1-631845594	Ear Nose & Throat Health Inc	7 Cherry Circle, Rockland, MA	US
S1-632088756	AH Agro Private Limited	Site No. 4, Golden Industrial Layout Kaniyur Village, Coimbatore, Tamil Nadu	India
S1-632165053	Maguire Distribution LLC	364 900, Smithfield, UT	US
S1-633223855	American Mountain Social Center	VA, Powhatan County, 3281 Sparrows Place	US
S1-633338206	Atlantic Mitsui Inc.	930 M Street, Unit 408, Washington, DC	US
S1-634088131	Federal Hyperliquid, Inc	16 Werking Street, Southington, CT	US
S1-634246764	Howard Holdings Group	IL, 6318 Raven Street, Chicago	US
S1-634319666	Ats Concrete Private Limited	Fl No-104, Pacific Avenue, Pl No-12, Sr No-1001, Nashik, Maharashtra	India
S1-635481769	North Stardust	4606 Commodore Drive, Stow, OH	US
S1-636697059	Laxmi Consulting Private Limited	13/288, 1St Floor, Irumban Building, Sreekrishnapuram (Post), Palakkad, Kerala	India
S1-637128353	Banner Farm Private Limited	Nishit Diamond Complex 5/1129-30, Gujjar Faliya Contractor No Khocho, Mahidharpura, Haripu, Ra, Surat, Gujarat	India
S1-63735802	Heritage Cloud Concepts Group	2304 Tobarra Lane, League City, TX	US
S1-637409276	Eastern Future Media Private Limited	Pune, Baner Road, Maharashtra, Paradise Towers, Opp. Sapphire Chambers, E2	India
S1-637427281	United Program PLLC	11455 2, Double Springs, AL	US
S1-637622185	Ace Total Spark LLC	Manchester, TN, 1269 Elrod Road	US
S1-637685044	Sunrise Engineering Private Limited	55/10, Puthussery Arcade, Kadiyangad Junction Kadiyangad Post, Perambra Via, Kozhikode, Kerala	India
S1-6387036	Headrick, Harker & Dick Nexera	106 Wilkes Avenue, Beckley, WV	US
S1-639448087	Kalli Summers, M.D.	365 Camino Al Barranco, La Selva Bch, CA	US
S1-639523020	Ahmedabad Services Private Limited	B/501, Riverside Park, Opp. Shantabag Society, Lane Of Apmc Market, Vasna, Ahmedabad, Gujarat	India
S1-639548592	Macro Shakti Pvt Ltd	371, Maharashtra, At Pimpri Kalaga, Tq. Ner, Yavatmal, Yavatmal	India
S1-639617247	Sada Klose Origin	9650 Prairie Avenue, Chicago, IL	US
S1-639647297	Risaus Trust Inc	44 Border Street, Unit 323, Boston, MA	US
S1-640044387	Siouxie Peterson Legacy Advisors LLC	821 900, Pleasant Grove, UT	US
S1-641243686	AH Impex Private Limited	Office No. 304, Brookly Tower, Nr. Ymca Club (P 269), Makarba, Ahmadabad City, Ahmedabad, Gujarat	India
S1-641634328	Balla Green Tankers LLC	146 Preston Avenue, Weirton, WV	US
S1-642004710	Callahan & Black Management Inc	TX, 1003 12th Street, Nederland	US
S1-642282198	Cypress Goldman Inc	616 Porter Hill, Unit 168, Youngsville, NC	US
S1-642488269	Rebbecca's Family Practice	2514 Messick Drive, Goshen, IN	US
S1-64262138	NDX Surgical LLC	4920 Jefferson Street, Unit Apartment 8-L, Pulaski, NY	US
S1-64285241	Twisted Yoga	10 Park Street, Unit C, Easton, MA	US
S1-643245576	Mcgee Platinum Signs LLC	459 General Kershaw Drive, Nashville, TN	US
S1-64345142	Cornerstone Immersion Inc	3225 Baseline Road, Unit 1017, Gilbert, AZ	US
S1-643898887	Taylor Harbor Senior	9219 Falls Creek Trail, Albuquerque, NM	US
S1-644155092	Arts Ministries P.C.	Galena, OH, 5790 Hughes Road	US
S1-644192996	Certified Financial Ventures LLC	13 Davis Mtn Education Center #2 Road, Fort Davis, TX	US
S1-644746522	Om Construction Private Limited	152/38, Mansarover, Jaipur, Rajasthan	India
S1-64517585	Uptown Hypnosis!	18361 Marygold Avenue, Bloomington, CA	US
S1-645504157	Autism Assistance Program Care	401 Burnsville Parkway, Unit Unit 128, Burnsville, MN	US
S1-647072167	Diamond Packaging Innovations Corp	Unit 303, Washington, 3000 Tilden Street, DC	US
S1-649238538	Desert Family Practice LLC	TX, 1513 Etain Road, Irving	US
S1-649524968	Preferred Business Services Inc	21203 132nd Drive, Sun City West, AZ	US
S1-65033837	Pierrette Deboer Elite, LLC	14010 Moon Road, OH, South Solon	US
S1-650414540	Sky Marketing Private Limited	Florentine Villa No 5, S No 60A/2/1B Cts Ghorpadi, Pune City, Pune, Maharashtra	India
S1-650696290	Chanda Secure Convertible Inc.	157 Montague City Road, Greenfield, MA	US
S1-650879900	Mandie Deberry Scientific Inc	1300 Chestnut Road, Seven Hills, OH	US
S1-650938641	C+ Optics, Corp	8500 Palmer Avenue, Bloomington, MN	US
S1-651100599	All Products Private Limited	M1616 A, 16Th Floor The Magnolias Dlf Golf Links Dlf City, Dlf Qe, Gurgaon, Haryana	India
S1-651483834	IX Innovative Abony Corp	40 Savage Lane, NC, Hendersonville	US
S1-651994278	Apex International Private Limited	A.P, 9-30-4 Siripuram Visakhapatnamvisakhapatnam Andhra Pradesh, Andhra Pradesh, Vishakhapatnam	India
S1-652185060	Greens Development Limited	No 2/156, North St, Thavasimadai Panchayat, Dindigul, Tamil Nadu	India
S1-652343462	Urology Ridge Care Associates Inc	85 Telegraph Road, Ausable, NY	US
S1-653053845	Fine Medical Centre	Om Krupa Chs Ltd, Lower Kharodi, Malad (W) Opp. Marve Road Malad (W), 401, Maharashtra, Mumbai City, Mumbai	India
S1-653766547	East Energy Private Limited	1St Flr, 891, Savalanga Rd, Lal Bahadur Shastri Ngr, Shimoga, Karnataka	India
S1-654914146	Barrientos and Kim LLC	6810 95th Street, Tulsa, OK	US
S1-655046555	Penaloza and Bittle First Inc.	4255 Charleswood Avenue, Memphis, TN	US
S1-655433571	Dream Infotech Pvt Ltd	032, Unit B, 1St Floor, Plot 11T3-11T5 Block 11, Gandhi Nagar, Gujarat	India
S1-655505077	Pediatric Dentistry American Health LLC	255 Douglass Street, Brooklyn, NY	US
S1-655668963	Silvasa Web	No. 947, 3Rd Floor, 1St Cross, 8Th A Main, Ideal Homes Township Rajarajeshwari Nagar, Bangalore, Karnataka	India
S1-655855201	Travancore Hospital	Mcleod House3 N S Road, Kolkata, Howrah, West Bengal	India
S1-656898988	Kacey Piercy Desert Rush LLC	220 12th Street, Hamilton, OH	US
S1-657512652	Creative Logistics Private Limited	21 Fr1 206 Seedat Mansion, Dr Babasaheb Ambedkar Rd, Mumbai, Maharashtra	India
S1-657519036	International Transmissions Private Limited	Shop No. 1, Muskan Society, Pandav Nagar Wadala Pathardi Road, Nashik, Maharashtra	India
S1-657556498	Standard Cargo Advisors, LLC	MN, 8329 Bloomington Avenue, Bloomington	US
S1-657765374	CGN Peak Tire Shop LLC	2010 Brevard Street, Unit 303, Charlotte, NC	US
S1-65784613	Melur Engineering Pvt Ltd	Third Floor, First Main Road, Domlur Layout, Karnataka, Bangalore, #31	India
S1-658264296	Llewellyn Total Technologies LLC	City Of Racine, 1520 Cleveland Avenue, WI	US
S1-658332645	Scarborough Glass LLC	12 Millmont Street, Unit Bsmt, Boston, MA	US
S1-658441988	Vava Stone	17607 24th Avenue Court, Tacoma, WA	US
S1-659663175	International Logistics Private Limited	Shopin Hno-Je-6Gf Khno 56, Gupta Colony, Khirki Ext, New Delhi, South Delhi, Delhi	India
S1-659677987	New Delhi Servicesprivate Private Limited	A 80/2/2/6, Ground Floor, Jeewan Nagar, New Delhi, South Delhi, Delhi	India
S1-659761244	FQX Builders Pvt Ltd	223/ 2Nd Floor, Center Point Building, Kolkata, Kolkata, Howrah, West Bengal	India
S1-659972029	Experts Foundation Pvt Ltd	148, Keshav Vihar, Gopal Pura Byepass, Jaipur, Rajasthan	India
S1-660351749	Dayton Family Charities	OH, Dayton, 238 Oxford Avenue	US
S1-660980751	Best International LLP	Guptabhavan, Plotno.7, Sectorn-7-J, Nearfusecallcentre, Cidco, Aurangabad, Maharashtra	India
S1-661546405	Silver Engineering Private Limited	Riaz Garden, Old No. 12, New No 29, Kodambakkam High Road, Chennai, Tamil Nadu	India
S1-661675873	Stetter & Jimenez Spade Inc	1430 Woodline Drive, Bldg 22853, Marysville, OH	US
S1-661755093	FQ India Associates	Flat No. 503, Vikramaditya Chs Ltd Navkiran Marg, Four Bunglow, Andheri (W), Mumbai, Mumbai City, Maharashtra	India
S1-662088078	Farica Parra Secure Fidelity Corp	Merced, CA, 1031 Yosemite Avenue, Unit 1	US
S1-662467047	Anamika Brothers Pvt Ltd	24/2, South Mada Street Mylapore, Chennai, Tamil Nadu	India
S1-662862687	Credit Retail Labs, LLC	16163 Beechnut Street, Houston, TX	US
S1-663067533	Mccarty Family Office LP	4040 Don Julio Boulevard, North Highlands, CA	US
S1-663521636	Orissa Gala Center	10/11 K B C Road South Dumdum Flat No 4Ab, North 24 Paragans, Parganas North, West Bengal	India
S1-663563711	Kaup Alpex Inc	3641 Elder Oaks Boulevard, Bowie, MD	US
S1-663565958	Hari Enterprises Private Limited	C/O Pooja, Padda Colony, Lohian Khas, Sultanpur, Jalandhar, Punjab	India
S1-66427628	Riva Chase Dave Inc	DE, 319 Manubay Court, Bear	US
S1-665174875	Silver Consultants Private Limited	No. 42, Narayanasamy Nagar Bharathi Rd, Telungupalayam, Coimbatore, Tamil Nadu	India
S1-66521471	Ridge Equity Partners LLC	1615 Brentwood Street, High Point, NC	US
S1-665426910	Vision Metro Care Associates Inc	1106 Grand Avenue, Saint Paul, MN	US
S1-665516269	Gonzalez Bitwise	942 Hank Aaron Drive, Unit B3, Atlanta, GA	US
S1-665731002	TG Technologies Center	Office No. 502, 5Th Floor, Fortune Business Center Survey No. 207, Hissa No. 2/1/4A/1, Waka, D, Pune, Maharashtra	India
S1-665978240	Cascade Oyj L.L.C.	270 Rock, Piedmont, KS	US
S1-666365068	Gajanan Films Corporation	Muktsar, Gidderbaha, T H G Marketing Private Limited Opposite Municipal Park Road, Punjab	India
S1-666934040	Luise Griffin Allspring, LLC	VA, Wythe County, 1753 Austinville Road	US
S1-667017397	Malappuram Offset Private Limited	First Floor, Dhanya Complex Pattambi Road, Pulamanthole, Malappuram, Malapuram, Kerala	India
S1-667264941	Bright Bright Corporate, Inc	35142 Lead Line Road, Virden, IL	US
S1-667265043	Laflamme Health Center	9600 Nimbus Avenue, Unit #260, Beaverton, OR	US
S1-66746049	One Exports Private Limited	Shop No.M-69 Greater Kailash-1 Market, New Delhi, South Delhi, Delhi	India
S1-667757390	Mollie Crocker Black LLC	KY, Henderson, 319 Dixon Street	US
S1-667852528	Heartland Center Inc.	164 Mountaindale Main Street, Fallsburg, NY	US
S1-668135507	Caldeon States LLC	8820 Pendleton Pike, Unit LOT 818, Indianapolis, IN	US
S1-669312620	Rajaram Support Private Limited	Salava Agwanpur, Moradabad, Uttar Pradesh	India
S1-669638688	Bedell Cadenza of Heyworth	206 Main Street, Heyworth, IL	US
S1-670137434	Lakshmi Constructions Pvt Ltd	House No. 87, Post Kapraul, Siroman Ps Riga, Sitamarhi, Bihar	India
S1-670428341	Ambica Hvac Pvt Ltd	1, Taratala Road, 1St Floor, Kolkata, Kolkata, Kolkata, Howrah, West Bengal	India
S1-671071076	Ashley Iii	14510 Union Avenue, Unit #3, Lakewood, WA	US
S1-671589138	Hinkle Associates Inc	2840 Olympic Court, Clarkston, WA	US
S1-672056791	Apex Tech Private Limited	H. No. 10-3-444/120A P S Nagar, Hyderabad, Telangana	India
S1-67212931	Advanced Strategic Equipment LLC	14823 Vail Avenue, Harvey, IL	US
S1-672531425	Paske Integrated Home LLC	1361 Hathaway Road, Bellville, OH	US
S1-673320160	Kew Foods Private Limited	Adampur, Bhopal, Madhya Pradesh	India
S1-673686433	Juhl Silicon	2729 Cardinal Drive, Costa Mesa, CA	US
S1-673693814	Yashodhara Gift Private Limited	Bardhaman, C/O Jashoda Mukherjee, No: 226 Laxmipurmath Near Jora Mandir, Sudhanpur, West Bengal	India
S1-673947617	Eye Partners LLC	65 Charter Street, Unit 3R, Boston, MA	US
S1-673974853	Oncology Health	102 Blacklist Way, Unit 2, Coosada, AL	US
S1-674583713	Vijay Media	11B, Pavadai Naicker Street, Erode, Tamil Nadu	India
S1-674882976	Anand Premier Enterprises Private Limited	West Champaran, Bettiah, Ward No. 3 Laxmi Nagar Banu Chhapra, C/O Poonam Devi, Bihar	India
S1-67490113	Zhu Safe Drive LLC	2500 Watermark Terrace, Unit 117, Elgin, IL	US
S1-675018190	Hari Consultants	#282, 5Th Main, Brindavan Badavane Arekere, Mico Layout, Bangalore, Karnataka	India
S1-675447424	Michaela's Apex Holdings	135 Waterbury Avenue, Stamford, CT	US
S1-676349283	Howell Aldabra	CA, 3990 Spica Way, Vandenberg Village	US
S1-677168024	Big Logistics Limited	Hotel Emperor 10/345-B, Ambayathode, Thamarssery, Kozhikode, Kerala	India
S1-677693056	Arihant Technology Limited	Shriram Greenfield, Tower E 1307, Bangalore North, Bangalore, Karnataka	India
S1-677906740	Yi, Alexander and Mcphail, LLC	31 Hollow Tree Place, Wilton, CT	US
S1-677935743	Black Business Limited	Mumbai, First Floor B-4 Hari Bhuvan, Zaver Road, Mulund West, Mumbai City, Maharashtra	India
S1-678707462	AQK Media	Gurgaon, Gurugram, Haryana, Plot No. 100 Sector 47	India
S1-678898601	Frontech Sales Private Limited	921/Subnandani Resi-2, Derod Village: Kamrej, Kamrej, Surat, Gujarat	India
S1-679035414	Keystone Energy International LLC	100 Thomas Street, West Hartford, CT	US
S1-679340480	Pioneer Investments Private Limited	Pp/14-767, 768, 1222 Near, Kochupalam, Attingal Road, Chirayinkeezhu, Thiruvananthapuram, Trivandrum, Kerala	India
S1-679395886	Benitez & Vargas Solana Inc	122 A 8th Street, Elmira Heights, NY	US
S1-679713048	Dot Martinez, O.D., P.C.	15 Hasbrouck Drive, Unit Apartment H, West Haverstraw, NY	US
S1-680247081	Alvarado, Dillon & Marshall Odyssey LLC	215 Calhoun Lane, Bldg Lot 13, Billings, MT	US
S1-680356898	564 Park Road Realty LLC	401 University Way, Unit 406B, Ellensburg, WA	US
S1-680416224	Tech Infotech Private Limited	Sri Siddi Vinayaka Apartm, Telangana, Karimnagar, Karim Nagar, 8-6-375/3/8	India
S1-680479441	Heartland League	303 Cottage Avenue, Saint Paul, MN	US
S1-680655630	Equity Corpn Private Limited	D No. 3-6-504/A/2, Hyderabad, Telangana, Second Floor, Himayath Nagar, Himayathnagar	India
S1-681098662	Natassia's Cleaning Service	818 Sth 42, WI, Town Of Liberty Grove	US
S1-68161416	Northern School of Medicine	3628 Laurel View Court, Fl 0, Laurel, MD	US
S1-68170645	Peyton's Mountain Hospitality	5401 Groveside Lane, Rolling Meadows, IL	US
S1-681710657	Rojas Factory Co	4018 Commerce Street, Dallas, TX	US
S1-6819617	Consolata's Financial	2573 Fort Road, Belton, TX	US
S1-682076324	Woods Rare L.L.C.	115 Fifth Street, Unit TRLR 28, Delaware City, DE	US
S1-682350775	Seven Charitable Trust	A-1/5, Dr. Mukherjee Nagar, Delhi, North West Delhi, Delhi	India
S1-682382012	Mcdaniels and Piasecki	720 Pacific Avenue, Portsmouth City, VA	US
S1-682811460	Spero, Watson & Breaux Technical Inc	30 Saint Paul Street, Unit Apartment 1, Amsterdam, NY	US
S1-682844169	Delly's Data	316 Blackburn Bay Drive, City Of Verona, WI	US
S1-683148514	Bureau of Housing	1232 Buckhead Trail, Mt. Juliet, TN	US
S1-683164864	Bureau of Public Works PC	921 Mountain Branch Circle, Vestavia Hills, AL	US
S1-683239030	Cleopatra Horta Premium Inc	635 Kings Creek Loop, Unit R252, Brevard, NC	US
S1-683788263	South Developers Private Limited	Lig 136, 2-A Saket Nagar, Bhopal, Huzur, Bhopal, Madhya Pradesh	India
S1-684375003	Dermatology Royal Care Associates Inc	6606 Princess Circle, Wappingers Falls, NY	US
S1-684607059	Star Choice Ford LLC	6 Soundview Road, Glen Cove, NY	US
S1-685048543	Ghanshyam Milk	5Th Floor, 502, Meraki Arena, Cts No. 619/14 619/15 619/21A 21B, V N Purav Marg, Opp R K Studio, Chembur East, Mumbai, Maharashtra	India
S1-685106343	Royal Business Private Limited	Bochaha, Muzaffarpur, Khesari No 319, Bihar, Khata No 100	India
S1-685387446	Auran Mae PLLC	3370 Carman Road, Binghamton, NY	US
S1-685565924	Advanced Quality Total L.L.C.	7134 Doris Drive, Indianapolis, IN	US
S1-685713145	Bharat Logistics Limited	Ff-101, Solitaire Arcade, Opp.Vitthal Plaza, Nr. Saptak Vihar Resid., Vastral, Daskroi, Ahmedabad, Gujarat	India
S1-68575982	Ars Exports Private Limited	Vijaya River Scape Appartment, 1C B. No. 31/75, Vyttila, Ernakulam, Kerala	India
S1-686120950	Urology Care Associates	4851 Kokomo Drive, Unit APT 6012, Sacramento, CA	US
S1-68620982	Sanchez Cornerstone Liberty LLC	1463 44 Street, Brooklyn, NY	US
S1-686222356	Connor Seas	826 New York Avenue, Unit Apartment 2, Huntington, NY	US
S1-686578911	Sholar, Alisa W., Ph.D.	2109 88th Street, City Of Kenosha, WI	US
S1-687053526	Mumbai Herbal Pvt Ltd	Parksite Colony Road No 1, Mumbai, Mumbai City, Maharashtra, Lower Depot Pada Vikhroli (W)	India
S1-68764297	Silver Lakeshore	WA, 11702 138th Street Court, Puyallup	US
S1-687742312	Safe Amc LLC	203 Brdway, Campbellsville, KY	US
S1-688083761	KA Reliable Sky	4685 Valley Road, Tucson, AZ	US
S1-688184036	Consultancy Cochin Consultancy	Plot No-8, Citizen Enclave, Barewal, Octroi Road, Near Magnet Resorts, Ludhiana, Punjab	India
S1-688588036	Pittman Tri-State Antimony	15405 35th Avenue, Unit G36, Lynnwood, WA	US
S1-688842109	Babara Woods Silver LLC	18728 39th Drive, Bothell, WA	US
S1-689456352	New Infrastructure Private Limited	Flat 204, Wing 95, Happy Home Estate, Poonam Sagar Complex, Mira Road, Thane, Maharashtra	India
S1-689725225	Tech Media Private Limited	312 Sai Chambersnehruroad, Near Santacruz Bus Depot, Mumbai, Maharashtra	India
S1-689977390	Environmental Initiative	866 14th St NE, Cedar Rapids, IA	US
S1-690051769	Ortega Ventures LLC	201 Montana Wells Road, Rio Rancho, NM	US
S1-690151152	Masco Foundation	167 Ground Floor Abhay Khand - 1, Indrapuram, Ghaziabad, Uttar Pradesh	India
S1-690175609	Garner, Stuart and Michael Inc	2212 Heather Lane, Bryans Road, MD	US
S1-69069569	Industrial Security Industries LLC	483 Wythe Creek Road, Poquoson City, VA	US
S1-69136938	Construction Magnum Rasayan Ltd	Ff-17, Goyal Tower, Nr. Jahanvi Restaurant, Panjara Pole Char Rasta Univercity, Ahmedabad, Gujarat	India
S1-691616670	Bharat Management	Santosh Roy Road Lp-41/4/6, South 24 Parganas, Kolkata, 230/4, West Bengal, Parganas South	India
S1-691701111	Andy Delgado, Esq., PC	136 Inez Lane, Jackson Springs, NC	US
S1-692274887	Poly Logistics Private Limited	Choudhary Charan Singh Nagar, Nawalgarh Road, Sikar, Rajasthan	India
S1-692421008	Ambica Consultancy	No.11/20, 10Th Avenue, Ashok Nagar, Chennai-83., Tamil Nadu	India
S1-693364394	Valdez and Murphy Energia Inc	3911 Circle Drive, Wichita Falls, TX	US
S1-69346744	Atlantic Society	3590 Sunrise Boulevard, Unit STE 8, Rancho Cordova, CA	US
S1-694493047	Internal Medicine Clinic Inc	10646 Potomac Drive, Demotte, IN	US
S1-694530971	Bright Solutions Private Limited	Flat No 801, Meenakshi Skylounge, Hitex Road Khanamet, Kondapur, K.V.Rangareddy, Hyderabad, Telangana	India
S1-694737938	Rivera & Coulter Inc	998 Cassidy Road, London, KY	US
S1-694830809	Saran India Private Limited	House No. 253 Block Road Ekma, Ekma, Saran, Bihar	India
S1-695252025	Botsford Classic Telefonica	389 Charles Avenue, Saint Paul, MN	US
S1-695606943	All Builders LLP	205, Flr-2Nd, Plot 66-F, Steel Center, Sant Tukdoji Maharaj Road, Tata Power Carnac Bunder, Ch, Inchbunder, Mumbai, Mumbai City, Maharashtra	India
S1-695940996	Williams Companies	109 Stoner Drive, Upper Allen Township, PA	US
S1-696420965	Children's Federation Inc	26445 Crosswinds Landing, DE, Selbyville	US
S1-697138545	EH Management Private Limited	Xxiv/532, 2Nd Floor Meda, Opp Dlf Nth, Seaport - Airport Roa, D, Kakkanad, Ernakulam, Kerala	India
S1-699154812	Behavioral Health Medicine	951 3rd Street, Mishawaka, IN	US
S1-699460640	Bright Property Digital Red Oak	102 Carol Lane, Red Oak, TX	US
S1-69952960	Studio 51 Cafe Center	Elkton, MD, 55 Elk Valley Lane	US
S1-699551455	Williams & Moore Inc.	17301 Zoo Stage Road, Vail, AZ	US
S1-6995546	South Technology Limited	Unit No 1301, 13Th Floor, Peninsula Business Park Tower B Senapati Bapat Marg, Lower Pare, L West, Mumbai, Mumbai City, Maharashtra	India
S1-700207404	Sanchez, Reggi, Ph.D., DDS PC	224 Bryn Du Drive, Granville, OH	US
S1-700383051	Delhi Communications Pvt. Ltd.	652 First Floor Phatak Dupty Sultan Churiwalan, Delhi, Central Delhi, Delhi	India
S1-700703528	Regional Association	122 Hagaman Place, NY, Staten Island	US
S1-700910866	Firefighters Local 232	Berea, 601 Bagley Road, OH	US
S1-701583396	Shivam Builders	Flat No. N1, Mathosree Apartments, Plotno.376, 376/B, Road No.82, Jubileehills, Hyderabad, Telangana	India
S1-70196606	TZO Components Ltd	Basement Shop 3, Prajkt Pride, Revenue Colony, Shirur, Pune, Maharashtra	India
S1-702257342	Peex LLC	17 Irwin Street, Unit 4, Winthrop, MA	US
S1-702491441	P 2 R Index	5525 Limaburg Road, Unit APARTMENT G, Burlington, KY	US
S1-70249854	Optimal Antimony, LLC	5148 Blazer Parkway, Unit A, OH, Dublin	US
S1-702568540	Commercial Construction Advisors LLC	35 Ross Road, Wilmington, DE	US
S1-702623830	Behavioral Health Interstate Care Associates	6741 Rice Road, Chatham Township, OH	US
S1-702724995	Bhubaneswar Marketing Private Limited	Plot - 716 / 2304, Nayapalli Behera Sahi, Bhubaneswar, Khordha, Orissa	India
S1-703289878	Rev It Up Nails	840 Sunset Park Drive, City Of El Paso, TX	US
S1-704010386	Pediatric Modern Associates Inc	243 Newton Street, Unit 2, Boston, MA	US
S1-704018652	Crystal Cloud Group	SD, Sioux Falls, 325 Euclid Avenue	US
S1-704129543	Future Services Private Limited	205, Surya Kiran Building, K.G.Marg, New Delhi, Delhi	India
S1-70415339	Neelam Association Limited	Farrukhabad, Anokhe Lal 52 Nagla Seth, Uttar Pradesh, Farrukhabad	India
S1-704422081	Bies Horizon Tinto Inc	7500 Hunters Mill Road, Unit APT J, Blacksburg Town, VA	US
S1-704592953	Advit & Brothers Private Limited	F No 403 M/S Aryadurga Bankar Enterprises Mulund East, Mumbai, Mumbai City, Maharashtra	India
S1-705048374	Superior Certified Copley Inc	7518 Celesta Lane, Fl 1, Olympia, WA	US
S1-705247568	Surles Prairie Credit	77 Trapper Ridge Lane, Hedgesville, WV	US
S1-705906271	Eye Partners Inc	3402 Richmond Street, Unit Suite C, City Of Appleton, WI	US
S1-70598180	Reus Industries Inc	637 8th Street, Huntington, WV	US
S1-706039440	Shyam Investment	No.210, Vibrant Business Park, Pardi, Vapi, Valsad, Gujarat	India
S1-706970785	All Technologies Private Limited	Flat No 508 Sri Gayatri Classic Apartments Lingampally, Hyderabad, Telangana	India
S1-707400711	Cg Law Chambers Private Limited	Mushahari, Muzaffarpur, Bihar, C/Omahesh Singh Gali No 4, Bazar, Samit Ahiyapur	India
S1-707412941	Family Liberty Group	Ruidoso, 505 George P White Drive, NM	US
S1-707916403	Express Design Works LLC	2741 Juniper Way, City Of Holladay, UT	US
S1-708213658	Positive College Private Limited	7Th Floor, Suryoday Society St. 1/E Opp Wockhardt Hospital, Kalawad Road, Rajkot, Akcros House, Rajkot, Gujarat	India
S1-708263196	Corella's Vanguard Distribution	2019 Livingston Avenue, Unit APT 43, Helena, MT	US
S1-708650047	Shiva Consulting	3299, At Post- Nimgaon Jali Taluka- Sangamner, District- Ahmednagar, Ahmednagar, Maharashtra	India
S1-708740394	Fortune Producer Limited	No.36, Srs Illam, Thirupathi Garden, 4Th Main Street, Sadayampalayam, Erode, Tamil Nadu	India
S1-709075265	Viking Apparel Ltd	116A, 1St Floor, Somdutt Chamber - I 5, Bhikaji Cama Place, Delhi, South West Delhi, Delhi	India
S1-709401	Plazma & Partners	C/O. Krishan Dev Singh Gada Godha Tola, Sidhi, Madhya Pradesh	India
S1-709597729	Oncology Physicians	2513 White Avenue, Unit 8, Berry Hill, TN	US
S1-709917118	Hernandez Crystal Enhanced Inc	9492 Debroux Court, Town Of Gardner, WI	US
S1-709960468	Apex Center	4 Hillside Court, Coxsackie, NY	US
S1-710139409	EGM Technica Private Limited	Plot No: 262/B, Sri Ram Nagar, Serilingampally, K.V.Rangareddy, Telangana	India
S1-710558824	Matchless & Brothers Private Limited	215, Second Floor, Somdatt Chamber-Ii, Bhikaji Cama Place, 9, New Delhi, Delhi	India
S1-710565396	EDE Constructions Clinic	Maniyankerikalam Kavalam, Alappuzha, Kerala	India
S1-710891317	Rosas, Skinner and Kuecker LLC	205 White Road, Mineola, NY	US
S1-710927111	Grace Vanguard End Clinic	1120 Crestview Drive, Shelton, WA	US
S1-71093974	Saffron Brothers Private Limited	Kh No. 42/17/1, Kangan Heri Road Near Rangoli Farm, Chhawal, New Delhi, South West Delhi, Delhi	India
S1-711813257	Rajmata Law Chambers Private Limited	A/B 01, Sree Enclave, Plot No-48/1 4Th A Cross, Shirdi Sai Nagar, Munekolal, A, Kundalahalli, Bangalore, Karnataka	India
S1-71184815	Secure Usa LLC	4163 Green Trail, Town Of Jackson, WI	US
S1-712235440	MP Hotels Private Limited	Suraj Prakash Agarwal Moh Sabnigran, Najibabad, Bijnor, Bijnore, Uttar Pradesh	India
S1-71284994	Billups Iron	1708 Red Clover Street, Village Of Holmen, WI	US
S1-713283744	Consulting Prudent Coir Pvt Ltd	Ttcs Laboratory Llp, 404, 4Th Floor Poonam Arcade, Nr. Asopalav Showroom, Ahmadabad City, Ahmedabad, Gujarat	India
S1-713416149	Slate LLC	24 Turning Mill Road, Lexington, MA	US
S1-713978293	Finance Prastuti Securities Private Limited	North West, Delhi, Plot No. 360, Kh.No.143/360, First Floor Extended Lal Dora Village, Kanjhawala	India
S1-714374058	Amiable Brew Limited	West Bengal, Matheshwartola Road, Ground Floor, Kolkata, 130, Kolkata, Howrah	India
S1-714440011	Lakshmi Construction Private Limited	Village - Paraspur, Post-Paraspur, Gonda, Gonda, Uttar Pradesh	India
S1-714522366	Britta Baum, DO	10911 Huntcliff Drive, Unit APARTMENT 7, Owings Mills, MD	US
S1-714614693	Shakti Enterprises Private Limited	House No.546, Malachiwadi, Tahsil Sangmeshwar, Sangmeshwar, Ratnagiri, Maharashtra	India
S1-714642946	U 8 Clear Telecommunication LLC	501 Rebecca Smith Way, Cecilton, MD	US
S1-714744262	East Producer Private Limited	Tonk Road, 5Th Floor, Signature Tower Dc-2, Lal Kothi Scheme, District Shopping, Centre, Jaipur, Unit No 503, Rajasthan	India
S1-715529697	Glancy Ridge Pimco LLC	25 Second Street, City Of Evansville, WI	US
S1-715888147	Cobbs and Sharer LLC	IL, Glenview, 2646 Pauline Avenue	US
S1-716024722	Malappuram Infrastructures Private Limited	Apsara Arcade, Ponnyakurussi, Palakkad Road, Perinthalmanna P. O., Malappuram, Malapuram, Kerala	India
S1-716043904	Reed Net L.L.C.	1937 S 30th St, Louisville, KY	US
S1-716080061	Horizon Wellness Partners LLC	18 A Grove Street, Unit 12, Arlington, MA	US
S1-716520707	Better Capital Hennessy Inc	Cincinnati, 4324 Greenlee Avenue, OH	US
S1-717223466	Perfect Consultancy Private Limited	4/1, Middleton Street, Sikkim Commerce House Room No-208, Kolkata, Kolkata, Kolkata, Howrah, West Bengal	India
S1-717384750	Renton Youth Summit Association	15408 179th Street, Renton, WA	US
S1-717843167	Anita Madsen Esports Associates	4035 Hamblin Drive, Phoenix, AZ	US
S1-717921191	Piedmont Trust III	IL, Glencoe, 433 Oakdale Avenue	US
S1-717996570	Gresh College	22 June Street Terrace, Worcester, MA	US
S1-718773450	Wheeler's Therapy	180 Wallace Road, Unit 4, Nashville, TN	US
S1-718773890	Developers Jain Farming Pvt Ltd	Promoter B - 126, Nirman Vihar, New Delhi, Delhi	India
S1-718946143	Foot & Ankle Classic Group	1065 San Marcos Drive, Unit 36, Apache Junction, AZ	US
S1-719693602	Balaji Engineering	1-H1, Karthik Nagar Sowripalayam, Coimbatore, Tamil Nadu	India
S1-719785427	Bronson, Kolb & Jacobs Best	25246 Court Street, San Bernardino, CA	US
S1-719875326	Gls Kitchen Pvt. Ltd.	8/1104, Rajiv Gandhi Bypass, Ernad, Malappuram, Malapuram, Kerala	India
S1-720025982	Red Pub!, Inc	3645 North Street, Baton Rouge City, LA	US
S1-720267109	Yingst, Denise F., D.D.S., P.C.	103 South Avenue, Glen Ullin, ND	US
S1-72045433	Vijay Exports	302, J B House Op-Minita Apartments Tsishwar Bhuvan Road, Navjivan, Ahmedabad, Gujarat	India
S1-7205383	WWV Cover Private Limited	1423 Awas Vikas Colony, Gonda, Uttar Pradesh	India
S1-720812004	Mishra Services Public Limited	Office No.602, S.No.45/1 To 10/1, Pashankar Auto, Pune City, Pune, Maharashtra	India
S1-721084684	Solutions Ae Construction Limited	Office No. 506, Akshar Square, Near Page One Hotel, Sandesh Press Road, Vastrapur, Ahmadabad City, Ahmedabad, Gujarat	India
S1-721240600	Dental Center LLC	528 Gatewood Road, Oak Hill, WV	US
S1-72130895	Pipefitters Union Local No 685	302 Euclid Avenue, Prospect Heights, IL	US
S1-721469485	Primary Care Center of Staten Island Inc	130 Hunter Avenue, Staten Island, NY	US
S1-721702167	Mikaela Reay, DPM	1139 Corbell Avenue, Norfolk City, VA	US
S1-72218349	Raviya Software Group	Flat No.201, 236/237 Raviwar Peth Near Jain Mandir, Pune, Maharashtra	India
S1-722437756	GL India Limited	Rayapuram Extension 2Nd Street, Coimbatore, Tamil Nadu, 43, Tiruppur	India
S1-722771976	Navarro, Birch and Moriarty Hawaii LLP	116 Whitney Street, Camas, WA	US
S1-72281536	South Atlantic Table LLC	2072 Copenhaver Road, Rock Island, TN	US
S1-723496429	YDG Stores Limited	Pune City, Sr No 117/1/1 Fortune, Pune, Maharashtra, City Pune City (M Corp)	India
S1-723532322	Pacific Communities LLC	Edgewood, 338 Ahern Drive, MD	US
S1-723666298	V 5 D Collective	2651 Creekwood Circle, Unit 9, Moraine, OH	US
S1-723720736	Lifeline & Co	615 D Wing 6Th Floor Neelkanth Business Park Vidya Vihar West, Mumbai, Mumbai City, Maharashtra	India
S1-724608342	Jeanne Chin Heritage Staffing, Inc	11512 Rd 114, Paulding, OH	US
S1-724970812	Pune Warehousing Private Limited	Office No. 39, Fourth Floor, Bandal Dhankude Plaza Right Bhusari Colony, Kothrud, Pune, Maharashtra	India
S1-725150587	Saria Therapeutics Inc	3538 Cherrystone Road, Cheriton Town, VA	US
S1-725284847	Abhaya Cera Limited	K Narayana Reddy Lane No. 3, Atmakuru, Andhra Pradesh, D.No. 3/2/6/7, Spsr Nellore, Nellore	India
S1-725540710	Nguyen Premier Royal	7582 Priceville Road, Munfordville, KY	US
S1-725652039	Sai Brands Private Limited	6-3-586/1, Gandhi Thata Nagar(G T Nagar), Nampally, Hyderabad, Telangana	India
S1-725763022	Mirilla's Wireless LLC	2202 Woodmore Drive, Huntsville, AL	US
S1-726365524	Classic Trading Private Limited	Office No. 7 & 8, Sector - 2, Plot No. - 2, Phase - Ii, Nerul (West), Navi Mumbai, Thane, Maharashtra	India
S1-727292749	Oncology Group	Prince William County, 1533 Colonial Drive, VA	US
S1-727589600	Good Indo Investment Limited	Panchamrut Building No E/204, Kavesar Waghbill, G B Road, Thane, Maharashtra	India
S1-727807753	Golden Yoga	UT, 4029 Olympic Way, City Of Holladay	US
S1-72794316	Sewell Peak Apollo	NY, North Hempstead, 2238 Jericho Turnpike	US
S1-728011176	Choice Resorts Inc	711 Pleasant Lane, Lagrange, IN	US
S1-728270873	Parker Grand Paloma Inc	9665 Capella Avenue, Concord, NC	US
S1-728508650	Shakti Engineering Private Limited	House No 63, Block -B Ground Floor, Parshant Vihar Rohini, Landmark Opp. C.R.P.F School, New Delhi, North West, Delhi	India
S1-728807709	Jai Trading Private Limited	81/D, R.K.Chatterjee Road Ground Floor, Kolkata, Howrah, West Bengal	India
S1-728836336	Economic Development Project	45 Lake Mist Drive, Piperton, TN	US
S1-729933964	Delhi Technologies Private Limited	R-546, 2Nd F, Front Portion, Main Road, New Rajender Nagar, Delhi, West Delhi, Delhi	India
S1-730053046	Barnett, Scharff and Smith LLC	NC, 6632 Forage Lane, Charlotte	US
S1-73042441	Primary Care Specialists of Indianapolis	1821 East Street, Indianapolis, IN	US
S1-730715729	Valentini Fresh Healthy Inc	Pittsburg, KS, 933 7 Highway	US
S1-731410268	Federal Trust Inc	511 Cherry Avenue, Niles, OH	US
S1-731844507	White Global Private Limited	Cd-242, Second Floor Vishaka Enclave, Pitampura, New Delhi, Delhi	India
S1-731936293	Ahmedabad Associates Private Limited	Ahmedabad, B-804, Ahmedabad, Vishakha Elysim, Nr Global Indian International School, Tragad, Gujarat	India
S1-732008692	Ear Nose & Throat Clinic	1040 Nesthorn Drive, Crestline, CA	US
S1-733032595	Certified Wholesale Company	263 New Boston Road, Sturbridge, MA	US
S1-733363215	Reliable Dynamic Dome Inc	304 Milky Way Drive, Apex, NC	US
S1-733371127	Seo Trust	8832 Town And Country Boulevard, Ellicott City, MD	US
S1-733382831	Stauch, Collins & Rogers LLC	4201 Clark Street, Unit 1, Cheyenne, WY	US
S1-734170310	Multitude Trading Private Limited	Rm No-697 9/2, Pipe Line, Vaibhav Chawl Jawahar Ngr, Bandra, Mumbai, Maharashtra	India
S1-734475733	Williams Vanguard Consumer	454 Golf View Drive, IL, Crystal Lake	US
S1-734851410	Keya Livelihood Pvt Ltd	Marvel Cascada, Flat No B-1302 Sr No. 28, 29 Opp Balewadi Stadium, Pune, Maharashtra	India
S1-735267320	De Haynes, MD	340 155th Avenue, Mayville, ND	US
S1-735574718	Armour Exports of Ahmedabad	810-G, Ahmedabad, Titaniumcitycenter, 293/1/P, T.P-03. 100Ft.Road, Nr.Sachintower, Anandnagar, Ahmedabad, Gujarat	India
S1-73567746	Radley and Alegria Healthcare LLC	735 Country Club Drive, Unit 23, Mesa, AZ	US
S1-736269271	Straight Edge Yoga	311 White Street, Eastland, TX	US
S1-736969873	Sangameshwar Brothers Care	Prestige Trade Towerno.46, 23Rd Floor Palace Road, Bangalore North, Bangalore, Karnataka	India
S1-737198187	Vanguard Fifth LLC	2108 Grand Detour Road, Dixon, IL	US
S1-737651217	Surya Constructions Private Limited	Plot No. 257, Sector 4, Santnagar, Moshi, Pcntda, Khed, Pune, Maharashtra	India
S1-737768510	Zingo Enterprises Pvt Ltd	7, 17-B, Sra Building, Motilal Nehru Nagar, Bkc, Santacruz - East., Mumbai, Mumbai City, Maharashtra	India
S1-738203185	Perfect Brothers Private Limited	C/O Daudayal Ramchandra Rathi Buddha Marg, Madhya Pradesh, Ujjain, Khachraud	India
S1-738426048	Neal Consultants Inc.	11 Swett Road, Windham, ME	US
S1-738879762	Dupont, Village Of	2098 Bradley Street, Dupont, WA	US
S1-739377112	Libby's Apex Tattoo	1815 Jerauld Avenue, Niagara Falls, NY	US
S1-739429454	Transworld Digital	A - 1, Sweta Duplex, Radha Swami Road, Ranip, Ahmedabad, Gujarat	India
S1-739708548	Dream Investment Pvt Ltd	2A, 2Nd Floor, Windcliffe, 50 D Peddar Road, Cumballa Hill, Mumbai, Mumbai City, Maharashtra	India
S1-739760170	Mah Enviro Private Limited	Flat No 1105, S No 69/1A/1A, Building No C2 Ganga Satellite Wanawadi, Pune, Maharashtra	India
S1-739775071	AJ Treasury LP	AL, Bessemer, 1413 13th Avenue	US
S1-740059678	Coastal Capital Partners	200 Clinton Avenue, Dallas, TX	US
S1-740377287	Triplett Charter School	2600 Cabin Creek Road, Alexandria City, VA	US
S1-740565737	Animal Welfare Foundation	14020 Harrisville Road, Mount Airy, MD	US
S1-741105843	Daffie Botelho, D.O., P.C.	480 Barber Loop, Mooresville, NC	US
S1-741472825	Chickie's Delta Data	4001 Harlem Road, New Albany, OH	US
S1-742300610	Golden Technology Pvt Ltd	712, 7Th Floor, Om Chintamani Chs K.G. Marg, Khed Gully, Prabhadevi, Maharashtra, Mumbai City, Mumbai	India
S1-742670242	Associated Environmental Systems Inc	2325 44, City Of Oshkosh, WI	US
S1-743485548	Straight Edge Auto Body	515 Montgomery Avenue, Unit Unit A, North Wales Borough, PA	US
S1-743717387	West Harbor Southwest Inc	IL, 14136 Faulkner Court, Plainfield	US
S1-743728565	Indian Consultants Private Limited	Bangalore, First Floor, 26Th Main, 13Th Cross, H S R Layout Sector - 1, No 2588, Bangalore, Karnataka	India
S1-743842828	Zora T. Pennock, DPM	207 Roberts Trail, Benson, NC	US
S1-745232404	Commercial Staffing Services LLC	415 Grant, Hartford City, IN	US
S1-745478909	Krishna Finance	Bld.B Flat-403, Apostrophe Sno.174/4/5/1, Wakad, Pune, Maharashtra	India
S1-745738595	India Srinivasa Tiles Pvt. Ltd.	Bldg No. 5 Room No. 15, Bmc Colony, Shivaji Nagar, Kherwadi, Bandra (E), Mumbai, Mumbai City, Maharashtra	India
S1-746691693	Pioneer Semiconductor Holdings	Mishawaka, IN, 2522 6th Street	US
S1-74712169	Tres Fab	B-11/15 Gharkul Sector 15 Kharghar, Kharghar, Mumbai City, Maharashtra	India
S1-747562440	U 3 Choice Resource LLC	Charlotte, NC, 511 Wilby Drive	US
S1-748240635	Cornerstone Environmental Concepts, LLC	5849 Dorton Lane, Henrico County, VA	US
S1-748276705	Big Key Pvt. Ltd.	F N9 Sn5/10 Someshwarwadi, Sahadeo Avenue Pashan, Pune City, Pune, Maharashtra	India
S1-74849781	Total Marketing, LLC	2843 Minnesota Avenue, Topeka, KS	US
S1-748747790	Imperial & Co Ltd	706, 7Th Floor Kan Chamber 14/113 Civil Lines, Kanpur, Uttar Pradesh	India
S1-748801724	Sanchez Lending Inc	10744 Millers Way, Orland Park, IL	US
S1-748867572	Britt Best Willow LLC	16955 Toronto Avenue, Unit Apartment 115, Prior Lake, MN	US
S1-749067273	Industries Vardan Fresh Ltd	705, Ansal Vikas Deep Building Laxmi Nagar District Centre, Vikas Marg, Delhi, East Delhi, Delhi	India
S1-749509166	Creative Biomedical Union Inc	1217 Forums Court, Wheeling, IL	US
S1-749700652	Casimiro Dynamic Airport	1311 Farms Road, Bronx, NY	US
S1-749879091	Mumbai Financial Pvt Ltd	8Th Floor, Unit 803, Godrej Two, Pirojsha Nagar, Eastern Express Highway, Vikhroli (E), Mumbai, Maharashtra	India
S1-750009570	Dominguez Prairie Industrials	Village Of Mcfarland, 6366 Nordic Lane, WI	US
S1-750184720	Eye Care LLC	3492 Bynum Leatherwood Road, Anniston, AL	US
S1-750331541	Choice Investment Technologies	WI, Village Of Bristol, 12015 182nd Avenue	US
S1-750574139	Royal Software Private Limited	Sy No. 17/2 Flat No. 102, Ibblur (V), Sun City Begur (H), Bangalore South, Bangalore, Karnataka	India
S1-751724860	Bright Prime Cross LLC	256 Vance Street, Rawson, OH	US
S1-751781295	Ridge Frontier Shipping Inc	302 Evans Street, Saratoga, IN	US
S1-751794372	Clardy Greenland LLC	222 Wythe Avenue, Frederick County, VA	US
S1-751810712	Hopkins Horizon Bluerock Group	2468 Downing Drive, Cincinnati, OH	US
S1-752379599	Morgan's Bike Shop	2491 Rose Peak Drive, Tucson, AZ	US
S1-752529804	Internal Medicine Center	1109 Johnson Street, Amarillo, TX	US
S1-752578023	Legacy Pharmaceuticals LLC	2404 Rio Grande Del Sol Court, Albuquerque, NM	US
S1-752839022	Lower Pono LLC	KY, 1101 Abbeywood Rd, Saint Matthews, Unit 202	US
S1-753165522	Kellett Chimera	111 10th Street, Huntington, NY	US
S1-753419143	Family Medicine	1500 Pickford Lane, Bowie, MD	US
S1-753550034	Trais LLC	33 Elwood Drive, Springfield, MA	US
S1-754067009	Classic Newbridge LLC	Tucson, 5043 Kingbird Street, AZ	US
S1-754263423	East Diana Inc	1113 Murfreesboro Road, Unit 201, Franklin, TN	US
S1-754479588	Shiv Energy Private Limited	Plot No 115 (Hudco) 6Th Main 2Nd Cross Streetindustrial Area, Manipal, Dak. Kannada, Karnataka	India
S1-754857741	Mcarthur Aegon of Lowell Inc	17342 Tapper Street, Lowell, IN	US
S1-754938907	Lower Pediatrics, LLC	831 Shenandoah Falls Lane, Richmond, TX	US
S1-754983222	Hoffman's Associates	11166 Tesson Ferry Road, Unit SUITE 204, Saint Louis, MO	US
S1-75528756	Big Technology LLP	474 Iind Floor Hardevpurigautam Nagar, New Delhi, South Delhi, Delhi	India
S1-755679808	South Developers Private Limited	Chandigarh Mathpara Post Ganganagar, Kolkata, Parganas North, West Bengal	India
S1-756211099	Piedmont Superior Nano LLC	87911 Territorial Road, Unit Space 46, Veneta, OR	US
S1-756237839	XJX Tradewell Private Limited	F1, First Floor, Block A Priyanka 3/574, Mugalivakkam Main Road Madhanandh, Apuram, Chennai, Tamil Nadu	India
S1-756532295	Pipefitters Union Local No 724	6 Bicknell Street, Kittery, ME	US
S1-757078074	SA Enbridge Inc.	17119 Carriage Dale Court, Spring, TX	US
S1-75762876	A Trusted Canada LLC	195 Rodeo Road, Unit 220, Casa Grande, AZ	US
S1-757666986	Golden Omega	813 Belanger Street, Houma, LA	US
S1-757741582	Jain First Industries Private Limited	Mg-13D, 3Rd Floor, Plot No. Gh-03 Eldeco Mystic Greens Omicron 1, Greater Noida, Gautam Buddha Nagar, Uttar Pradesh	India
S1-758070915	National Investments LLC	1641 Virginia Lane, Hueytown, AL	US
S1-758796994	Fortune Trading	1St Floor, Shree Shyam Motor, Near Ioc Petrol Pump Narnaul Road, Mahendergarh, Mahendragarh, Haryana	India
S1-75923599	North Builders Limited	Market Building, Nayan Vihar At - Kasoti, Po - Pandiri, Kendrapara, Orissa	India
S1-75954230	Vision Associates	292 Left Hand Ditch Road, Arapahoe, WY	US
S1-760467417	Premier Vanguard Data LLC	6115 Pioneers Point, Brecksville, OH	US
S1-761192021	A Choice Carlyle Inc	18365 Mountain Road, Hanover County, VA	US
S1-76146608	Haveli Flour Private Limited	Unit No. 701 Aquila Apartments Plot No 101, Anand Park, Haveli, Pune, Maharashtra	India
S1-761643903	LH Finance Ltd	Delhi, North West Delhi, Vardhman North -Ex Plaza Netaji Subhash Place, House No. H-4 Shop No - 304 3Rd Floor, Delhi	India
S1-762410295	Urgent Care Clinic	1409 Clay Street, Mountain Home, AR	US
S1-763450941	Nair's Bakery	643 Casper Road, Rio Rancho, NM	US
S1-764114843	Scholarship Network VI	39 Dunster Road, Bedford, MA	US
S1-76427580	Kalyani Sand	Visakhapatnam, Vishakhapatnam, 50-13-25/54 Seethammapeta, Andhra Pradesh	India
S1-7646325	Coralyn Benett Diamond Northland	151 7th Street, Oyster Bay, NY	US
S1-764726689	Pediatric Dental Clinic	85 Azalea Lane, Andrews, NC	US
S1-76507658	Peflovue Worldwide Inc.	12755 Mill Creek Road, Lolo, MT	US
S1-765690318	Milena Hietpas Pro LP	325 P Street, Unit 710, Washington, DC	US
S1-766065023	Colonial Institute Clinic	14460 White Top View, Washington County, VA	US
S1-766278627	Kolkata Real Private Limited	P-16, Bentinck Street, Kolkata, Kolkata, Howrah, West Bengal	India
S1-766589828	Boo L.L.C.	3 Groom Street, Unit 3R, Boston, MA	US
S1-767934955	Stoddard, Sargent & Chandran Inc	96 Knob Hill Estates Road, Sylva, NC	US
S1-768015158	Gonzales Globa Aurora	935 Moneta Avenue, Aurora, OH	US
S1-768558896	Advika Clinic Pvt Ltd	Flat No A-404, Celesta Iggaluru Village, Bangalore South, Bangalore, Karnataka	India
S1-769201218	Atlantic Health Center Group	1207 36th Avenue, Unit STE B, Anchorage, AK	US
S1-769453592	Royal Logistics Pvt Ltd	3Rd Floor, 184/3, Gopal Lal Tagore Road, Kolkata, Kolkata, Howrah, West Bengal	India
S1-769557971	Raso & Vanderpool Fox	2215 San Juan Trail, Tucson, AZ	US
S1-769559180	Ace Aerospace Services	2169 Sagecrest Loop, NM, Rio Rancho	US
S1-769619488	Fontenot and Eppard Franklin	1385 Cross Street, Salem, OR	US
S1-769639906	Community Cornerstone Council	41620 Shreve Mill Road, Loudoun County, VA	US
S1-769832601	Luthra Solutions Limited	F.No.-G-2 P.No.- 36 Dharam Nagar Gopalpura Bypas, Jaipur, Rajasthan	India
S1-769842088	Environmental Council Care	826 R College Highway, Southwick, MA	US
S1-770861340	Ardyce Opp Fields LLC	2242 91st Street, Chicago, IL	US
S1-771021108	Harbor Complete Laboratories	121 Century Street, Sheppard Afb, TX	US
S1-771573745	Cornerstone Quality Pet Care	1716 Lynn Street, Mishawaka, IN	US
S1-77179764	MW Priority L.L.C.	106 Fite Avenue, Carthage, TN	US
S1-77242710	Venevue Johnson PLLC	411 Annaberg Lane, Monroe, NC	US
S1-772529270	Bittu Trading Pvt Ltd	Gut No 277, Digol Amba, Ambejogai, Ambajogai, Beed, Maharashtra	India
S1-772670078	HSH Center Limited	Fl N-K-108 Sr N-12/16-17, Montilla Aldea Annexo, Haveli, Pune, Maharashtra	India
S1-772821878	Whatley & Uribe Inc	3942 22nd Avenue, Cleveland, OH	US
S1-773684229	Rapid National Made, Inc	3202 Trigg Street, Amarillo, TX	US
S1-774249108	Sepl Institute of Technology	B-45 Haryhur Society Village Khambhat Taluka Khambhat District Anand, Khambhat, Anand, Gujarat	India
S1-774886240	Star Enterprises Private Limited	Vishakhapatnam, D No 15-2-4, Bank Colony, Prasanthi Nagar 1St Lane, Narsipatnam, Visakhapatnam, Andhra Pradesh	India
S1-775105256	Primary Care Advanced Health LLC	676 Taylor Avenue, La Pryor, TX	US
S1-775627331	Star Payment Advisors	Edwardsville, KS, 1550 105th Street	US
S1-775803070	Clark Best Stores LLC	821 Chadwick Circle, Frederick, MD	US
S1-775889398	Pediatric Precision Partners Corp	135 Center Tree Drive, Palacios, TX	US
S1-775935177	Heritage Research Global LLC	2680 Rio Bravo Circle, Sacramento, CA	US
S1-776954181	Technology Xact Sports Ltd	# 55, 2Nd Cross, Shampur Road, Coffee Board Colony, Bangalore, Karnataka	India
S1-777971914	Gkk Business Private Limited	Vii/415-L10, Second Floor Golden Plaza Building, Tb Junction, Angamaly, Ernakulam, Kerala	India
S1-778412557	Happy Tavern	Cary, NC, 102 Martins Point Place	US
S1-778726773	Quill Polytechnic	31, Lbs Street Sastri, Str Muthankadu, Erode, Tamil Nadu	India
S1-778930127	Choice Douglas	521 28th Avenue W, Tulsa, OK	US
S1-779780884	Vijay Foundation Pvt Ltd	C/O Pradip Kumar Mitra, S.M Pally North, Englishbazar, Malda, West Bengal	India
S1-779954871	Strategic Harbor Mortgage	2934 El Charro Place, Albuquerque, NM	US
S1-780092080	Corona Academy	814 Hartman Circle, Unit 4, St Peters, MO	US
S1-780189346	Young Interests	AZ, Phoenix, 15001 29th Avenue	US
S1-780804859	Smart Marketing Pvt Ltd	House No 2169/79, Dixit Nagar Nari, Nagpur, Maharashtra	India
S1-781048233	Jay Business Private Limited	Patna, Bihar, C/O Raj Kumari Devi W/O Anup Raj Yadav Mohanpur, Patna, Punaichak, New Capital	India
S1-781103531	Shree Valley Limited	No. 13, Jagannath Nivas, Ground Floor, Avantikabai Gokhale Cross Road, Opera Ho, Use, Mumbai, Mumbai City, Maharashtra	India
S1-781264920	Harbor Medical Center	8612 Smart Avenue, Kansas City, MO	US
S1-782527730	ISQ Five	44 Wayne Drive, Eutaw, AL	US
S1-782879077	Nagora Interiors-Kannur	Zahra Complex, Ballard Road, Beside New Nikshan Electronics, Kannur, Building.No 52/6094, Kerala, Kannur	India
S1-78362278	Byrd Pinnacle Rock LLC	4420 Canyon Coral Way, Rancho Cordova, CA	US
S1-783699662	Star Investment Limited	47 Mandir Road Flat No 4D1 P S Dum Dum, Calcutta, West Bengal, Kolkata	India
S1-784006004	Kolkata Exporters Private Limited	18, Rabindra Sarani, Poddar Court Gate No. 4, 3Rd Floor, Room No. 320, Kolkata, Kolkata, Howrah, West Bengal	India
S1-784144577	Guru Services Private Limited	18, Ramashree Arcadeii Floor, M.G. Road, Bangalore, Karnataka	India
S1-784327453	Satyam Consultants Private Limited	A-121 A, Floor 12Th Plot-224, A Wing, Mittal Court Jamnalal Bajaj Marg, Mumbai, Maharashtra	India
S1-784435931	Krishna Hospitality Private Limited	Atlagari Canal Para Road, P.O. : Contai, Dist. : Midnapur (East), Midnapur, Midnapore, West Bengal	India
S1-784474965	Vaughn, Martino and Aiello Consultants LLC	320 Foley Street, Sullivan, IN	US
S1-784555375	Technologies Matru Marine Limited	Ashoka Palace, 877, East Park Road, Delhi, New Delhi, 101, West Delhi	India
S1-784973933	Health Valley Charities Inc	4 Hilltop Drive, Pittsford, NY	US
S1-785045662	JYI Prime Inc	1209 La Rail Drive, Fl 1, Columbia, MO	US
S1-785596927	Ganpati & Co	Level 5, Dnyanvatsal Complex, Opp. Vandevi Mandir, Karve Nagar, Pune, Maharashtra	India
S1-785731389	Genao Choice Jena Associates	MO, Ballwin, 1232 Weatherton Place	US
S1-786394724	Foot & Ankle Specialists of Paris	930 Center Street, Paris, TX	US
S1-786913296	4448 Seventh Way Holdings	525 50th Place, Unit 31, Washington, DC	US
S1-786940733	Heritage Fund LLC	581 Davis Street, Virginia Beach City, VA	US
S1-786985867	Custom Financial Company	H-109, Ground Floor, Village Bamnoli, Near State Bank Of Patiala, Pole No.96, New Delhi, South West Delhi, Delhi	India
S1-786987838	Romas, Dixon and Partridge Priority LLC	1417 Plymouth Lane, Tuscaloosa, AL	US
S1-787009435	Weber Epr PC	6 Saratoga Avenue, Waterford, NY	US
S1-787719241	Vision Associates LLC	3180 129th Lane, Blaine, MN	US
S1-787776209	Heritage Community LLC	149 Beach Avenue, Unit Apartment 301, Kennebunk, ME	US
S1-788224716	Dryden Innovative Fortunex	198 Park Way Drive, AZ, Tonto Basin, Unit 47	US
S1-788303618	Federal Marine Advisors LLC	113 Main Street, Jackson Center, OH	US
S1-789288478	Continental Rock Inc.	138 Gully Oven Road, Lebanon, ME	US
S1-790068274	Om Investments Private Limited	403 Central Tin Industrial Estate, A G Pawar Lane Sussex Road Byculla East, Mumbai, Maharashtra	India
S1-790108889	Akhil (India) Infra Limited	B-10, Greater Kailash, Enclave Part-1, New Delhi, South Delhi, Delhi	India
S1-790598760	Tapia Custom Odyssey Co	4417 20, Bldg Building 1320, Devils Lake, ND	US
S1-791219581	Red Marketing Limited	Dhiraj Baug, Bhakti Mandir Road, Naupada, Near Hari Niwas Circle, Thane (, West), Thane, Maharashtra	India
S1-792174639	Dynamic Energy Worldwide Inc	61 Elm Street, Potsdam, NY	US
S1-792481942	Tirupati & Brothers Private Limited	Survey No. 313-2, Kardej Bhavnagar- Rajkot Road, Navagam, Bhavnagar, Gujarat	India
S1-792705717	Anderson Floating	866 30th Avenue, Santa Cruz, CA	US
S1-792872528	Reed Montessori School, Inc	204 Tenth Street, Chester, WV	US
S1-792896996	Angeles Shipping LLC	1010 F Street, Harlingen, TX	US
S1-794060112	Value Software Group	2028 Birch Avenue, Unit Apt 2, Fayetteville, AR	US
S1-795093736	Crystal Southern Partners	6155 Copper Circle, Roanoke County, VA	US
S1-796234929	Gestalt Lifecare (India)	179A, 1St Floor (B/P) Southern Jeewan Nagar, New Delhi, South Delhi, Delhi	India
S1-796421498	Creative Projects Limited	12Thfloor, C, 1204, Roya Oasis, Jankalyan Nagarmalvani, Nr Billabong School, Malad W, Mumbai, Mumbai City, Maharashtra	India
S1-79664859	Salih Partners LLC	745 Galen Drive, Patton Twp, PA	US
S1-796744920	Tpg & Co	Glitters, V Shantha Nagar Madambakkam, I 3, I - 4, Chennai, Tamil Nadu	India
S1-797073110	Pediatric Dentistry Desert Clinic, LLC	2958 Greenwood Avenue, Ontario, CA	US
S1-79721927	Tirupati Solutions Pvt Ltd	Arkha, H. No. 493, Unchahar Raebareli, Raebareli, Rae Bareli, Raibareilly, Uttar Pradesh	India
S1-797337525	Corner Hair Studio	536 Chicago Avenue, Highland Park, IL	US
S1-797443313	Chen Classic Championsgate L.L.C.	Marion, OH, 2754 East Drive	US
S1-797453242	Chamundeshwari & Sons Limited	Shop No. 2, 2Nd Floor, Jagdamba Palace Near Gurgaon Dreamz Mall, Old Railway Ro, Ad, Gurugram, Gurgaon, Haryana	India
S1-797816408	Global Program	2315 R Street, Washington, DC	US
S1-79836286	Superior Materials Company	60 Porter Hall, City Of Platteville, WI	US
S1-798705024	Regional Society	54-26 63 Place, Maspeth, NY	US
S1-799097253	Chiropractic Specialists LLC	1010 310th Street, Kiron, IA	US
S1-800159218	TM Services Pvt Ltd	1/G Khudiram Bose Sarani, Saltee Plaza, 6Th Floor, Room No - 612, Cabin -M25, Kolkata, Kolkata, Howrah, West Bengal	India
S1-800301400	Dev Services Private Limited	Office No 103, Ganesh Smruti Gaothan, Virar West, Thane, Maharashtra	India
S1-800766628	Physical Therapy Rocky Associates Inc.	125 Villa Avenue, NY, Yonkers	US
S1-801289176	Royal Consulting	100 Amber Woods Drive, Tega Cay, SC	US
S1-802535179	Goar Stone LLC	2105 Wood Ridge Cove, Cedar Park, TX	US
S1-802842698	Bombay Food Private Limited	No B 48 Twin Courts, Facit Road Sholinganallur, Saidapet, Kanchipuram, Tamil Nadu	India
S1-8030498	Arihant Food Pvt Ltd	D. No. 4-164, 7Th Line, Dwarakanagar, Babametta, Vizianagaram, Andhra Pradesh	India
S1-803160097	Shyam Global	Rajesh S/O Sh. Ramkumar Village Mirzapur, Hisar, Po Mirzapur, Haryana, Hissar	India
S1-803297813	Keor Management Inc	351 Itasca Street, Wood Dale, IL	US
S1-80386057	Black Foundation Private Limited	R-18/19 Basement Pul Pehladpur, Delhi, South Delhi, Delhi	India
S1-805270858	Star Energy Limited	Mnit Campus, Rajasthan, Jln Marg, Jaipur, Jaipur	India
S1-805319803	Seven Global Pvt Ltd	S.No.40, Digambar Nagar, Maharashtra, Pune City, Pune	India
S1-805372569	Dacia's Advisors	8230 Summa Avenue, Baton Rouge, LA	US
S1-805465027	Mumbai Consultancy Private Limited	Mumbai Churchgate, 6F Vaswani Mansions 120 Dinshaw Vacha Road, Churchgate, Mumbai, Mumbai City, Maharashtra	India
S1-805836305	Hotel Solutions Private Limited	T C 37/1859Vrindavanam West Fort Fort P O, Trivandrum, Kerala, Thiruvananthapuram	India
S1-806032435	Memorial Society	Milepost 109.7 I88 Highway, Sugar Grove, IL	US
S1-806485693	Cross Endocrinology	17820 State Line Road, Lansing, IL	US
S1-806813364	Otm Craft Private Limited	Knowledge Centre, Street No. 17, M.I.D.C. Andheri (E), Mumbai, Maharashtra	India
S1-807049666	Purti Software LLP	290 3 2, Old Delhi Road, Prem Nagar 2, Sadar Bazar, Gurgaon, Haryana	India
S1-807131356	West Royal Tankers LP	Richardson, 525 Main Street, TX	US
S1-807921690	Capizzi Classic Velos Inc	Hope Mills, NC, 5517 Gilcrest Sands Drive	US
S1-807990988	Hart Creative Activate Inc	Brooklyn, OH, 7440 Brookpark Road	US
S1-808229884	Superior Islands Co	Harriman, 144 Foster Avenue, TN	US
S1-808981190	Environmental Guild	200 Crestwood Drive, Avinger, TX	US
S1-809138928	Chiropractic Partners LLC	506 Overhill Road, Plymouth Township, PA	US
S1-809240291	Bharat Exports Pvt Ltd	401Srivenkateswaraenclave, Road No. 10/B, Manikonda, Rangareddy, Telangana	India
S1-809282469	Classic Management Private Limited	479/3, Harchand Mill Road, Near Bhumi Market, S.A.S.Nagar (Mohali), Fatehgarh Sahib, Punjab	India
S1-80983688	Synflonet Group Partners	5600 -132 Ocean Front Avenue, Virginia Beach City, VA	US
S1-809883172	Schmitt Delta Chain	NC, Charlotte, 2125 Lynbridge Drive	US
S1-809884762	Data Marketing Industries Inc	9317 73rd Street Court, Gig Harbor, WA	US
S1-810086292	Moseley Metro Oneim LLC	2368 Ansley Street, Alliance, OH	US
S1-810150027	Classic Consultants Pvt Ltd	No.36, K.P.N.Colony, 1St Street, Tirupur, Coimbatore, Tamil Nadu	India
S1-81039617	Straight Edge Bakery	707 Prospect Street, Southington, CT	US
S1-810734839	Ronet Clear Texas, L.L.C.	3876 Pincher Street, Bellingham, WA	US
S1-810776573	Unique Media Private Limited	Delhi, New Delhi, Shopping Centre-Ii Mansarovar Garden, D-13	India
S1-810919651	Capital Fresh Biomedical	Sioux City, 2912 Hamilton Boulevard, IA	US
S1-810962623	Tech Foods Private Limited	15, F.P.396, Fariawala, Estate, Opp. Hotel Avtar, Ahmadabad City, Ahmedabad, Gujarat	India
S1-811364114	A Cure 7 You LLC	311 Commonwealth Avenue, Unit 20, Boston, MA	US
S1-811600560	Green Sterling Midcap, LLC	209 Mira Vista Drive, Santa Cruz, CA	US
S1-811904920	Karoline Gray Direct Crescent LLC	210 Wisconsin Avenue, Villa Park, IL	US
S1-812149828	Capital Pacific Galaxyedge	105 Haven Street, Forrest City, AR	US
S1-812274502	Mumbai Innovative Pvt Ltd	Lahuji Salve Nagar, Bhd.Suncity Hotel, Midc Road No.19 Andheri (East), Mumbai, Bandra Suburban, Maharashtra	India
S1-812739621	SGF Medicine LLC	1520 Wagner Drive, Gilbert, AZ	US
S1-813025320	Southern Bright Properties Private Limited	Floor-Grd, Plot-70, J R Shetty Building, Nakhoda Street, Off Abdul Rehman Street, Pydhonie, Mandvi, Mumbai, Maharashtra	India
S1-813170327	Urban Energy LLP	Surat, Gujarat, Laxminarayan Ind. Park Brc Compound, Bhedwad, Udhna, Plot No. D/27-33	India
S1-813313819	Physical Therapy Center	4459 College Avenue, Indianapolis, IN	US
S1-813635296	Signature Corporate LLP	NM, 1630 Marquis Lane, Hobbs	US
S1-814226008	Corner Barbershop!	18235 Lisbon Road, City Of Brookfield, WI	US
S1-814379016	Castelli Brookfield LLC	141 Saundersville Road, Unit 2104, Hendersonville, TN	US
S1-814453621	Cascade Trust Rogers Inc	5038 Winston Court, Rogers, AR	US
S1-815311884	Rodriguez Calisa Corp	5688 Cr 21, Helena, OH	US
S1-815859580	Legacy Electronics Partners Corp	1019 Hugh Street, Frontenac, KS	US
S1-816276493	Kirti & Partners Private Limited	4Th Floor, Office-419-420, Zenon, Nr. Kiran Moters, New Civil Road, Surat City, Surat, Gujarat	India
S1-816603992	Total Dividend LLC	401 Allen Avenue, Bonham, TX	US
S1-817145938	Mumbai Galvanizing LLP	Unit No 422, Maharashtra, 4Th Floor, Neelgiri Industrial Estate, 183, Tokershi Jivraj Road, Sewri (West), Mumbai	India
S1-817528443	Thompson Better Deutsche LLC	1347 Bluewater Road, Rockingham County, VA	US
S1-818320211	Rozy Media Limited	Survey Number 127/P1, Opp, 66 Kv Ss, Varetha, Mahesana, Kheralu, Mahesana, Gujarat	India
S1-818562010	Allen Shore LLC	1403 Pleasant Avenue, Ontario, CA	US
S1-818654914	Foot & Ankle Clinic Inc.	9 Blue Water Circle, Sacramento, CA	US
S1-818888308	Anvil LLC	1701 Colter Street, Unit 302, Phoenix, AZ	US
S1-819219648	Tech Samyak Textiles Pvt Ltd	Plot No-663, Bypass Godam Kudra Bypass Road, Gawai, Ward No-20, Bhabua, Kaimur, Bihar	India
S1-819320296	Federal Payment Labs, LLC	8853 Ahmed Avenue, Elk Grove, CA	US
S1-819543364	XD Allied Total Inc	34137 Eureka Avenue, Yucaipa, CA	US
S1-819980199	American Metro Blockchain L.L.C.	3150 Glen Oaks Avenue, Unit Unit 209, White Bear Lake, MN	US
S1-820932784	Platinum Cornerstone Centurion Inc.	Vilonia, 12 Hasting Place, AR	US
S1-82116945	Shree Producer Private Limited	1/54, Bharathiar Street, Moovarasampet, Chennai, Tamil Nadu	India
S1-821224291	Galaxy Global Private Limited	Archit Royal Apt, Mahatma Nagar, Nashik, B-401, Maharashtra, Nashik	India
S1-821305941	Life Tech Private Limited	405, Mehta Court Annex, 13, Gilder Lane, Mumbai, Maharashtra	India
S1-821974326	Devereaux & Blanchard Johnson	108 Roundtable Drive, Peters Township, PA	US
S1-822087158	Bhopal Consultancy Limited	39, Old Ashoka Garden, Near Church, Raisen Road, Bhopal, Madhya Pradesh	India
S1-822243995	BKU Anchor Skin Care LLC	1124 Lake Street, Unit # P53, Oak Park, IL	US
S1-822548240	Solutions Amr Krishna Associates	B-219, Florence Marvel, Sushant Lok-Iii, Dlf Qe, Gurgaon, Haryana	India
S1-823691936	SA (i) Ltd	Shop No. 6, First Floor, Riddhi Siddhi Complex, Near Sbi Bank, Village Dholera, Taluka Dholera, Dhandhuka, Ahmedabad, Gujarat	India
S1-823741381	Sarasiya Infraprojects Private Limited	# 12-10-587/2/B, Road No 4, Medibhavi, Seethafalmandi, Secunderabad, Hyderabad, Telangana	India
S1-823862117	Kuber Trading Limited	Blk No. 3, 2Nd Floor, Sane Guruji Premises, 386, S.V. Savarkar Marg, Opp. Siddhivinayak Temple, Prabhadevi, Mumbai, Mumbai City, Maharashtra	India
S1-82389662	Bvs Medical Centre Private Limited	Delhi North East, North West Delhi, Delhi, E-5/405, Gali No. 8, Netaji Subhash Mohalla, Sonia Vihar	India
S1-824514388	Harbor First Trailblazer LLC	3208 Glenda Avenue, TX, Haltom City	US
S1-824593688	India Sky Slimming Pvt. Ltd.	S-100, S/F, Manish Global, Mall, Dwarka Sector-22, New Delhi, South West Delhi, Delhi	India
S1-824750735	Arth Educational Society	Patna, Bihar, Phulwari, Ashiana Digha Road, 404 S. S. Enclave	India
S1-825385187	Education Program LLC	2939 Country Place Circle, Carrollton, TX	US
S1-825411169	Redstone Traders Private Limited	4 Hari Nivas C Road Churchgate Mumbai, Mumbai, Mumbai City, Maharashtra	India
S1-825527650	Quality Dte LLC	717 6th Street, Hope, AR	US
S1-825683224	Morales Runway PC	5074 Lowell Street, Washington, DC	US
S1-825828879	Tri-State League V	WA, 10858 218th Street, Kent	US
S1-826880522	Maple Lake Advanced Fuse	40 Birch Avenue, Maple Lake, MN	US
S1-827023077	Pacific Fund	IN, 8853 Briarclift Road, Indianapolis	US
S1-827088167	Bangalore Equip	No. 88, Borewell Road, Desk No. 210-T, Opposite To Whitefield Post Office, Bangalore, Karnataka	India
S1-827404843	Curtice's Signs	16 Grasslands Circle, Brookhaven, NY	US
S1-827502630	North Hari Software Pvt Ltd	C/O Nirmal Bandyapadhya, Villand Puratanbongaon, Kalupur, North 24 Parganas, West Bengal	India
S1-828081772	Preferred Property Alliance Inc	133 Crescent Street, Georgetown, TX	US
S1-828114451	Halcola Activate PC	12 Oriole Lane, North Oaks, MN	US
S1-828621597	Petty Virtus of Allen	1000 Blackenhurst Lane, Allen, TX	US
S1-829050368	Pierce Charles Inc	1957 Old Conover Startown Road, Newton, NC	US
S1-829629377	Louis, Howard and Mclaughlin	119 Brainerd Road, Unit 4, Boston, MA	US
S1-830650781	Rvd Language Group	3-Fr Fl-3D 5C Sandal Street Kolkata, Kolkata, Howrah, West Bengal	India
S1-8306734	Varshika Foundation Private Limited	C/O-Sudhansu Sekhar Sahoo, Sahadevkhunta, Baleshwar Sadar, Balasore, Orissa	India
S1-830776667	Strategic Talent Dynamics	6220 Cr 862, Pearland, TX	US
S1-830900508	New Delhi Prop Pvt Ltd	New Delhi, A-85, Delhi, South West Delhi	India
S1-831117469	Supreme Exploration Inc.	1026 Grovehill Road, Halethorpe, MD	US
S1-831381976	Arnold, Jones and Kyle LLC	DE, 33565 Matthew Circle, Lewes	US
S1-831407036	Future Finance Private Limited	Promotor- Ah -35, Salimar Bagh, New Delhi, Delhi	India
S1-831456529	Grace Chapel	22 Lewis Drive, City Of Aberdeen, MD	US
S1-831727591	York Spacsphere	IA, 875 Spruce Street, Waukee	US
S1-832639493	Ford Ace Valuence LLC	182 Elizabeth Parkway, Akron, OH	US
S1-832809894	Deese Charter LLC	184 Windstone Crossing Trail, Troutman, NC	US
S1-833195011	Share Kay Private Limited	11 Sunder Puri, Bulandshahr, Uttar Pradesh	India
S1-833268125	Fortune Foundation Private Limited	Plot No.-4535/6198 Gudianali, Dhenkanal, Orissa	India
S1-833899481	Elladine's Realty	1350 Van Buren Street, Unit 1012, Phoenix, AZ	US
S1-833904625	Pacific Pacific Communications	3300 30th Terrace, Topeka, KS	US
S1-833953203	Young, Carole J., D.O., PC	11128 Coleman Lane, Elberta, AL	US
S1-83402127	Raj Global Limited	611 - A, Tulsiani Chambers, Nariman Point, Mumbai, Mumbai City, Maharashtra	India
S1-834741452	PY Elite	WA, 5240 45th Avenue, Seattle	US
S1-83476125	Unique Innovative Solutions Pvt Ltd	C/O Rguvir Singh, Sarkari Hospital Ky Pass Reengus, Reengus, Sikar, Rajasthan	India
S1-834864420	Peacock Trust Ltd	2-10-309/2/6 Prasanthinag, Hanamkonda, Warangal Urban, Telangana	India
S1-834902868	Colonial Trust	43 Crocker Avenue, Tisbury, MA	US
S1-834925961	Gurgaon Production Private Limited	101, 1St Floor, Bestech, Business Tower, Sector 48, Gurgaon, Haryana	India
S1-83534470	Jayco (india) Private Limited	56Gharpure Path Girgaum, Mumabi, Mumbai, Maharashtra	India
S1-835727132	Pioneer Foundation Private Limited	Ludhiana, B-Xx-550 Ghumar Mandi, Ludhiana, Punjab	India
S1-835747291	Juliann Rockwell Chadwick LLC	1205 Spaulding Avenue, Chicago, IL	US
S1-836296604	Coromandal Marketing Private Limited	G-3, Neel Madhav, Valji Ladha Cross Road, Near Hiera Mongi Hospital, Mulund (W), Mumbai, Maharashtra	India
S1-836720513	Merralee Barnes, D.C.	Houston, TX, 6201 Southwest Freeway	US
S1-83679816	Balaji Tech Private Limited	Kushalpura, Chanwaji, Jaipur, Rajasthan	India
S1-837458454	High Constructions Pvt Ltd	Flat No313 Vaastu Hill, View 3 Apartment, Bangalore South, Bangalore, Karnataka	India
S1-837523160	Chiropractic Physicians	1016 309, Johnstown, NY	US
S1-837542024	A Crystal Credit Inc	553 Par Drive, Unit Apt 6, Marion, AR	US
S1-837569907	Valley Pediatrics LLC	1020 Banks Street, Fort Worth, TX	US
S1-837652863	Shree Clinic	61-1, Thotta Salai, Vagarayam Palayam, Coimbatore, Tamil Nadu	India
S1-837967059	Ivenara Bancorp	3170 Gilbert Road, Fl 0, Chandler, AZ	US
S1-838131493	Dana E. Hoffman, D.D.S.	33 Solar Lane, North Hempstead, NY	US
S1-838440848	Lyra Fast Inc	WA, 25210 Mirrormont Boulevard, Issaquah	US
S1-838870863	Internal Medicine Health, LLC	10 Hartsdale Street, Smithtown, NY	US
S1-838913747	Duffy Express Omega	30 Lorraine Avenue, NY, Unit Apartment 6A, Mount Vernon	US
S1-839027913	Ace Unique Infra LLP	S-126, Basement, Greater Kailash - 1, Delhi, South Delhi, Delhi	India
S1-839132383	Vans Hire Pvt Ltd	Door No Iii/173 Bchirayath Building Cheriakkara Road Putthonchira, Post Thrissur, Malappuram, Malapuram, Kerala	India
S1-839132496	Apex Foundation Limited	C-5, Chemical Zone, M.I.D.C.Kalyan Badlapur Road, Amernath (West), Mumbai, Maharashtra	India
S1-839336653	Kinesis (India) Infraproperties Ltd	2/113 Raheja Crest, Oshiwara Off New Link Rd, Mumbai, Maharashtra	India
S1-839348084	Tirupati Computech Private Limited	Workshop Corner, Mettur Town, Salem, Tamil Nadu, Door No.10/160 E, Mettur	India
S1-839441458	Corner Bike Shop	1314 Smithtown Avenue, Unit Apartment 12, Islip, NY	US
S1-839680533	Clean India Private Limited	F3, 1St Floor, Shiv Complex, Village Vallabh Vidhyanagar(M), Taluka Anand, Dist. Anand, Anand, Gujarat	India
S1-840021103	Surgical Care of Dixie	4089 Dixie Highway, Dixie, WV	US
S1-84017783	Siex Metropolitan Mercator Inc	912 Bowie Street, Amarillo, TX	US
S1-840985760	C-Scheme (india) Private Limited	4, Vivekanand Marg, C-Scheme, Jaipur, Rajasthan	India
S1-841262640	Golden It Limited	Villa No-1, Aparna County B/H Mathrusri Nagar, Miyapur, Hyderabad, Telangana	India
S1-841516809	PRU Exports Ltd	4, Mahi Rupaji Pagi Chawl, Seva Nagar Link Road, Behram Baug, Jogeshwari (W), Mumbai, Mumbai City, Maharashtra	India
S1-841818002	Hammar, Travis and Mishler Sprott	57023 County Road 612, Kansas, OK	US
S1-841824519	Thibodeaux & Davis Inc	IL, 2211 Shannondale Drive, Green Oaks	US
S1-842019434	Sky All Technology Private Limited	32-B, Ff Ashoka Avenue, Sainik Farm, New Delhi, South Delhi, Delhi	India
S1-842996937	Arlina Kaestner Highland Australia Inc	573 Beaver Creek Road, Smyth County, VA	US
S1-843179540	Cecile M. Roberts, Ph.D.	196 Reservoir Avenue, Westfield, MA	US
S1-843199788	Shantaram Institute of Technology	D-38/A, Ashok Marg C-Scheme, Near Ahinsa Circle, Rajasthan, Jaipur	India
S1-843207570	XX Maintenance	Lansdale Borough, PA, 733 Willow Street	US
S1-843288007	Skyline Advisory Private Limited	House No. 1184, Sector 5, Urban Estate, Kurukshetra, Haryana	India
S1-843338624	Quality Infrastructure Ventures	NC, Winston-salem, 2990 Walnut Forest Court, Unit M	US
S1-843365595	Noyes Disciplined Inc.	6955 Teton Circle, Mesa, AZ	US
S1-843400203	Adarsh Polytechnic	Unit No 404, 4Th Floor, B-Wing, Maruti Chambers, Veera Desai Road, Near Yash Raj Studio, Andheri West, Mumbai, Maharashtra	India
S1-843414379	Cascade Initiative	TX, Unit 17, Round Rock, 600 Round Rock Drive W	US
S1-844770393	PO Premier Mobile LLC	6733 Kelly Avenue, Albuquerque, NM	US
S1-845355596	Hitech Care Pvt Ltd	2/224 R, Kuzhikkattu Plaza, Opp. Bsnl Exchange, Ernad, Malappuram, Malapuram, Kerala	India
S1-84540973	International Staffing Innovations Billings	356 Westchester Square, Billings, MT	US
S1-845429639	Department of Aging	2708 Forest Edge Way, Knoxville, TN	US
S1-845522274	Smart Trading Advisors Inc	5577 165th Place, Portland, OR	US
S1-846265901	Crump Choice Guggenheim Inc	VA, Isle Of Wight County, 13248 Queens Gate Terrace	US
S1-846409834	Great Solutions Private Limited	Delhi, North West, Jyoti Apartments. Parwana Road Road No. 42, Behind Deepali, Pitampura, Delhi, 35	India
S1-84668021	Raj Consulting Private Limited	712, Plaza Panchshil, Gamdevi, Mumbai, Maharashtra	India
S1-846905115	Zee Services	Plot No. 1599, Mohali, Punjab, Mohali, Ground Floor Sector - 82	India
S1-847347269	Rosalind B. Hernandez, DPM	15 Quincy Close, Ridgefield, CT	US
S1-847783698	Jennilee Saucier Gen	City Of Racine, 3628 Spruce Street, WI	US
S1-848269777	Sai Foods Private Limited	No. 35, 2Nd Floor, Annai Theresa Street, Anandhapuram, East Tambaram, Chennai, Tamil Nadu	India
S1-848624571	Rashmi Mesh Private Limited	C-57 East Krishna Nagar, Mandir Marg, Delhi, East Delhi, Delhi	India
S1-848967441	Arihant Royal Management Private Limited	C-204 Shikshapatri Height, B/S Astha Row House, Chorayasi, Surat, Gujarat	India
S1-849023530	YJ Effects	No. 1, 3Rd Floor Asr Towers, 200 Ft Road, Sastha Nagar Annex, Villivakkam., Chennai, Tamil Nadu	India
S1-849268824	Stokes Best Old	22 Collins Cove Road, Machiasport, ME	US
S1-84953270	FT Keystone Big Inc	136 Willow Creek Street, Fl 1, Chandler, AZ	US
S1-849751400	Morgan Entergy Inc	TX, 616 Belforte Boulevard, Hsb Llano Co	US
S1-849886484	Heer Brothers Private Limited	Jaipur, Rajasthan, P.No. A-28 Riico I Kaladera, Chomu	India
S1-851051313	Ridge Diana LP	Greenville, NC, 1725 Arlington Boulevard, Unit 102	US
S1-851561727	Premier Products Private Limited	Pada No-4, Thakur Sheth Compound, Pathare Chawl, Behind Bakery, L M Nagar, Thane, Thane, Maharashtra	India
S1-852416933	Spear Rmg	2856 Spring Place Road, Cleveland, TN	US
S1-8527176	Crowder Holding Company LLC	3605 O Street, Washington, DC	US
S1-852814239	Rovera Signature Allstate	750 Loudon Road, Colonie, NY	US
S1-853515629	Flying Group of Companies	7 Ganesh Chandra Avenuep.S. Bowbazar, Kol, Calcutta, West Bengal	India
S1-853519891	Gulf Liquidity LLC	CA, 33847 Washington Drive, Yucaipa	US
S1-853829630	Ward Ridge Signs LLC	9365 Harrison Street, Des Plaines, IL	US
S1-854054479	Pine Hall Clear Odyssey	1401 Ridge Road, Pine Hall, NC	US
S1-854063113	Josey Pioneer Dynamic	4101 Rancier Avenue, Unit 612, Killeen, TX	US
S1-854087923	Discover Broadband Private Limited	17/160. Sardar Ganj, B/H. Market Yard Office, Chanansma Highway, Patan, Gujarat	India
S1-854477765	Harris and Pulley King Inc	1012 Hayes Street, Fairfield, CA	US
S1-854479723	Best Semiconductor Global LLC	1928 Ridgewood Drive, Seven Hills, OH	US
S1-855777661	Agarsen Memorial Trust	C 104, Ashirwad Park B/H Krish Hotel, Opp. Panjara, Vastral, Ahmedabad, Sabar Kantha, Gujarat	India
S1-85595248	Lee, Babb M., P.A. Care	14546 Seventh Street, Victorville, CA	US
S1-856054544	I+ Paceline, LLC	1517 Kellett Avenue, Schulenburg, TX	US
S1-856168670	Shaan Project Associates	Flat No.105, 10Th Block, Vaddepally Enclave Near Chittaramma Temple, Vivekanandanaga, R Colony, Kukatpally Hyderabad, Hyderabad, Telangana	India
S1-856211419	Dia, Inc	675 Brookbend Court, Waxahachie, TX	US
S1-856455595	Simon Prairie Smith Inc	Weatherford, 602 Duke Street, TX, Fl 0	US
S1-856522775	Johnson Smart of Raleigh	Unit 411, NC, 11200 Tidewater Lane, Raleigh	US
S1-856630745	Roblero Tri-State Enbridge, LLC	MA, Unit 431, Boston, 2 Monsignor Albert A. Jacobbe Road	US
S1-856682525	Diamond Transport	295 Holly Street, Vidor, TX	US
S1-856896940	Superior Paper P.C.	Eureka Springs, AR, 15 River Run Road	US
S1-857232066	Ayra Traders Pvt Ltd	No. 2-131, Gulbarga, Karnataka, Opp. Hasnapur Camp, Post Divalgudda, Shorapur, Yadgir	India
S1-857258432	Basham Aimei	216 7th Street, Brainerd, MN	US
S1-858227616	Neo Entrepreneurs Limited	Sundargarh, Rourkela, Orissa, Opp. Of Employment Exchange Uditnagar	India
S1-858399873	Solutions India Solution Private Limited	Co-Janmejay Bir, Plot No-91, Khata No- 191/156, Mauja-Balikuti, Tahashil-Baliapal, Baleswar, Balasore, Orissa	India
S1-858598167	Custom Regional Cola LLC	1080 A State Road 519, Petaca, NM	US
S1-858859994	Longshoremen Local 649 Care	2541 8, Lake Pleasant, NY	US
S1-859087027	Toify	6619 Bella Palazzo Court, Orangevale, CA	US
S1-859149139	Heritage Marketing International	43773 Wade Drive, Maricopa, AZ	US
S1-859649679	Marketing Sharda Marketing Private Limited	Flat No. 101, Plot No. 462, H No. 1-62/462, Sri Balaji Residency, Kakatiya Hills, Guttala Begumpet, Shaikpet, Hyderabad, Telangana	India
S1-859755952	Altus Housing Diamond Project	508 Elm, Altus, OK	US
S1-859846452	Laborers Local Union 122	418 Southeast Boulevard, Clinton, NC	US
S1-860418255	United Charter School	15425 Haiku Road, Evansville, IN	US
S1-860698976	Kent Limited LLC	4678 Harlem Road, Amherst, NY	US
S1-860787094	Sarvagya Brothers Limited	Flat No.4, Ground Floor, Tower No. 22, Paras Tierea, Gh-01, Sec-137, Noida, Noida, Gautam Buddha Nagar, Uttar Pradesh	India
S1-861009388	All Agricultural Worldwide Corp	708 Rowan Drive, Nashville, TN	US
S1-861551698	Gulf Trust	Minerva, 1328 29, NY	US
S1-8618003	Shakti Pioneer Technologies Private Limited	S No 201, Sadaba Dada, Tupe Colony, Amenora Park, Pune City, Pune, Maharashtra	India
S1-86193757	Super Foods Private Limited	388/2 Upen Banerjee Road (New 38 Upen Banerjee Roa Airport Road, 1St Floor, Kolkata, Parganas South, West Bengal	India
S1-86238158	Eye Blue Medicine LLC	406 S 4th Street, Shelbyville, IL	US
S1-862712171	My Foundation Private Limited	Plot No-15A, New Township, Faridabad, Haryana	India
S1-863873241	Empire Society	8263 Harcourt Road, Unit APT 239, Indianapolis, IN	US
S1-863956904	1338 Highland Plaza Partners LLC	433 Washington Street, Rocky Mount, NC	US
S1-863997012	Ear Nose & Throat Superior Care Associates	1865 Moran Court, Cimarron Hills, CO	US
S1-86431758	Dream Solutions Private Limited	42 Dr R C Banerjee Lanep O Asansol, Bardhaman, West Bengal	India
S1-86441125	Sauceda & Solis	145 River Birch Grove Road, Unit 108, Asheville, NC	US
S1-864524700	Capital Properties LLC	AZ, Phoenix, 713 Glenhaven Drive	US
S1-86515448	Jyoti Bradley Starlink	14105 Filly Street, Haslet, TX	US
S1-865704860	Physical Therapy Platinum Partners of Houston LLC	7216 Los Angeles Street, Houston, TX	US
S1-865781907	Pasupati Consultants Private Limited	B-240 Meera Path Vaishali Nagar, Jaipur, Rajasthan	India
S1-865801460	Temple Zion	145 Gremar Drive, NC, Holly Springs	US
S1-865816013	Shalne Roberts Global Assets LLC	2233 Behrend Drive, Unit 207, Phoenix, AZ	US
S1-866741616	Super Technology	N-1201, Prateek Laurel, Sector-120, Noida, Noida, Gautam Buddha Nagar, Uttar Pradesh	India
S1-867117724	Ballou, Sorum and Matos Sachs	3152 Newton Road, Promise City, IA	US
S1-867212465	Ilse's Rapid Law Group	105 Miles Drive, San Marcos, TX	US
S1-867564996	Keystone Allied Canadian	6506 Mona Vista Drive, Houston, TX	US
S1-867672249	Green Builders Private Limited	I-105, Proview Laboni, Crossing Republik, Ghaziabad, Uttar Pradesh	India
S1-867942611	Fresh Diner!	926 Coachway, Fl 0, Annapolis, MD	US
S1-867998778	Premier Sunrise International Private Limited	House, 40/445, Mamangalam, Palarivattom P.O, Ernakulam, Ernakulam, Kerala	India
S1-86827498	Eydie Wallace Golden Agricultural of Bedford Town	1718 Oakwood Street, Bedford Town, VA	US
S1-86843521	Sunshine's Auto Body	4111 Freedom Lane, Hope Mills, NC	US
S1-868534636	Urgent Care Quality Center PC	CA, 2909 Easy Way, Carmichael	US
S1-869233568	Theadora's Express Sciences	6316 Hampton Ridge Road, NC, Raleigh	US
S1-869319064	Ballew & Holmer, Inc	5109 Rock Beauty Court, Waldorf, MD	US
S1-869738580	Reliable Esports Inc	204 Branch Road, Thomaston, CT	US
S1-870157197	Allied Institute	3078 County Road 30, Sarcoxie, MO	US
S1-871380077	Baramati Healthcare Corp	Shalon Niwas, Vasantnagar, Baramati, Pune, Maharashtra	India
S1-871785372	Oncology Cascade Center LLC	3175 Deep Forest Drive, Pinetop, AZ	US
S1-872398160	Stanek Hovnanian, Inc	7825 Vinings Oak Lane, Unit 923, Matthews, NC	US
S1-873753008	Mumbai Marketing Private Limited	272, 274, 276 /F Wing, Solaris 1, Saki Vihar Road Opposite L & T Gate No.6, Andheri East, Mumbai, Mumbai City, Maharashtra	India
S1-873774367	Solora Electricity Clinic	6414 Esteban, Lake Havasu City, AZ	US
S1-873926976	Sky Developers	1953 Ground Floor Sector 16, Faridabad, Haryana	India
S1-87468421	Al Exports	Bihar, C/O Nilam Devi, Patna, Masaurhi, Vill-Bhujapur, Daulatpur	India
S1-874808541	The Dent Massage	20002 Mountain Highway, Unit #E101, Spanaway, WA	US
S1-874835917	93/59 Flagstar	19372 Lankford Highway, Northampton County, VA	US
S1-875055228	Rocky Learning Center	2710 Ford Street, Brooklyn, NY	US
S1-875191914	Harbor Federation	Ottawa, KS, 511 Cedar Street	US
S1-87528960	Rainey and Dickerman Australia Inc	5632 Swan Drive, Chesterfield County, VA	US
S1-875452933	Abl Drishti Pvt. Ltd.	Cl-299 Mphb Colony Pitham, Dhar, Madhya Pradesh	India
S1-875565655	Accura Path	Acumenpazhaya Nadakkavu, Trichur, Thrissur, Kerala	India
S1-875918918	Dental Clinic LLC	881 Still Willow Lane, Wendell, NC	US
S1-875966477	Royal Quality Cms	135 Sagewood Drive, Thibodaux, LA	US
S1-876109868	Vick, Duffy and Vanderwerff Royce Inc	Marion, 13289 Casey Road, IL	US
S1-876163303	ID All Nippon	129 Hardaway Point, Clayton, NC	US
S1-876382213	Haralson Oaktree LLC	79431 101, Arch Cape, OR	US
S1-876506471	Perez Ventures	527 Quick Road, Ruffin, NC	US
S1-87673236	Ssk Beverages Co	Rz S-5- A G/F, Nanda Block, Mahavir Enclave, New Delhi, Delhi	India
S1-876907974	Chaudhary Holdings	27/1736, Kolavely Buildings, 2 Nd Floor, Kunnumpuram-Civil Station Road, Thrikkakara, Ernakulam, Kerala	India
S1-876916368	Capital Group P.C.	927 Willow Springs Dr, Lyndon, KY	US
S1-877123595	Cheslie Milliken Internet	108 Vida Way, Norman, OK	US
S1-877250577	North Crystal Rare Clinic	719 Westgate Avenue, Fl 1, Saint Louis, MO	US
S1-877371536	Noble & Co	Govind Estate, Flat No. 702 7Th Floor, Plot No. 172, Shivaji Nagar, Nagpur, Maharashtra	India
S1-877521245	Twigg, Oralla J., P.A.	4226 Ely Avenue, Bronx, NY	US
S1-877792801	Plemmons Pattana Inc	1733 Butler Road, Alabaster, AL	US
S1-878217034	Campos Rockwool Inc	3925 52, West Lafayette, IN	US
S1-878533471	Kolkata Child Limited	Riaz Manzil, 139/1A Tiljala Road, Kolkata, Kolkata, Howrah, West Bengal	India
S1-878786813	Big Ice Cream	3480 Jondon Lane, Unit D, Gastonia, NC	US
S1-880384829	North Charitable Trust	Flat No -202, Astha Green City, Patna Sadar, Patna, Bihar	India
S1-880390836	Brown Electric PC	269 Stanmore Road, Govans, MD	US
S1-880561678	Apex Fitness Inc	13195 Brant Road, Victorville, CA	US
S1-880597982	Jsr Bizcon Private Limited	D/214 Shyam Ashish Sunder Nagar, Maharashtra, Agashi Road Bolinj Virar West, Thane, Palghar	India
S1-880798252	Edwards Services	120 Dunklin Street, Unit APT 2, Jefferson City, MO	US
S1-881023547	Kestan Pattana Inc	8333 Park Vista Circle, Charlotte, NC	US
S1-881299166	Gentry Supreme Biopharmaceuticals	618 Danny Lane, Franklin, TN	US
S1-881307893	Johnson Cardiology	40 Poplar Drive, Bethlehem, NY	US
S1-881479733	Perkins Owl Inc.	33430 Fm 506, La Feria, TX	US
S1-881597990	Essar International Private Limited	175/J Manicktala Main Road, Kolkata, Howrah, West Bengal	India
S1-882286956	Clouser Complete Jab	164 Robinson Parkway, Riverhead, NY	US
S1-882544780	Falke, Lindsey & Meza Pharma Corp	70 58 Street, Brooklyn, NY	US
S1-88259379	Shakti Tech Pvt Ltd	134 Seth Srilal Market, Siliguri, Darjeeling, West Bengal	India
S1-88307124	20/20 Vision Center LLC	1348 Heritage Hills Way, Wake Forest, NC	US
S1-883293945	Main Street Hypnosis	8805 Springsbury Pl, Unit 6, Hurstbourne, KY	US
S1-883367844	Epstein Fashion	964 Gorgas Street, Mobile, AL	US
S1-883760053	Health Fellowship	13505 Van Hollen Road, Manor, TX	US
S1-883825532	Krishna Holding Company PLLC	NY, Huntington, 64 Centerport Road	US
S1-884275601	Solutions Sridhar Hotels	Pipliya Kumar, Indore, 116 Shrinath Palace, Madhya Pradesh	India
S1-884348868	Tajpuria Foundation	Bakul Aparment Plot No. 3, Maharashtra, 103, Nagpur, Shivaji Nagar	India
S1-884351482	Flores's Consultants Inc.	105 Dohm Avenue, Guilford, CT	US
S1-884526854	Products Enviro Automobiles Pvt Ltd	New Delhi, West Delhi, F/Floor, Front Side Portion, Village Peeragahi, Plot No. 487/36, Delhi	India
S1-884571086	Cisneros Vanguard Ishares Inc	Little Rock, 7700 Baseline Road, AR	US
S1-885746969	Herbal India Private Limited	Gari Badai, Mauza, Pratap Pur, Fatehabad, Agra, Uttar Pradesh	India
S1-885988979	Health Coalition	NY, 9703 Versailles Plank Road, Evans	US
S1-886373239	Steelworkers Union Local No 303	Meadview, AZ, 869 Echo Drive	US
S1-886381285	Grace Presbyterian Church	15510 Thompson Ridge Drive, Cypress, TX	US
S1-886440634	Hari Solutions Private Limited	5-Lhehal Colony Patiala, Punjab, Patiala, Punjab	India
S1-886534800	Empire Unified Interprivate, LLC	2730 Sandpiper Trail, West Chicago, IL	US
S1-886551786	Highland Montreal	16842 Birkdale Commons Parkway, Huntersville, NC	US
S1-886701315	Ansley's Wellness	440 Green Acres Place, Algona, WA	US
S1-887529676	CK Mall Private Limited	95L Kankulia Road, Kolkata, Howrah, West Bengal	India
S1-887644675	Red Media Private Limited	Plot 229, 230 Gidc Hansalpur, Viramgam, Ahmedabad, Gujarat	India
S1-888168806	Pellegrino, Simpson and Thompson Metals LLC	Rogersville, TN, 602 W Hills Drive	US
S1-888480952	Continental Fund PLLC	5861 Stream Drive, Fort Worth, TX	US
S1-888728503	Internal Medicine Clinic Inc	706 Edgewater Ridge Court, Apex, NC	US
S1-889372471	3478 Main Plaza Apartments	33200 Mill Canyon Road, WA, Davenport	US
S1-889892920	Ace Biomedical Dynamics	Saint Johnsbury, VT, 490 Mount Vernon Street	US
S1-890064969	Tyler Star Nevada	7796 Davis Road, NY, Clay	US
S1-890237042	Oncology Ridge Associates Inc.	10363 24, Fairhope, AL	US
S1-890815658	Premier Nutrition Systems LLC	190 Appleton Street, Unit 1, Cambridge, MA	US
S1-890823887	Continental Accounting	137 Lower Ridge Road, Conway, AR	US
S1-891495594	Shagun Enterprises	New Area Ward No-11 Near Devi Mandir, C/O Ramasharay Singh, Bihar, Aurangabad(Bh), Aurangabad	India
S1-892236833	Rrs Textiles Private Limited	Mundeth House, Marottichodu, Kalady P O, Aluva, Kerala, 17/543/A, Ernakulam	India
S1-892275036	Cascio First Energy Inc	1661 Stark District Road, Saint Johnsbury, VT	US
S1-892324295	Rn Brothers Ltd	K.V.Rangareddy, C/O Rudra Raju Rama Raju, Seri Lingampally, Telangana, Block-2 Flat Number 2608	India
S1-8924690	Veus Black LLC	KY, Versailles, 2018 Old Frankfort Pike	US
S1-892718533	Brown, Rivera & Amador Allocation Partners	16 113th Street, Chicago, IL	US
S1-892739871	Om Logistics Private Limited	309 3Rd Floor Plot No.2, Vardhman Crown Mall Sec19, Delhi, South West Delhi	India
S1-892903013	Community Clear Services LLC	4034 Sharilynn Drive, Abingdon, MD	US
S1-892952625	Nagiya Krishna Pvt Ltd	22/265 Talkus Building, Airport Road, Paliakara, Angamaly South, Paravur, Ernakulam, Kerala	India
S1-893452805	Primary Care Great Physicians PLLC	1827 5th Avenue, Great Falls, MT	US
S1-893763030	National States LLC	1415 Vanderbilt Lane, Mesquite, TX	US
S1-893975055	Sirius Purpose	3436 Sierra Springs Drive, Tucson, AZ	US
S1-894269774	Jai Academy LLP	Unit 7B, 7Th Floor, 41 Shibtolla Street, Posta, Kolkata, Kolkata, Howrah, West Bengal	India
S1-894306869	National Cohen	OH, 3287 Jaber Drive, Akron	US
S1-894940798	Custom Asset Industries LLC	20 Mullins Hill Road, Ardmore, TN	US
S1-895531389	Pamela H. Roth, D.O., M.D., P.C.	7920 Alta Cuesta Drive, Rancho Cucamonga, CA	US
S1-895602816	Philbeck Dime	249 Clear Lake City Boulevard, Webster, TX	US
S1-895859577	Regional Line LLC	6213 Edgeware Road, Hampden Township, PA	US
S1-896507413	Youth Network	405 Ventosa Drive, Chesapeake City, VA	US
S1-896888838	Niemi Metro Capital Inc.	144 Fairgrounds Road, Plattsburgh, NY	US
S1-897587678	Golden Immigration Private Limited	F1, Sri Krishna Apartments, 134/66, Pillaiyar Koil St, Jafferkhanpet, Chennai, Tamil Nadu	India
S1-897867237	Preferred Mortgage Industries	620 Summer Place, Unit 304, Nashville, TN	US
S1-898345403	Unified Education Union	4114 Underwood Road, Yale, OK	US
S1-898352747	Desert International Inc	100 Olin Drive, Camillus, NY	US
S1-898367677	Eye Ridge Associates	Lakeville, MN, 20727 Hampshire Circle	US
S1-898931841	KLQ Transformers Private Limited	202, Apricot Survey No. 17/1/2, Pune, Ajinkya Park, Maharashtra	India
S1-899883051	South Enterprises Private Limited	Coimbatore, Tamil Nadu, 3 A Uliyampalayam Road Thaliyur Post, Coimbatore	India
S1-900266870	Thane Nidhi Private Limited	Thane, Maharashtra, F No 313/314, Guru Shrushti Apt, H.M. Road, Kalyan East, Piswali	India
S1-900353540	Allied Companies Inc	1 Dean Place, Poughkeepsie, NY	US
S1-900817625	Cameron Allied Priority	N4231 C, Town Of Freedom, WI	US
S1-90117352	Indian Southern Food Private Limited	139/E Rajnagar, Indore, Madhya Pradesh	India
S1-901201783	High Industries Private Limited	A 1107, East Face, Bh Atul Maruti Showroom, Daskroi, Ahmedabad, Gujarat	India
S1-901286612	Perfect Finance Pvt Ltd	Shri Krushan Nagar, Barshi Road, Osmanabad, Maharashtra	India
S1-901635270	Electricians Local Union 692	1105 29th Street, Baton Rouge City, LA	US
S1-902175732	Blackmon Studios	410 34th Avenue, East Moline, IL	US
S1-902212841	Hopper & Wilson Egh Inc	1716 Woodlawn Drive, Scotland Neck, NC	US
S1-902419943	Uptown Book Store	1753 Woodgate Lane, Eagan, MN	US
S1-902589656	Virginie's Advisors	IN, Crown Point, 1200 Maxwell Street	US
S1-902720960	Numerouno Trading	Unit - Ps Abacus-625 Nh12, Action Area Iie, Newtown, North 24 Parganas, West Bengal	India
S1-902829449	East Properties Private Limited	428, Mastermind1, I.T Park, Royal Palms, Aarey Colony, Goregaon East, Mumbai, Mumbai City, Maharashtra	India
S1-902835502	Simpson, Emelita, CPA, PC	Sapulpa, 1235 Panther Lane, OK	US
S1-902926281	Christ Church LLC	1078 Jackson Lane, Show Low, AZ	US
S1-903065271	XDI Consulting Private Limited	Shop No.2 Ratanpura Nr Ambicamata Mandir Opp Shivkush Nagar Vastral Road, Ahmedabad, Gujarat	India
S1-904113010	Navkar Tours LLP	Plot No-11 Avanti Vihar, Lucknow, Uttar Pradesh	India
S1-904229556	Ruthi's Coffee	222 Smith Road, Unit Apartment 2, Union Vale, NY	US
S1-904306643	Atlantic Desert National PC	16 Corcoran Court, Syracuse, NY	US
S1-904427575	Gurgaon Fund Private Limited	Plot No 359, Sector 37 Pace City-Ii, Udyog Vihar, Gurgaon, Haryana	India
S1-904474730	Vivyan Ruiz Aluminum P.C.	2815 Finwood Drive, Rosenberg, TX	US
S1-904877068	Sunrise Estate Private Limited	6/79 Second Floor, Old Rajinder Nagar, New Delhi, Central Delhi, Delhi	India
S1-905068683	Lakshmi Investment Private Limited	55, Bhiku Building, Veer Savarkar Marg, Prabhadevi, Mumbai, Maharashtra	India
S1-905106256	Krista Windom Cea LLC	1400 Westinghouse Road, Unit 3211, Georgetown, TX	US
S1-905407945	Larson Anchor Soulpower	111 Lakewood Loop Loop, Marshfield, MO	US
S1-907000928	Ganga Ventures	Flat No.203, Tower-11, Orchid Petals Sector 49, Sohna Road, Gurgaon, Haryana	India
S1-907002252	Agarwal Landscapes Private Limited	Manasi, 4/5, Ananniketan Soc., Karvenagar, Pune, Maharashtra	India
S1-907491220	Romer Era L.L.C.	6337 3570, West Valley City, UT	US
S1-908044271	Keystone Municipals LLC	327 Penny Road, Unit BLDG, Wenatchee, WA	US
S1-908287291	NNM Complete Stanley LLC	804 Neptune Court, Smyrna, TN	US
S1-908507613	Youth Alliance	4582 Fountain View Trace, Owensboro, KY	US
S1-908800416	Northern Hamilton Inc	146 12th Street, Unit A, New Philadelphia, OH	US
S1-909000833	Highway Traders Private Limited	4Floor, Hitananda48, Lavelle Road Bangalore, Bangalore, Karnataka	India
S1-9095205	Vision Partners LLC	966 30, Rockwall, TX	US
S1-909865811	Wierenga, Trudie H., D.D.S., DDS PC	6401 Elizabeth Avenue, Kansas City, KS	US
S1-909908101	Meenendra Ventures Pvt Ltd	231 Masjid Moth, New Delhi, South Delhi, Delhi	India
S1-910304460	Mohammad Brothers Private Limited	No.34, Godown Street, Madras.1. Madras.1., Madras.1., Tamil Nadu	India
S1-910659520	Verron Franklin, LLC	Saint Louis, 358 Falaise Drive, MO, Fl 0	US
S1-910696326	Springs Studio Private Limited	No 8/2, Novel Office Centre, Ulsoor Road, Bangalore 42, Bangalore North, Bangalore, Karnataka	India
S1-910862153	Khatun Express Range	125 White Mulberry Lane, Holly Springs, NC	US
S1-910894563	Halverson's Deli	204 Stone Street, Huntsville, AL	US
S1-910995242	American Guild Inc	IA, 1376 Wood Street, Dubuque	US
S1-911146384	Ma Multiservices Corp	35 Jijibhoy Dadabhoy Lanefort, Mumbai, Maharashtra	India
S1-911666848	West Clean Johnson	Spotsylvania County, VA, 12839 Mill Road	US
S1-912114336	Premier Learning Laboratories Group	9 Tallwood Trail, Fluvanna County, VA	US
S1-912545520	Harry Great First LLC	14873 Ashland Avenue, Goodyear, AZ	US
S1-912991887	Kr Industries Group	R No 15 Hotel Shed Gr Flrnilkanteshwar Bldg Annie Besant Rd, Mumbai, Maharashtra	India
S1-913044245	Digital Logistics Private Limited	A-32 Parijat Apart Westa Enclave Pitampura, Delhi, North Delhi, Delhi	India
S1-913304074	Arjun Services Limited	Uttar Pradesh, Kanpur, Juhi, Kanpur, 71/11 Lal Colony	India
S1-91334694	Seven Investments	Office No A-309, Sr. No 36/3 Amc, Avenue, Mohammadwad, Pune City, Pune, Maharashtra	India
S1-913479291	Milestone Highrise Co	House No.280, Lig Housing Board Colony Saraswati Vihar, Chakkarpur, Gurgaon, Haryana	India
S1-91376895	Hyderabad Cuisine Private Limited	Flat No. 101, Vamsiram'S Jyothi Vista Road No.5, Banjara Hills, Hyderabad, Telangana	India
S1-914199557	Cameron Fidelity	1340 Co Rd 8, Dillonvale, OH	US
S1-914355031	Primary Care Group PLLC	4311 Lees Corner Road, Fairfax County, VA	US
S1-91439684	Vsn Foods	Mumbai, 304, Maharashtra, Arun Chambers, Tardeo Road, Mumbai City	India
S1-914501024	Mantri & Co	House No: 33 Badal Colony, Zirakpur, Patiala, Punjab	India
S1-915107118	3963 Sixth Blvd Realty LLC	1444 Talladega Street, Lineville, AL	US
S1-915122603	Maa Southern Consultants Private Limited	502 Fortune A Lodha Paradise Majiwada, Eastern Express Highway, Mumbai, Thane, Maharashtra	India
S1-915149493	White Group P.C.	102 Goodwinds Drive, Oriental, NC	US
S1-915540133	Zenith Tax LLC	5241 Sable Court, Mentor, OH	US
S1-91560764	Asset Building Trust	741 3rd Street, Wakeeney, KS	US
S1-915653405	Shiven Design Partners	4/A, Floor - Grd, Recondo Compound, Sudam Kalu Ahire Marg, Glaxo, Worli Colo, Ny, Mumbai, Mumbai City, Maharashtra	India
S1-915796316	Robertsdale Dental Frontier Care Associates LLC	24176 71, Robertsdale, AL	US
S1-915983478	Developers Real Fashions Private Limited	Flat No 5 No 25 Vantage Shorepaari Street Kalakshetra Colony, Besant Nagar Chennai, Chennai, Tamil Nadu	India
S1-916271211	Division of Motor Vehicles	105 Cox Street, Morganton, NC	US
S1-916370214	Risk Plum LLC	1551 Meadowlark Glen Road, Prince William County, VA	US
S1-91646506	Eastern Constructions Private Limited	Madurai, 36A/12, Tamil Nadu, Khan Palayam, 4Th Street, Madurai North	India
S1-916679619	Tramel Holding Company PLLC	300 Charles Street, Unit APT 201, Baltimore, MD	US
S1-916778156	TK Frontier Ellington LLC	AZ, Unit 30, Tempe, 1312 Hardy Drive	US
S1-917282654	Reliable Freight Brands LLC	20431 White Poplar Drive, Katy, TX	US
S1-91767815	HK Infraheights Private Limited	C/O Rishiraj Pradhan, Doves Nook Flora 13Thmile, Kalimpong, Darjiling, Darjeeling, West Bengal	India
S1-917985531	M & X Drugs, Inc	523 4th Avenue, Tucson, AZ	US
S1-918056794	Spark & Co	Flat No-2, Nisat Heritage, Jamun Gali, Sabzibag, Patna, Bihar	India
S1-918127060	Laxmi Exports Private Limited	206 K No 9 Pink Pride, Jaisingpura Bas Teh., Jaipur, Rajasthan	India
S1-918333130	Allahabad Technologies LLP	13/15, Cooper Road, Allahabad, Uttar Pradesh	India
S1-918368145	UCL Consulting Limited	#24 Sy #139, Shop #3&4, Gear Schl Rd Doddakannahalli, Sarjapura Main Rd, Bengaluru, Bangalore Rural, Karnataka	India
S1-918636900	Taex Resources LLC	17831 34th Lane, Phoenix, AZ	US
S1-918713810	Lorenza M. Jeffers, O.D.	207 Wrenn Drive, Unit P, Cary, NC	US
S1-918990522	Heart Society	6041 52nd Street Court, NE, Lincoln	US
S1-919017414	Theo Navarro Colonial Technology LLC	SC, 282 River Clay Road, Fort Mill	US
S1-919165160	Dream Projects Limited	No51 R.K.Mutt Road, Mylapore, Chennai Hennai, Hennai, Chennai, Tamil Nadu	India
S1-919289384	Mount Fellowship	110 Dellwood Lane, Gray, TN	US
S1-919479193	Man Ridge LLC	17 Olympic Drive, South Barrington, IL	US
S1-919481540	Better Lafayette LLC	6509 Ethel Drive, TX, Dallas	US
S1-919750282	BTB Spade PLLC	6425 Wilkinson Boulevard, Unit A, Belmont, NC	US
S1-919856265	Rose Infocom Private Limited	Plot No. 4190 Dhabai Ji Ka Nohara, Sanganeri Gate, Jaipur, Rajasthan	India
S1-919926451	Adhunik (India) Art Care	No 41/1, Dasappa Garden, Rt Nagar Post, Bangalore, Karnataka	India
S1-920346567	Cardiology Partners of Brooklyn LLC	321 Nostrand Avenue, Brooklyn, NY	US
S1-920346809	Sree Tech Pvt Ltd	Shop No. 28, C Wing, Ground Flr Maruti Niwas, Plot No B-37, Sector 6, New Panvel, Raigarh, Maharashtra	India
S1-92120993	Bingham, Lyons & Villa, Inc	49 Tankeroosen Road, Vernon, CT	US
S1-921400989	Sonepat Security Private Limited	196-L Model Town, Sonepat, Haryana	India
S1-921946760	Digital Solutions Private Limited	South West Delhi, New Delhi, Delhi, S3 Tower, Saraswati Appartments, Vasant Kunj D6, 203	India
S1-922124776	Luma India Private Limited	127/296 W-1 Saket Nagar Kanpur, Uttar Pradesh, Kanpur, Uttar Pradesh	India
S1-922341463	Journey Choice Foods LLC	8421 Weybridge, Johnston, IA	US
S1-922364403	Vazquez, Swanson & Burns Clinic	3316 Concord Court, Joliet, IL	US
S1-923107281	Intellectual & Brothers Private Limited	Sr No 163. Pl No 12, Lotus Riddhi, Unit 40, Haveli, Pune, Maharashtra	India
S1-923260582	Krishna Clinic Pvt. Ltd.	17Th Floor, Avighna House, Plot No 82, Dr. Annie Besant Road, Near Worli Naka, Worli, Mumbai, Mumbai City, Maharashtra	India
S1-924302858	Swastik Good Producer Private Limited	Kmc Xvii/130 Balavilas Bldgsreenivasa Iyer Road, Kottayam, Kollam, Kerala	India
S1-925242946	Miller Clean Biotherapeutics LLC	200 Riverview Avenue, Fallowfield Township, PA	US
S1-925425921	Miller Independence Co	872 Kenmore Boulevard, Akron, OH	US
S1-925715075	Peters Custom Alphabet	15225 Shalimar Drive, Wilmer, AL	US
S1-925840718	6-Corners	12788 177th Avenue, Goodyear, AZ	US
S1-925859038	Express Wireless Innovations	204 Wayside Court, Bedford, TX	US
S1-926177460	North News, L.L.C.	10256 Frieda Lane, Fishers, IN	US
S1-926272031	Urology Interstate Care Associates Inc	55508 Kizzie Lane, Gales Creek, OR	US
S1-926298718	Services Shree Intelligence Private Limited	Flat 20-15, Kamal Kunj Chsl Poddar Road, Near Gurudwara, Mumbai, Mumbai City, Maharashtra	India
S1-926345296	Hyderabad Trading Limited	C/501, Sai Amit Chs, Yari Road Versova, Andheri West, Mumbai, Mumbai City, Maharashtra	India
S1-926692452	Wanids's Yoga	MD, 251 Admiral Cochrane Drive, Annapolis, Unit 2009	US
S1-927050231	Dental Partners	3426 Yankee Lane, Mead, WA	US
S1-927121205	Tirupati Infrastructure Private Limited	233/6/52F, Arumugam Street, Dharmapuri, Tamil Nadu	India
S1-927470261	Melody Sciences Private Limited	5/588, Vikas Khand, Lucknow, Uttar Pradesh	India
S1-927513065	Bhubaneswar Network Private Limited	Plot No. - 590, Keutasahi Chhak, Kapileswar Old Town, Bhubaneswar, Dist - Khurda, Od, Isha, Bhubaneswar, Khordha, Orissa	India
S1-927745296	Chiropractic Medicine	NC, 242 Godfreys Lane, Hertford	US
S1-927854073	Dm Event Limited	Flat No. 4A Keya Apartments 6A Keyatala Road, Kolkata, Howrah, West Bengal	India
S1-927939529	Physical Therapy Care LLC	22 Decatur Street, Burlington, VT	US
S1-928144773	Spears & Crews	Hixson, TN, 420 Sevier Street	US
S1-928317799	Pune Solutions Private Limited	N28 Sneh Paradise, Mit College Road, Off. Paud Road, Kothrud, Pune, Maharashtra	India
S1-928345802	High Energy Pvt Ltd	H.No-292, Takli (A) Tq.Paithan, Aurangabad, Maharashtra	India
S1-929565562	Redwood LLC	7384 Stout Road, Germantown, TN	US
S1-929729599	Vignesh Micro Private Limited	Kanti Niketan, New Bus Stand Chhatauni Near Of Sports Club, P.O. Motihari, P.S., -Chhatauni, Motihari, East Champaran, Bihar	India
S1-930148210	Gress's Patriot Pet Care LLC	220 Prospect Avenue, Findlay, OH	US
S1-930158144	Thane Option Corp	Office No 208, Kamdhenu 23 West, Pi -A-10/2, A-11, Mithane, Thane, Navi Mumbai, Thane, Maharashtra	India
S1-9306136	Gonzalez Interstate Resilience LLC	519 Nashua Road, El Paso County, TX	US
S1-931073229	Mcwilliams Delta Arrived LLC	21115 Madera Valley Lane, Cypress, TX	US
S1-931701726	Cds Imports Private Limited	Pune, S No 4/1, Pandhari Nagar, Saranga, Near Rakshak Ngr, Pune, Maharashtra	India
S1-932804647	Sanchez Corporation	3890 146th Street, Cleveland, OH	US
S1-932808595	Kane Bold LLC	660 4H Road, VT, Derby	US
S1-933033274	Fortune Construction Private Limited	H. No. 628 Sn 93, Lasalgaon, Niphad, Nashik, Maharashtra	India
S1-933415827	Tisaia Green Proem Group	3531 37th Street, Town Of Grand Rapids, WI	US
S1-933589924	Saya Knit Private Limited	51/2 Soundarya Colony Annanagar West Extension Madras, Chennai, Tamil Nadu	India
S1-934003476	Vibha Hospital	E-401, Sgm Nagar, Nit, Faridabad, Faridabad, Haryana	India
S1-934366401	Jaina Telecom Limited	Ahmednagar, Shivnarayan Park, S.No 223/14, Nalegaon, Maharashtra, Flat No 104, Ahmed Nagar	India
S1-934706080	Wang, Marceau and West	4 Woodduck Point, Rehoboth Beach, DE	US
S1-934827282	Lamb Interests Co	2634 Boulder Court, Archdale, NC	US
S1-935481995	Regional Assets PC	103 Parkridge Place, Unit A, Piqua, OH	US
S1-93570523	PI Constructions Group	No 10 1St A Cross Nagendra Block, South Bangalore, Bangalore, Karnataka	India
S1-935726971	Value Creative Technologies Clinic	2311 Garnet Drive, Amarillo, TX	US
S1-936115324	Sudershan & Brothers Ltd	Aashreya 7-1-34 F N Ameerpet, Hyderabad, Telangana	India
S1-936206114	Dia Traders Private Limited	Shed No. 3, Krupa Industrial Estate, Gat No. 349, Ap. Bhare, Near Pirangut, Tal-Mulshi, Dist. Pune, Mulshi, Pune, Maharashtra	India
S1-936432552	Pediatric Dentistry Partners Inc.	10 Chase Drive, Unit Apartment 47F, Fishkill, NY	US
S1-937822241	Black Infra Pvt Ltd	Opp.Old Bpcl Petrol Bunk Road Near Ksrtc Bus Stand Shidlaghatta, Chikkaballapura, Kolar, Karnataka	India
S1-937889575	Clyify Spark	8530 22nd Avenue, Unit 2126, Phoenix, AZ	US
S1-937935548	E 2 P Wen Center	15001 Ashwood Circle, Huntsville, AL	US
S1-938036749	Bombay Engineering Private Limited	Bhagavathi Ayyathu Fort Plaza, Building No.541-A, Palamel, Mavelikara, Alappuzha, Kerala	India
S1-938092819	Peon Star Metals LP	2930 33rd Street, Indianapolis, IN	US
S1-938168520	Leong Medical	5436 Bigfork Road, Missoula, MT	US
S1-938180046	Vista Solutions Private Limited	B-88, Gf-3, Ramprastha Colony, Ghaziabad, Uttar Pradesh	India
S1-938220224	Proper, Carlile and Kleinhans	1229 Columbiana Lisbon Road, Unit 91, Columbiana, OH	US
S1-93843316	Ernesta Pearce, O.D., PC	7430 Wasatch Boulevard, Unit J1, Cottonwood Heights, UT	US
S1-938469204	Elite Electronics Ventures Corp	2408 Birch Avenue, Lubbock, TX	US
S1-938848060	Silver Finance Private Limited	Howrah, Kolkata, West Bengal, Garden Reach Jetty-2 20 Garden Reach Road	India
S1-938924631	Raj Trust	H No 44 S11 Shivaji Nagar, Govandi, Mumbai, Maharashtra	India
S1-938947364	General Design Innovations LLC	7241 Osage Avenue, Mesa, AZ	US
S1-939019335	Jones Precision Fannie	13561 Pisces Avenue, Eloy, AZ	US
S1-939101313	Leesa Salgado Prime Audio Installation Corp	3200 Kingwood Drive, Great Falls, MT	US
S1-939272137	Nous	3333 Elm Hill Drive, Warren, OH	US
S1-939445258	Edwards Learning Center	1758 12210, Riverton, UT	US
S1-939457926	Pediatric Dentistry Care	2475 Glade Drive, Christiansburg Town, VA	US
S1-939490688	Unified Hospitality Innovations Inc.	6611 Airport Boulevard, Austin, TX	US
S1-940151781	Apex It Pvt Ltd	B-38, East Delhi, Delhi, First Floor Anand Vihar, Delhi	India
S1-940169277	Kaveresh Fashion Corporation	203, Zipra Arcade, Building No 2, Kumbharkhan Pada, Nr Om Laxmi Lotus Soc, Dombivali (W), Kalyan, Thane, Maharashtra	India
S1-940484043	Horizon Inc	1145 Micheline Terrace, Henrico County, VA	US
S1-941002124	Shyam Finance LLP	128 Flat 2A2 Olympia, Jayanthiresidency Lb Road, Chennai City Corporation, Chennai, Tamil Nadu	India
S1-941108817	Shiv Enterprises Private Limited	C/O.Teja Seeds And Pesticides, Church Complex, Main Road, Rentachintala, Krishna, Andhra Pradesh	India
S1-941261133	Ricciardelli, Hilda C., O.D., PC	21303 Sr 81, Spencerville, OH	US
S1-941624670	I G & A Qdro Inc	3300 Commonwealth Court, Woodbury, MN	US
S1-942384126	Maurizia Barber Custom Textiles Inc	1 Fineout Road, Sanford, NY	US
S1-942747562	Divya Flavours Partners	Sector-46, Gurugram, Sector -45, House No-3152, Gurgaon, Haryana	India
S1-94437047	Guinn Gulf Mercury Inc	Burleson, TX, 3417 Winding Oak Lane	US
S1-944463422	Green Islands Associates	WV, 312 Main Avenue, Nitro	US
S1-94463182	Manas Trust	Prathamesh Apartment Pada No 02, L M Nagar, Thane West, Thane, Maharashtra	India
S1-944986698	Fitz Land	1505 Hillsborough Street, Unit 286, Raleigh, NC	US
S1-945037506	RV Strategic Applied LLC	296 Bethany Road, Franklin County, VA	US
S1-945163293	Olson, Chelsey H., P.A.	3027 101st Lane, Phoenix, AZ	US
S1-945253422	Z/Z Vendome Inc	TN, 2190 State Rte 213, Tiptonville	US
S1-945381654	Lowry Family Office LLC	Norristown Borough, Unit Rear, PA, 1501 New Hope Street	US
S1-945774035	National Program III	2513 Dartford Drive, Crowley, TX	US
S1-945887435	Graham's Catering	202 Somerhill Court, Somerset, KY	US
S1-945924704	Chokshi Brokers Private Limited	Raniganj Municipality, West Bengal, N.S.B.Road, Raniganj, P.O.Raniganj, P.S.Raniganj, 61/29/N3, Bardhaman	India
S1-946261562	Little Hair Studio!	401 7th Street, Beardstown, IL	US
S1-946372996	Kaveriya Infrastructure Private Limited	5-9-58/8, Parishrama Bhavan, 1St Floor Fateh Maidan, Basheerbagh, Hyderabad, Telangana	India
S1-946746404	Lotus Energy	Mumbai, Platinum, Shree Ganes, Maharashtra, Borivali East, P3/004 A Wing Kaustubh	India
S1-946780862	Almighty Technologys (India) Private Limited	A 4, Second Portion, Pushpanjali Farm Road Village Vijwasan, New Delhi, South West Delhi, Delhi	India
S1-94703561	Pramod College Private Limited	Room No. 602, 6Th Floor Gaikwad Heights, Beside Bhagirathi, Thane, Maharashtra	India
S1-947563235	Faulkner Patriot Eagle	1003 Eason Avenue, Buckeye, AZ	US
S1-94816449	Creative Education Brands Corp	15694 101, Unit SPACE 2, Brookings, OR	US
S1-948342376	Surya Power Limited	Mumbai City, Mumbai, 104, Opp Star Indl Estate Bhd Sakinaka Telephone Exchange, Kurla West, Maharashtra	India
S1-948387568	Morris, Obannon and Jaffe	2406 27th Avenue, Anchorage, AK	US
S1-949002960	Direct Allspring	10100 Sheridan Road, Owasso, OK	US
S1-949050538	Western Gulf Fashion, Inc	Hull, 119 Manomet Avenue, MA	US
S1-949674979	My Logistics Private Limited	A-401, Lakshachandi Apts, Krishna Vatika Marg, Gokuldham, Gor Egaon (East), Mumbai, Maharashtra	India
S1-950328068	Panvel (india) Private Limited	Raigarh(Mh), Plot -270, Ros, Chs Panvel Raigad Khargha, Maharashtra, Lilac-702, Panvel	India
S1-950459000	Creative North Systems Private Limited	Howrah, Kolkata, C/O Tamasree Ghosh Nabajiban Colony Bisharpara, West Bengal, Kolkata	India
S1-951433056	Dv College	Shop No 408, Third Floor, Shopprix Mall, Sector 5, Ghaziabad, Uttar Pradesh	India
S1-951550016	Guru Power Limited	Maatangi Medicine Centre, Shop No- G-38, Ground Floor, Property No. 8/209 And 8/209-1 To 30, Hing Ki Mandi, Kotwali Road, Agra, Uttar Pradesh	India
S1-951588247	Savage Americas Inc	11147 Reisterstown Road, Owings Mills, MD	US
S1-951832034	Markham and Bacchus	181 Arnold Gamble Circle, Sacramento, CA	US
S1-952605107	Southern Engineering Limited	Office No C-1, Neelkant Corner Chs, Plot No 2, Sector 2, Sanpada, Thane, Maharashtra	India
S1-952690804	Integrated Chile PLLC	2265 Old Shelby Road, Hickory, NC	US
S1-952774802	Silver Packaging Corporation	1706 Severn Road, Unit R, Severn, MD	US
S1-952825621	Twisted Auto Body LLC	1428 Yorkshire Street, TX, Fort Worth	US
S1-952865119	Hari Care Private Limited	2/381C Senjeri Bypass, Selliyamman Nagar, Perambalur, Tamil Nadu	India
S1-95328301	Harbor Activate PC	1235 Adams Street, North Chicago, IL	US
S1-953976149	Gangaksh Services	7/239, Sector-7 Jankipuram Extention, Lucknow, Uttar Pradesh	India
S1-954373687	LVD Touch Limited	D-112, Magarpatta City, Pune City, Pune, Maharashtra	India
S1-954375751	Bowers Navigation, LLC	3006 Mcgee Street, Kansas City, MO	US
S1-95459299	Patterson Platinum Quasaredge LLC	15201 Scott Drive, Clinton, IN	US
S1-954782176	Strategic Sun	2699 Broadwing Lane, Liberty Lake, WA	US
S1-954820642	Bernita's Petroleum	10 Golf Course Lane, Thurmont, MD	US
S1-95539352	Nerita Rogers Value Rocky LLC	4651 Chivalry Drive, Lafayette, IN	US
S1-955596854	Ahmedabad Centre Private Limited	710 -Fortune Business Hub, Science City Road, Ahmedabad, Gujarat	India
S1-955841937	Chiropractic Center LLC	Mcalester, 1917 Green Meadows Drive, OK	US
S1-955906277	Robinson Equity Partners Corp	2333 W Broadway, Louisville, KY	US
S1-956068321	Lakshmi Consultants Private Limited	C/O Sumit Sharma, Udaypur, Raiganj, Dinajpur, Uttar Dinajpur, West Bengal	India
S1-956518050	YJV Power Private Limited	443 A, Shanivar Peth, Hasbnis Bakhal, Pune City, Pune, Maharashtra	India
S1-9568196	Chetan Brothers Pvt Ltd	G-1-116, Riico Industrial Area, Sanganer, New Saigoul Road, Jaipur, Rajasthan	India
S1-956955306	Srt Software Private Limited	No.9/614, Plot No. B1, Ravi 1St Street, Royal Garden, Medavakkam, Chennai, Tamil Nadu	India
S1-95744127	Memorial Charities	904 Burton Place, Arlington Heights, IL	US
S1-95746959	Patino Capital of Winston-salem	2007 Frontis Plaza Boulevard, Winston-salem, NC	US
S1-957761249	Life Surya Foundation Private Limited	Flat No: 201, Sri Jagdish Apartment Indrapuri, Rajabazar, Patna, Bihar	India
S1-957906203	Drayial Irenic Inc.	911 3rd Street, WA, Tacoma	US
S1-958016851	Creative Infra Private Limited	D-301, Plot No.1, Om Satyam Apartment Sector-Iv, Dwarka, New Delhi, West Delhi, Delhi	India
S1-958297307	Hearn Jersey, LLC	Fairfax County, Unit STE 103, VA, 7336 Route 29	US
S1-959140734	Turner Construction Inc	34817 Avenue D, Yucaipa, CA	US
S1-959226634	Bangalore North Trading LLP	91 Springboard Business Hub, Trifecta Adatto, 21, 5Th Floor, Itpl Main Rd, Garudachar Palya, Bangalore North, Bangalore, Karnataka	India
S1-959240622	@ Home 6 It Inc	986 Chillon Drive, Crestline, CA	US
S1-959596193	Physical Therapy Partners, L.L.C.	12796 Farm Road 2125, Purdy, MO	US
S1-959673805	New Delhi Systems Private Limited	M16, Second Floor, Veer Savarkarmarg, Lajpat Nagar, Lajpat Nagar Ii, New Delhi, South Delhi, Delhi	India
S1-959952628	SY Muniyield PLLC	5336 Riviera Drive, Fort Wayne, IN	US
S1-960182443	Gujarat Energy	83 Sp Mukherjee Road, 4Th Floor Kolkata, Kolkata, Kolkata, Howrah, West Bengal	India
S1-960187011	Piedmont Coalition	110 County Road 2060, Hull, TX	US
S1-960355473	Visionary & Sons Private Limited	Ground Floor, Incor Opulence Gunjur Palya Road, Gunjur Village, Varthur, Bangalore, Flat No.G05, Karnataka, Bangalore	India
S1-9606988	Savita Building (India) Private Limited	44 Ranade Colony, Hindwadi Belgaum, Belgaum, Karnataka	India
S1-961185762	Silva and Shipman LLC	6969 Levin Dashiell Road, Hebron, MD	US
S1-961234533	Sierra	110 750, Bountiful, UT	US
S1-961351838	Cascade Health Center LLC	313 Locke Street, Woodsboro, TX	US
S1-96157898	Goodson and Scott Seas LLC	509 Glenmeadow Drive, Ballwin, MO	US
S1-961623290	First Products Private Limited	21/13/1 Kaushik Enclave Burari, New Delhi, North East, Delhi	India
S1-961750321	Royal Developers Private Limited	S.F. 19, A.P.M. Mall, Nr. Petrol Pump Nr. Shubhlabh Soc, Sun & Step Club, Sola, Road, Ahmedabad, Gujarat	India
S1-963274337	Clear Currencyshares Inc	2629 Holyoke Street, Fl 0, Wichita, KS	US
S1-963433189	Paper (india) Private Limited	Chamorshi, At-Jogana, Po-Murmuri, Gadchiroli, C/O Suresh Jengathe, Maharashtra	India
S1-963573260	Big Tavern	MD, 514 Riverside Drive, Fl 0, Pasadena	US
S1-963616173	Whitley and Melton	6232 Lee Place, Capitol Heights, MD	US
S1-963920547	Cantrell Pipeline of Taylor Mill LLC	5126 Taylor Mill Road, Unit APARTMENT 286, Taylor Mill, KY	US
S1-963966855	Myrtia Ray, MD, P.C.	210 5th Street, Unit Apartment E, City Of Marshfield, WI	US
S1-964043943	Star Obic	1938 Yakima Avenue, Tacoma, WA	US
S1-964134328	Legacy Fields	AR, Huntsville, 3117 Madison 1427	US
S1-96425143	Maix Complete Figx LLC	N9086 Kernan Avenue, Village Of Harrison, WI	US
S1-964942400	Blue Plastomech Limited	Shop No 413, Kokapet Terminal, Gandipet Main Road, Narsingi Municipality, Rajendra Nagar, K.V.Rangareddy, Telangana	India
S1-965220880	T 2 Reliable Supply, LLC	5405 Merribrook Ln, KY, Louisville	US
S1-965347336	G & X Travel	2621 Vermont View Drive, Colonie, NY	US
S1-965524997	Campbell Property Solutions	25 Crimson View Drive, Sedona, AZ	US
S1-966430807	Rks Multiventures (India) Private Limited	Gut No - 259/2 Nimon Road Sinnar Nashik, Nandur Shingote, Sinnar, Nashik, Maharashtra	India
S1-966975112	NJY Welfarefoundation Pvt Ltd	Kh No-33/5, Jonapur New Delhi, South Delhi, Delhi	India
S1-967115736	Royal Nutrition Concepts LLC	18185 Forestbrook Loop, Unit Unit 2, Bend, OR	US
S1-967259125	Superior Materials Labs Inc	23 Colonial Circle, Morrilton, AR	US
S1-967303502	Uptown Deli	7231 Loralea Drive, Hanover County, VA	US
S1-967691965	Roller Legal Private Limited	38-D, Delhi Niwas Cghs Ltd. Ayodhya Enclave, Sector-13, Rohini, Delhi, North West, Delhi	India
S1-967751721	Jain Logistics Limited	Shop No-13, Survey No-690/1 Purandhar Co-Op Housing Society, Maharshi, Nagar, Pune, Maharashtra	India
S1-967754583	Glyphyx Union LLC	838 Murray Avenue, Columbus, OH	US
S1-968139069	Education Initiative	129 Chandler Way, Louisville, TN	US
S1-968250858	4-Legged Dog	AZ, Unit 37, 7141 16th Street, Phoenix	US
S1-968410007	Bee, Muller and Hirschfeld Telecommunication LLC	243 Norwood Hollow Road, Banner Elk, NC	US
S1-968779768	Heartland Blue Lng LLC	218 Charleston Avenue, Romeoville, IL	US
S1-969403285	Nagindas Master Road Services Private Limited	301, Gundecha Chambers, Nagindas Master Road, Mumbai, Maharashtra	India
S1-969793169	Vega Highland Manulife Holdings	1015 Omni Drive, Salt Lake City, UT	US
S1-970563629	Seven Marketing Private Limited	New Delhi, Delhi, New Delhi, B.D. Chambers, 10/54, Desh Bandhu Road, Karol Bagh, No. 209	India
S1-970668602	Hanu House Group	Flat No 4-C Yamunai Jeevan Bhima Enclave Rajasekaran Street Mylapore, Chennai, Tamil Nadu	India
S1-970720582	Classic Electronics Technologies	1239 Tillerman Place, Fl 0, Curtis Bay, MD	US
S1-970880601	Harris, Genevieve H., P.A., M.D., P.C.	3278 Acushnet Avenue, Unit 1N, New Bedford, MA	US
S1-970887052	Sai & Co	67, 68 Haiderpur Viran, Centrum Plaza, Golf Course Road, Basai Road, Gurgaon, Haryana	India
S1-971090829	United Cardiology, LLC	2757 7th Street, Unit Suite E, Redmond, OR	US
S1-97176033	Lakshmi Consultants Private Limited	A-301, New Sai Dham Chsl, Ramdev Park Road, Thane, Maharashtra	India
S1-972452680	Esteem Trust	Parganas North, 2 Kaibartapara Baburani Para Part Bhatapada Jagaddal, West Bengal	India
S1-972717766	YQ Bay Permian	2348 Huntington Drive, Town Of Star Prairie, WI	US
S1-973078151	WYQ Services Pvt Ltd	380 Aswini Dutta Nagarhindmotor, Hooghly, West Bengal	India
S1-9730963	Optimal Intelligence Innovations, LLC	631 Holmes Avenue, Lima, OH	US
S1-973332353	Tran Express Harvard	1037 Mineral Springs Drive, City Of Port Washington, WI	US
S1-973583761	Ramirez and Walborn LLC	4867 Mill Loop Road, Town Of Maple, WI	US
S1-973936431	Bangalore Design Private Limited	27, Mani Illam, 2Nd Flr, Nr Subramanya Temple, Patel Lyt, V N Post, Cheemasandra, Bangalore, Karnataka	India
S1-974637492	Indian Projects Private Limited	405, Skyline House 85, Nehru Palace, New Delhi, South Delhi, Delhi	India
S1-974697730	Radhakrishna Traders Limited	Chennai, Sf. No. 26/1 West Mada Street, Chennai, Maduravoyel, Tamil Nadu	India
S1-974705552	Ram Impex Private Limited	375/2, Samayapuram, Lionstown 8Th Street, Thoothukkudi, Tuticorin, Tamil Nadu	India
S1-974907683	Dempsey Quality Fuel PC	11221 850, Tyler, TX	US
S1-97540739	Shaw, Giovanna, DDS	Buffalo, 570 Halsey Avenue, MN	US
S1-975412735	Preferred Business Systems Inc	Loudoun County, 23355 Florina Court, VA	US
S1-975797180	Capital Guild	3646 35th Avenue, Seattle, WA	US
S1-975869163	335 Main Ave Company PC	337 Old Pinson Road, Jackson, TN	US
S1-976150307	Baba Shree Developers Limited	New No.278/102, 4Th Floor Peters Road Royapettah, Chennai, Tamil Nadu	India
S1-976426209	Corner Bistro LLC	1108 Bonhomme Lake Drive, Unit APT M, Saint Louis, MO	US
S1-976485117	Allied Healthcare	City Sr No 170 Word No 1, Plot 255-256/B, Bhavnagar, Gujarat	India
S1-976918844	Ignited Health LLP	B-602 C-Dot Gh-2 Sec, Gurugram, Gurgaon, Haryana	India
S1-977157917	Bonds Enterprises, Inc	2746 Fairway Drive, Pulaski County, VA	US
S1-977171705	Community Trust VI LP	55 Pine Lane, Stillwater, NY	US
S1-978280958	Ace Management	H No 1-10-90, Phulong, Nizamabad, Telangana	India
S1-978632804	Blue Sky Technology LLP	Maharashtra, Mumbai, 2Fl, 288 Tungekar, Th Katariya Rd Matunga W, Fl N 8	India
S1-978639418	Flowers Family Practice Inc	10706 97th Avenue, Vancouver, WA	US
S1-978737847	ENU Galaxy Private Limited	23, Iifloor, Northwestavenue, Clubroad, Westpunjabbagh, Newdelhi, New Delhi, Delhi	India
S1-97942542	Lee, Stock & King Mitsubishi Inc	150 Old Liverpool Road, Unit Apartment 403, Salina, NY	US
S1-979621542	Romisoft	Unit APARTMENT 28, 3904 Lori Drive, KY, Erlanger	US
S1-980390394	Noel Murphy Shore	216 Brittany Lane, Belleville, IL	US
S1-980481856	Sanders, Baughman and Cruz Green	323 Riverside Drive, Essex, MD	US
S1-980571025	Himachal Vidyalaya Private Limited	Om City Lic Colony Tq. Latur, Dis- Latur, Latur, Maharashtra	India
S1-981623181	Solutions Luxury Image Private Limited	273/3B, Ponnusamy Nagar A Zone, Alakkuvarpatty, Dindigul, Tamil Nadu	India
S1-981830962	Royal Sunstone LLC	Fl 0, TX, 191 Carlsbad Court, Newark	US
S1-981924649	Jishnu Textile Limited	Plot No 53 Rs No 530 Cts No 4947, Kulkarni Layout, Ramteerth Nagar, Kanabargi, Belgaum, Karnataka	India
S1-981925901	Divya Forest Corp	Office No. 311, Silver Chamber Tagore Road, Rajkot, Gujarat	India
S1-981994556	Capital Titan Corp	545 York Street, Vallejo, CA	US
S1-98225343	Grand Research Consultants Corp	6623 Walter Raleigh Lane, Village Of Mount Pleasant, WI	US
S1-982291788	Smart Pharmaceuticals	368 Blackhawk Drive, Park Forest, IL	US
S1-982416165	All Marketing Pvt Ltd	C/O Rajan Singh, Sehramau South, Sadar, Shahjahanpur, Uttar Pradesh	India
S1-98259133	Caldola Schwab Inc	Irving, TX, 608 Scenic Drive	US
S1-982974585	Shakti Infotech Private Limited	C-03, Lower Ground Floor, Aashima Mall, Hoshangabad Road, Huzur, Bhopal, Madhya Pradesh	India
S1-983198006	Creative Premier Tankers	109 Wild Ginger Trail, Chattanooga, TN	US
S1-98323209	Leonore Reyes Rapid Pampa	8926 Livenshire Drive, Dallas, TX	US
S1-983248998	Womens Health Clinic LLC	Spring Hill, TN, 407 Broadhead Drive, Unit 101	US
S1-983540069	Ss Technology Private Limited	Shop No. 1164, Pvt No.2, First Floor Kucha Mahajani, Chandni Chowk, Delhi, Central Delhi, Delhi	India
S1-983771160	Cecelia T. Skeen, DDS	1626 Shady Circle, Lebanon, TN	US
S1-98402215	Tirupati Marketing Pvt Ltd	Plot-E-14, 14/1, 15, 15/1, 16, Electronic Est Gidc Sec26, Gandhinagar, Gandhi Nagar, Gujarat	India
S1-984025934	Imojean Boyd Signature China Inc	29W 270 Forest Avenue, West Chicago, IL	US
S1-984429646	Sun Infrastructure Limited	Spaze It Park, Tower B3, 4Th Floor, Unit No- 442-4, Gurgaon, Haryana	India
S1-984672426	PA Maritime	7Th, Floor Vaibhav Chambers (Opposite Income Tax Office) Bandra Kurl, A Complex, Mumbai, Bandra Suburban, Maharashtra	India
S1-984787640	Pansy's Better Vision Center	1258 Martin Street, Nashville, TN	US
S1-985126345	Thomas Supreme Development LP	9260 Amberleigh Drive, Plainfield, IN	US
S1-985197852	Ear Nose & Throat Legacy Care Associates Inc	20 Whitney T Ferguson Iii Road, Unit Unit 4, Vernon, CT	US
S1-985652160	Big Bike Shop	636 Wall Street, Unit 2, Sevierville, TN	US
S1-985791571	Modern Energy Private Limited	32, Kemapur, Sitamarhi, Gyanpur, Sant Ravidas Nagar, Uttar Pradesh	India
S1-986199922	Operating Engineers Union Local No 149	6028 Meyers Landing Court, Fairfax County, VA	US
S1-986470370	Precision Wireless Dynamics LLC	1639 County Home Road, Paris, TN	US
S1-986793668	Tovar Packaging LP	4602 Horseshoe Circle, Fl 1, Columbia, MO	US
S1-986840295	M 9 Certified Giant LLC	4122 Scenic Drive, Dickinson, TX	US
S1-986996515	Cardiology Clean Center	2636 Aruba Bend Drive, Katy, TX	US
S1-987633901	Creative Energy Alliance LLC	4116 Waldron Trail, Forney, TX	US
S1-987749650	Anderson Columbus Inc	774 Radford Drive, Highland Heights, OH	US
S1-988224648	Remedy Traders Private Limited	Shantaganga Complex, Shop No.2, Sindagi Road, Indi, Bijapur, Karnataka	India
S1-988630610	Innovative Hospitality Pvt Ltd	Ff-14 Shreenath Avenue Nr, Iira Int. School Bhayli, Vadodara, Gujarat	India
S1-988708229	Saroornagar Technologies Private Limited	Plotno165 Teachers Colony, Vignanpuri Colony Road 3, Saroornagar, K.V.Rangareddy, Telangana	India
S1-990032352	Main Street Nails	5120 Harshmanville Road, Huber Heights, OH	US
S1-990135066	LB Investments Pvt. Ltd.	1St Floor, Tara Bunglow, 465/B, Plot No. 52, Cooper Colony, Sadar Bazar, Satara, Maharashtra	India
S1-990408697	Summit Medical Center, LLC	122 58th Street, Vienna, WV	US
S1-990775370	Carlynn Nicks King, LLC	1817 Dodgion Avenue, Independence, MO	US
S1-990962376	Shivam Construction LLP	Kolkata, West Bengal, Kolkata, Howrah, 51 Bhupen Bose Avenue Kolkata	India
S1-992548042	Meeks, Lee and Correia LLC	169 Main Street, Unit 4, West Springfield, MA	US
S1-992567987	Kirbie's Creative Transport	17200 Bell Road, Unit 1701, Surprise, AZ	US
S1-992735302	Scism Preparatory Academy LLC	203 Brentwood Drive, Cedar Falls, IA	US
S1-993002499	LDN Emarket Private Limited	No.70 Rajanarayana Towers 3 Floor, Racecourse, Coimbatore South, Coimbatore, Tamil Nadu	India
S1-993033030	Better Constellation Inc	21 Settlement Way, Luling, TX	US
S1-994289509	Mits Infra Private Limited	Sf - 02, New Delhi, Plot No. Pvt-8 & 9 Kh. No 480 & 481, 2Nd Floor, Shakti Enclave Extended Villa, Ge, Burari, New Delhi, Delhi	India
S1-994417851	Summit Society LP	33 Casa Grande, Brownsville, TX	US
S1-994632458	Compass LLC	810 Mott Shue Drive, Concord, NC	US
S1-994634360	Eilis's Engineering	Fontana, 5034 Cottontail Way, CA	US
S1-995723024	1449 Sunset Lane Partners, Inc	33-22 Farrington Street, Flushing, NY	US
S1-996425196	Family Medicine, LLC	OH, North Canton, 184 Creekside Circle	US
S1-996507806	Pediatric Dentistry Precision Care LLC	1905 Brook Boulevard, IN, Warsaw	US
S1-996966863	Lakshmi Baba Impex Pvt Ltd	Shop No. 8 12Th Road Circle, Jodhpur, Rajasthan	India
S1-997120663	Surat City Pharmaceutical Private Limited	H.No. 12/837 Gr. Floor, Bhavnagri Sheri, Surat City, Surat, Gujarat	India
S1-997417869	Achyut Church Private Limited	Surat, 533, Vyara, Pati Faliya, Village Padamdungari, Gujarat	India
S1-997580527	Lassetter Cion LLC	17319 Cr 6, Coshocton, OH	US
S1-997708003	Main Street Cafe Corp	Rock Island, IL, 2526 21st Avenue	US
S1-997731506	Ace Tech Tech Private Limited	8, Nalanda Appartments D-Block, Vikas Puri, New Delhi, West Delhi, Delhi	India
S1-998104207	RT Cotex Corporation	C/O 37C/1A/5C, Newada, Allahabad, Allahabad, Uttar Pradesh	India
S1-998643184	Macedo Valley Lionheart	104 Oak Forest Lane, Dallas, Unit H, NC	US
S1-998932505	Vaibhav Associates Limited	H.No-2-9-106/108, Shivams Pride Apt, Risala Bazar, Macha Bolaram, Secunderabad, Tirumalagiri, Hyderabad, Telangana	India
S1-999927080	Internal Medicine Select Group	Stockbridge, NY, 4579 Bear Path Road	US
