entity_id	business_name	business_address	country
S2-100068944	बॉम्बे ट्रेडिंग प्राइवेट लिमिटेड	FLAT NO B-1, THANE, Maharashtra	India
S2-100589240	Jk Bienrs Private Limited	H.NO 3 RAJ PALACE CTS NO. 862, PLOT NO. 208, SHIVAJINAGAR, PUNE CITY, Maharashtra	India
S2-10061984	Bright Foundation Private	DOOR NO 4 , NAGZARI, TAL MALEGOAN, MALEGAON, Maharashtra	India
S2-100653672	Christ Cathedral	129 LAFAYETTE AVE, NILES, OH	US
S2-100727491	Agra Granites [Limited]		India
S2-101047094	SHOLAR, SHOLAR, ALISA W., PH.D. (CO)	2109 1/2 88TH STREET, CITY OF KENOSHA, WI	US
S2-101145583	B 8  CRYSTAL GOLDEN	##1143 GARDEN DR, NEWPORT NEWS CITY, VA	US
S2-10119839	LITTLE BARBERSHOP-L.L.C.	12149 LEWIS CIR, FORNEY, TX	US
S2-10128667	BQA Tradeserve [Private]	Maharashtra, FLAT NO. I-601, MONT VERT, NR.DATTA MANDIR, S.NO.239, PUNE CITY	India
S2-101399137	westernoctave.com	9503 MILSTEAD DR, BETHESDA, MD	US
S2-101631611	cardiologyassociatesnewton.com	231 WICKSBURG RD, NEWTON, AL	US
S2-101734060	राज प्रोजेक्ट्स प्रा. लि.	B-47., SHASTRI NAGAR, JODHPUR, Rajasthan	India
S2-101902970	Housing Alliance LP	617 Carbon Street, SYRACUSE, NY	US
S2-102009837	urgent care quality center pc	CARRMICHAEL, CA, 2909 EASY WAY	US
S2-102031558	ఆల్ టెక్నాలజీస్ ప్రైవేట్ లిమిటెడ్	HYDERABAD, H.NO 508. SRI GAYATRI CLASSIC APARTMENTS LINGAMPALLY, Telangana	India
S2-102049237	... ELDRIDGE ANIMAL	001662 7 STREET, BROOKLYN, NY	US
S2-102248549	Smart Greenland  Partners	3599 LAKE RIDGE DRIVE, PUALSKI, VA	US
S2-10226180	SILVER PACKAGING PACKAGING CORPORATION	1706 SEVERN RD, SEVERN, MD	US
S2-102285263	Philbeck Dime Corp	249 CLEAR LAKE CITY BOULEVARD, WEBSTER, TX	US
S2-102591665	Myrtia Ray, P.C. Services	210 5TH ST, MARSHFIELD, WI	US
S2-102743925	>> Ridge-Diana-LP	1725 ARLINGTON BLVD, GREENVILLE, NC	US
S2-102878068	DANA E. HOFFMAN, D.D.S. CORPORATION	33-37 SOLAR LANE, SEARINGTOWN, NY	US
S2-102942862	TECHNOLOGIESSWARNINFRA.COM	1304, ROAD NO. 54 JUBILEE HILLS, HYDERABAD, Telangana	India
S2-103127290	Tech Richie Media Private Limited Limited		India
S2-103136730	@arielasrapid	4430 26ND AVENUE, LACEY, WA	US
S2-103476765	iera.com	259 STATE HIGHWAY K, MO, CLEVER	US
S2-104360838	Nityadhara-Brothers Care	B##2/247, CBHADAINI, VARANSHI, VARANASI, Uttar Pradesh	India
S2-104707989	AMERICAN CFOUCNCIL P.C.	998 LOOKOUT MOUNTAIN RD, MCALESTER, OK	US
S2-105013721	INCORPORATED SARIA THERAPEUTICS	3538 CHERRYSTONE RD, CHERITON TOWN, VA	US
S2-105058030	Bivue Qlomality Eastern Inc	7556 1050, MILROY, IN	US
S2-105209540	Ganga Vebtrhs	FLAT NO.203, TOWER-11, ORCHID PETALS SECTOR 49, SOHNA ROAD, GURGAON, हरियाणा	India
S2-105498402	LVD TOUCH	D-112, MAGARPATTA CITY, PUNE CITY, Maharashtra	India
S2-105776510	Solutions Luxury Image	273/3B, PONNUSAMY NAGAR A ZONE, ALAKKUVARPATTY, DINDIGUL, தமிழ்நாடு	India
S2-105866597	Anderson-Floating	866 30TH AVE, SANTA CCRUZ, CA	US
S2-105895280	The Boyle Encore (Inc)	MAIN ST, MARION, OH	US
S2-105914370	FB Garden Center	680 HIDDEN MEADOWS DR, MIMISBURG, OH	US
S2-105952884	Ventures Rbc Export Private	B-19, GROUND FLOOR, STREET NO.4, RAJGARH COLONY, GANDHI NAGAR, EAST DELHI, Delhi	India
S2-106542564	शक्ति इंजीनियरिंग प्राइवेट लिमिटेड	HOUSE NO 63, BLOCK -B GROUND FLOOR, PARSHANT VIHAR ROHINI, LANDMARK OPP. C.R.P.F SCHOOL, NORTH WEST, NEW DELHI, Delhi	India
S2-106660514	Cornerstone Energy Products (LLC)	1663 CEDAR GATE CIR, BIRMINGHAM, AL	US
S2-106663013	The Alejandrina K. Eckhart, DO	114 ALGONQUIN TRL, SHAWBORO, NC	US
S2-106811322	Rajmata Chambers Law Private Limited		India
S2-107071192	Hari Care Private Ltd	2/381C SENJERI BYPASS, SELLIYAMMAN NAGAR, PERAMBALUR, Tamil Nadu	India
S2-107328570	Clyify Spark Co		US
S2-10734256	@BAYCUSTOM	209 GRVOE ST, PIKEVILLE, TN	US
S2-107998199	Pediatric Dental	1112 WASHINGTON AVE, SEYMOUR, IN	US
S2-108012694	Clyify-Services	8530 22ND AVENUE, PHOENIX, AZ	US
S2-108148444	Private Janhavi Traedrs Limited	S-062, GURGAON, Haryana	India
S2-108205092	स्काई मार्केटिंग प्राइवेट लिमिटेड	FLORENTINE VILLA NO D/5, PUNE CITY, PUNE, Maharashtra	India
S2-108267226	Shri Hitech  & Private Sons Limited	H.NO 734 AT POST KANERWADI TQ KALLAM, OSMANABAD, Maharashtra	India
S2-108422085	violet yoder pharma llc	#2259 HERMITAGE WAY, INDIANAPOLIS, IN	US
S2-109169405	MOUNTAIN ÉNDOCRINOLOGY	NEWELL RD, TAMMS CPD, IL	US
S2-109380656	Desert Family Práctice LLC	1513 EAIN RD, IRVING, TX	US
S2-109403164	Dam Clelaig Pvt Ltd	203, GAYATRI MANSION, 1-1-648/2 GANDHINAGAR, HYDERABAD, తెలంగాణ	India
S2-109410959	Hart Creative  Activate Inc	7440-B BROOKPARK RD, BROOKLYN, OH	US
S2-109414699	டிரீம் புராஜெக்ட்ஸ் லிமிடெட்	NO#51 R.K.MUTT ROAD, MYLAPORE, CHENNAI HENNAI, HENNAI, CHENNAI, தமிழ்நாடு	India
S2-109579023	Coralyn Benett Diamond Northland Northland [Inc]	151 7RD STREET, OYSTER BAY, NY	US
S2-109599074	Environmental Initiative	CEDAR RAPIDS, IA, 866 14TH ST NORTHEAST	US
S2-109690861	Innovative Canary L.L.C.		US
S2-109787201	Clear Diagnostic Pártners LLC	PHELPS, NY, 1403 Ridley Rd	US
S2-109825473	JONES SELECT MUSIC,	1209 17TH STREET, MATTOON, IL	US
S2-110042743	Bright  Bakery LP	3737 OBSIDIAN AVENUE, REDMOND, OR	US
S2-110208719	Buis Superior-Hotels Inc	8621 PLAINFIELD LANE, CINCINNATI, OH	US
S2-110354210	Family-Group	002735 WAGNER STREET, CINCINNATI, OH	US
S2-110453159	Horizon  Printing International	##49 REDLAND RD, WETUMPKA, AL	US
S2-110842996	Total Star Lake	1016 CUTTERS CREEK DRIVE, SOUTH EUCLID, OH	US
S2-111224937	ಈಸ್ಟ್ ಎನರ್ಜಿ ಪ್ರೈವೇಟ್ ಲಿಮಿಟೆಡ್	H.NO 1ST FLR, 891, SAVALANGA RD, LAL BAHADUR SHASTRI NGR, SHIMOGA, ಕರ್ನಾಟಕ	India
S2-111970177	BALLAGREENTANKERS.COM	Preston Ave, WEIRTON, WV	US
S2-111990908	Ballou, Sorum and (Matos)	3153 NEWTON ROAD, PROMISE CITY, IA	US
S2-112135834	VALUE CREATIVE TECHNOLOGIES CLINIC INC.	2311 Garnet Drive, AMARILLO, TX	US
S2-112141727	LLEWELLYN TOTAL TEFHNOLOGITES LLC	1520B CLEVELAND AVE, RACINE, WI	US
S2-112226025	Blue Sky Technology Llp	FL N 8, 2FL, 288 TUNGEKAR, TH KATARIYA RD MATUNGA W, MUMBAI, Maharashtra	India
S2-112351878	Gkk Business Prfdate Limited	VII/415-L10, SECOND FLOR GOLDEN PLAZA BUILDING, TB JUNCTION, ANGAMALY, കേരളം	India
S2-112471943	ಬ್ರೈಟ್ ಸಿಸ್ಟಮ್ಸ್ ಪ್ರೈವೇಟ್ ಲಿಮಿಟೆಡ್	H.NO 1ST FLOR, BENGALURU, BANGALORE, ಕರ್ನಾಟಕ	India
S2-112494848	TM SERVICES PVT LIMITED	#1/G KHUDIRAM BOSE SARANI, SALTEE PLAZA, 6TH FLOOR, ROOM NO - 612, CABIN -M25, KOLKATA, KOLKATA, West Bengal	India
S2-112495836	Mccarty Falye Office LP	4040 DON JULIO BOULEVARD, NORTH HIGHLANDS, CA	US
S2-112894591	Goar Stone Llc	210 WOOD RIDGE COVE, CEDAR PARK, TX	US
S2-112909029	SHOOK FRONTIER  NEWHOLD INCORPORATED	5707 SORA LN, RIVERDAALE, MD	US
S2-112934836	lower pediatrics, llc	831 Shenandoah Falls Ln, null, RICHMOND, TX	US
S2-113212578	Happy Private Limited Service	DOOR NO 3641GALI LOHEWALI CHAWRI BAAZR, NEW DELHI, Delhi	India
S2-11331417	Valdez LLC Service	KITTRELL DR, OCEAN ISLLE BEACH, NC	US
S2-113356826	Walker, Konecny & Arnold Corp	19 COULTON PARK, NEEDHAM, MA	US
S2-113600604	Penaloza and Bittle First (Inc.)	4255 CHARLESWOOD AVE, MEMPHIS, TN	US
S2-113643742	Suvidha Welfare Society	S-7 PLOT NO4 PKT-7 SF, MALHAN PLAZA S 12 DWARKA, NEW DELHI, दिल्ली	India
S2-113840824	Oncology Interstate Care Associates [Inc]	2038 VAN BUREN ST, BROWNSVILLE, TX	US
S2-114177474	DEAN TAILWIND		US
S2-114270776	RAYE VANNATTA FORTRESS	13286. HENRY STREET, BEAVERTON, OR	US
S2-114281834	హై ఇంజనీరింగ్ లిమిటెడ్	VILLA NO. 08, HILL COUNTY, SY. NO. 192-198, QUTUBULLAPUR, K.V.RANGAREDDY, Andhra Pradesh	India
S2-114282129	Gonzales Globa Globa Aurora LLC	935- MONETA AVENUE, AURORA, OH	US
S2-114456936	Crystal Southern [Partners]	6155 COPPER CIR, ROANOKE COUNTY, VA	US
S2-114507442	HKD Corporation	2241  WOLFSNARE DR, VIRGINIA BEACH, VA	US
S2-114535787	Uptown (Yoga)	104 BENHAM DR, CHATTANOOGA, TN	US
S2-114784823	रॉयल बिजनेस प्राइवेट लिमिटेड	KHATA NO 100, KHESARI NO 319, BOCHAHA, बिहार	India
S2-114863267	Setao Xflh,	114 CROSS POINTE LN, ABERDEEN, NC	US
S2-114881528	M/s Tav0verapyra	G-1-116, NEW SAIGOUL ROAD, JAIPUR, Rajasthan	India
S2-11492040	Orissa  Gala Center Corporation	West Bengal, NULL, 10/11 K B C ROAD SOUTH DUMDUM FLAT NO 4AB, NORTH 24 PARAGANS	India
S2-115238959	एसएस कंस्ट्रक्शन प्राइवेट लिमिटेड	FLAT NO. 904, PUNE, Maharashtra	India
S2-115376155	TECHNOLOGY RED TECHNOLO6Y PRIVATE-LIMITED	B/2/268, AHMEDABAD, Gujarat	India
S2-11544163	Matlock, Isahella LLC Services	34742 101 Business, ASTORIA, OR	US
S2-115544728	Royal Consulting	100 AMBER WOODS DR, TEGA CAY, SC	US
S2-11626036	Mclane Diamond Private	630 SOLON RD, TX, WAXAHACHIE TOWNSHIP	US
S2-116324647	pediatric dentistry precision care llc	BROOK BOULEVARD, WARSAW, IN	US
S2-116503479	Atlantic Academy	214 MURRAY WAY, YORKTOWN, VA	US
S2-116572044	ગ્રેટ સૂર્ય કન્સલ્ટિંગ પ્રાઇવેટ લિમિટેડ	KANCHAN, STREETNO.2, MADHAVPARK-2, NR. GOVERDHAN CHOWK, RAJKOT, Gujarat	India
S2-116799176	Rudloff's Crystal Metal Works lnc.	100 PARADISE DR, NACOGDOCHES, TX	US
S2-116944637	ANUBHUTI-CENTER	PLOT NO 222, H NO 14-1-90/222, JAYALAKSHMI VILLA, ANDHRA BANK STREET, GAYATRI NAGAR, BORABONDA, HYDERABAD, BALANAGAR, Andhra Pradesh	India
S2-117034153	LLC Keystone International Energy	100. THOMAS ST, WEST HARTFORD, CT	US
S2-117113954	New Delhi Servicesprivate Private Ltd	PLOT 852 A 80/2/2/6, GROUND FLOOR, JEEWAN NAGAR, NEW DELHI, <NULL>, Delhi	India
S2-117212308	Community A1liance	MOORPARK PLACE, TUCSON  CDP, AZ	US
S2-117547978	JQ Pioncale Markets,  LLC	420 W 6TH ST, DAVENPORT, IA	US
S2-117975400	United Charter  School Inc.	0015425 HAIKU RD, IN, EVANSVILLE	US
S2-11820499	Guru Power  Limited	MAATANGI MEDICINE CENTRE, SHOP NO- G-38, GROUND FLOOR, PROPERTY NO. 8/209 AND 8/209-1 TO 30, HING KI MANDI, KOTWALI ROAD, AGRA, <NULL>, उत्तर प्रदेश	India
S2-118798004	HERITAGE INITIATIVE	MO, KANSAS CITY, 3241 TROOST AVE	US
S2-118943971	One  Exports Private	SHOP NO.M-69 GREATER KAILASH-1 MARKET, NEW DELHI, Delhi	India
S2-119011500	R0net Clear Texas, L.L.C.	3876- PINCHER SAINT, BELLINGHAM, WA	US
S2-119018892	Imperial & Co  Limited	706, 7TH FLOOR KAN CHAMBER 14/113 CIVIL LINES, KANPUR, Uttar Pradesh	India
S2-119100080	CHOICE INVESTMENT TÉCHNOLOGIES	12015 182ND AVE, VILLAGE OF BRISTOL, WI	US
S2-119412113	Shri BANNER FARM  PRIVATE LTD		India
S2-119615741	Super (India) Realtors Pvt Limited	S.NO. 72/26, GREENS PINE, K-501, OPP. PUDAMJEE MILL, PUNE CITY, Maharashtra	India
S2-119862819	अल्फा केयर लिमिटेड	A 00204 SAWALI CO OP HSG SOC PLOT 41 SEC 5 KHARGAR, RAIGARH, RAIGARH (MAHARASHTRA), Maharashtra	India
S2-120023144	SB Highland Mines,	25990 CEDAR VALLEY RD, NATRONA, WY	US
S2-120256320	Machinists Union Local No 202	123 DAY HILL ROAD, WINDSOR, CT	US
S2-120313486	Cornerstone Carlyle Incorporated	BEULAHTOWN RD, KENLY, NC	US
S2-120423309	ballousorummatos.com	3153 NEWTON ROAD, SOUTH FORK, IA	US
S2-120490083	Sri Vinayak Telesystems Private Limited	C/O SHIVAJI SINGH, MOHADDIGANJ, MAHDIGANJ, SASARAM, Bihar	India
S2-120518207	cedar | www.cedar.c0m	7477 COVERED BRIDGE DR, N/A, WATERLOO, IL	US
S2-120839022	BR  Advanced	1054 16th St, <NULL>, COTTONWOOD, AZ	US
S2-121128245	Data Marketing Industries Inc.	9317 73RD STREET COURT, GIG HARBOR, WA	US
S2-121268555	NEW DELHI PROP LTD PVT	A-G-85, NEW DELHI, Delhi	India
S2-121271277	Lucknow Limited Private Mutual	D-043, SALEHNAGAR, SAINIK NAGAR, LUCKNOW, उत्तर प्रदेश	India
S2-12142227	KIRTI &  PARTNERS PRIVATE LIMITED	4TH FLOOR, OFFICE-419-420, ZENON, NR. KIRAN MOTERS, NEW CIVIL ROAD, SURAT CITY, Gujarat	India
S2-121599850	National Cohen	3287 JABER DRIVE, PMB 9675, SPRINGFIELD TWP, OH	US
S2-121685326	Mumbai Marketing Private Ltd	272, 274, 276 /F WING, SOLARIS 1, SAKI VIHAR ROAD OPPOSITE L & T GATE NO.6, ANDHERI EAST, MUMBAI, महाराष्ट्र	India
S2-121866160	United LLC Cardiology,	2757-D 7th St, REDMOND, OR	US
S2-121897499	fuemmertperkins.com	1708 MOUNT HOOD STREET, THE DALLES, OR	US
S2-122356299	C-SCHEME (MNI)A PRIVATE LIMITED	D/4, VIVEKANAND MRAG, C-SCHEME, Rajasthan	India
S2-122445707	Shree Producer Private	NO 327/7 1/54, BHARATHIAR STREET, MOOVARASAMPET, CHENNAI, Tamil Nadu	India
S2-122524155	Program ... United	2, DOUBLE SPRINGS, AL	US
S2-122537832	Z+ Southern Corp	45 SANIT JAMES ST, WEST HARRTFORD, CT	US
S2-122571934	PHYSICAL THERAPY CENTER  LP	4459 COLLEGE AVENUE, INDIANAPOLIS, IN	US
S2-122833808	Pollachi Crop Limited Center	தமிழ்நாடு, #113 , NEW NO. 96, GANDHINAGAR, KOTTUR ROAD, SULEESWARANPATTI, POLLACHI	India
S2-122876908	atlanticpreparatoryacademy.com	665 TOURNAMENT DR, CINCINNATI, OH	US
S2-122923810	Integrated Apex Surgical Inc	22318  FOREST LOOP RD, GRANITE FALLS, WA	US
S2-123047957	Bvs Medical Medical Centre (Private-Limited)	E-5/405, GALI NO. 8, NETAJI SUBHASH MOHALLA, SONIA VIHAR, DELHI NORTH EAST, Delhi	India
S2-123661263	Teum 5oulpower  PC	205 MURRAY STREET, GAINESBORO, TN	US
S2-123927649	Main  Street Pizza	##210 AUGUSTA AVENUE, MANNINGTON, WV	US
S2-124172060	Bustamante, Eileen [Enterprise]	7603 TIDEWATER DR, VALLEJO, CA	US
S2-124361604	Empire Strategy	LEROY, 1229 FULLS FORK, WV	US
S2-12457390	and Foreman LLC Robinson	3787 HARRIS ROAD, OXFORDD CITY, OH	US
S2-124600273	Aparna Iodutss Group	INAYAT NAGAR, 5. NAMBAR, MILKIPUR, Uttar Pradesh	India
S2-124639004	Education Coalition	1601 MALBU PLACE, NEWPORT NEWS, VA	US
S2-124872978	Kolkata Solutions	46/2. SARAT GHOSH GARDEN ROAD, KOLKATA, KOLKATA, West Bengal	India
S2-124974543	Cascade Oyj	270 ROCK, PIEDMONT, KS	US
S2-125281503	PACIFIC COMMUNITIES	EDGEWOOD, MD, 338 AHERN DR, null	US
S2-125879349	Equinox LLC	KY, 6055 TIMBER RIDGE DR, PROSPECT	US
S2-125937692	PLANET-TRADERS  LIMITED	ANKAMVETTI KAVALA, PUTHUPARIYARAM P.O, MANAKKADU, THODUPUZHA, THODUPUZHA, Kerala	India
S2-126067707	Creative फॉर्च्यून Construction प्राइवेट लिमिटेड	DORO NO #5 SULTANPURESTATE MEHRAULI, NEW DELHI, दिल्ली	India
S2-126159778	OSTRICH C0NSTRUCTIONS LLP	NO. 87 AND 89, INDIRA NAGAR, BAGALUR ROAD, HOSUR, KRISHNAGIRI, <NULL>, தமிழ்நாடு	India
S2-126230309	8urke Arrived	25889 264 HWY, PANTEGO CITY, NC	US
S2-126328730	Tramel Holding Company	300 CHARLES ST, BALTIMORE, MD	US
S2-126342161	castellibrookfield.com	141 SAUNDERSVILLE ROAD, HNEDERSONVILLE, TN	US
S2-126598464	പ്രീമിയർ സൺറൈസ് ഇന്റർനാഷണൽ പ്രൈവറ്റ് ലിമിറ്റഡ്	ERNAKULAM, Kerala, HOUSE, ERNAKULAM, N/A	India
S2-126801931	stákingcreativeheritage.com	2507 LAKEVIEW AVENUE, SPARROWS POINT, MD	US
S2-126952128	bucherinnovativetax.com	816 Greenland Drive, FAYETTEVILLE, NC	US
S2-126992026	Value  Software Group		US
S2-127106558	परफेक्ट फाइनेंस प्रा. लि.	NO. 20 C/O MUNNA THAKUR, PURBI CHAMPARAN, EAST CHAMPARAN, Bihar	India
S2-127168212	United Holding	1007 TORNGAT COURT, VIRGINIA BEACH CITY, VA	US
S2-12719867	इंडियन सदर्न फूड प्राइवेट लिमिटेड	NO 139/E RAJNAGAR, INDORE, HATOD, मध्य प्रदेश	India
S2-127544002	Laborers Local Union  122	0418 SOUTHEAST BOULEVARD, CLINTON, NC	US
S2-128002559	Brixjax	460, MOUULTON, AL	US
S2-128133003	ACE BIOMEDICAL DYNAMICS CORPORATION	##490 MOUNT VERNON ST, SAINT JOHNSBURY, VT	US
S2-128168006	Shiva మీడియా	C-22-1-433/1, OPP MBGS EXIT GATE, KALI KABAR, CHADERGHAT, HYDERABAD, Telangana	India
S2-128273531	BALAJI PIONEER PVT LTD CENTER	F 802, 8TH FLOOR, BLOCK -I, MHB, SY NO-83/1, RAIDURGAM, SERI LINGAMPALLY, తెలంగాణ	India
S2-128521927	ராம் இம்பெக்ஸ் பிரைவேட் லிமிடெட்	4-375/2, TUTICORIN, THOOTHUKKUDI, Tamil Nadu	India
S2-129185477	Fuse Lake Ádvanced Maple	40 BIRCH AVE, MAPLE LAKE, MN	US
S2-129238611	Dinny Lindsey Media (LLC)	N82W13414 FOND DU LAC AVENUE, VILLAGE OF MENOMONEE FALLS, WI	US
S2-12932737	NJY Welfarefoundation	KH NO-33/5-, JONAPUR NEW DELHI, SOUTH DELHI, दिल्ली	India
S2-129329029	Tovar Páckaging LP	#4602 HORSESHOE CIR, COLUMBIA, MO	US
S2-129457197	Frog India Ltd	176 , SECTOR 52, GUTIGAU, GURUGRAM, हरियाणा	India
S2-12974842	గోల్డెన్ ఐటీ లిమిటెడ్	VILLA NO-1, <NULL>, HYDERABAD, తెలంగాణ	India
S2-12991038	Romisoft Córporation	LORI DR, NULL, ERLNAGER, KY	US
S2-130257014	ursa's bike shop of pleasanton pllc	PLEASATON, 418 1784, TX	US
S2-130268372	dmconsultants.com	##78 SUMMER ST, <NULL>, NATICK, MA	US
S2-130718985	Thea  Ortiz	#45 POPLAR STREET, CENTRAL ISLIP, NY	US
S2-130834849	Iridova	DOOR NO 3, Maharashtra, RAIGARH(MH)	India
S2-130875855	APEX FITNESS	013195 BRANT RD, VICTORVILLE, CA	US
S2-130880679	SOLUTIONS  CHATRAPATI COTTAGE PVT	A-53, G D COLONY MAYUR VIHAR, PHASE 3, MAYUR VIHAR, दिल्ली	India
S2-131096223	Digital Digital Medical Consultants	SUMMER ST, <NULL>, NATICK, MA	US
S2-131275777	CHAMPAGNE PÍNNACLE SKY CORP	3235 FINLEY ROAD, IRVING, TX	US
S2-13132039	C A Evans Noble Corporation	1611 WINDSOR WOODS BLVD, PERRY, IN	US
S2-131409529	prairiebayofs.com	220 BALLARDVALE ST, WILMINGTON, MA	US
S2-131707466	Rudra Limited Energy Private (India)	DOOR NO 274 , 27TH MAIN, 15TH CROSS, HSR LAYOUT - 1ST SECTOR, BANGALORE SOUTH, Karnataka	India
S2-13213781	Dorothee Roy,	##178 VALLEY BROOK RD, AGAWAM, MA	US
S2-132285992	United Project Vi	351 BLUE GLACIER LOOP, SEQUIM CDP, WA	US
S2-132314322	LUCKNOW STEELS-PRIVATE LIMITED	69/205 BIRHANA, LUCKNOW, Uttar Pradesh	India
S2-132408883	Nodyne	BRENTWOOD, 45  ASHINGTON LN, TN	US
S2-132770114	superior materials labs inc	COLONIAL CIR, MORRILTON, AR	US
S2-132774066	Veterans Center	LOAMI, IL, 409 CENTER STREET	US
S2-132861814	Pediatric Dentistry	4068 OPAL ST, NATRONA, WY	US
S2-132978910	Choice  Douglas	28TH AVE W, TULSA, OK	US
S2-133092612	M & X Drugs,	523D 4TH AVE, TUCSON, AZ	US
S2-133148977	CAMERON ALLIED PRIORITY	N4231 C, TOWN OF FREEDOM, WI	US
S2-133151491	COLONIAL COLONIAL DYNAMIX ASSOCIATES CORP	4895 ALLEN AVE, FLAGSTAFF, AZ	US
S2-13330346	Incorporated Dia,	BROOKBEND CT, WAXAHACHIE, TX	US
S2-133347548	VARSHAM PRODUCTS-PRIVATE	NO - 06, SOUTH RAMPART OLD TOWN BUSTAND, THANJAVUR, தமிழ்நாடு	India
S2-13335367	Primary Care [Medicine]	#1487 11B, DICKINSON CENTER, NY	US
S2-133718192	MAM lNDIA PRIVATE LIMITED	DOOR NO. XV/34., U BROTHERS BUILDING GURUVAYOOR ROAD, KUNNAMKULAM POST, THRISSUR DISTRICT, Keralam	India
S2-133822814	Thielen Modern Barings LP	TEMPE, AZ, 639 16TH ST	US
S2-134005632	ORIENT EXPORTS PRIVATE LIMITED	HN 899 B-4/123, EKTA GARDENS CGHS, INDRA PRASTHA EXTN., DELHI, Delhi	India
S2-134131481	ಸ್ಮಾರ್ಟ್ ಮ್ಯಾನೇಜ್‌ಮೆಂಟ್ ಪ್ರೈವೇಟ್ ಲಿಮಿಟೆಡ್	H.NO 201, BENGALURU HQ REGION, BANGALORE, Karnataka	India
S2-134438973	GARCIA BREWING LTD	HIGHLAND DR, LITTEL ROCK, AR	US
S2-134516401	SEVEN PVT GLOBAL LTD		India
S2-134560137	Ear Nose & Throat National Group P.C.	431 Saguaro Dr, APACHE JUNCTION, AZ	US
S2-134576009	Star Obic Co	1938-B YAKIMA AVENUE, TACOMA CIY, WA	US
S2-134650115	Z+ Sóuthern	SAINT JAMES ST, WEST HARRTFORD, CT	US
S2-134743238	Dempsey Quality Fftu PC	11221 850, TYLER, TX	US
S2-13478272	Allbritton, Rici Starry Inc	OK, 37990 HARDESY RD, BETHEL ACRES	US
S2-134940740	સૂર્ય કન્સ્ટ્રક્શન્સ	FL. NO. 308, SURAT, Gujarat	India
S2-135005185	ಶಿವ ಲಾಜಿಸ್ಟಿಕ್ಸ್ ಪ್ರೈವೇಟ್ ಲಿಮಿಟೆಡ್	7/A, BANGALORE, Karnataka	India
S2-135397180	Castelli  Brookfield (LLC)	141 SAUNDERSVILLE RD, PMB 2290, HNEDERSONVILLE, TN	US
S2-135882503	Om Constructions Private Ltd		India
S2-135902629	एपेक्स फाउंडेशन लिमिटेड	C-5, CHEMICAL ZONE, M.I.D.C.KALYAN BADLAPUR ROAD, AMERNATH (WEST), MUMBAI, Maharashtra	India
S2-135905825	SOLENTSPROTT.COM	6610 COLESHIRE DR, DALLAS, TX	US
S2-135978561	Ogle Complete Open Ltd	6743 HIGHWAY 56, CHAUVIN, LA	US
S2-136004507	Parakh Institute of  Technology	193/1, B.L. SAHA ROAD, KOLKATA, West Bengal	India
S2-13606653	Vishal Polytechnic	1, RIVER VIEW ENCLAVE, TEESTA STREET, 3RD MAIN RD, SRIPERUMBUDUR, Tamil Nadu	India
S2-13751944	Buis Superior Hotels		US
S2-137671220	Mandi Da Jersey Inc	OREM, UT, 892 100	US
S2-137951905	Fontenot and Franklin Eppard	Cross St, SALEM, OR	US
S2-13808676	Family Cénter	5805 INDIN TRACE, CITY OF MADISON, WI	US
S2-138426743	शक्ति लॉजिस्टिक्स प्राइवेट लिमिटेड	PLOT NO. RB-500, RIICO, INDUSTRIES AREA KAROLI, TIZARA, ALWAR, Rajasthan	India
S2-138543047	Bureau of Hoin	1232 BUCKHEAD TRL, TN, MOUNT JULIET CITY	US
S2-138585087	LLC EAST SCHOOL OF MEDICINE	OH, EAST CLEVELAND, 1875 BRIGHTWOOD STREET	US
S2-138839775	Ss Construction Private	H.NO 904 , 'A' WING, PRISTINE FONTANA BUILDING S. NO. 22, BEHIND MARATHA MANDIR, BAVDHA, N KHURD, PUNE, Maharashtra	India
S2-138861847	Dr Panya Rhino	NO 7 , SECTOR 3, IMT MANESAR, GURUGRAM, Haryana	India
S2-139165286	WCC (I) CORPORATION	PLOT NO. ##10 , BLOCK NO. 6 FF, RIGHT SIDE, SPRING FIELD COLONY, SEC, TOR-31, Haryana	India
S2-139797065	lcsolutions.com	NO.457, 17TH CROSS, 14TH MA, 4TH SECTOR, HSR LAYOUT, HSR LAYOUT, BANGALORE, BANGALORE SOUTH, KARNATAKA, INDIA, BANGALORE, BENGALURU, Karnataka	India
S2-139806471	Best Éngineering Private Limited	MIG FLAT NO. -G-110, BLOCK-Y-1 SECTOR- D-6, VASANT KUNJ, NEW DELHI, Delhi	India
S2-139840230	DENTISTRY PEDIATRIC CARE	2475 GLADE DR, CHRISTIANSBURG TOWN, VA	US
S2-139857514	Dugan Rocky Mid Ltd	941 HESTERS CROSSING ROAD, ROUND ROCK, TX	US
S2-139906359	Projects One Distributors	Maharashtra, #561 TATA MILLS HSG. SOCIETY, BUILDING NO. 3, FLAT NO. 32, 7TH FLOOR, P, AREL, MUMBAI	India
S2-13995392	projectdevelopmenteconomic.com	45 LAKE MIST DRIVE, PIPERTON, TN	US
S2-139994175	Temple Fellowship	404 20TH AVE, MIOT, ND	US
S2-140481620	WILDLIFE NETWORK CORPORATION	005597 FOX CHASE DRIVE, HOKAH, MN	US
S2-140642556	Premier Center	3542 ARCHTECT AVE, MINNEAPOLIS, MN	US
S2-140915486	Kaira Education Peivlae Limited	OLD NO.37/C, NEW NO.14, GROUND FLOOR, NATHAMUNI STREET, T.NAGAR, CHENNAI, Tamil Nadu	India
S2-141205683	विजन हॉस्पिटैलिटी	#6 CTS NO.1285 A/D, OLD BULB FACTRORY, NEHRU NAGAR, OPP. HANUMAN TEMPLE, KANJUR, MARG (E), MUMBAI, महाराष्ट्र	India
S2-141460586	Rojas Sterling Association Llc	94 LAFAYETTE AVENME, SUFFERN, NY	US
S2-141681315	shagunenterprises.com	C/O RAMASHARAY SINGH, NEW AREA WARD NO-11 NEAR DEVI MANDIR, AUARNGABAD(BH), Bihar	India
S2-141721491	Finance Prastuti Securities Private		India
S2-141856533	atsconcrete.com	FL NO-104., PACIFIC AVENUE, PL NO-12, SR NO-1001, NASHIK, Maharashtra	India
S2-142141403	Sankalp Public School Private [Limited]	#2/2  SAINI BHAVAN, AMAR HIMACHAL CHS LTD, G M ROAD, PESTOM SAGAR, CHEMBUR, MUMBAI, Maharashtra	India
S2-142190454	-- Best-Frontier	CA, DIXON, 910 NEWGATE WAY	US
S2-142403196	pierrettedeboerelite.com	14010 MOON ROAD, SOUTH SOLON, OH	US
S2-142576020	Mr Rashmi Mesh Private	C-57 EAST KRISHNA NAGAR, MANDIR MARG, DELHI, Delhi	India
S2-142708346	Venevue PLLC Johnson	411 ANNABEDG LANE, MONROE, NC	US
S2-142992369	Edwards Learning Center Inc	1758 12210, UT, RIVERTON	US
S2-143283850	ANDERSON COLUMBUS	774  RADFORD DRIVE, HIGHLAND HEIGHTS, OH	US
S2-14340589	Sri SURYA MANAGEMENT PRIVATE [LIMITED]	2-1/1502, NEW SHIVPURI HAPUR, HAPUR, उत्तर प्रदेश	India
S2-143650423	Rosser Mnucipais Corp	2869 BENCH ROAD, ENTERPRISE CITTY, UT	US
S2-143703340	PIEDMONT  COALITION		US
S2-143882982	Eye Blue Medicine L.L.C.	406 SOUTH FOURTH SAINT, SHELBYVILEL, IL	US
S2-143937181	Mccarty Fámily Office LP	4040 DON JULIO BOULEVARD, NORTH HIGHLANDS, CA	US
S2-144083048	Dm Efvten Limited	DOOR NO 4A KEYA APARTMENTS 6A KEYATALA ROAD, KOLKATA, KOLKATA, West Bengal	India
S2-14411898	treichelrennie.com	#279 AARON CIRCLE, VACAVILLE CITY, CA	US
S2-144169620	COMMUNITY SERVICES LLC SERVICES	ABIINGDON TOWNSHIP, 4034 SHARILYNN DR, MD	US
S2-144182143	Finance Bright Estate Private Ltd	PLOT R-710, T.T.C. INDUSTRIAL AREA MIDC, RABALE, महाराष्ट्र	India
S2-144238007	#machtrading	317, SANALI HEAVENS, BEHIND KAMMA SANGAM AMEERPET, Telangana	India
S2-144473418	Namco Clinic	104, 1ST FLOOR, BHAWANI INDL ESTATE, NR JAIN MANDIR, IIT MARKET, POWAI, MUMBAI, Maharashtra	India
S2-144609145	Internal Medicine	10646 1/2 POTOMAC DRIVE, DEMOTTE, IN	US
S2-144654815	chhatashivacom	C/O KARAN PAL, GOVERDHAN CHORAH, CHHATA, Uttar Pradesh	India
S2-14480944	Pediatric Partners Corp Services	135 CENTER TREE DR, PALACIOS, TX	US
S2-145026357	L.L.P. NAVKAR TOURS	HN 123 PAOT NO-11 AVANTI VIHAR, LUCKNOW, उत्तर प्रदेश	India
S2-145322696	Belva's Cascade  Pilates	##1683 SCARBROUGH CIRCLE, CONCORD, NC	US
S2-145520211	ராஜ் கன்சல்டன்சி பிரைவேட் லிமிடெட்	KRM PLAZA, REGUS NO.2, HARRINGTON ROAD. CHETPET, 8TH FLOOR, CHENNAI, Tamil Nadu	India
S2-14589744	Campos Rockwool Incorporated	3925-3927 52, WEST LAFAYETTE, IN	US
S2-145955818	ತಿರುಪತಿ ಕೇರ್ ಪ್ರೈವೇಟ್ ಲಿಮಿಟೆಡ್	740-D, BANGALORE, Karnataka	India
S2-146198659	Balamurugan + Brostases Private Limited	H.NO 697 BBMP NO. 68/1, BDA SITE NO. 78 SITUATED IN INDUSTRIAL SUBURB, MAHALAXMI, PURAM, BANGALORE, Karnataka	India
S2-146265770	The Dent  Massage	20002 MOUNTAIN HIGHWAY, SPANAWAY, WA	US
S2-146466586	HEARTLAND  LEAGUE	303 COTTAGE AVENUE, SAINT PAUL, MN	US
S2-146779545	X Z & M ÍNTERCONTINENTAL		US
S2-146819157	SUMMIT COUNCIL  OF AMARILLO LLC	AMARILLO, 721 WALKER DR, TX	US
S2-146930995	Orthopedic-Highland Orthopedic-Highland Partners Corp	301- TEAGUE ST, WAKE FOREST, NC	US
S2-147208635	Little Hair	##401 SEVENTH STREET, BEARDSTOWN, IL	US
S2-147249259	INDIA-AURA PROJECT PRIVATE	Delhi, #0503 SILVER ARCH, APRTMNT 22 FEROZ SHAH RD, NEW DELHI	India
S2-147351634	Platinum Learning LLC Center	189 PARKSTONE DRIVE, FRAZIERS BOTTOM, WV	US
S2-147442636	MASSIF CNLCI CORPORATION	#78 WARD NO.8, H. NO.1585/5, SANGALI ROAD ICHALKARANJI, HATKANANGLE, महाराष्ट्र	India
S2-14746504	Powell  Resources	##2725 VINTON AVENUE, ROCKFORD, IL	US
S2-147597700	Industries Vrdnl Fresh Ltd	705, ANSAL VIKAS DEEP BUILDING LAXMI NAGAR DISTRICT CENTRE, VIKAS MARG, DELHI, Delhi	India
S2-147922412	Perfect Fiance Pvt Ltd	NO. 20 C/O MUNNA THAKUR, WARD NO7, WARD NO.-7, PS-MALAHI, ARERAJ, Bihar	India
S2-147952313	M/s JALNAYAN 8EVERAGES LTD	Delhi, C-#213/1 GALI NO. 5, CHAUHAN BANGER, SHAHDARA	India
S2-148088147	Zonnya Curtis, [DMD,]	1580 HARBOR SPRINGS RD, RUSSELL, KY	US
S2-148247766	యూనివర్సల్ రియల్ ఇంటర్నేషనల్ ప్రైవేట్ లిమిటెడ్	FLTA NO 401, 8-3-231/W/9, YOUSUFGUDA, KHAIRATABAD, HYDERABAD, Telangana	India
S2-148325253	Shiv Enterprises Private Ltd	C/O.TEJA SEEDS AND PESTICIDES, CHURCH COMPLEX, MAIN ROAD, RENTACHINTALA, Andhra Pradesh	India
S2-148496167	Regional Line Llc	Edgeware Rd, HAMPDEN TOWNSHIP, PA	US
S2-148604891	atlanticmitsui.com	930 M ST, N/A, WASHINGTON, DC	US
S2-148608766	GENTRY SUPREME BIOPHARMACEUTICALS INC	618 DANNY LANE, FRANKLIN, TN	US
S2-148667222	LONG ÚRBAN	880 STANWOOD AVENUE, AKON, OH	US
S2-148974008	Happy-Tavern	102 MARTINS POINT PLACE, NC, CARY	US
S2-149235366	NCC Contact  of Nanded LLP	NAGARESHWER MANDIR ROAD MAULHA HATAI, NANDED, Maharashtra	India
S2-149427969	P.C. Division of Public Works	SACRAMENTO, 4130 MCKINLEY BLVD, CA	US
S2-149466102	Shrinath Agro (India) Partners Limited	A 8, ST ANNS CGHS LTD., PLOT NO 8A, SECTOR 7, NEW DELHI, दिल्ली	India
S2-149896595	Yingst, Deise F., D.D.S., (P.C.)	101 SOUTH AVE, PO BOX 1343, GLEN ULLIN, ND	US
S2-150090208	brittbestwillow.com	TORONTO AVENUE, PRIOR LAKE, MN	US
S2-150232100	Taparia Food Córporation	78-A/5, DILSHAD GARDEN, Delhi	India
S2-150625741	रॉयल कंसल्टेंसी	BORIVALI WEST, MUMBAI, Maharashtra, #988/9 403	India
S2-151283905	GLYPHYX LLC UNION	COLUMBUS, OH, 838 MURRAY AVENUE	US
S2-151308060	KEYA LEVELIHTOD PVT LTD	470 MARVEL CASCADA, FLAT NO B-1302 SR NO. 28, 29 OPP BALEWADI STADIUM, PUNE, Maharashtra	India
S2-151553545	Shannon School Medicine [of]	216 GIBSON ST, CANANDAIGUA, NY	US
S2-151787972	Ignited Haetnh LLP	H.NO 289 B-602 C-DOT GH-2 SEC, GURUGRAM, GURGAON, Haryana	India
S2-151818859	Center Agl LLP	FLST NO. 90, FIRST FLOOR, DESHBANDHU CO OPERATIVE GROUP HOUSING SOCIETY, I.P. EXTN. PATPARGANJ, EAST DELHI, Delhi	India
S2-151952707	एपेक्स इंफ्रा	CHITANVISPURA CIR 4  HOUSE NO. 1274, NAGPUR, महाराष्ट्र	India
S2-152010346	Highland Montessori  School Board	##2902 18TH STREET, ROGERS, AR	US
S2-152074753	familystarcare.com	022 MAIN ST(MOOSUP), PLAINFIELD, CT	US
S2-152119056	Amarnath Traders Private [Limited]	DOOR NO 535 OFFICE NO.8 F/FCHANDERMAL, PLOT9 DHARAMBIR MARKET, NEW DELHI, Delhi	India
S2-152166487	Constellation Earthmovers Ltd	NO 921 VILL- MAHUA SINGH RAE, TOLA-MAHUA SINGH RAE POST- MAHUA, PS-MAHUA, MAHUA, Bihar	India
S2-152171719	Beltran Innovative		US
S2-152311009	Prairie Chemical Inc	LAKESHORE RD, CHELAN, WA	US
S2-152497146	Rojas  Sterling	94 LAFAYETTE AVE, SUFFERN, NY	US
S2-152751557	Certified Security	UNIVERSITY WAY, ELLENSBURG, WA	US
S2-15294087	EASTERN APEX CELL INC	AZ, TEME, 1145  KELLY LN	US
S2-152971069	I 5 Preferred	19179 11ST AVE, POULSBO, WA	US
S2-153307795	Atlantic Academy York County Corporation	214 MBRRAY WAY, YORKTOWN, VA	US
S2-153647290	#WILLIAMS		US
S2-153767532	Womens  Health Cascade Center LLC		US
S2-153823849	Heritage Talent Digital Inc.	SANTA CRUZ, CA, 721 RIVERSIDE AVE	US
S2-153943935	Nellie Scialoler Scientific	AUSTNI, 12732 1/2 CENTRAL PARK, TX	US
S2-154258976	Ghosh Consultancy  Limited	मध्य प्रदेश, MIG II 552, CHIRAHULA COLONY WARD NO - 44, REWA	India
S2-154348047	health valley charities inc	HILLTOP DRIVE, PITTSFORD, NY	US
S2-154458952	UPTOWN YOGA  INC	104 BENHAM DRIVE, CHATTANOOGA, TN	US
S2-154533312	ROJAS LANE (LLC)	41 BIDWELL AVE, WAUKESHA, WI	US
S2-154573990	powellresources.com	##2725 VINTON AVE, ROCKFORD, IL	US
S2-154653209	CICILY AGYEMANG O.D. DDS PC PLLC	190 GERRISH AVENUE, PO BOX 7365, DRACUT, MA	US
S2-154679414	leann colon federal acquisitions inc	106TH WAY, SCOTTSDALE, AZ	US
S2-154782356	Sullivan  Better Sony	00309 LITCHFIELD ST, FRANKFORT, NY	US
S2-154798287	Shiksha-Private Sons and Limited	తెలంగాణ, DOOR NO 7-1-636/31 , F. NO. 102, PARK VIEW APARTMENTS, MODEL COLONY, S. R. NAGAR, HYDERABAD	India
S2-155017593	Colonial Institute Clínic	WHITE TOP VIEW, WASHINGTON COUNTY, VA	US
S2-155056488	DORENA'S ÁPPAREL, LLC	PEMBROKE TOWNSHIP, 6563 COZART AVENUE, IL	US
S2-155148331	Oncology Group Center	443 Airport Industrial Park Rd, PARKERSBURG, WV	US
S2-155464190	PLANET TRADERS LTD	ANKAMVETTI KAVALA, PUTHUPARIYARAM P.O, MANAKKADU, THODUPUZHA, THODUPUZHA, കേരളം	India
S2-155647822	PAMELA H. ROTH, D.Ó., M.D.,	7920D ALTA CUESTA DRIVE, RANCHO CUCAMONGA, CA	US
S2-155816868	CHRIST-CHURCH	1078- JACKSON LANE, SHOW LOW, AZ	US
S2-156981301	Pramod College	ROOM NO. 602, 6TH FLOOR GAIKWAD HEIGHTS, BESIDE BHAGIRATHI, THANE, Maharashtra	India
S2-157358394	Violet Yoder LLC Center	#2259 HERMITAGE WAY, INDIANAPOLIS, IN	US
S2-157507310	होटल कृष्ण इंफोटेक प्राइवेट लिमिटेड	D9, NOIDA, GAUTAM BUDDHA NAGAR, Uttar Pradesh	India
S2-157721942	టెక్ ఇన్ఫోటెక్ ప్రైవేట్ లిమిటెడ్	8-6-375/3/8, KARIMNAGAR, HYDERABAD, తెలంగాణ	India
S2-157878890	Orthopedic Care Associates  Co	IL, OSWEGO, 181  AMHERST CIRCLE	US
S2-158087815	Blackmon Studios	34TH AVE, EAST MOLINE, IL	US
S2-158313022	Caroline Roirtuez Food, Inc	4206 SCENIC VIEW DRIVE, MORGANTOWN CTIY, WV	US
S2-15857579	M/s Vionex	E-5/405, GALI NO. 8, NETAJI SUBHASH MOHALLA, SONIA VIHAR, DELHI NORTH EAST, NORTH WEST DELHI, Delhi	India
S2-158590835	The Vivyan Ruiz Aluminum P.C.	281 FINWOOD DR, ROSENBERG, TX	US
S2-158694816	Machinists 697 Center	JACKSON ST, GREENFIELD TOWNNSHIP, IA	US
S2-158782343	Smith Imperial of (Corvallis)	4315. ARROWOOD CIRCLE, CORAVLLIS, OR	US
S2-158818962	Ak Consultant Private Ltd	PLOT G-987 SH.NO-01 SHIVANI HEIGHTS, SN- 54/15/1/2 KONDHAWA BK, BAHE NGR, PUNE, Maharashtra	India
S2-158966225	UNITED CARDIOLOGY,	2757-D 7TH STREET, REDMOND, OR	US
S2-158990521	Suellen Perez, M.D. Services	668 MERRIMONT CIRCLE, BIRMINGHAM, AL	US
S2-159429581	Adarsh Polytechnic	Maharashtra, UNIT NO 404, 4TH FLOOR, B-WING, MARUTI CHAMBERS, VEERA DESAI ROAD, NEAR YASH RAJ STUDIO, ANDHERI WEST, MUMBAI	India
S2-159830603	Gildcalosyn	7241 OSAGE AVENUE, MESA FOUR PEAKS, AZ	US
S2-160071093	Preferred Business [Systems]	23355 FLORINA COUT, LOUDOUN COUNTY, VA	US
S2-160221902	(INDIA) SOUTHERN MANAGEMENT PRIVATE LTD	K-43, OPP PLAZA CINEMA, CONNAUGHT PLACE, Delhi	India
S2-160246266	TARA DRUGS (OFI) PRIVATE LIMITED	DOOR NO 217 , 9TH 'H' MAIN, 1ST BLOCK, HRBR LAYOUT, BANGALORE, Karnataka	India
S2-160527912	Mark Ventures LLP	WZ Â 8, II ND FLOOR, SANT NAGAR EXTN NEAR CHAWKHANDI, NEW DELHI, Delhi	India
S2-160659874	Ridge Delta Inc Services	922 TWENTY FIRST ST, LOARIN, OH	US
S2-16091054	Smt Armour Exports of Ahmedabad Company	8-10-G, TITANIUMCITYCENTER, 293/1/P, T.P-03. 100FT.ROAD, NR.SACHINTOWER, ANANDNAGAR, AHMEDABAD, Gujarat	India
S2-161034657	Islamic Lanudmage Private Limited	#27 SHAKESPEARE SARANI 5TH FLOOR, FRONT BUILDING, KOLKATA, KOLKATA, West Bengal	India
S2-161097838	स्काई ऑल टेक्नोलॉजी प्राइवेट लिमिटेड	32-B, NEW DELHI, Delhi	India
S2-161225556	Benitez & Vargas Solana	122 AA EIGHTH SAINT, <NULL>, ELMIRA, NY	US
S2-161426547	Whitley and and Melton	LEE PL, CAPITOL HEIGHTS, MD	US
S2-161427919	Helios PC  Center		US
S2-161558142	60/49 Vehicle	482 GLEN LILY RD, BOWLING GREEN, KY	US
S2-161690317	Shiva Limited Services	FB3/2 SKYLINE RANCH VILLAS, MARKET ROAD, THRIPUNITHURA, ERNAKULAM, ERNAKULAM, Kerala	India
S2-161740345	Heartland Cénter	164 Mountaindale Main Street, FALLSBURG, NY	US
S2-161955181	LC Solutions Pvt.  Ltd.	NO.457, 17TH CROSS, 14TH MA, 4TH SECTOR, HSR LAYOUT, HSR LAYOUT, BANGALORE, BANGALORE SOUTH, KARNATAKA, INDIA, BANGALORE SOUTH, Karnataka	India
S2-162024554	অরিহন্ত ইনভেস্টমেন্টস প্রাইভেট লিমিটেড	5 CLIVE ROW 3RD FLOORR NO 73 P S BURRAH BAZAR, KOLKATA, CALCUTTA, West Bengal	India
S2-162040581	venturesrbcexport.com	B-19, GROUND FLOOR, STREET NO.4, RAJGARH COLONY, GANDHI NAGAR, EAST DELHI, Delhi	India
S2-16226755	Chiropractic Medicine	Godfreys Ln, HERTFORD, NC	US
S2-16238459	IVENARA BANCORP LLC	3170 GILBERT RD, OCOTILLO, AZ	US
S2-162466262	limited kolkata services	KOLKATA, CALCUTTA, West Bengal, DOOR NO #70 71 NAINAN PARA LANE	India
S2-162690815	Ma  Multiservices	35 JIJIBHOY DADABHOY LANEFORT, MUMBAI, महाराष्ट्र	India
S2-162840285	Zora T. Pennock,	207 ROBERTS TRL, BENSON, NC	US
S2-162907714	Dr GUJARAT LOGISTICS-PRIVATE LIMITED	NEW NO 40, OLD NO56 3RD MAIN ROAD, KASTHURIBAI NAGAR ADYAR, CHENNAI CITY CORPORATION, Tamil Nadu	India
S2-16329366	PEDIATRIC PARTNERS (ASSOCIATES)	10 GLEN ELLEN BOULEVARD, N/A, MILLIS, MA	US
S2-163768752	WILLIAMS VANGUARD CONSUMER [LTD]	54 GOLF VIEW DR, CRYSTAL LAKE CITTY, IL	US
S2-164126185	Bernita's Petroleum	10 Golf Course Lane, THURMONT, MD	US
S2-164274812	M/s Millennium Event (India) Corporation	H.NO 568 GW 3020 G BLOCK BHARAT, DIAMOND BOURSE BKC, BANDRA, Maharashtra	India
S2-165232913	North Crystal Rare Clinic Corporation	719 WESTGATE AVENUE, SAINT LOUIS, MO	US
S2-165302226	UROLOGY RIDGE CARE ASSOCIATES	TELEGRAPH RD, AUSABLE, NY	US
S2-165928042	Yi Alexadre & Mcpháil LLC	31 HOLLOW TREE PL, WILTON, CT	US
S2-165977841	Optimal Íntelligence Innovations, LLC	631 HOLMES AVENUE, LIMA, OH	US
S2-165987917	Quantify Hovnanian	742 SECOND STREET, WEST BROOKLYN, IL	US
S2-166266175	Clean India Limited Service	H.NO 998 F3, 1ST FLOOR, SHIV COMPLEX, VILLAGE VALLABH VIDHYANAGAR(M), TALUKA ANAND, DIST. ANAND, ANAND, ગુજરાત	India
S2-166600801	AURA MEDICAL CENTER CENTRE	NO 8-4-390/A/8 PREM NAGAR ERRAGADDA, HYDERABAD, తెలంగాణ	India
S2-166639338	LYONS STRATEGIC IRON WORKS LLC		US
S2-166791746	শক্তি ইনফ্রা প্রাইভেট লিমিটেড	51/2 C/O JAGABANDHU MONDAL, SETHPUR, NORTH 24 PARGANAS, West Bengal	India
S2-166871057	wood, dawn, d.c.		US
S2-16703479	Elite  Security	0610 SR 762, LOCKBOURNE, OH	US
S2-167074341	Smt Credent  International	NO 25  VENETIAN VILLAS, OPP ANANDNIKETAN SCHOOL VILL: SHILAJ, TALUKA: DASKROI, AHMEDABAD, ગુજરાત	India
S2-167124257	International Staffing Innovations Billings Ltd	356 WESTCHESTER SQUARE, BILLINGS, MT	US
S2-167153547	Jalnayan Beverages Ltd.	C-#213/1 GALI NO. 5, CHAUHAN BANGER, SHAHDARA, Delhi	India
S2-16730173	Spark  &	FLAT NO-2, NISAT HERITAGE, JAMUN GALI, SABZIBAG, PATNA, Bihar	India
S2-167701545	Fortune Foundation Provate  Limited		India
S2-167820016	Bhavishya International  School Corp	Delhi, B-104, SECOND FLOOR, OKHLA INDUSTRIAL AREA, PHASE-1, DELHI	India
S2-168053725	Ambica Consultancy	NO.11/20, 10TH AVENUE, ASHOK NAGAR, CHENNAI-83., தமிழ்நாடு	India
S2-168060268	LAMBRIGHT, SÓHAL AND CUETO INC	40 WILMA RD, EASTHAM, MA	US
S2-168118183	Northern Hamilton  Inc	146 12ST STREET, NEW PHILADELPHIA, OH	US
S2-168131577	Cornerstone-Immersion (ID: 19336)	3225 BASELINE RD, GILBERT, AZ	US
S2-16843435	Vantagebrixpyra	2104 Lakeview Pkwy, LOCUST GROVE, VA	US
S2-168698311	KLQ Transformers Private Ltd	C-202, APRICOT SURVEY NO. 17/1/2, AJINKYA PARK, Maharashtra	India
S2-168954241	CHILDREN'S  FEDERATION INCORPORATED	26445-26447 CROSSWINDS LANDING, SELBYVILLE CITTY, DE	US
S2-168981801	क्लासिक ट्रेडिंग प्राइवेट लिमिटेड	BLOCK D-76 OFFICE NO. 7 & 8, SECTOR - 2, PLOT NO. - 2, PHASE - II, NERUL (WEST), NAVI MUMBAI, THANE, Maharashtra	India
S2-169007811	PRIVATE PERFECT LIMITED BROTHERS	C/O DAUDAYAL RAMCHANDRA RATHI BUDDHA MARG, Madhya Pradesh, KHACHRAUD, UJJAIN	India
S2-169302112	Sierra  Co	##110 750, BOUNTIFUL, UT	US
S2-169361848	Orthopedic Partners Inc (Services)	##508 Second St, ALBANY, NY	US
S2-169503815	LLC SECURE USA	04163 GREEN TRAIL, TOWN OF JACKSON, WI	US
S2-169777024	PHX BEST MESHFLOW PARTNERS LTD	8542 ROBINHOOD AVENUE, KANSAS CITY, MO	US
S2-169852354	brown, kasey, d.d.s.	1726 Briarmanor Drive, LAKE SAINT LUIS, MO	US
S2-169993054	Tameer & Brothers  Private Limited	BLOCK B-G-802 G - 802, ROHAN IKSHA, NO. 14C/123, BHOGANAHALLI, BANGALORE SOUTH, ಕರ್ನಾಟಕ	India
S2-169994855	HAMMAR, TRAVIS AND MISHLER [SPROTT]	COUNTY ROAD 612, KANSAS, OK	US
S2-170289426	LEGACY CLEANING LLC	WAUKEE, IA, 1305 UNIVERSITY AVE	US
S2-170348684	Precision Willgess Dynamics  LLC	#1639 COUNTY HOME ROAD, PRAIS TOWNSHIP, TN	US
S2-170386690	FOOT CASCADE ANKLE + PARTNERS	6070 Moores Mill Rd, HUNTSVILLE, AL	US
S2-170426853	u 3 k steel	#5200 CLAIREMONT DRIVE, TOWN OF GRAND CHUTE, WI	US
S2-17056769	Granite	5151 16ST ST, PHENIX, AZ	US
S2-171441141	Raye's Prime Associates-Associates	159 3000, ROOSEVELT, UT	US
S2-171637668	सिल्वर इंडस्ट्रीज प्राइवेट लिमिटेड	NO. 208 HOUSE NO.65 (BASEMENT), NEW DELHI, Delhi	India
S2-172340635	Ridge Bhck	6150A OXFORD ST, INDIANAPOLIS, IN	US
S2-172354527	Cascade Oyj Llc	270 ROCK, PO BOX 7344, PIEDMONT, KS	US
S2-17259492	North Hari Pvt Ltd (Center)	C/O NIRMAL BANDYAPADHYA, VILLAND PURATANBONGAON, KALUPUR, West Bengal	India
S2-172610745	Botsford Classic	389 CAHRLES AVE, ST PAUL, MN	US
S2-173579125	National Precision Center	8614 DOVES YARD, MISSOURI CITY, TX	US
S2-173741606	DREAM  PROJECTS	NO#51 R.K.MUTT ROAD, MYLAPORE, CHENNAI HENNAI, HENNAI, Tamil Nadu	India
S2-17380666	b 8 crystal golden	##1143 GARDEN DRIVE, NEWPORT NEWS CITY, VA	US
S2-173884657	Oncology LLC	1533 COLONIAL DR, WOODBRIDGE, VA	US
S2-174194033	carterbarnes.com	1016 FAIR MEADOW WAY, CITY OF ONALASKA, WI	US
S2-174208047	Alpha Solutions Limited Services	12 , PARK DRIVE, MALIBU TOWN, SECTOR 47, GURGAON KTY., Haryana	India
S2-174385570	Opalina P. Singleton,	587 Stacie Dr, ROANOKE COUNTY, VA	US
S2-174440337	न्यू इंफ्रास्ट्रक्चर प्राइवेट लिमिटेड	महाराष्ट्र, MIRA ROAD, THANE, FLAT 204	India
S2-174511934	ASHLEYIII.COM	1451 UNION AVENUE, LAKEWOOD, WA	US
S2-174658535	Mangus-Legacy Óak	13 PEROLLA DRIVE, FORT WAYNE, IN	US
S2-174749893	Vaayuora Solutions  Private	7TH FLOOR-719, SHIVALIK, SHILP, ISCON CROSS ROAD, AHMADABAD CITY, Gujarat	India
S2-175568452	Bentley Group Holdings Inc	GREENVALE RD, NORENE, TN	US
S2-175858676	MON Bridge-Corp	550 GROVER GODWIN LANE, IRVINGTON, AL	US
S2-17629671	Sri Rk Products		India
S2-176640664	सनराइज एस्टेट प्राइवेट लिमिटेड	H.NO 6/79. SECOGD FLOOR, OLD RAJINDER NAGAR, NEW DELHI, CENTRAL DELHI, Delhi	India
S2-176688481	Shri SHREE & SNS LLP	SOM SANTI HOUSE, 152 PATPARGANJ INDUSTRIAL ESTATES, Delhi	India
S2-176793659	Smt bharatexports.com	401SRIVENKATESWARAENCLAV, ROAD NO. 10/B, MANIKONDA, RANGAREDDY, Telangana	India
S2-176806622	ગ્રેટ મા કન્સ્ટ્રક્શન પ્રાઇવેટ લિમિટેડ	HN 813. B 1401, SHINE SWASTI OPP., SIDDHARTH ICON, TRAGAD, AHMEDABAD, AHMEDABAD CITY, Gujarat	India
S2-177070685	Shyam  Agro	25/A, MIDC MAROL INDUSTRIAL EST IND AREA RD NO 3, MAROL IND ESTATE, ANDHERI EAST, MUMBAI, Maharashtra	India
S2-177124233	LIMITED MISHRA PUBLIC CENTER	OFFICE NO.602, PUNE, Maharashtra	India
S2-177380889	SILVER LLC COCA RÉGIONAL	7549 165TH SAINT, LAKEVILLE, MN	US
S2-177604414	Holloway Great	4716 LAKESIDE DRIVE, OMAHA, NE	US
S2-178011358	101 GÁLATA	1034 ALBION MEADOW WAY, RIVERTON, UT	US
S2-178235417	Ons International-School LLP	KNO-58/66/65, HNO-24-C, S/F, GAUTAM NGR, NEAR FATHER ANGEL SCHOOL, NEW DELHI, दिल्ली	India
S2-178328688	एसएस बिल्डर्स प्राइवेट लिमिटेड	SHOP NO 11., BHOPAL, Madhya Pradesh	India
S2-178418825	West Harbor-Southwest (Inc)	14136A FAULKNER COURT, PLAINFIELD, IL	US
S2-178445092	Maurise's  Custom Tavern Corp		US
S2-178516446	@starinvestment	47 MANDIR ROAD FLAT NO 4D1 P S DUM DUM, KOLKATA, পশ্চিমবঙ্গ	India
S2-178632688	Anchor Reliable  Live LLC	3678 LAUREN CT, PO BOX 9952, CRISFIELD, MD	US
S2-178669047	Ambica Hvac Pvt	1, TARATALA ROAD, 1ST FLOOR, KOLKATA, KOLKATA, KOLKATA, West Bengal	India
S2-178832093	BRIGHTELLE GOILMN	TN, 1525 RICHARDSON RD, LEWISBURG	US
S2-179137984	South Gulf	421 ARMORY STREET, TRENTON, TN	US
S2-179569933	Vivyan Ruiz A1uminum P.C.	281 FINWOOD DRIVE, ROSENBERG, TX	US
S2-179933097	Case And Knight	1829 MARION ST, SHELBY, NC	US
S2-179933565	Marlee  Sor Carolina	239 TIMS COVE RD, WILLIMANTIC, ME	US
S2-180119584	Heller Coinshares Llc	5 ALHAMBRA CT, DURHAM, NC	US
S2-180190676	Parra, Farica Secure Fidelity Corp	YOSEMITE AVE, MERCEED, CA	US
S2-180499790	Hearn Jersey	7336 ROUTE 29, FAIRFAX COUNTY, VA	US
S2-180595148	ONCOLOGY PHYSIICILNS INC	4611 SYCAMORE DR, PO BOX 2503, LORAIN, OH	US
S2-18073361	BRIDGE INTERNATIONAL SCHOOL PRIVATE LIMITED	#141 , (PAIKI) MUNDRA SEZ TEXTILE & APPAREL PARK, SECTOR 12/S SHANTIPATH - I, V, MUNDRA, ગુજરાત	India
S2-180872792	Sapon LLC Service	7018 CLIFFBROOK DR, DALLAS, TX	US
S2-180876391	Private AH Agro Ltd	HN 109/7 SITE NO. 4, COIMBATORE, Tamil Nadu	India
S2-18093694	Tisaia Green Proem  LLC	3531 37TH ST, TOWN OF GRAND RAPIDS, WI	US
S2-181063137	KAROLINE GRAY DIRECT	WISCONSIN AVENUE, VILLA PARK, IL	US
S2-181184985	Smt Helot Medical Centre Pvt Ltd	H.NO 2729 , 16TH CROSS, 27TH MAIN, SECTOR-1, BANGALORE SOUTH, ಕರ್ನಾಟಕ	India
S2-181194655	east saint louis insight	22ND ST, EAST ST LOUIS, IL	US
S2-183462722	GLOBAL FOODS PRIVATE LIMITED	H.NO 202 , B, MANSAROVAR APARTMENTS GEN. A.K. VAIDYA MARG, MALAD EAST, Maharashtra	India
S2-183656184	Sri Hari Business Private Ltd	DOOR NO 421 , ITI LAYOUT, BANGALORE SOUTH, Karnataka	India
S2-183785988	National Program III Corp	2513 DARTFORD DRIVE, CROWLEY, TX	US
S2-183837214	temple (fellowship)	404 20TH AVENUE, MIOT, ND	US
S2-1838652	इंटरनेशनल इंफोटेक प्रा. लि.	F-##14 & F-15, FIRST FLOOR F BLOCK INNER CIRCLE, CONNAUGHT PLACE, NEW DELHI, CENTRAL DELHI, Delhi	India
S2-184196058	Sri Gold Energy Private	H.NO 502/1 , TOWER A-12, TULIP VIOLET DARBARIPUR ROAD, SECTOR 69, GURGAON, Haryana	India
S2-184285990	Williams, Armstrong Global Hernandez &	3509-3511 SEVENTH AVENUE, TUCSON, AZ	US
S2-184453112	l.l.c. family associates	05715 HWY 196, POTWIN, KS	US
S2-184546156	Continental Rock	138 GULLY OVEN RD, LEBANON, ME	US
S2-184847407	BEHAVIORAL HEALTH CARE ASSOCIATES OF PORT JERVIS	NY, 35 ORCHARD STREET, PT. JERVIS	US
S2-184997775	Bureau of Public Works	921 MOUNTAIN BRANCH CIR, BIRMNGHAM CITY, AL	US
S2-185023182	cameronfidelity.com	1340 CO RD 8, SMITHFIELD TWP, OH	US
S2-185253486	chaudhary.com	27/1736, KOLAVELY BUILDINGS, 2 ND FLOOR, KUNNUMPURAM-CIVIL STATION ROAD, THRIKKAKARA, ERNAKULAM, Kerala	India
S2-185889193	Anita Madsen Esports Associates Inc	4035 HAMBLIN DR, PHOENIX, AZ	US
S2-185907762	Castaneda Modem Realty Co	616 STATE ST, SANDY RIDGE, PA	US
S2-186446441	Llc Stjohn, Smith and Stark Sim	505 VICTORY TRL, MORGANTON, NC	US
S2-186650811	Swastik Miangmeent	DOOR NO 1006 , 10TH FLOOR BLOCK C, HIG FLATS, SEC 29, ROHINI, DELHI, Delhi	India
S2-188075589	BQA Tradeserve Private Ltd	FLAT NO. I-601, MONT VERT, NR.DATTA MANDIR, S.NO.239, PUNE CITY, Maharashtra	India
S2-188430888	Cascio-Fadirt Energy Inc	VT, 1661 STARK DISTRICT RD, ST JOHNSBURY	US
S2-188446683	HP (INNDA) ENTERTAINMENT CLINIC	C/O PARITOSH NAKAR NONA, ULUBERIA, West Bengal	India
S2-188747718	Oncology	1533 COLONIAL DRIVE, PRINCE WILLIAM COUNTY, VA	US
S2-188981984	ONYXLYRA	THOMASTON, CT, 206 BRANCH RD	US
S2-189428245	VANS HIRE-PVT	H.NO 352 DOOR NO III/173 BCHIRAYATH BUILDING CHERIAKKARA ROAD PUTTHONCHIRA, POST THRISSUR, MALAPPURAM, Keralam	India
S2-189429254	Education Initiative	CHANDLER WAY, LOUISVILLE, TN	US
S2-18963029	BARB FCORTSON SELECT TRÁDING	0138 LAUDERBACK RD, NULL, ROGERSVILLE, TN	US
S2-189716766	Grand Research Consultants Corporation	6623-C Walter Raleigh Ln, RACINE, WI	US
S2-189779746	Discover  Private Broadband Limited	67 17/160. SARDAR GANJ, B/H. MARKET YARD OFFICE, CHANANSMA HIGHWAY, ગુજરાત	India
S2-190163962	814-815 South Owners Corporation	NC, FOREST CITY, 21 LOVELACE ROAD	US
S2-19031834	Private Barabani Builders Limited	C/O VARSHA AGARWAL, N/A, BARDHAMAN, West Bengal	India
S2-190885081	सेवन मार्केटिंग प्राइवेट लिमिटेड	#209, B.D. CHAMBERS, 10/54, DESH BANDHU ROAD, KAROL BAGH, NEW DELHI, CENTRAL DELHI, Delhi	India
S2-191289880	KUBER TRADING  LIMITED	BLK NO. 3, 2ND FLOOR, SANE GURUJI PREMISES, 386, S.V. SAVARKAR MARG, OPP. SIDDHIVINAYAK TEMPLE, PRABHADEVI, MUMBAI, महाराष्ट्र	India
S2-191356012	Cornerstone Summit Mérchants P.C.	24035 TIMBERWOOD DRIVE, MINOOKA, IL	US
S2-191773765	Choice Atlantic  Polestar	17721. Couch St, PORTLAND, OR	US
S2-191776745	Epstein Fadsdiron		US
S2-192165102	Ward  Ridge Signs LLC	9365 Harrison Street, MAINE TWP, IL	US
S2-192196269	Peflovue Worldwide  lnc.	12755 MILL CREEK RD, LOLO, MT	US
S2-192443816	COMERSTONE CROSS	5641 HARRY STREET, WICHITA TOWNSHIP, KS	US
S2-192452091	టెక్ ఇన్ఫోటెక్ ప్రైవేట్ లిమిటెడ్	8-6-375/3/8, KARIMNAGAR, HYDERABAD, Telangana	India
S2-192479083	Taex LLC  Resources	17831-C 34TH LANE, PHENIX, AZ	US
S2-192656141	ਹਰੀ ਐਂਟਰਪ੍ਰਾਈਜ਼ਿਜ਼ ਪ੍ਰਾਈਵੇਟ ਲਿਮਟਿਡ	500 C/O POOJA, JALANDHAR, Punjab, PADDA COLONY, LOHIAN KHAS, SULTANPUR	India
S2-192857282	Travis Atie [LLC]	331 1/2 RAILROAD ST, LOVINGTON, IL	US
S2-193258958	Standard Wireless Digital	875-B LITTLE MARSH CREEK RD, BOGGS TWP, PA	US
S2-19343107	Butler Midwest Krmtbron	30-34 EAGLE HILL DRIVE, PLYMOUTH, MA	US
S2-193453855	Allahabad LLP Partners	H.NO 129 13/15, COOPER ROAD, ALLAHABAD, उत्तर प्रदेश	India
S2-193624241	कृष्णा टेक प्राइवेट लिमिटेड	PUNE, Maharashtra, OFFICE NO 1, PUNE	India
S2-193738575	Wélsh & Kost	PARK TOWNE DR, null, GRANITE CITY, IL	US
S2-193952876	Little Barbershop-LLC	12149 LEWIS CIR, FORNEY, TX	US
S2-194034279	Primary Care-Center of Staten Island Inc	##130 HUNTER AVE, STATEN ISLAND, NY	US
S2-194037265	Olson, Chelsey H., P.A. Inc.	3027 101ND LANE, TOLLESON, AZ	US
S2-194112727	TWIGG, ÓRALLA J., P.A. INC	4226 ELY AVENUE, BRONX, NY	US
S2-194434937	At1as-Square Corporation	144 MAPLE DR, REEDSPORT CITY, OR	US
S2-194545285	Dermatology Specialists of Coos	889 KENTUCKY AVENUE, COOS BAY, OR	US
S2-194617073	Brown Harbor Wells LLC	##148 KATHY DRIVE, BOURBONNAIIS CITY, IL	US
S2-194713447	Set Sterling Abacus Llc	0779 BARNABY RD, PALMYRA, VA	US
S2-194741763	Lyreon Sterling Ínc.	#560 BOYERO AVE, PUEBLO WEST, CO	US
S2-196019908	Private QTN Logistics Ltd	PLOT 582 18-2-43/A/51/A/1, RANGAREDDY, తెలంగాణ	India
S2-196253491	Eye Cfre LLC	3492-3496 Bynum Leatherwood Road, ANNISTON, AL	US
S2-196346378	Craig's [Spa]	3416 KAFKA RD, RIO RAANCHO CITY, NM	US
S2-196432798	Chennai Private Limited Services	22 12 AVADANAM II LAE CHOOLAI, CHENNAI, Tamil Nadu	India
S2-196811028	Downtown Pub! Inc.	NY, HAMBURG, #3568 ABBOTT ROAD	US
S2-196833241	Vallez, Candra D., D.C. Corporation	Barnaby St, WASHINGTON, DC	US
S2-196963676	White, Glass and Lucero Workshop	1175 FULTON AVE, BRONX, NY	US
S2-197099886	Orbibrixdova	8621 PLAINFIELD LANE, CINCINNATI, OH	US
S2-197115311	#sariatherapeutics	3538 CHERRYSTONE RD, CHERITON, VA	US
S2-197200716	Tejiya Center  Partners	H.NO 55 AMER COMPLEX, ZONE II, M.P. NAGAR MIG 55 NEAR PNB BANK, BHOPAL, Madhya Pradesh	India
S2-197268657	Green Islands Associates	312 MAIN AVENUE, NITRO, WV	US
S2-197455938	Raja & Sons	C/O- MD. FARUK UDFIN, BAMUNMURA, BADU, BARASAT, BARASAT - I, পশ্চিমবঙ্গ	India
S2-197488254	Corner Hair Studio Inc.	CHICAGO AVE, HIGHLAND PARK, IL	US
S2-197540596	Ali's Wireless Inc Services	235 BROOKS ROAD, CHENANGO, NY	US
S2-197605790	Mountain Citemgroup	598 PERENNIAL LN, null, POEWLL, OH	US
S2-198106293	Elite Electronics [Ventures]	2408. BIRCH AVENUE, LUBBBOCK, TX	US
S2-198148317	Jsr  Bizcon Private Limited	महाराष्ट्र, D/214 SHYAM ASHISH SUNDER NAGAR, AGASHI ROD BOLINJ VIRAR WEST, PALGHAR	India
S2-198225844	Value Tdlecom Global	PINE BLUFF, 6505 1/2 LITTLE DOVE DRIVE, PO BOX 1187, AR	US
S2-198607490	@DENTALPARTNERS	3426 Yankee Ln, MEAD, WA	US
S2-198613424	Discover Broadband Private	#67 17/160. SARDAR GANJ, B/H. MARKET YARD OFFICE, CHANANSMA HIGHWAY, Gujarat	India
S2-198690304	Simmons Veterinary Clinic Clinic LLC	1614 KINGSBRIDGE DRIVE, GARLAND CITY, TX	US
S2-198879589	OM INVESTMENTS PRIVATE (LIMITED)	Maharashtra, DOOR NO 403 CENTRAL TIN INDUSTRIAL ESTATE, A G PAWAR LANE SUSSEX ROAD BYCULLA EAST, MUMBAI	India
S2-198942029	ब्राइट फाउंडेशन प्राइवेट लिमिटेड	H.NO 4, NASIK, NASHIK, Maharashtra	India
S2-199021946	Dominguez Prairie	6366 NORDIC LANE, VILLAGE OF MCFARLAND, WI	US
S2-1991586	SHOOK-NEWHOLD INC SERVICES	5707 SORA LN, RIVERDAALE, MD	US
S2-199161930	સૂર્ય Constructions	FL. NO. 308, SURAT, ગુજરાત	India
S2-199320615	Ward Ridge LLC Services	9365 HARRISON STREET, DES PLAINES, IL	US
S2-199346578	United VI Poceect		US
S2-199578310	411 LINCOLN WAY PROPERTIES-INC	4  JEFFERSON ST, PHOENIX, NY	US
S2-199630450	Brit Law Chambers	HN 25 G-2, 1/28, TILAK NAGAR, NEW DELHI, दिल्ली	India
S2-19975235	butech.com	23 1/2 CHEEVER ST, PMB 2803, WORCESTER, MA	US
S2-199917633	Peflovue-Worldwide Inc.	MILL CREEK RD, LOLO, MT	US
S2-199928569	Karisa Richter Dynamic	18073 HARDING DR, BOWLINGG GREEN CITY, VA	US
S2-200063531	DIAZ & MILLS PHYSICAL THERAPY	VA, PMB 5134, OVERHILL RD, HENRICO	US
S2-200246023	Kulkarni Institute Private	DR.NO-224, PH-II KAMALAPURI COLONY, HYDERABAD, Telangana	India
S2-200820419	ಹರಿ ಕನ್ಸಲ್ಟೆಂಟ್ಸ್	#282, BANGALORE, Karnataka	India
S2-20094751	PRED.COM	320 1ST SAINT, RAMSEY, IL	US
S2-201054206	Suvidha Limited Private Technosoft	H.NO 116 206, WARD NO 27, SOUTH KUMRAKHALI PASCHIM PARA, KAMAL GAZI, NARENDRA PUR, KOLKATA, KOLKATA, N/A, পশ্চিমবঙ্গ	India
S2-201273498	FRONTECH SALES  PRIVATE LIMITED	#921/SUBNANDANI RESI-2, DEROD VILLAGE: KAMREJ, KAMREJ, Gujarat	India
S2-201625272	EAST SCHOOL OF MEDICINE	CLEVELAND, OH, 1875 BRIGHTWOOD ST	US
S2-201857567	PRASHANT ACGD LIMITED	D-201 MAYFAIR MERIDIAN BLDG-2, OFF SV RD AMBOLI, CEASER ROAD, ANDHERI WEST, MUMBAI, महाराष्ट्र	India
S2-202067388	Womens Health Clínic óf Washington	216A LEXINGTON DR, WASHINGTON, IL	US
S2-202284798	Novex Novex Gsr	4107 CHARLOTTE AVE, NASHVILLE, TN	US
S2-202370238	Beacon-Painting-LP	DRIPPING SPRINGS, TX, 3507 CREEK RD	US
S2-202498493	Fulkerson-Fresh Gen Associates	61 ST, BROOKLYN, NY	US
S2-202655897	Proper, Carlile and	1229 COLUMBIANA LISBON RD, COLMUBIANA, OH	US
S2-202836803	Maa Developers Prívate Limited	313 3RD FLOORNAVNEELAM SOCITEY R G THANDNI MARG WORLI, MUMBAI, Maharashtra	India
S2-20319600	Leach Capstone	TX, AUSTIN, 1713 TAYLOR GAINES ST	US
S2-203239164	Department Of Aging	2708 FOREST EDGE WAY, KNOXVILLE, TN	US
S2-203339352	इंडो इनोवेटिव टेक्नोलॉजीज प्राइवेट लिमिटेड	PATAHI JAGARNATH WARD 3, MUZAFFARPUR, Bihar	India
S2-203429538	Milena Hietpas Pro	325A P ST, WASHINGTON, DC	US
S2-203511838	Noida Co Service	H 00160, OFFICE NUMBER B 018 SECTOR 63, NODA, Uttar Pradesh	India
S2-20353082	Neelam Service Public Ltd	HN 890 C/O RAJASHRI RAVINDRA, PATIL AT POST NEW PARGAON, SHIROL, Maharashtra	India
S2-203648455	Solutions India Sólútion Private Limited	CO-JANMEJAY BIR, PLOT NO-91, KHATA NO- 191/156, MAUJA-BALIKUTI, TAHASHIL-BALIAPAL, BALESWAR, ଓଡ଼ିଶା	India
S2-203947723	PYRASOL	PUNE, FLAT NO.201, Maharashtra	India
S2-204652618	Man  Rile LLC	17B OLYMPIC DRIVE, SOUTH BARRINGTON, IL	US
S2-205076604	Spotless Limited (Services)	PLOT 251 349, 2ND FLOOR 349, SCHOOL ST ANGELS SCHOAL, GURGAON, Haryana	India
S2-205454087	ఇండో యునైటెడ్ హాస్పిటాలిటీ ప్రైవేట్ లిమిటెడ్	NO A-14A, ROAD NO 3, H NO 8-2-333 BANJARA HILLS, HYDERABAD, Telangana	India
S2-20551819	cnational.com	68nd Avenue, PEORIA, AZ	US
S2-205673773	BH SERVICE LLP	DOOR NO 1035 NEAR BACK, SIDE SHANTI ISPAT KHANDSA, SADAR BAZAR, Haryana	India
S2-205853598	SIMPSON,-EMELITA,		US
S2-206209826	MYFOUNDATION.COM	PLOT NO-A-15A, NEW TOWNSHIP, FARIDABAD, Haryana	India
S2-206295379	Total Dividend (LLC)	401 ALLEN AVE, BONHAM, TX	US
S2-2065988	Internal Medicine Health, Llc Enterprises		US
S2-206802660	Rmb Foundations	B-138/B, 3RD CROSS ROAD, PEENYA INDUSTRIAL AREA, SHUSHRUTI NAGAR, PEENYA, BANGALORE, ಕರ್ನಾಟಕ	India
S2-206863770	CARDIOLOGY-ASSOCIATES ASSOCIATION	60 STAR VIEW, BLANCO, TX	US
S2-206995238	Galaxy Blue Private  Limited Center	G NO 204 SINNAR SHIVAR, SINNAR SNINAR, NASHIK, महाराष्ट्र	India
S2-20724484	NEW DELHI SERVICE  PRIVATE LIMITED	F-0/3C OKHLA INDUSTRIALAREA PH 1, NEW DELHI, Delhi	India
S2-207294263	INC DYNAMIC TRUSTED SOFTWARE	BROADMOOR DR, CITY OF EL PASO, TX	US
S2-207485628	charubrew.com	P.NO.917A, SF.NO.247/2, 6TH WEST CROSS ROAD, GANDHI NAGAR, KATPADI URBAN EXTN, VELLORE, Tamil Nadu	India
S2-207732214	4448 SEVENTH WAY	525  50RD PLACE, WASHINGTON, DC	US
S2-207870499	Preferred Atlantic-Minerals, L.L.C.	102 PEACE ST, RALEIGH, NC	US
S2-208015340	Inc. Peflovue Wrolhwe	12755 Mill Creek Rd, MT, LOLO	US
S2-208204396	एस टेक टेक प्राइवेट लिमिटेड	8, NEW DELHI, WEST DELHI, Delhi	India
S2-20840394	VD Consulting Prbaoese  Limited	FENIN VILLA WNO 56 KISAAN, COLONY NAWALGARH ROAD, SIKAR, Rajasthan	India
S2-208801361	Ltd Construction Shúbh Beverages	2, HOWRAH, KOLKATA, পশ্চিমবঙ্গ	India
S2-209119157	jones precision fannie	13561 PINCES AVENUE, ELOY, AZ	US
S2-209176813	bluecouncil.com	751 FLETCHER AVE, INDIANAPOLIS, IN	US
S2-209456276	Jesselyn Oatnbhla Wilco LLC		US
S2-209658522	Wilkinson Meshflow L.L.C.		US
S2-209802148	obsidian	1934 JODY LN, <NULL>, CARLISLE, PA	US
S2-209993110	CASCADE HEALTH CENTER	31 LOCKE STREET, WOODSBORO, TX	US
S2-210235997	Better Capital Hennessy Inc0rporated	OH, CINCINNATI, 4324 GREENLEE AVE	US
S2-210284764	TECHNOLOGIES SWARN INFRA PVT LIMITED	1304, ROAD NO. 54 JUBILEE HILLS, HYDERABAD, తెలంగాణ	India
S2-210345224	Emerald Auto Repair	1199 HOWARD BULLINS RD, MADISON, NC	US
S2-210381624	techfoods.com	15, F.P.396, FARIAWALA, ESTATE, OPP. HOTEL AVTAR, AHMADABAD CITY, Gujarat	India
S2-210406803	RELIABLE BRANDS FREIGHT LLC	TX, 20431C WHITE POPLAR DR, KATY	US
S2-210425021	#jalsagarenterprises	NO 122 , KALAVAD ROAD, VILLAGE SAPDA, TALUKA JAMNAGAR, JAMNAGAR, Gujarat	India
S2-21058226	Keshri & Có	WZ-48 G/F, KRISHNA PARK EXTN, NEW DELHI, Delhi	India
S2-210899844	Federal (Floating)	184 TERRY AVENUE, SPRINGDALE, AR	US
S2-211106281	ಸೂರ್ಯ ಇಂಜಿನಿಯರಿಂಗ್ ಪ್ರೈವೇಟ್ ಲಿಮಿಟೆಡ್	Karnataka, BANGALORE, NO. 7	India
S2-211121716	ALPHA CONSULTANCY [LTD]	OPPOSITE DAWAT RESTAURANT ABOVE INDIAN OVERSEAS BANK NATIONAL HIGHWAY KH, ANNA, KHANNA, Punjab	India
S2-211137462	XYLOJAXVANTAGE	613-615 SHEFFORD ST, WICHITA, KS	US
S2-211145788	Good Cónsultancy Ltd	H.NO.31/A, VENGALRAO NAGAR, Telangana, N/A	India
S2-211347014	சாய் ஃபுட்ஸ் பிரைவேட் லிமிடெட்	H.NO 35, MADRAS, CHENNAI, Tamil Nadu	India
S2-211421430	టెక్ ఇన్ఫోటెక్ ప్రైవేట్ లిమిటెడ్	HYDERABAD, KARIMNAGAR, తెలంగాణ, 8-6-375/3/8	India
S2-211490968	*** Travancore Hospital	MCLEOD HOUSE3 N S ROAD, HOWRAH, West Bengal	India
S2-211496234	INDO ÚNITED HOSPITALITY [PRIVATE]	PLOT NO A-14A , ROAD NO 3, H NO 8-2-333 BANJARA HILLS, HYDERABAD, తెలంగాణ	India
S2-211526233	Polar Mvcaers Private Limited	701/6 ROYAL LAKEVIEW, NR GOTA LAKE, DASKROI, Gujarat	India
S2-211535992	wildlifeassociationbremerton.com	WA, BREMERTON, 145  OAK ST	US
S2-211614940	Digital Healthcare Private Ltd	3, SHUBHAM APTS, MAHATMA NAGAR, Maharashtra	India
S2-211807217	MACKINNON CONTINENTAL NAVIOS ASSOCIATES	418 BUCK JONES ROAD, RALEIGH, NC	US
S2-21249719	బ్రైట్ సొల్యూషన్స్ ప్రైవేట్ లిమిటెడ్	HYDERABAD, MEENAKSHI SKYLOUNGE, HITEX ROAD KHANAMET, KONDAPUR, K.V.RANGAREDDY, తెలంగాణ, HYDERABAD, DORO NO ##801	India
S2-212940261	The Pediatric  Dental Clinic	85 AZALEA LN, ANDREWS, NC	US
S2-213035417	Bureau  of Housing	1232 BUCKHEAD TRL, MOUNT JULIET CITY, TN	US
S2-213115884	Aim Ltd Services	1/44 RASHMI KHAND, ELDECO RASHMI KHAND, SHARDA NAGAR, LUCNOW, उत्तर प्रदेश	India
S2-213354246	Castaneda Moenn Realty	616 STATE STREET, SANDY RIDGE, PA	US
S2-213550124	Benitez + Vargas Solana Inc.	122 AA 8TH STREET, <NULL>, ELMIRA, NY	US
S2-213848210	Legacy Stáffing	32-36 DEERFIELD LN, MONRROE, CT	US
S2-214035823	Gulf [Liquidity]	##33847 Washington Dr, YUCAIPA TOWNSHIP, CA	US
S2-214819746	Taylor Harbor Senior Inc (ID: 89481)	8922 FALLS CREEK TRL, ALBUQUERQUE CITY, NM	US
S2-214837895	BTB Spade P.L.L.C.	6425 WILKINSON BOULEVARD, BELMONT, NC	US
S2-21493091	Slate  L.L.C.	24 TURNING MILL ROAD, LEXINGTON, MA	US
S2-214941160	Cleopatra Horta Premium Premium Inc	635 KINGS CREEK LOOP, BREVARD, NC	US
S2-21502080	Tully Taxable Co	Westgate Avenue, DURANT, OK	US
S2-215118935	Charminar Polytechnic of Center Center	Madhya Pradesh, J-#9, SHREE JI VELLY, BICHOLI, MARDANA, INDORE	India
S2-21514581	Metr0 Lfindet LLC LLC	TX, MONTGOMERY, 19980 CRESCENT CT	US
S2-215448464	Gulf Chnetr V Inc	61187 CONE FLOWER ST, BEND, OR	US
S2-215477233	SELECT METROPOLITAN BAIN BAIN	#7 STONE HEDGE DR, LANCASTER, NY	US
S2-215620421	Choice-Biomedical  Group	7227 ENGLEHARDT DRIVE, RALEIGH, NC	US
S2-215703608	Infrastructure Samanvay Ltd. Pvt. Tech	VI/565VRINDAVANAM NELLAYA P O, PALAKKAD, കേരളം	India
S2-216050037	Rebbecca's Family Practice LP	#2514 MESSICK DR, IN, GOHSEN	US
S2-216457041	RKS (INDIA) PRIVATE LIMITED SERVICE	महाराष्ट्र, GUT NO - 259/2 NIMON ROAD SINNAR NASHIK, NANDUR SHINGOTE, SINNAR	India
S2-216665247	అరిహంత్ ఫుడ్ ప్రైవేట్ లిమిటెడ్	DOOR NO 1-4-164, VIZIANAGARAM, VIZIA NGR, Andhra Pradesh	India
S2-216890887	क्रिएटिव प्रोजेक्ट्स लिमिटेड	Maharashtra, MUMBAI, C, 1204, ROYA OASIS, JANKALYAN NAGARMALVANI, NR BILLABONG SCHOOL, MALAD W, MUMBAI CITY, 12THFLOOR	India
S2-217125403	Synlumfaye	#129 CHANDLER WAY, LOUISVILLE, TN	US
S2-217192442	ಡೈನಾಮಿಕ್ ಟ್ರೇಡಿಂಗ್ ಪ್ರೈವೇಟ್ ಲಿಮಿಟೆಡ್	NO 0021 1ST CROSS 1ST BLOCK, BENGALURU RURAL, BANGALORE, ಕರ್ನಾಟಕ	India
S2-217469811	Studio 51 Clefc Center	055 ELK VALLEY LN, ELKTON, MD	US
S2-217547702	পারফেক্ট কনসালটেন্সি প্রাইভেট লিমিটেড	4/1, KOLKATA, HOWRAH, পশ্চিমবঙ্গ	India
S2-217655815	Nava Investments [Co]	20644 DEERPATH ROAD, DEER PARK, IL	US
S2-217872098	Vatech	14300 CHENAL PARKWAY, <NULL>, LITTLE ROCK, AR	US
S2-218144725	रॉयल टेक्नोलॉजी प्राइवेट लिमिटेड	1737, G-8-A, NO. 1, BHAGIRATH PALACE, NORTH EAST, DELHI	India
S2-218801871	Wanids's Yoga	251 ADMIRAL COCHRANE DRIVE, ANNAPOLIS, MD	US
S2-219040650	ROMER [ERA]	6337. 3570, WEST VALLEY CITY, UT	US
S2-219333879	private jpt sen limited	1539, DELHI, CENTRAL DELHI, Delhi	India
S2-219498817	BRAND COINSHARES LLC	394 HILLCREST DR, NULL, CITY OF ABERDEEN, MD	US
S2-219682463	Travis-Abeimei Travis-Abeimei LLC	331 1/2 RAILROAD ST, LOVINGTON, IL	US
S2-219704771	Maurise's Custom Toaver	335A TELFORD RD, TELFORD, TN	US
S2-219974924	>> Suh Graphics LLC	521 HIGHLAND CIRCLE, <NULL>, BLUFF CITY TOWNSHIP, TN	US
S2-220050184	Limited Srt Software Service	Tamil Nadu, NO.9/614, CHENNAI	India
S2-220231252	Agro Gwalior Resorts	D.NO 15-9-262, GOWLIGUDA, HYDERABAD, Telangana	India
S2-220447747	YOUTH NETWORK	405- Ventosa Dr, CHESAPEAKE CITY, VA	US
S2-220702891	Pipefitters Union Local No 724 Corp	6 BICKNELL STREET, KITTERY, ME	US
S2-220749359	सन इंफ्रास्ट्रक्चर लिमिटेड	#73 SPAZE IT PARK, TOWER B3, 4TH FLOOR, UNIT NO- 442-4, GURGAON, Haryana	India
S2-220805556	... Preferred Business Services (Inc)	21203 132ST DRIVE, SUN CITY WEST, AZ	US
S2-220971295	अल्फा लोटस कंसल्टिंग प्राइवेट लिमिटेड	0058, Maharashtra, MUMBAI CITY	India
S2-221008466	-- HYDERABAD CUISINE PRIVATE LIMITED #76150	101, HYDERABAD, null, తెలంగాణ	India
S2-221123001	Gonzalez's Fitness	1017 Monkhouse Drive, PORT BOLIVAR, TX	US
S2-22140586	Balla  Green Tankers LLC	1 PRESTON AVENUE, WEIRTON, WV	US
S2-221477896	Planet Trldres Limited	ANKAMVETTI KAVALA, PUTHUPARIYARAM P.O, MANAKKADU, THODUPUZHA, THODUPUZHA, കേരളം	India
S2-221689670	EVERYDAY INSTITUTE LIMITED		India
S2-22170883	VEUS  BLCLAK LLC	2018 OLD FRANKFORT PIKE, MIDWAY, KY	US
S2-221718516	Sri First Engineering Pvt	D-8-7, MIDC AMBAD, Maharashtra	India
S2-222405093	Isc Consultants Private Private Limited	VILLAGE- BAGHAKOL, POST - PATUT, PS - BIKRAM, PATNA, PATNA, Bihar	India
S2-222503340	VEGA HIGHLAND MANULIFE INC	1015 OMNI DRIVE, SALT LAKE CITY, UT	US
S2-222551370	DYNAMIC DYNAMIC ENERGY WORLDWIDE	61 ELM ST, POTSDAM, NY	US
S2-222581102	khatun express range	125 WHITE MULBERRY LN, HOLLY SPRINGS, NC	US
S2-222659857	Summit Center, LLC Center	VIENNA, 122 58ND STREET, WV	US
S2-222812464	Happy Travels Private Límited	H.NO 3641GALI LOHEWALI CHAWRI BAZAR, NEW DELHI, Delhi	India
S2-222939040	Stoddard, Sargent & Chandran  Inc	KNOB HILL ESTATES RD, SYLVA, NC	US
S2-222991116	Cook & Buckholtz	28W 705. MAIN ST, WARRENVILLE, IL	US
S2-223216806	Continental Áccounting	137 LOWER RIDGE RD, CONWAY, AR	US
S2-223626552	Visi0n  Health	329-333 SERENO DRIVE, CITY OF EL PASO, TX	US
S2-22369935	Bangalore. Technology	099/D3, BULL TEMPLE ROAD, BANGALORE., Karnataka	India
S2-223735303	I Five Preferred Communities Inc	19179 11ST AVE, POULSBO, WA	US
S2-22383943	Family Medicine,	184 CREEKSIDE CIR, NORTH CANTON, OH	US
S2-224041343	Blackmon Partners	EAST MOLINE, 415 34TH AVE, IL	US
S2-224087352	Diamond Pamhckaging Innovations Corp	3000 TILDEN STREET, WASHINGTON, DC	US
S2-224165014	तिरुपति एस्टेट प्राइवेट लिमिटेड	8/108  VILL-MEHRAM NAGAR, NEW DELHI, SOUTH WEST DELHI, दिल्ली	India
S2-224235563	Industries Pms Informatics	PL NO.65, SAMBANDAM NAGAR, KUNDRATHUR, Tamil Nadu	India
S2-224241815	శివా మీడియా	C-22-1-433/1, OPP MGBS EXIT GATE, KALI KABAR, CHADERGHAT, HYDERABAD, Telangana	India
S2-224400190	Smt Krishna Clinic Pvt. Ltd.	17TH FLOOR, AVIGHNA HOUSE, PLOT NO 82, DR. ANNIE BESANT ROAD, NEAR WORLI NAKA, WORLI, MUMBAI, Maharashtra	India
S2-224448983	Verrova Welneoss, LLC	625 800, SALT LAKE CITY, UT	US
S2-224492061	Straight Eaoe Barbershop  LLC	SALT LAKE CITY, UT, 00320 1ST AVE	US
S2-224561182	Coraque, Ínc	19D STUART AVENUE, WAPPINGERS FALLS, NY	US
S2-224597122	Theo Navarro Colonial Technology Llc	SC, 82 RIVER CLAY RD, FOR MILL	US
S2-22460399	Sun Finance Priovate Limited	AT POST WADEBOLHAI, RAHU ROAD TALUKA HAVELI, PUNE, Maharashtra	India
S2-224711873	UJJAYA MERCHANDISE LTD	NO 914 C/O K.VINODINI, KAPPACHERY, HOUSE VIJAYA FLOWER MIL, KANNUR, Kerala	India
S2-224725818	Ariaveragild	0675 BROOKBEND CT, WAXAHACHIE, TX	US
S2-224731399	BARMAN ENER6ETICS, INC	14241 DAVENPORT PATH, MN, ROSEMOUNT	US
S2-22476218	Infrastructure Samanvay Pvt. Ltd. Center	VI/565VRINDAVANAM NELLAYA P O, PALAKKAD, Kerala	India
S2-224914982	Vrb Services (India) Pvt	7, MILL OFFICER COLONY, B/H. RESERVE BANK, ASHRAM ROAD, AHMEDABAD, Gujarat	India
S2-224927951	Aparna  Industries 6roup	Uttar Pradesh, INAYAT NAGAR, 5. NAMBAR, MILKIPUR	India
S2-225058122	Summit Inc	1021 AVENT HILL, RALEIGH, NC	US
S2-225231449	Centre Medicine Internal	1109 JOHNSON ST, PMB 1891, AMARILLO, TX	US
S2-22535378	Om Construction	152/38., MANSAROVER, JAIPUR, Rajasthan	India
S2-226341273	Health Fund Enterprises		US
S2-226483266	SCHOLARSHIP NETWORK VI	39 DUNSTER ROAD, BEDFORD, MA	US
S2-226553410	ഈസ്റ്റേൺ ഇൻവെസ്റ്റ്മെന്റ് പ്രൈവറ്റ് ലിമിറ്റഡ്	ROOM NO. 380, 1ST FLOOR, BISMILLAH SHOPPING COMPLEX MARKET ROAD, OTTUPARA, WADAKANCHERRY, KUMARANELLUR P O, WADAKANCHERRY, Kerala	India
S2-226592108	RT Ciathx [Corporation]	C/O 37C/1A/5C, NEWADA, ALLAHABAD, ALLAHABAD, Uttar Pradesh	India
S2-22664626	ক্রিয়েটিভ ইনভেস্টমেন্ট প্রাইভেট লিমিটেড	P-68, SECTOR-A, METROPOLITAN CO-OPERATIVE HOUSING SOCIETY LIMITED, POLICE STATION- PRAGATI MAIDAN, CANAL SOUTH ROAD, KOLKATA, SOUTH 24 PARGANAS, DHAPA, পশ্চিমবঙ্গ	India
S2-226752033	यूनिवर्सल लॉजिस्टिक्स एलएलपी	NO 708 VILL. DUBAKI, P.O. DAWATPUR, FATEHPUR, Uttar Pradesh	India
S2-22726394	Guerrero, Mcwi1liams and Keeton Jessamine Co	201 CANTER LANE, NICHOLASVILLE, KY	US
S2-227297774	Arihant Fóod Pvt Ltd	#1-4-164 , 7TH LINE, DWARAKANAGAR, BABAMETTA, VIZIANAGARAM, Andhra Pradesh	India
S2-227652963	NEW DELHI SERVICE PRIVATE	F-0/3C OKHLA INDUSTRIALAREA PH 1, NEW DELHI, दिल्ली	India
S2-227746393	MICHALOWSKI  JPMORGAN		US
S2-228020186	स्टार एनर्जी लिमिटेड	MNIT CAMPUS, JAIPUR, Rajasthan	India
S2-228055150	LEONORA SCHULL, L.C.S.W., DDS PC	LOCKBOURNE RD, COLUMBUS, OH	US
S2-228086961	Diamond Investment Systems Incorporated		US
S2-228548622	0xnard Mid Liberty	OXNARD, CA, 243. LARK STREET	US
S2-228559678	Shri Masco Service		India
S2-228675726	Ear Nose & Throat Súperior Care Associates	1645 MORAN CT, CIMARRON HILLS, CO	US
S2-228829351	bhubaneswar network private limited	PLOT NO. - 590, KEUTASAHI CHHAK, KAPILESWAR OLD TOWN, BHUBANESWAR, DIST - KHURDA, OD, ISHA, BHUBANESWAR, Odisha	India
S2-228913483	Ssk Beiivratges Co	RZ S-7-5- A G/F, NANDA BLOCK, MAHAVIR ENCLAVE, दिल्ली	India
S2-229037590	Diamond Transport	295 HOLLY ST, VIDOR, TX	US
S2-229145917	Juliann Rokcwel Chadwick LLC	CHICAGO, IL, 1205 SAPULDING AVE	US
S2-229208967	ভারত ম্যানেজমেন্ট	230/4, KOLKATA, PARGANAS SOUTH, West Bengal	India
S2-229268750	Inger Santiago Briacell [[LLC]]	17 STEPHENSON STREET, PO BOX 9885, MARION, IN	US
S2-229301244	Ss Construction Private [Limited]	#904 , 'A' WING, PRISTINE FONTANA BUILDING S. NO. 22, BEHIND MARATHA MANDIR, BAVDHA, N KHURD, PUNE, महाराष्ट्र	India
S2-229651499	Pediatric Dentistry Group	4068 OPAL SAINT, EVANSVILLE, WY	US
S2-229790784	Agarwal Landscapes Private	MANASI, 4/5, ANANNIKETAN SOC., KARVENAGAR, Maharashtra	India
S2-229791392	THE SHORT ADVANCED MITSUI	11926-11930 LOIS LANE DRIVE, PINEUHRST, TX	US
S2-229819698	PIEDMONT-COUNCIL CO	119- MEAD AVE, SMYRNA, TN	US
S2-230033349	Reeva Industries	8-21-ANT-502, NARAVA ROAD, 8TH WARD GIDDLUR, GIDDALUR, Andhra Pradesh	India
S2-23007693	Flowers Family Practice  Inc	10706 97TH AVE, VACOUVER, WA	US
S2-23019578	BC Hydrogen Private Ltd	KHATA NO. 87 PLOT NO. 830, BELADAL, PURI SADAR, PURI, Odisha	India
S2-230228787	Roblero Tri-State Enbridge,		US
S2-230428579	American American [Guild]	1376 WOOD STREET, DUBUQUE, IA	US
S2-230628758	fetechnationaltwin.com	WOODBURN ROAD, MILAN, IN	US
S2-230692249	W Partners Virginia 6	3122 CHATEAU AVENUE, ROSEBURG, OR	US
S2-230969985	ENTSA	CANTON, 2910 5TH ST, OH	US
S2-231053383	Ventures Axiom Movers Private Limited Limited	NEW NO D/132 , RANGOON STREAT THOUSAND LIGHTS, CHENNAI, Tamil Nadu	India
S2-231223268	ஃபார்ச்சூன் புரொட்யூசர் லிமிடெட்	NO 36, SRS ILLAM, THIRUPATHI GARDEN, 4TH MAIN STREET, SADAYAMPALAYAM, ERODE, தமிழ்நாடு	India
S2-231275263	Division of Public Works	4130 MCKINLEY BOULEVARD, SACRAMENTO, CA	US
S2-231549062	सन कंस्ट्रक्शंस प्राइवेट लिमिटेड	BLOCK B-00852 C/O SHRI NGMCHAND ASHARAFLAL AGARWAL KACCHI COMPLEX OPP HIRA HOTEL, MIRAJ, SANGLI, Maharashtra	India
S2-232007917	Halcola Halcola Activate	MN, NORTH OAKS, 12B ORIOLE LANE	US
S2-232134153	CONSTRUCTION-IDEAZ PAPERS PRIVATE LIMITED	BUILDING NO.4/606, PRABHUL COTTAGE KARIMBALUR, ELAKAMON, AYIROOR P.O., THIRUVANANTHAPURAM, കേരളം	India
S2-232252754	Cook & Bfuctbhoaltz L.L.C.	28W 705. MAIN ST, WARRENVILLE, IL	US
S2-232390165	CORELLA'S  VANGUARD DISTRIBUTION	2019 1/2 Livingston Ave, HELENA, MT	US
S2-232449077	Precision Net	BREVER RD, TOWN OF BURLINGTON, WI	US
S2-232549652	ATS CONCRETE PRIVATE (LIMITED)	FL NO-104., PACIFIC AVENUE, PL NO-12, SR NO-1001, NASHIK, महाराष्ट्र	India
S2-232590123	ID ALL NISSPON	129 HARDAWAY POINT, CLAYTON, NC	US
S2-23259609	Macro Shakti Pvt Ltd.	Maharashtra, 371, AT PIMPRI KALAGA, TQ. NER, YAVATMAL, YAVATMAL	India
S2-233243343	>> Círasol	002573 FORT ROAD, BELTON, TX	US
S2-233253572	Perideus Snow	HAMPTON PARKWAY, BUFFALO, NY	US
S2-233376985	Rajasthan International School LLP	BLOCK F-273 OFFICE NO. 208-211, 2ND FLOOR, GATEWAY PLAZA CO CO-OP. PREMISES SOCIETY LTD, CENTRAL AVENUE ROAD, INDUSIND BANK, HIRANANDANI GARDENS, MUMBAI, Maharashtra	India
S2-233439656	The Neal Consultants Inc		US
S2-2337362	I+  Paceline,		US
S2-233858633	Primary Care Choice Specialists Llc	1140 WIND RIDGE DRIVE, CITY OF EL PASO, TX	US
S2-23467153	Pounders Advanced  Prudential	1208 JUNY CT, FAYETTEVILLE, NC	US
S2-234893686	Vitrag Services-Private Limited	7/, KIRTIBUS MUKHERJEE, ROAD, KOLKATA, KOLKATA, পশ্চিমবঙ্গ	India
S2-235054223	LOPEZ ASSETS (L.L.C.)	W1797 A, MINDORO, WI	US
S2-235094417	हरि ग्लोबल लिमिटेड	H.NO.28, MOH. GARWAL COLONY PATODI ROAD, REWARI, GURGAON, Haryana	India
S2-235104006	LLC COMMERCIAL ÍNVESTMENT ADVISORS	5515 MILLS CIVIC PARKWAY, WEST DES MOINES, IA	US
S2-235127383	Maudie Wright Grand South L.L.C.	411 BRYANT AVE, WATERLOO, IA	US
S2-235258834	Lyrora Purecycle	522 CLLEGE STREET, BRIDGEWATER TOWN, VA	US
S2-235324443	Sudershan & Brothers Ltd.	AASHREYA 7-1-34 F N AMEERPET, HYDERABAD, Telangana	India
S2-235421039	Ndx Surgical Llc	4920 JEFFERSON STREET, PULASKI, NY	US
S2-236096156	Program United PLLC	11455 2, DOUBLE SPRINGS, AL	US
S2-236160617	Chhata Shiva Pvt.	C/O KARAN PAL, GOVERDHAN CHORAH, CHHATA, Uttar Pradesh	India
S2-236190743	Youth Ministries	1017 AUTUMN LANE, CONCORD, NC	US
S2-236225791	HARBOR PACIFIC RETURN	199-B Stonecliff Drive, GREECE, NY	US
S2-236522713	UJJAYA MERCHANDISE  LTD	#914 C/O K.VINODINI, KAPPACHERY, HOUSE VIJAYA FLOWER MIL, KANNUR, Kerala	India
S2-236853424	Salvo  Home Improvements	JACKSONVILLE, 0924 LYNCHBURG DR, NC	US
S2-23692283	Carpenters Union Local		US
S2-236982501	ABL DSRTSH PVT. LTD.	CL-499 MPHB COLONY PITHAM, DHAR, Madhya Pradesh	India
S2-237049626	Lyrora Púrecycle LLC	522 College Street, BRIDGEWATER, VA	US
S2-237173828	EYDIE WALLACE GOLDEN AGRICULTURAL OF BEDFORD TOWN CORPORATION	1718 OAKWOOD ST, BEDFORD TOWN, VA	US
S2-237358082	Piedmont Superior Nano	87911D TERRITORIAL RD, VENETA, OR	US
S2-237881215	-- Ace Aerospace Services LP	2169-2171 SAGECREST LOOP, RIO RANCHO, NM	US
S2-23793272	Flores Ínc. Center	IL, CHICAGO, 1358 72ND PL	US
S2-237957834	Verrova LLC  Wellness,	625 800, SALT LAKE CITY, UT	US
S2-23857704	SWEET [CAFE!]	PARK CITY, 6169 PARK LN, UT	US
S2-238694212	mogal cónsultancy	8-78 COVAITECHPARK, FL.1, TW.1, 758/2, 759/2, KOVAITHIRUNGR, COIMBATORE SOUTH, Tamil Nadu	India
S2-238722533	gourmet iron private limited	C/O SMT SUSHAMA J PATWARDHAN RANDASPETH, NAGPUR, Maharashtra	India
S2-239001905	Kaustubh Enterprises LLP	24  , KARPAGANAGAR, K. PUDUR, MADURAI NORTH, Tamil Nadu	India
S2-239236632	एपेक्स कंस्ट्रक्शंस प्राइवेट लिमिटेड	B-7/31/1, BLOCK B-7 SAFDARJUNG ENCLAVE, DELHI, SOUTH DELHI, दिल्ली	India
S2-239490728	XE  Networks Private	HOUSE NO 1  BASEMENT, BLOCK -2 EROS GARDEN, FARIDABAD, Haryana	India
S2-239575076	TM Services Pvt Ltd.	1/G KHUDIRAM BOSE SARANI, SALTEE PLAZA, 6TH FLOOR, ROOM NO - 612, CABIN -M25, KOLKATA, KOLKATA, West Bengal	India
S2-239936208	Huggins Commerce Co	4539 UNDERWOOD DR, REDDING, CA	US
S2-239944107	Tovar Packaging | www.tovarpack.com	#4602 HORSESHOE CIRCLE, COLUMBIA, MO	US
S2-240034173	Piedmont Trust III LP	433 OAKDALE AVENUE, GLENCOE, IL	US
S2-2400848	High1and Montessori Schóol	##2902 18TH STREET, ROGERS, AR	US
S2-240317656	White, Glass and  Lucero Workshop	FULTON AVENUE, BRONX, NY	US
S2-240650419	SHANNON  OF MEDICINE SERVICE	216 GIBSON ST, CANANDAIGUA, NY	US
S2-240652440	CARDIOLOGY PARTNERS LLC BROOKLYN  OF	NY, BROOKLYN, 321 NOSTRAND AVENUE	US
S2-240674369	Llc 6ea	142  BACK NINE DRIVE, WHITE PINE, TN	US
S2-24075485	SMITH'S SELECT MASSAGE LLC	39 MARKET ST, WILMINGTON, DE	US
S2-240837558	Simpson Tecno Limited	M 655 SEC M ASHIYANA COLONY, KANPUR ROAD, LUCKNOW, Uttar Pradesh	India
S2-240844966	Co Superior Islands	FOSTER AVE, HARRIMAN, TN	US
S2-241036499	शक्ति एंटरप्राइजेज प्राइवेट लिमिटेड	HOUSE NO.546, MALACHIWADI, TAHSIL SANGMESHWAR, SANGMESHWAR, RATNAGIRI, Maharashtra	India
S2-241167772	bc hydrogen private limited	KHATA NO. 87 PLOT NO. 830, BELADAL, PURI SADAR, PURI, ଓଡ଼ିଶା	India
S2-241271291	Desert Flmily Practice LLC	1513 ETAIN RD, IRVING, TX	US
S2-241349919	Highland Charities	77 MONTAUK HIGHWAY, BROOKHAVEN, NY	US
S2-24170980	Shree Producer Private Limited	#327/7 1/54, BHARATHIAR STREET, MOOVARASAMPET, CHENNAI, Tamil Nadu	India
S2-241737906	Premier Learning-Laboratories	TALLWOOD TRL, PALMYRA, VA	US
S2-241788197	BEDELL CADENZA OF HEYWORTH INC.	206 MAIN ST, HEYWORTH, IL	US
S2-241859982	Pediatric Dentistry Partners	10 CHASE DR, FISHKILL, NY	US
S2-241964937	Arjun 5érvices Pvt Ltd	NO. 358 203, JAMUNA, JAMNAGAR ROAD, NR GHANTESHWAR PARK, RAJKOT, Gujarat	India
S2-242114245	ग्रीन इंफ्रा प्राइवेट लिमिटेड	KALYAN, HN 534 BHAIYASAHEB AMBEDKAR NAGA, THANE, Maharashtra	India
S2-242193740	GREEN IBDSCAR PRIVATE LIMITED	HN 534 BHAIYASAHEB AMBEDKAR NAGA, R, OT SECTION, KALYAN, महाराष्ट्र	India
S2-242367827	Life Tech Private  Limited	#405, MEHTA COURT ANNEX, 13, GILDER LANE, महाराष्ट्र	India
S2-242532537	ਈਸਟਰਨ ਆਈਟੀ ਪ੍ਰਾ. ਲਿ.	OPP. DHANDARI KALAN RAILWAY STATION, LUDHIANA, G.T. ROAD DHANDARI KALAN, Punjab	India
S2-242610113	Peters & Guthrie Llc	HUNTINGTON HILLS LN, PO BOX 6948, ATLANTA, GA	US
S2-242869206	Gaytan Clear Clear Bond (Inc)	7886 CYPRESS AVE, <NULL>, FONTANA, CA	US
S2-242916969	Delta Fellowship	814  CIRCLE DR, TERRELL, TX	US
S2-243239635	The EH Management Private Limited	#557 XXIV/532, 2ND FLOOR MEDA, OPP DLF NTH, SEAPORT - AIRPORT ROA, D, KAKKANAD, Kerala	India
S2-243586118	ONCOLOGY RÍDGE ASSOCIATES INC.	10363 24, FAIRHOPE, AL	US
S2-243763104	ऑल मार्केटिंग प्रा. लि.	SEHRAMAU SOUTH, C/O RAJAN SINBH, SHAHJAHANPUR, SADAR, Uttar Pradesh	India
S2-243887786	credit retail labs, llc		US
S2-243945518	M/s East Energy Prívate Limited	1ST FLR, 891, SAVALANGA RD, LAL BAHADUR SHASTRI NGR, SHIMOGA, ಕರ್ನಾಟಕ	India
S2-244085699	One Exports Limited-Center	SHOP NO.M-69 GRAETER KAILASH-1 MARKET, NEW DELHI, Delhi	India
S2-244098330	FTKEYSTONEBIG.COM	136 WILLOW CREEK ST, AZ, CHANDLER	US
S2-244493283	Township Of  Inc.	BONNEY LAKE BLVD, BONNEY LAKE, WA	US
S2-244516275	சாய் ஃபுட்ஸ் பிரைவேட் லிமிடெட்	NO. 35, 2ND FLOOR, ANNAI THERESA STREET, ANANDHAPURAM, EAST TAMBARAM, CHENNAI, MADRAS, Tamil Nadu	India
S2-244539887	ओम कंसल्टेंट्स प्राइवेट लिमिटेड	OFFICE NO. A1 & B1, THANE, Maharashtra	India
S2-244548978	ఆల్ఫా టెక్ ప్రైవేట్ లిమిటెడ్	SY NO. 4-49/E, HYDERABAD, Telangana	India
S2-244746627	লোটাস গ্লোবাল লিমিটেড	007/13, KOLKATA, West Bengal	India
S2-244905091	CS Ameren  Inc	GRIMES, IA, 1302 SECOND ST	US
S2-245092043	Botsford Clássic Telefonica	389 CHARLES AVE, SAINT PAUL, MN	US
S2-245631206	G & É PEACE INC.	11 SANTA FE TRAIL, JACKSONVILLE, AR	US
S2-245725310	Hari Business  Private Limited	421 , ITI LAYOUT, BANGALORE SOUTH, Karnataka	India
S2-245819314	Shri Parakh Institute of [Technology]	193/1, B.L. SAHA ROAD, KOLKATA, West Bengal	India
S2-245891108	OX PVT LTD CENTER	GROUND FLOOR, DOOR NO. 73, THAMARAI STRET, IYYAPAN NAGAR, IYER BUNGALOW, MADURAI, MADURAI NORTH, தமிழ்நாடு	India
S2-245901527	Ledyne Freight	16309 TORTOLA DRIVE, ACCOKEEK, MD	US
S2-246033188	તિરુપતિ માર્કેટિંગ પ્રા. લિ.	PLOT-E-0014, GANDHINAGAR, GANDHI NAGAR, Gujarat	India
S2-246243512	ಇಂಡಿಯನ್ ಕನ್ಸಲ್ಟೆಂಟ್ಸ್ ಪ್ರೈವೇಟ್ ಲಿಮಿಟೆಡ್	ಕರ್ನಾಟಕ, NO ##2588, BENGALURU, BANGALORE, FIRST FLOOR, 26TH MAIN, 13TH CROSS, H S R LAYOUT SECTOR - 1	India
S2-24676637	శివ మీడియా	C-22-1-433/1, OPP MGBS EXIT GATE, KALI KABAR, CHADERGHAT, HYDERABAD, తెలంగాణ	India
S2-246996991	suryaconstructions.com	FL. NO. 308 , CHANDAN APPT. NR. ALTHAN GARDEN, SURAT, Gujarat	India
S2-247010165	ઇન્ટરનેશનલ ફૂડ પ્રાઇવેટ લિમિટેડ	#6/1919, 3RD FLOOR, OFFICE NO. 302, PRAYOSHA APARTMENT, JADAKHADI, MAHIDHARP, URA, SURAT, Gujarat	India
S2-24726458	Ear Nose & Throat Legacy Care	VERNON, CT, WHITNEY T FERGUSON III RD	US
S2-247485274	Reeva Industries	8-21-ANT-502, NARAVA ROAD, 8TH WARD GIDDLUN, GIDDALUR, Andhra Pradesh	India
S2-247550762	Roots Securities Pvt	Gujarat, C-87, GOYAL PARK, OPP GOYAL PLAZA, VASTRAPUR, AHMADABAD CITY	India
S2-247621649	लाइफ टेक प्राइवेट लिमिटेड	#405, MUMBAI, GILDER LANE, Maharashtra	India
S2-247900788	cooley, beamer & eller biotherapeutics llc	94 SUMMERFIELD DR, HOLTSVILLE TOWNSHIP, NY	US
S2-247993696	8ravo &  Co	BLOCK B3/12, HALIYAL, UTTARA KANNADA, Karnataka	India
S2-248029871	>> Colonial Pinnacle Prémier Corporation	344866 890 ROAD, CHANDLER, OK	US
S2-248147134	Corner LLC Bistro	110 BONHOMME LAKE DRIVE, SAINT LOUIS, MO	US
S2-248363578	ಗುರು ಸರ್ವಿಸಸ್ ಪ್ರೈವೇಟ್ ಲಿಮಿಟೆಡ್	Karnataka, RAMASHREE ARCADEII FLOOR, M.G. ROAD, BLOCK E-71 18, BANGALORE	India
S2-248408042	PUNE-EXCURSIONS PRIVATE [LIMITED] #43467	FL NO 0704 SR. NO. 32/7/1 TO 6 KONDHWA, PUNE, Maharashtra	India
S2-248918679	Pedrosa Resource,	51 FAIRVIEW AVENUE, WEST SPRINGFIELD, MA	US
S2-249055847	Sy Muniyield Pllc	533 Riviera Dr, WASHINGTON, IN	US
S2-249271409	ilse's rapid law group	105 MILES DR, SAN MARCOS, TX	US
S2-249455107	b8crysta1.com	##1143 GARDEN DR, NEWPORT NEWS, VA	US
S2-249655095	nagiyakrishna.com	NO 22/265 TALKUS BUILDING, AIRPORT ROAD, PALIAKARA, ANGAMALY SOUTH, PARAVUR, Kerala	India
S2-249853706	RAJASTHAN INTERNATIONAL SL	BLOCK F-273 OFFICE NO. 208-211, 2ND FLOOR, GATEWAY PLAZA CO CO-OP. PREMISES SOCIETY LTD, CENTRAL AVENUE ROAD, INDUSIND BANK, HIRANANDANI GARDENS, MUMBAI, महाराष्ट्र	India
S2-250058738	Schuler Capital Douglas,	255 LOST SPRINGS TER, PORTLAND, OR	US
S2-250168979	Allied Clinic Program	OCEAN DR, MANHATTAN, KS	US
S2-250406328	C D +  M Skin Care	85 PARK AVENUE, WORCCESTER, MA	US
S2-250449115	Precision Wireless Dynamics L.L.C.	#1639 COUNTY HOME RD, PRAIS TOWNSHIP, TN	US
S2-250512226	SMART TRADlNG ADVISORS INC.	##5577 165TH PL, PORTLAND, OR	US
S2-250590963	DENTAL  SERVICES	##628 DAYTON SAINT, WA, EDMONDS	US
S2-25060208	Silver Corporation Pacabimng	SEVERN ROAD, SEVERN, MD	US
S2-250660112	लाइफ Surya फाउंडेशन प्राइवेट लिमिटेड	PATNA, FLAT NO: 201, Bihar	India
S2-251037086	Herman Srfe-Inc	253 90TH PL EAST, TULSA, OK	US
S2-25128708	Limited Delpro Svriec	#421 B-8, <NULL>, POST- JAGATPURA, JAIPUR, Rajasthan	India
S2-251519529	YJV Power Private  Ltd	NO 443 A, SHANIVAR PETH, HASBNIS BAKHAL, PUNE CITY, Maharashtra	India
S2-2517597	FEDERAL PREPARAT0RY [ACADEMY]	1410 THORNWOOD LANE, HOUSTON, TX	US
S2-25215681	HELLER LLC CENTER	5 ALHAMBRA COURT, DURHAM, NC	US
S2-252428801	Oncology  Group	443 Airport Industrial Park Rd, PARKERSBURG, WV	US
S2-252482324	Peters Custom	15225 SHALIMAR DR, WILMER, AL	US
S2-252698327	Seo (Trust)	832 TOWN AND COUNTRY BLVD, ELLICOTT CITY, MD	US
S2-252854639	Varshika Foundation	NO ##259 C/O-SUDHANSU SEKHAR SAHOO, SAHADEVKHUNTA, BALESHWAR SADAR, Odisha	India
S2-25291679	American Catalyst Co	15001 1/2 Howards Mill Rd, MUINO, OR	US
S2-253314738	Smt Reeva Group (Industries)		India
S2-253330725	DENTAL CENTER	OAK HILL, WV, 528 GATEWOOD RD	US
S2-253470023	Stjohn, Smith and Stárk Sim LLC	MORGANTON, 505 VICTORY TRL, NC	US
S2-253484685	Allahabad-Technologies LLP	H.NO 129 13/15, COOPER ROAD, ALLAHABAD, Uttar Pradesh	India
S2-25350937	Paramount Hospitamlitbies Limited	702, 7TH FLOOR, SILICONE TOWER, NEAR SAMARTHESHWAR MAHADEV TEMPLE, LAW GARDEN, ELLISBRIDGE, AHMEDABAD, GUJARAT, INDIA, AHMADABAD CITY, Gujarat	India
S2-253641682	Jodhpur Mushrooms	SHREE KUNJ PLOT NO. #54 BEHIND ARORA NAMKEEN, 12TH ROAD SARDARPU, RA, JODHPUR, Rajasthan	India
S2-253976027	Aggy Trujillo Royal-Sab	Pineville Road, STATESVILLE, NC	US
S2-254208520	Dr Comet Services Llp	FLAT NO 1 KRISHNA VIHAR BLDG 4 TATA COMPOUND IRLA BRIDGE VILE PARLE WEST, MUMBAI, Maharashtra	India
S2-254299542	Diehl Eaton	11341 HARTMAN CIRCLE, OMAHA, NE	US
S2-25447874	Holloway Great Nasdaq	4716 LAKESIDE DRIVE, OMAHA, NE	US
S2-254649541	Raj Pvt Ltd Service	PLOT 416 611, RATNAJALI SQUARE, NR. GLORIYA RESTAURANT, AHMADABAD CITY, Gujarat	India
S2-25466737	Tech Infotech Private Ltd	8-6-375/3/8, SRI SIDDI VINAYAKA APARTM, KARIMNAGAR, Telangana	India
S2-255067087	DENTALCLINIC.COM #39103	881 STILL WILLOW LN, WENDELL, NC	US
S2-255148519	Benitez & Vargas Solana  Inc	122 AA 8TH STREET, <NULL>, ELMIRA, NY	US
S2-255747426	स्टार एनर्जी लिमिटेड	JAIPUR, MNIT CAMPUS, राजस्थान	India
S2-256033433	Pediatric Medicine	4850-C 20, LAFAYETTE, NY	US
S2-256043546	Hannon Energy	TX, MANSFIELD, 2908 ST CHARLES DR	US
S2-256128343	-- Eye Bulre Medicine LLC	406 SOUTH FOURTH ST, SHELBYVILEL, IL	US
S2-2562172	Cornerstone Environmental Concepts	584 DORTON LN, HENRICO COUNTY, VA	US
S2-256272676	Gulf Medical  Center	503 1RD AVENUE, BELTON, TX	US
S2-256587572	Southern ब्राइट प्रॉपर्टीज Private Limited	DOOR NO B3/324 FLOOR-GRD, PLOT-70, J R SHETTY BUILDING, NAKHODA STREET, OFF ABDUL REHMAN STREET, PYDHONIE, MANDVI, MUMBAI, Maharashtra	India
S2-25671971	ಬ್ಲ್ಯಾಕ್ ಇನ್‌ಫ್ರಾ ಪ್ರೈವೇಟ್ ಲಿಮಿಟೆಡ್	PLOT 412 OPP.OLD BPCL PETROL BUNK ROAD NEAR KSRTC BUS STAND SHIDLAGHATTA, CHIKKABALLAPURA, Karnataka	India
S2-256743409	Jay Food Private Ltd	DOOR NO 0785 C/O RAMESH CH NAYAK P.NO 40, KHATA NO 181 NIMIDHI GATE BAZAAR PARADEEP GARH, JAGATSINGHAPUR, <NULL>, Odisha	India
S2-257167232	Empire  Society	IN, 263 HARCOURT RD, INDIANAPOLIS	US
S2-257282924	Prirlrmty Allied Cameron	WI, TOWN OF FREEDOM, N4231 C	US
S2-257283762	DILEVA WORLDWIDE LLC	269 SALMON RIVER ROAD, PLATTSBURGH, NY	US
S2-257287297	FERRYN FURNITURE LTD	COMMERCE DR, SHELTON, CT	US
S2-257368733	Navarro, Birch and Moriarty LLP (Hawaii)	16 WHITNEY STREET, CAMAS, WA	US
S2-257682674	अल्फा लोटस कंसल्टिंग प्राइवेट लिमिटेड	0058, MUMBAI CITY, महाराष्ट्र	India
S2-257748384	ಇಂಟರ್‌ನ್ಯಾಷನಲ್ ಇನ್‌ಫ್ರಾ ಪ್ರೈವೇಟ್ ಲಿಮಿಟೆಡ್	BANGALORE, ಕರ್ನಾಟಕ, WHITEFIELD ROAD, MAHADEVAPURA, NO. #61	India
S2-257762746	Rosalind B. Hérnandez, DPM	CT, 15-17 QUINCY CLOSE, RIDGEFIELD	US
S2-25829092	valuesoftwaregroup.com	BIRCH AVENUE, FAYETTEVILLE, AR	US
S2-258372317	Demille, Newman And Foster Llc	1550 BROADSTONE PKWY, FOLSOM, CA	US
S2-258411654	Shiven Design Partners Corporation	4/A, FLOOR - GRD, RECONDO COMPOUND, SUDAM KALU AHIRE MARG, GLAXO, WORLI COLO, NY, MUMBAI, Maharashtra	India
S2-258719094	akshitknowledge.com	Maharashtra, H.NO D/263 C3, SHRI MANGLAM BANGLOW, KALIKA PARK UNTWADI, NASHIK	India
S2-259476734	गुजरात कंसल्टेंसी प्राइवेट लिमिटेड	B-21, Delhi, SOUTH DELHI, NEW DELHI	India
S2-259915755	Rahul Chemicals (India) Co	NO 13/82 LGF, VIKRAM VIHAR, LAJPAT NAGAR - IV, NEW DELHI, Delhi	India
S2-260026808	DO CATHEE, HURLEY,	STAMFORD, 25 CEDAR CIR, CT	US
S2-26018375	Temple Community Church Inc.	CHESTERFIELD COUNTY, VA, 9325. QUINNFORD BOULEVARD	US
S2-260357546	VISHAL POLYTECHNIC COMPANY	1, RIVER VIEW ENCLAVE, TEESTA STREET, 3RD MAIN RD, SRIPERUMBUDUR, Tamil Nadu	India
S2-260459748	Yumamirairi	35A ROSS RD, WILMINGTON, DE	US
S2-260470505	Orthopedic Orthopedic Physicians		US
S2-260618466	rajasthan international school	BLOCK F-273 OFFICE NO. 208-211, 2ND FLOOR, GATEWAY PLAZA CO CO-OP. PREMISES SOCIETY LTD, CENTRAL AVENUE ROAD, INDUSIND BANK, HIRANANDANI GARDENS, MUMBAI, Maharashtra	India
S2-260663222	Inc. W0mens Health Superior Partners	620 ALPHA RD, DAYTONCDP, OH	US
S2-260819641	ALVAREZ AND  MENDEZ RESEARCH	12981 BRANNON ROAD, BETHEL, OH	US
S2-260843358	New Delhi 5ystems Private Limited	M16, SECOND FLOOR, VEER SAVARKARMARG, LAJPAT NAGAR, LAJPAT NAGAR II, NEW DELHI, Delhi	India
S2-261106760	एपेक्स कंस्ट्रक्शंस प्राइवेट लिमिटेड	B-7/31/1, SOUTH DELHI, Delhi	India
S2-261109256	Services Baluja Chillies Pvt Limited	H.NO 45-100/2A. , B61, UPPAR GUDA, MOULALI, MALKAJGIRI, Telangana	India
S2-261132122	Anand Éngdinering Private Limited	26, SILARPUR, NEAR SECRETARIAT, MANDI ATELI, Haryana	India
S2-26117333	Sholar, Alisa W.,  Ph.D.	2109 1/2 88TH STREET, CITY OF KENOSHA, WI	US
S2-261336053	విజయ్ హెల్త్‌కేర్ లిమిటెడ్	D. NO 11-10-268/6/A/1, SHOP ZONE, YELLANDU, KHAMMAM, తెలంగాణ	India
S2-26192982	6reat Rare LLC	PHOENIX, ##2036 CLAREMONT SAINT, AZ	US
S2-26225500	betterdeutsche.com	1347 BLUEWATER ROAD, HARRIONBURG, VA	US
S2-262548013	Lakshmi Developers Co	12THFLOOR, MANJEERATRINITY, JNTU-HITECHCITYROAD, KPHB, TIRUMALAGIRI, Telangana	India
S2-262611417	DIAMOND  TRANSPORT	VIDOR, 295 HOLLY STREET, TX	US
S2-262629705	Vas Private Limited Services		India
S2-262762836	VF-Quality LLC	647 30 AVENUE, ST CLOUD, MN	US
S2-262824841	Numerouno Trading Company	DOOR NO 872 UNIT - PS ABACUS-625 NH12, ACTION AREA IIE, NEWTOWN, NORTH 24 PARGANAS, West Bengal	India
S2-263574919	WOLFE'S HYPNOSIS	7 BEACHSIDE COMMON, WESTPORT, CT	US
S2-263670015	internalmedicinecenter.com	JOHNSON SAINT, AMARILLO, TX	US
S2-263688085	Sudershan-& Brothers	AASHREYA 7-1-34 F N AMEERPET, HYDERABAD, Telangana	India
S2-263787016	Morgan Advanced Bain LLC	COURTESY DR, THOMASVILLE, NC	US
S2-264172545	THE DENT YOGA  CENTER	303 LINCOLN ST, ABINGTON, MA	US
S2-26445198	Fresh Optimal Mellon LP	3680 PAULDING AVENUE, BRONX, NY	US
S2-264454826	Behavioral Health Trusted Care Associates L.L.C.	806 1/2 CLEARVIEW DRIVE, VINTON TOWNSHIP, VA	US
S2-264587667	NOBLE & CO	GOVIND ESTATE, FLAT NO. 702 7TH FLOOR, PLOT NO. 172, SHIVAJI NAGAR, Maharashtra	India
S2-264720910	North Stardbut		US
S2-264734759	Leong Medical	MISSOULA, MT, 5436  BIGFORK ROAD	US
S2-26475862	WIERENGA, TTULITE H., D.D.S., DDS PC	6401 ELIZABETH AVE, KANSAS CITY, KS	US
S2-264939701	Safe Payment Laboratories		US
S2-265332908	Pune Private Limited Services	FL NO 0704 SR. NO. 32/7/1 TO 6 KONDHWA, PUNE, महाराष्ट्र	India
S2-265735629	Shri ADAR5H [POLYTECHNIC]	UNIT NO 404, 4TH FLOOR, B-RING, MARUTI CHAMBERS, VEERA DESAI ROAD, NEAR YASH RAJ STUDIO, ANDHERI WEST, MUMBAI, महाराष्ट्र	India
S2-265867205	Soto Dsldi D.D.S. P.C.	2900 DANZIG PL, LOISVILLE, KY	US
S2-265965115	Gulf Liquidity  LLC	##33847 WASHINGTON DR, YUCAIPA TOWNSHIP, CA	US
S2-265988328	भारत फाउंडेशन प्राइवेट लिमिटेड	E-11, RAM PATH, SHYAM NAGAR EXTENSION, NEW SANGANER ROAD, JAIPUR, Rajasthan	India
S2-266197882	B 8	##1143 GARDEN DRIVE, NEWPORT NEWS CITY, VA	US
S2-266408102	divisionpublicworks.com	4130 MCKINLEY BOULEVARD, SACRAMENTO, CA	US
S2-266712959	TR FOUNDATIONS PRIVATE LTD	BUNGALOW NO. 9, GOLDEN BEACH CO - OP HOUSING SOCIETY LIMITED, RUIA PARK, J M MARG, JUHU, Maharashtra	India
S2-266768735	SANCHEZ, REGGI, PH.D.,	##224 BRYN DU DR, GRANVILLE, OH	US
S2-266937	METROPOLITANFUND.COM	108 LAVAL ST, WATERBURY, CT	US
S2-267060219	Mr globalconsulting.com	OLD NO. 38/5 , NEW NO.73, CORAL MERCHANT STREET, MANNADY, CHENNAI -, 600 001., CHENNAI, Tamil Nadu	India
S2-267062728	Clean India Private Ltd	H.NO 998 F3, 1ST FLOOR, SHIV COMPLEX, VILLAGE VALLABH VIDHYANAGAR(M), TALUKA ANAND, DIST. ANAND, ANAND, ગુજરાત	India
S2-267333196	Z/Z Vendrgoe Inc	STATE RTE 213, TIPTONVILLE, TN	US
S2-267339500	advika clinic pvt ltd		India
S2-26769586	bradydentalassociates.com	12365-D ENSLEY DR, FIHERS, IN	US
S2-267732908	Agl  Homes	#90 , FIRST FLOOR, DESHBANDHU CO OPERATIVE GROUP HOUSING SOCIETY, I.P. EXTN. PATPARGANJ, EAST DELHI, Delhi	India
S2-267844540	Kacey Pitec Desert Rush LLC	220 12TH ST, HAMILTON, OH	US
S2-267995790	SAVAGE AMERICAS  INC	11147 REISTERSTOWN RD, OWINGS MILLS, MD	US
S2-26805339	ओम इन्वेस्टमेंट्स प्राइवेट लिमिटेड	403 CENTRAL TIN INDUSTRIAL ESTATE, BOMBAY, MUMBAI, महाराष्ट्र	India
S2-268329963	Dermatology National	HANOVER, ME, 303 MAIN STREET	US
S2-268413508	FU, EMMERT ÁND	1708 MOUNT HOOD STREET, THE DALLES, OR	US
S2-268521296	Springs Stirdeo Private Limited	7/2 , NOVEL OFFICE CENTRE, ULSOOR ROAD, BANGALORE 42, BANGALORE NORTH, Karnataka	India
S2-268765765	Industrial Security Índustries		US
S2-268865748	Fleming Ncr	6418 ROCKWELL BLVD, <NULL>, CHARLOTTE, NC	US
S2-269005803	Big Tavern (Inc)	51 RIVERSIDE DR, MD, PASADENA	US
S2-269075136	Creative Énergy [Alliance]	TX, FORNEY, 4116-4120 WALDRON TRAIL	US
S2-269224248	Ridge School of	21 Foxgrape Hollow, BEECH MOUNTAIN, NC	US
S2-269571804	Fulcher Ncr  Inc	POLK WAY, W. SAND AKE, NY	US
S2-269803983	Zephwex	TIDEWATER LANE, RALEIGH, NC	US
S2-270196890	Signature  Harbor Lake LLC	FORT WORTH, 48 3ND STREET, TX	US
S2-270377240	ग्रीन रियल टेक्नोलॉजीज प्राइवेट लिमिटेड	2/210, GOMTI NAGAR, LUCKNOW, Uttar Pradesh	India
S2-271449782	American Council Inc	1264 RIVER DRIVE, DEWEY CITY, AZ	US
S2-271722806	RAJA & 5ONS COMPANY	C/O- MD. FARUK UDDIN, BAMUNMURA, BADU, BARASAT, BARASAT - I, West Bengal	India
S2-272290151	राज ग्लोबल लिमिटेड	महाराष्ट्र, MUMBAI, MUMBAI CITY, 61 - A	India
S2-272770945	Orissa Gala Center Corporation	NO 10/11 K B C ROAD SOUTH DUMDUM FLAT NO 4AB, NORTH 24 PARAGANS, NULL, West Bengal	India
S2-272873790	CLEAR CURHRENCSHARES INC	02629 HOLYOKE STREET, WICHITA, KS	US
S2-273451963	Great LLC [Center]	607 2ND STREET, BLOOMINGTON, IN	US
S2-273505714	Clinic Dental LLC	NC, WENDELL, 881 STILL WILLOW LANE	US
S2-273794569	elite elite immunopharma	SAN JUAN AVE, FAIR OAKS, CA	US
S2-273826204	Prosperous Farms-Private Limited	C/O PREM BOSS, MEGHWALO, KA VAS, DHANI BAZAR, BARMER, Rajasthan	India
S2-273826442	Saria Therapeutics Incorporated	3538 Cherrystone Rd, CHERITON, VA	US
S2-273868272	Foot & Ankle Partners Services	6070 MOORES MILL ROAD, HUNTSVILLE, AL	US
S2-273971803	Pacific Communities	338 AHERN DR, null, EDGEWOOD, MD	US
S2-274221636	Stjohn, Smith And Stark Sim Llc	505 VICTORY TRAIL, MORGANTON, NC	US
S2-274484233	DIGITAL TRADING COLLECTIVE CARE LLC	119 DELAWARE ST, MOUNDS, IL	US
S2-27523791	PRODUCTS ENVIRO  AUTOMOBILES PVT LTD	PLOT NO. 487/36, F/FLOOR, FRONT SIDE PORTION, VICLAGE PEERAGAHI, NEW DELHI, दिल्ली	India
S2-275328984	CROWDER HOLDING COMPANY (LLC)	3605 O St, WASHINGTON, DC	US
S2-275769264	Keystone Allied  Canadian	6506 MONA VISTA DRIVE, HOUSTON, TX	US
S2-27581448	DELHI TECHNOLOGIES PRIVATE LTD	R-546, 2ND F, FRONT PORTION, MAIN ROAD, NEW RAJENDER NAGAR, DELHI, Delhi	India
S2-276146448	VIJAY TRADING PRIVATE	VILLAGE PAVESARA, GUDERA, Uttar Pradesh	India
S2-276205658	अल कंसल्टेंट्स प्रा. लि.	FLAT NO B-504, PATNA, बिहार	India
S2-276514830	Dream lnfotech Pvt [Ltd]	A-032, UNIT B, 1ST FLOOR, PLOT 11T3-11T5 BLOCK 11, GANDHI NAGAR, Gujarat	India
S2-276548848	RODGERS, MARGARET, CLINIC CENTER	12375 107ST AVENUE COURT, PUYALLUP, WA	US
S2-276744196	My  Investments LLP	22-6-270/3/8, BALALA SHOPPING MALL, MACHLI KAMAN, CHARMINAR, HYDERABAD, Telangana	India
S2-276911414	Firefighters 232 Local	BAGLEY ROAD, BEREA, OH	US
S2-277192806	>> varaproducts.com	LEVEL 2, ALTIUS, OLYMPIA TECHNOLOGY PARK NO.1 SIDCO INDUSTRIAL ESTATE, GUINDY, CHENNAI, Tamil Nadu	India
S2-277335667	BSOLUTION.COM	33A, RABINDRA SARANI, 1ST FLOOR, KOLKATA, KOLKATA, পশ্চিমবঙ্গ	India
S2-27743812	Loveland, Cóunty Of	797 DECADE LANE, LOVELAND, OH	US
S2-277765137	Tri-State Star Sgurtoisn LP	08009 COUNT STREET, HOUSTON CIITY, TX	US
S2-277904545	Gourmet Iron Private Limited	C/O SMT SUSHAMA J PATWARDHAN RANDASPETH, NAGPUR, महाराष्ट्र	India
S2-278420319	Golden Yóga	4029 OLYMPIC WAY, CITY OF HOLLADAY, UT	US
S2-278558340	Nexos Braves (Inc.)	1546 STATE STREET, BOWLING GREEN, KY	US
S2-278765906	hkinfraheights.com	C/O RISHIRAJ PRADHAN, DOVES NOOK FLORA 13THMILE, KALIMPONG, DARJILING, DARJEELING, West Bengal	India
S2-278888692	UJJAYA MERCHANDISE	H.NO 914 C/O K.VINODINI, KAPPACHERY, HOUSE VIJAYA FLOWER MIL, KANNUR, കേരളം	India
S2-27900343	TM PVT SERVlCES LTD	NO 1/G KHUDIRAM BOSE SARANI, SALTEE PLAZA, 6TH FLOOR, ROOM NO - 612, CABIN -M25, KOLKATA, KOLKATA, West Bengal	India
S2-279210416	PRIMARY CARE PÍONEER SPECIALISTS	8447 LAUREL VALLEY DRIVE, INDIANAPOLIS, IN	US
S2-27940112	C1ear  Partners P.C. Center	1403 RIDLEY RD, PHELPS, NY	US
S2-279419784	Perl Wilson, CPA, PC		US
S2-28002551	Chhata Siia Pvt. (Ltd.)	C/O KARAN PAL, GOVERDHAN CHORAH, CHHATA, Uttar Pradesh	India
S2-280234582	Lucky  Deli	TX, 8032 JERSEY ST, CITY OF EL PASO	US
S2-280260703	Workman Intermediate		US
S2-280766428	@SOLORAELECTRICITY	414 ESTEBAN, LAKE HAVASU CITY, AZ	US
S2-281389714	@lifesurya	FLAT NO: 201, SRI JAGDISH APARTMENT INDRAPURI, RAJABAZAR, PATNA, Bihar	India
S2-2822251	Horizon Innovation LP - 6764991553	17 COLLINSVILLE AVENUE, EAST SAINT LOUIS, IL	US
S2-282720221	DIA, INC	0675 BROOKBEND CT, WAXAHACHIE, TX	US
S2-282731103	Bombay Trading Private Ltd	FLAT NO B-1 , PLOT NO 7, SECOTR 5, NEAR RAKHMA BHAWAN BUILDING, SANPADA, NAVI MUMBAI, THANE, Maharashtra	India
S2-282745196	FEDERMAN CHIMERA SERVICES	9214 ARBOR CREEK DR, CHARLOTTE, NC	US
S2-282755275	Shri SUNRlSE ENGINEERING PRIVATE LIMITED	A-55/10, PUTHUSSERY ARCADE, KADIYANGAD JUNCTION KADIYANGAD POST, PERAMBRA VIA, KOZHIKODE, Kerala	India
S2-282771324	Pellegrino, Simpson Thompson  Metals LLC	602 WEST HILLS DRIVE, ROGERSVILLE, TN	US
S2-283551641	Great Hotel	607 SECOND ST, BLOOMINGTON, IN	US
S2-283733615	Glb Advisors	FLAT NO. 3K, P.S.ALANKAR, 857, MOTILAL GUPTA ROAD, KOLKATA, West Bengal	India
S2-283823416	Vaayuin Worldwide Private Límited	LAKE DISTRICT, 74/74/1 , NARKELDANGA MAIN ROAD DOVER CASTEL, BLOCK-3, FLAT NO. 1P, KOLKATA, KOLKATA, West Bengal	India
S2-284052643	@frontiertrust	923 WALTER E MARTIN ROAD, CONWAY, NC	US
S2-284132288	Red Technology Private	B/2/268, MADHUVRUND SOCIETY, SWI PARK, NR GOPAL BAG SOC, NEELKHANTH MAHADEV MAN, DIR ROAD, AHMEDABAD, Gujarat	India
S2-284436985	BUTLER  MIDWEST	30-34 Eagle Hill Drive, PLYMOUTH, MA	US
S2-284718833	Steelworkers Local No Union 303	869 ECHO DRIVE, MEADVIEW, AZ	US
S2-284837701	zeussons.com	916-A, SILICON CITY, OPP.EMERALD HT. SCHOOL PO AT RAJENDRA NAGAR, AB ROAD, Madhya Pradesh	India
S2-284919547	XDI-Consulting Private Limited	H.NO 2 RATANPURA NR AMBICAMATA MANDIR OPP SHIVKUSH NAGAR VASTRAL ROAD, AHMEDABAD, ગુજરાત	India
S2-285337739	NOIDA INTERNATIONAL CO	H 00160, OFFICE NUMBER B 018 SECTOR 63, NOIDA, Uttar Pradesh	India
S2-28551384	Silver Pizza!	533 WILSON STREET, COSTA MESA, CA	US
S2-285577649	ALPHA CDAE LIMITED	A 00204 SAWALI CO OP HSG SOC PLOT 41 SEC 5 KHARGAR, KHARGAR, महाराष्ट्र	India
S2-28575462	Corner LLC Bistro	110 BONHOMME LAKE DR, SAINT LOUIS, MO	US
S2-285761233	ईस्ट परफेक्ट सिस्टम्स प्राइवेट लिमिटेड	46A, KANPUR NAGAR, Uttar Pradesh	India
S2-285784463	Health-Processing	BLOCK G-17 KHAGAUL ROAD, OPPOSITE WATER PARK, DANAPUR, DINAPUR-CUM-KHAGAUL, Bihar	India
S2-28595597	Chan, Ferguson & Mcnicol Inc.	4358  RIO CANCION, TUCSON, AZ	US
S2-286053340	3828MAINLANE.COM	10 WATAUGA AVE, JOHNSON CITY, TN	US
S2-286131180	BMCENTRE.COM	E-5/405, GALI NO. 8, NETAJI SUBHASH MOHALLA, SONIA VIHAR, DELHI NORTH EAST, NORTH WEST DELHI, दिल्ली	India
S2-286290040	Cobalt	N7530 EDGEWATER DRSVE, BEAVE DAM, WI	US
S2-286513136	Leach Cápstone	1713 TAYLOR GAINES STREET, AUSTIN, TX	US
S2-28677390	VALENTINI FRESH HLAHYB INC	933 7 HWY, PITTSBURG, KS	US
S2-287282200	MICHALOWSKI JPMORGAN INC	681 Porter Road, EAST LONGMEADOW, MA	US
S2-287343500	ALLIED TIDEAFTER	17 JEFFERSON STREET, TOULON, IL	US
S2-287405229	Jaiswal Limited  Products		India
S2-287569488	CALOUMBRA	##490 MOUNT VERNON ST, SAINT JOHNSBURY, VT	US
S2-287705183	Inc. I 5 Prceenled Communities	19179 ELEVENTH AVE, POULSBO, WA	US
S2-287766501	BEHAVIORAL HEALTH	951 3RD ST, MISHAWAKA, IN	US
S2-287881236	HENEF,S, DE MD	340 155TH AVE, MAYVILLE, ND	US
S2-287913620	PRIVATE DIGITAL INTERNATIONAL LTD	SHOP NO. 7, PLOT NO 1, GF, ROYAL COMPLEX, RAJKOT, GONDAL, Gujarat	India
S2-288111971	internationalarinlaundry.com	HN C-398 SHOP NO-108 ANCHAL PLAZA VASANT KUNJ, NEW DELHI, Delhi	India
S2-288277707	Orthopedic Case Associates LLC	3129 LUNDIN DRIVE, MANHATTAN, KS	US
S2-28842278	सन इन्वेस्टमेंट्स	D-566/146 GF, SOCIETY CAMP, TAJPUR PAHARI, BADARPUR, NEW DELHI, SOUTH DELHI, दिल्ली	India
S2-288562393	@CORNERSTONEAEROSPACE	47 ELIZABETH STREET, NEW HAVEN, CT	US
S2-288839789	Sundar-Defence Pvt Ltd	SF/211, VINAYAK COMMERCIAL COMPLEX, OPP. MANJALPUR ATITHI GRUH, MANJALPUR, VADODARA, Gujarat	India
S2-288854294	ZUNIGA PERFECT (LLC)	1130 CORNFLOWER WAY, MANLIUS, NY	US
S2-288976453	straightedgeauto.com	MONTGOMERY AVE, NORTH WALES BOROUGH, PA	US
S2-28899836	Advanced Bay Teucrium Llc	ELLWOOD CITY BOROUGH, #217 5TH ST, PA	US
S2-289261959	Zhu Safe Drive L.L.C.	IL, WATERMARK TER, ELGIN	US
S2-289436444	Cabral Accounting Corporation	26 CYPRESS CREEK DRIVE, CALVERT CITY, KY	US
S2-289636573	saderfoundation.com	H.NO 422 , BADGO, SADER, Uttar Pradesh	India
S2-289876754	Lizette's Publishing  LP	668 MAIN ST, NULL, BOCKTON, MA	US
S2-290477429	ਕਲਾਸਿਕ ਮੈਨੇਜਮੈਂਟ ਪ੍ਰਾਈਵੇਟ ਲਿਮਟਿਡ	9-479/3, FATEHGARH SAHIB, S.A.S.NAGAR (MOHALI), HARCHAND MILL ROAD, NEAR BHUMI MARKET, Punjab	India
S2-290583117	Borton Specialty of Hingham Inc	MA, 299 ROCKLAND ST, HINGHAM	US
S2-29061213	Physical Therapy Center Corporation	4459 COLLEGE AVENUE, INDIANAPOLIS, IN	US
S2-291052369	... PIPEFITTERS UNION LOCAL	6 BICKNELL STREET, KITTERY, ME	US
S2-291328609	Mikaela Réay, Réay, DPM	CORBELL AVENUE, NORFOLK CITY, VA	US
S2-291615624	Eastern ഇൻവെസ്റ്റ്മെന്റ് പ്രൈവറ്റ് ലിമിറ്റഡ്	ROOM NO. 380, 1ST FLOOR, BISMILLAH SHOPPING COMPLEX MARKET ROAD, OTTUPARA, WADAKANCHERRY, KUMARANELLUR P O, Kerala	India
S2-291862093	ECONOMIC DEVELOPMENT PROJECT	45 LAKE MIST DR, PIPERTON, TN	US
S2-291984710	VERTEX E5PORTS, L.L.C.	7767 WHITE CHAPEL RD, HEATH TOWNSHIP, OH	US
S2-292005787	Keshri Co. &	WZ-48 G/F, KRISHNA PARK EXTN, NEW DELHI, दिल्ली	India
S2-292025329	Best Frontier Oicic	910 NEWGATE WAY, DIXON, CA	US
S2-292065170	newsoftware.com	#245 MEGHDOOT BUILDING NO B-2, FLAT 35 113A SV ROAD, BORIVALI WEST, महाराष्ट्र	India
S2-292254072	south atlantic table llc	2072 COPENHAVER RD, ROCK ISLAND, TN	US
S2-292514192	South Gulf Altisource Inc	421 ARMORY STREET, TRENTON, TN	US
S2-292530643	Patel Plumbing,  LLC	1658 LIN-LOR CT, ELGIN, IL	US
S2-292614725	BETTER  CONSTELLATION [INC]	21-25 SETTLEMENT WAY, LULING, TX	US
S2-292633614	Ear Nóse & Throat Superior Care Associates	Moran Ct, CIMARRON HILLS, CO	US
S2-29312169	Kr Industries	R NO 0015 HOTEL SHED GR FLRNILKANTESHWAR BLDG ANNIE BESANT RD, MUMBAI, Maharashtra	India
S2-293156537	JAYCO (INDIA) PRIVATE	महाराष्ट्र, DOOR NO 56GHARPURE  PATH GIRGAUM, MUMABI	India
S2-293208831	Rodi Youngblood Advertising Inc	201 PICEA DRIVE, AUSTIN, TX	US
S2-293298896	Sanchez Cornerstone Liberty	466 44 STREET, BROOKLYN, NY	US
S2-293462847	Dental Center  LLC	OAK HILL, 528 GATEWOOD RD, WV	US
S2-293488780	Mumbai Consultancy Consultancy Privae Limited	MUMBAI CHURCHGATE, 6F VASWANI MANSIONS 120 DINSHAW VACHA ROAD, CHURCHGATE, MUMBAI, Maharashtra	India
S2-29383509	green (india) education private limited	SUJATA NIWAS ZONE B-1 HOUSE NO 743 NEAR OLD ADARSH COLONY DATTA NAGAR, LATUR, महाराष्ट्र	India
S2-293991392	Mount-Fellowship		US
S2-294019458	National-Program III	2513 Dartford Dr, CROWLEY, TX	US
S2-294829735	Ahmedabad Associates	B-804, VISHAKHA ELYSIM, NR GLOBAL INDIAN INTERNATIONAL SCHOOL, TRAGAD, AHMEDABAD, Gujarat	India
S2-29513677	Smart Greenland Partners Co	LAKE RIDGE DR, PUALSKI, VA	US
S2-295208809	अल्फा केयर लिमिटेड	A 00204 SAWALI CO OP HSG SOC PLOT 41 SEC 5 KHARGAR, KHARGAR, RAIGARH (MAHARASHTRA), Maharashtra	India
S2-295839525	Global [Program]	002315 R Street, WASHINGTON, DC	US
S2-29605338	Limited Shakti Private Center	0011-4-19/3, KOVVURU, SRINIVASAPURAM COLONY, Andhra Pradesh	India
S2-296181512	TARA DSLG (INDIA) PRIVATE LIMITED	NO. 217, 9TH 'H' MAIN, 1ST BLOC, HRBR LAYOUT, BANGALORE, ಕರ್ನಾಟಕ	India
S2-29628731	Bright Prime Cross LLC	256B VANCE STREET, RAWSON, OH	US
S2-296702818	INFRASTRUCTURE SAMANVAY TECH PVT. LTD	Kerala, VI/565VRINDAVANAM NELLAYA P O, PALAKKAD	India
S2-29702641	Perfect Consulting Limited Private	A/7, TRADE WORLD, KAMALA CITY, SENAPATI BAPAT MARG LOWER PAREL (W), MUMBAI, Maharashtra	India
S2-297195184	ஸ்வஸ்திக் புரொட்யூசர்	NO.##10/6, VALLUVAR STREET VIJAYALAKSHMIPURAM, AMBATTUR, CHENNAI, Tamil Nadu	India
S2-297355571	ഹൈടെക് കെയർ പ്രൈവറ്റ് ലിമിറ്റഡ്	2/224 R, MALAPPURAM, MALAPURAM, Kerala	India
S2-297738889	Harbor Taylor Sendrio	ALBUQUERQUE CITY, NM, 8922 FALLS CREEK TRAIL	US
S2-298130348	Ear Nose & Throat  Superior Care	1645 MORAN COURT, CIMARRON HILLS, CO	US
S2-29839348	Helot Medical Centre Pvt Limited	#2729 , 16TH CROSS, 27TH MAIN, SECTOR-1, BANGALORE SOUTH, Karnataka	India
S2-2984671	C+ Ostci, Corp	8500 PALMER AVENUE, MINNEAPOLIS CTIY, MN	US
S2-298737486	INDORE LIMITED (DEVCON)	201, SECOND FLOOR 79, RADHIKA PALACE GRAM KHAJRANA, INDORE, Madhya Pradesh	India
S2-298846571	torresevoroyal.com	<NULL>, AZ, 16818 ROOSEVELT STREET, GOODYEAR	US
S2-298862610	SURYA PRIVATE MARKETING LIMITED		India
S2-29887445	Goodrow Iadgusrties	39 1/2 STONEY BROOK DRIVE, MILLIS, MA	US
S2-299296375	M  9 Certified Giant LLC	DICKINSON, 4122 SCENIC DRIVE, TX	US
S2-299739866	CFT Arts	9763  NORTH FREEWAY, FORT WORTH, TX	US
S2-299747925	FIDELA'S SBHAFDO ELITE	7367  CENTRAL AVE, HIGHLAND, CA	US
S2-299767486	COZY CLÉANING SERVICE INC	IL, 4485 PINE BLUFF ROAD, MORRIS	US
S2-300215923	HJW Múlticon Pvt Ltd	VILLA NO.##88 RAINBOW GH 1, ASHADEEP KINGS COURT, JAIPUR, Rajasthan	India
S2-300477230	Corona Adclsemy	14 HARTMAN CIR, ST CHARLES, MO	US
S2-301017229	ZENITH TAX (LLC)	5241 SABLE CT, MENTOR, OH	US
S2-301085351	GA  SUPPLY LIMITED	H.NO.43 SAINIK ENCLAVE SECTOR-III MOHAN GARDEN UTTAM NAGAR POLE NO.1543, NEW DELHI, दिल्ली	India
S2-30125547	ஈஸ்டர்ன் கன்ஸ்ட்ரக்ஷன்ஸ் பிரைவேட் லிமிடெட்	MADURAI NORTH, DOOR NO A-445 36A/12, MADURAI, Tamil Nadu	India
S2-30145440	Camilla Riddle, DDS PC Group Services	CA, LA RIVIERA, 2649 ARGOLIS WAY	US
S2-301730435	Ilead Storage Private Ltd	NO.5, SY. NO.90/3, HARIKUMAR LAYOUT MANJUNATHNAGAR, NAGASANDRA POST, TUMKUR, ROAD, BANGALORE, ಕರ್ನಾಟಕ	India
S2-301909329	Smt JSR BIZCON PRIVATE	D/214 SHYAM ASHISH SUNDER NAGAR, AGASHI ROAD BOLINJ VIRAR WEST, PALHGAR, Maharashtra	India
S2-302040484	LUCKY VDMHRÁIA	NO ##27 RAMKAMAL ST P S WATGUNGE, KOLKATA, পশ্চিমবঙ্গ	India
S2-302140231	SCHULER CAPITAL DOUGLAS, LLC		US
S2-302323060	LLC Ledyne Freight	TORTOLA DRIVE, ACCOKEEK, MD	US
S2-302388709	Apex Foundation Límited	C-5, CHEMICAL ZONE, M.I.D.C.KALYAN BADLAPUR ROAD, AMERNATH (WEST), महाराष्ट्र	India
S2-302452163	ONCOLOGY CARE LLC	#2388 COUNTY ROAD 1212, BLUM, TX	US
S2-302562700	GL Infia Limited	43, RAYAPURAM EXTENSION 2ND STREET, TIRUPPUR, தமிழ்நாடு	India
S2-302601328	ब्लू सॉल्यूशंस	#43, KANDIVALI WEST, Maharashtra, R NO. 8, GAYATRI CHS LTD., SEC 4, NEAR SARASWAT BANK, KANDIVALI, NULL	India
S2-302648171	क्रिएटिव फॉर्च्यून कंस्ट्रक्शन प्राइवेट लिमिटेड	#5 SULTANPURESTATE MEHRAULI, DIVREPORTINGCIRCLE, SOUTH DELHI, Delhi	India
S2-302943175	Limited GL India	43, RAYAPURAM EXTENSION 2ND STREET, TIRUPPUR, TIRUPUR, தமிழ்நாடு	India
S2-3030193	Vicari & Sellars	OR, 512 THE GREENS AVE, NEWBERG	US
S2-303285797	Lyons Strátegic Iron Works L.L.C.	3712 MIRANDA AVENUE, GILLETTE, WY	US
S2-303369905	diamondgold.com	10 EICHEN ST, TICONDEROGA, NY	US
S2-303485767	जैन फर्स्ट इंडस्ट्रीज प्राइवेट लिमिटेड	MG-6-13D, GREATER NOIDA, GAUTAM BUDDHA NAGAR, Uttar Pradesh	India
S2-303541169	Dean  Tailwind	894 WILLMAN RD, TALLADEGA, AL	US
S2-304149748	Legacy [Pharmaceuticals]	2404 RIO GRANDE DEL SOL CT, ALBUQUERQUE, NM	US
S2-304485776	LEGACY ELECTRONICS	1019 HUGH SAINT, FRONTENAC, KS	US
S2-304655498	एपेक्स एंटरप्राइजेज प्राइवेट लिमिटेड	C/O PRASHANT RATHOD, MEHKAR, BULDHANA, Maharashtra	India
S2-305266914	ਏਸ ਸਾਫਟਵੇਅਰ ਪ੍ਰਾ. ਲਿ.	SHOP NO 104 CYCLE MARKET GILL ROAD, LUDHIANA, ਪੰਜਾਬ	India
S2-305675881	INTERNAL MICLGNE CLINIC	EVERSFIELD DR, RALEIGH, NC	US
S2-306472331	LLC Cantre1l Pipeline of Taylor Mill	5126 TAYLOR MILL ROAD, LATONIA KY, KY	US
S2-306492852	Imperial Smith of Cralvlis	4315. ARROWOOD CIRCLE, CORAVLLIS, OR	US
S2-307124061	GREENWAVE ESTATE PRIVATE [LIMITED]	205 , 2ND FLOOR PANKAJ PLAZA-III, SECTOR-6 MARKET, DWARMA, Delhi	India
S2-307399932	Veterans Society	409 CENTER STREET, LOAMI, IL	US
S2-307706648	Super Miecal Centre Company		India
S2-30774651	Harbor  Federation	511 CEDAR ST, OTTAWA, KS	US
S2-307833066	Bright Metro	284 DANFORTH STREET, PORTLAND, ME	US
S2-308074507	SA ERRGIDE ERRGIDE INC.		US
S2-308187284	Horizon Wellness LLC Partners	18 A GROVE ST, ARLINGTN, MA	US
S2-308435748	Raso & Vanderpool-Fox Ltd	2215 SAN JUAN TRAIL, TUCSON, AZ	US
S2-308602208	Ethel Brd Open LLC	204 ANNISTON ST, WEAVER, AL	US
S2-30874922	Vetecex LLC	CA, SACRAMENTO, 2761 STOCKTSN BLVD, PO BOX 1647	US
S2-309113779	ক্রিয়েটিভ নর্থ সিস্টেমস প্রাইভেট লিমিটেড	C/O TAMASREE GHOSH NABAJIBAN COLONY BISHARPARA, KOLKATA, HOWRAH, West Bengal	India
S2-309185915	Vioveodrex	SOUTH 30TH ST, LOUISVILLE, KY	US
S2-309378212	SHIVALIK FOOD	H.NO ##01 , S. NO. 145/4, BOLHEGAON PHATA, NAGAPUR, AHMEDNAGAR, Maharashtra	India
S2-309579138	MERRALEE-BAHRES, D.C.	6201 SOUTHWEST FREEWAY, HOUSTON, TX	US
S2-310113193	Shri DREAM INFOTECH PVT [LTD]	A-032, UNIT B, 1ST FLOOR, PLOT 11T3-11T5 BLOCK 11, GANDHI NAGAR, Gujarat	India
S2-310172888	L.L.C. CULTURAL TRUST,	1515 MAPLE RIGE RD, DE KALB JUNCTION, NY	US
S2-310514898	Eanes Health	32- D AND RD N, STUTTGART, AR	US
S2-310955862	The Total Marketing, LLC	KS, 2843 MINNESOTA AVE, TOPEKA	US
S2-31102419	રાજ ફૂડ્સ પ્રા. લિ.	AHMEDABAD, AHMADABAD CITY, RATNANJALI SQUARE, NR. GLORIYA RESTAURANT, Gujarat, PLOT 416 611	India
S2-311455014	Frontier Patriot Mo1ecular Inc	0240 CEDAR LANE, CLARKSVILLE, AR	US
S2-311459046	LLC Total Divoibend	ALLEN AVE, BONHAM, TX	US
S2-311952042	Solutions Amr Krishna Associates	PLOT 413 B-219, FLORENCE MARVEL, SUSHANT LOK-III, DLF QE, Haryana	India
S2-312004153	Preferred Business Services		US
S2-312371064	Bright Piie Cross LLC	OH, RAWSON, 256B VANCE ST	US
S2-312491650	Patel  Montessori	GREAT ALLS, VA, 9409 LAGOVISTA COURT	US
S2-312914942	Community Services	1119 BUDLONG ST, CARTHAGE, MO	US
S2-313155520	dempseyqualityfuel.com	11221 850, TYLER, TX	US
S2-313445742	harrisgenevieveh.com	278 ACUSHNET AVE, NEW BEDFORD, MA	US
S2-313568623	Oncology Physicians Inc	LORAIN, 4611 SYCAMORE DR, OH, PO BOX 2503	US
S2-313621431	We We Group P.C.	102B GOODWINDS DR, ORIENTAL, NC	US
S2-313867127	Better Lalafdethet  LLC	DALLAS, TX, 6509 ETHEL DRIVE	US
S2-314044844	#peerenterprises	9-B, SANE BUILDING, 2ND FLOOR, 2ND NANABHAI LANE, FORT, Maharashtra	India
S2-314232378	Kronos Ltd Center	Gujarat, B-1401, MONDEAL HEIGHTS, NR. WIDE ANGLE CINEMA, AHMADABAD CITY	India
S2-31424651	ADVANCED NETWORKS WHOLESALE | www.advancedn.com	17231 FOXGROVE LN, TINLEY PARK, IL	US
S2-314317780	PRIMARY CARE GROUP OF INDIANAPOLIS LLC FEDERATION	INDIAANAPOLIS, 325 OHIO ST, IN	US
S2-314337419	COMPLETE TRANSIT LLC  SERVICES	1174 HEBRON ROAD, HEATH, OH	US
S2-314605924	Josey  Pioneer-Dynamic	RANCIER AVE, KILLEEN, TX	US
S2-314791675	Jenn Graves Bétter Systems Inc	US HIGHWAY 70, SAN PATRICIO, NM	US
S2-314971829	NAGIYA KRISHNA PVT	NO 22/265 TALKUS BUILDING, AIRPORT ROAD, PALIAKARA, ANGAMALY SOUTH, PARAVUR, Kerala	India
S2-31507054	Leonore Reyes Rapid Pampa LLC	8926B LIVENSHIRE DRIVE, DALLAS, TX	US
S2-315236304	Z0nnya Curtis, DMD, P.C.	KY, RUSSELL, 1580 HARBOR SPRINGS ROAD	US
S2-315432336	एपेक्स इंफ्रा	CHITANVISPURA CIR 4  HOUSE NO. 1274, NAGPUR, Maharashtra	India
S2-315460492	ఆల్ టెక్నాలజీస్ ప్రైవేట్ లిమిటెడ్	FLAT NO 508. SRI GAYATRI CLASSIC APARTMENTS LINGAMPALLY, HYDERABAD, Telangana	India
S2-315563123	6-Corners	12788 177TH AVE, GOODYEAR, AZ	US
S2-315587749	Emerald Afo Repair Inc	1199 HOWARD BULLINS ROAD, MADISON, NC	US
S2-315694684	Coimbatore  Services	DOOR NO.164-A, NEW NO.2, BASMATI COMPLEX BALAJI NAGAR, SIDDHAPUDUR, COIMBATORE, Tamil Nadu	India
S2-315738138	NORTHCONSTRUCTIONSCOM	OFFICE NO BW9021, 9TH FLOOR, G BLOCK BHRAT DIAMOND BOURSE, BKC, BANDRA EAST, MUMBAI, Maharashtra	India
S2-315913975	HERITAGE MARKETING [INTERNATIONAL]	43735 WADE DR, MARICOPA, AZ	US
S2-316092476	Tech Infotech Prívate Limited	8-6-375/3/8, SRI SIDDI VINAYAKA APARTM, KARIMNAGAR, Telangana	India
S2-316408957	Chetan  Brothers Pvt Ltd	G-1-116, RIICO INDUSTRIAL AREA, SANGANER, NEW SAIGOUL ROAD, Rajasthan	India
S2-316511244	-- housingguildiii.com	001855 LORING PL, BRONX, NY	US
S2-316848382	NATIONAL PRECISION CENTRAL	DOVES YARD, MISSOURI CITY, TX	US
S2-316849021	Beacon Clough,  LLC	3409-3413 CHIHUAHUA STREET, <NULL>, DALLAS, TX	US
S2-316942619	Beacon Diagdostic Worldwide Center	325 Shag Bark Trl, SOMERVILLE, AL	US
S2-317463800	Pellegrino, Simpson-and Thompson LLC Services	602 WEST HILLS DRIVE, ROGERSVILLE, TN	US
S2-317481128	Eileen Bustamante Enterprise [LLC]	TIDEWATER DRIVE, VALLEJO, CA	US
S2-317665841	Strategic Harbor	2934 EL CHARRO PLACE, ALBUQUERQUE, NM	US
S2-317686587	ग्रीन रियल टेक्नोलॉजीज प्राइवेट लिमिटेड	2/210, LUCKNOW, GOMTI NAGAR, Uttar Pradesh	India
S2-317889492	साउथ फाउंडेशन प्राइवेट लिमिटेड	C/O MARUTI GOVIND ANDHALE DOIFODEWADI DIST BEED DOIFODEWADI, BID, BEED, महाराष्ट्र	India
S2-318375968	KLQ  TRANSFORMERS PRIVATE LIMITED	C-202, APRICOT SURVEY NO. 17/1/2, AJINKYA PARK, Maharashtra	India
S2-318486847	Keor-Management Inc	WOOD DALE, 35 ITASCA ST, IL	US
S2-31859358	Empire Invasthments, LLC	5145 45, AUBURN, IN	US
S2-318615197	Eleanor W. Mathenia, Ph.D. LP	458. COLUMBIA, COLVILLE, WA	US
S2-318703039	Allie Cogmes Mortgage LLC	34115 WILSONVILLE RD, OR, null, NEWBERG	US
S2-318811948	Deep  Propmart Cilnic	A/21, SHIVSHAKTI CHS LTD., INDIRA NAGAR, OPP. MADHUVAN SOCIETY, J.P. ROAD, ANDHER, I (WEST), MUMBAI, Maharashtra	India
S2-318969298	Z+ Southern		US
S2-318999135	Shree Producer Private Ltd	#327/7 1/54, BHARATHIAR STREET, MOOVARASAMPET, CHENNAI, Tamil Nadu	India
S2-319015736	ALLIED COMPANIES	#1 DEAN PLACE, POUGHKEEPSIE, NY	US
S2-319049444	Smart Trading Advisors	##5577 165TH PLACE, PORTLAND, OR	US
S2-319224436	Equinox Emerging	578 STARKS SETTLEMENT RD, LAOA TOWNSHIP, WI	US
S2-319306554	Empire Unified Interprivate, (LLC)	#2730 Sandpiper Trail, WEST CHICAGO, IL	US
S2-319854264	Bangalore Steels Private Limited	PLOT ##901 186, 6TH BLOCK 22ND CROSS, JAYANAGAR, BANGALORE, Karnataka	India
S2-320022558	ZH Ácquisition Inc	30445 1ST PL, FEDERLA WAY, WA	US
S2-320373827	SOUTHDEVELOPERS.COM	CHANDIGARH MATHPARA POST GANGAANGAR, KOLKATA, West Bengal	India
S2-320670540	India Srinivasa Tiles Pvt.	DOOR NO 223 BLDG NO. 5 ROOM NO. 15, BMC COLONY, SHIVAJI NAGAR, KHERWADI, BANDRA (E), MUMBAI, <NULL>, Maharashtra	India
S2-320934823	Cedar	7477 COVERED BRIDGE DRIVE, N/A, WATERLOO, IL	US
S2-321252130	ബാലാജി പ്രൊഡ്യൂസർ ലിമിറ്റഡ്	BULLDING NO. D/8/5- A5, PB BUSINESS POINT NR, HYUNDAI SERVICE STATION, NILAMBUR, MALAPPURAM, MALAPURAM, കേരളം	India
S2-321442233	बॉम्बे ट्रेडिंग प्राइवेट लिमिटेड	FLTA NO B-1, PLOT NO 7, SECOTR 5, NEAR RAKHMA BHAWAN BUILDING, SANPADA, NAVI MUMBAI, THANE, महाराष्ट्र	India
S2-321553383	Hannon Energy LLC	2908 SAINT CHARLES DRIVE, MANSFIELD, TX	US
S2-321798343	Davy Launch	23 STATE STREET, GUILFORD, CT	US
S2-322053301	Melody Sciences Private Ltd	##5/588, VIKAS KHAND, LUCKNOW, Uttar Pradesh	India
S2-322489896	GIO ASSOCIATES  PROPERTIES	1003-C SOUTHVIEW DRIVE, NEW CASTLE, IN	US
S2-322663727	LEQUE-LLC SÉRVICE	WA, 27619 127ST AVENUE, KENT	US
S2-323253468	Kuber Trading Ltd	BLK NO. 3, 2ND FLOOR, SANE GURUJI PREMISES, 386, S.V. SAVARKAR MARG, OPP. SIDDHIVINAYAK TEMPLE, PRABHADEVI, MUMBAI, Maharashtra	India
S2-323321366	MAIN SERRET HYPNOSIS	8805. SPRINGSBURY PL, KY, HURSTBOURNE	US
S2-323390561	Orthopedic Care Associates	3129 LUNDIN DR, PO BOX 2481, MANHATTAN, KS	US
S2-323579019	South  Technology	PLOT 451 UNIT NO 1301, 13TH FLOOR, PENINSULA BUSINESS PARK TOWER B SENAPATI BAPAT MARG, LOWER PARE, L WEST, MUMBAI, Maharashtra	India
S2-323589679	PATTERSON  PLATINUM QUASAREDGE	015201 SCOTT DRIVE, CLINTON, IN	US
S2-323802851	Roots Sécurities Pvt Ltd	C-87, GOYAL PARK, OPP GOYAL PLAZA, VASTRAPUR, AHMADABAD CITY, Gujarat	India
S2-324243499	URGENT CARE CLINIC	1409 CLAY STREET, MOUNTAIN HOME, AR	US
S2-324409229	The Chiropractic Clinic	GREEN ST, PO BOX 2242, MENDON, OH	US
S2-324934680	MAURIZIA BARBER CÚSTOM TEXTILES INC	DEPOSIT, NY, 1 FINEOUT RD	US
S2-325484754	Red Media  Private Limited	PLOT 229, 230 GIDC HANSALPUR, VIRAMGAM, AHMEDABAD, Gujarat	India
S2-326068794	ઇનોવેટિવ હોસ્પિટાલિટી પ્રા. લિ.	##466 FF-14 SHREENTH AVENUE NR, IIRA INT. SCHOOL BHAYLI, VADODARA, Gujarat	India
S2-326240428	Caloarcecto	8447 LAUREL VALLEY DRIVE, INDIANAPOLIS, IN	US
S2-32633855	Pediatric Dental-Clinic	NC, ANDREWS, 85 AZALEA LANE	US
S2-326401989	UNIVERSALINFOTECHPRIVATE.COM	2532, OSWAL SADAN GHEE WALON KA RASTA, JOHARI BAZAR, JAIPUR, Rajasthan	India
S2-326457046	Mac Infra (India) Pvt Ltd.	NO 45 , ALANKAR PLAZA, KOTTHANUR DINNE MAIN ROAD, BANGALORE SOUTH, Karnataka	India
S2-326520804	સધર્ન લોજિસ્ટિક્સ	H.NO 101/102 FF, SR NO. 4311, 4312 SHOBHA CHAMBERS, ZAVERIWAD, AHMEDABAD, Gujarat	India
S2-326582224	Dawa Project R.N.T. Marg Bazaar Private Limited	124, THIRD FLOOR, DAWA BAZAAR R.N.T. MARG, मध्य प्रदेश	India
S2-326894716	Cobalt  Lodging	107 COMMUNITY WAY, STAUNTON CITY, VA	US
S2-327039717	Zenith Tax	5241 SALE COURT, OH, MENTOR	US
S2-327046770	Stokes Best Old Corp	22  COLLINS COVE RD, MACHIASPORT, ME	US
S2-327161308	ironclad pllc	181 AUDUBON ROAD, N/A, JACKSONVILLE, NC	US
S2-327347383	Mountain Services	6490 19TH STREET, FIRCREST, WA	US
S2-327412575	verrovawellness.com	625 800, SALT LAKE CITY, UT	US
S2-327416094	Setao Xflh,	114 CROSS POINTE LN, ABERDEEN, NC	US
S2-327481681	Heritage Cómmunity LLC	14 BEACH AVENUE, KENNEBUNK, ME	US
S2-327621393	Achala Tarading LLP	NO 149 D-171 GROUND FLOOR GALI NO-16 RAMESH ENCLAVE, KIRARI, Delhi	India
S2-327785594	Shiv Software Private	Maharashtra, S NO. B3/45/3/3 PISOLI NR MANGO TREE, PUNE	India
S2-327967022	डिजिटल सॉल्यूशंस प्राइवेट लिमिटेड	203, NEW DELHI, SOUTH WEST DELHI, Delhi	India
S2-328025070	Superior Matmrials Labs Inc	23 COLONIAL CIR, MORRILTON, AR	US
S2-328243888	SMITH, ELSPETH FRONTIER GSR LLC	379 FM 369, IOWA PARK, TX	US
S2-328815826	Ltd. Nagraj Education	H.NO 3/1B GOUR SUNDAR SETT LAN, KOLKATA, HOWRAH, পশ্চিমবঙ্গ	India
S2-328990123	AUTISM ASSSITAHCE PROGRAM CARE	401- Burnsville Parkway, BURNSVILLE, MN	US
S2-329213774	harbormedicalcenter.com	8612 SMART AVENUE, KANSAS CITY, MO	US
S2-329380478	Chirayu Healthcare Private	NO. 20 B-6/5 LOCAL SHOPPING CENTRE SAFDARJUNG ENCLAVE, DELHI, Delhi	India
S2-329961324	Taex LLC Service	34TH LN, PHENIX, AZ	US
S2-329974529	INC. AMERICAN COUNCIL	DEWEY CITY, AZ, 1264 RIVER DRIVE	US
S2-330394293	നോർത്ത് ഡെവലപ്പേഴ്സ് പ്രൈവറ്റ് ലിമിറ്റഡ്	NO 33/2910 L3, TOWER 1 1103, EMPRESS GARDEN, VENNALA, N/A, കേരളം	India
S2-330418506	Adriane L. Prosiset, O.D.	275 PINE RD, WILLIAMS, AZ	US
S2-330895829	Catha Kirn, Esq. Inc.	14610 UNION STREET, HARVEY TOWNSHIP, IL	US
S2-33125209	The Western Beacon Defense LLC	1519 32ND STREET, FARGO, ND	US
S2-331353744	Wealthy Solutions Pdlfaet Limited	UNIT NO. 703, 704, AMBA TOWER, PLOT NO.2, COMMUNITY CENTRE, D.C CHOWK, SECTOR-9, DELHI, Delhi	India
S2-331501199	Boo L.L.C.	DORCHESTER, MA, 3 GROOM STREET	US
S2-331675071	Clean Lithium	3008 CALUMET AVENUE, VALPARAISO, IN	US
S2-331920000	ग्लोबल फूड्स प्राइवेट लिमिटेड	FLAT NO. 202, B, MANSAROVAR APARTMENTS GEN. A.K. VAIDYA MARG, MALAD EAST, MUMBAI, महाराष्ट्र	India
S2-331920032	International Limited Private Transmissions	SHOP NO. 1, MUSKAN SOCIETY, PANDAV NAGAR WADALA PATHARDI ROAD, NASHIK, Maharashtra	India
S2-332168227	335 Main Ave Company	0337 OLD PINSON ROAD, JACKSO CITY, TN	US
S2-332192401	TOTAL DÍVIDEND LLC	401 ALLEN AVE, BONHAM, TX	US
S2-332313561	Angeles Shipping L.L.C.	F STREET, HARLINGEN, TX	US
S2-332444191	Raso  & Vanderpool Fox	AZ, 2215 SAN JUAN TRAIL, TUCSON	US
S2-332814297	Jay Business Pvt	NO 187 C-1101 TOWER C, GREENBURG, SECTOR 86, GURGAON, Haryana	India
S2-332926173	FAMILY GUILD	04399 MONUMENT AVENUE, RICHMOND, VA	US
S2-332956096	*** CORNER DINER	#219 EVANSTON AVENUE, TULSA, OK	US
S2-333187132	Universal Real International Private Ltd	FLAT NO 401, 8-3-231/W/9, YOUSUFGUDA, KHAIRATABAD, Telangana	India
S2-333263491	Unique Siangh	HATZAN BAZAR MADRASAPALLY, SURI, West Bengal	India
S2-333540913	Herbal India Private	GARI BADAI, MAUZA, PRATAP PUR, FATEHABAD, Uttar Pradesh	India
S2-33364696	FALKE, LIMINEY + MEZA PHARMA CORP	70 58 ST, BROOKLYN, NY	US
S2-333648314	Glass-LLC Scarborough Glass-LLC	12 MILLMONT ST, MA, BOSTON	US
S2-333705569	Ns Oganics Private-Limited	NO 737 (P)JAYADEV VIHAR NAYAPALLI, BHUBANESWAR, ଓଡ଼ିଶା	India
S2-334005096	VF  QUALITY	30 AVE, SAINT CLOUD, MN	US
S2-334541227	PEREZSUELLENT.COM	668 MERRIMONT CIR, BIRMINGHAM, AL	US
S2-334609718	கிளாசிக் சிஸ்டம்ஸ் பிரைவேட் லிமிடெட்	LEFT PORTION OF GROUND FLOOR, NO.16, SATHYANARAYANA AVENUE, BOAT CLUB, ROAD, CHENNAI, MADRAS, Tamil Nadu	India
S2-334699467	MOORMAN INVESTMENTS	DEL SUR ST, VICTORVILLE, CA	US
S2-335072963	Maribel Matthews Cíon Inc	137 BALTIC ST, NULL, NORWICHC DP, CT	US
S2-335083620	lequewellness.com	27619 127ST AVENUE, KENT, WA	US
S2-335211962	यूनिक मीडिया प्राइवेट लिमिटेड	D-13, SHOPPING CENTRE-II MANSAROVAR GARDEN, NEW DELHI, Delhi	India
S2-335257755	AURA MEDICAL CENTRE CENTER	H.NO 8-4-390/A/8 PREM NAGAR ERRAGADDA, HYDERABAD, Telangana	India
S2-335412387	Allahabad Tcnolgeoes LLP	NO 129 13/15, COOPER ROAD, ALLAHABAD, Uttar Pradesh	India
S2-335456808	scholarshipnetworkvi.com	BEDFORD, 39 DUNSTER RD, MA	US
S2-335872723	EDUCATION COALITION LP	1601 MALIBU PLACE, NEWPORT NEWS CITY, VA	US
S2-336171933	SEVEN CHARITABLE TRÚST	A-1/5, DR. MUKHERJEE NAGAR, DELHI, दिल्ली	India
S2-336235726	*** Lowry Family-LLC Center	1501 NEW HOPE SAINT, NORRISTOWN, PA	US
S2-336884453	Center Gulf Inc	94-01  25 AVE, EAST ELMHURST, NY	US
S2-337001549	Wild & Associates	207, K NO 401/207, BSR LAYOUT KONASANDRA VILLAG, JIGANI, Karnataka	India
S2-337028542	SYNFLONET  GROUP SERVICES	5600 -132C OCEAN FRONT AVE, VIRGINIA BEACH CITY, VA	US
S2-337275476	UROLOGY GROUP	6508 RHTH DR, IL, JOLIET	US
S2-337443772	Superior Mtarials Labs Inc	AR, 23 COLONIAL CIR, MORRILTON	US
S2-337451042	LFL House  Pvt. Ltd.	1-125, SECOND FLOOR, VIGYAN VIHAR, NEAR YAMUNA SPORTS COMPLEX, DELHI, Delhi	India
S2-337466544	રોયલ ડેવલપર્સ પ્રાઇવેટ લિમિટેડ	S.F. 19, A.P.M. MALL, NR. PETROL PUMP NR. SHUBHLABH SOC, SUN & STEP CLUB, SOLA, ROAD, AHMEDABAD, Gujarat	India
S2-337580412	Corporate  Brothers Private Limited	HN 722 C704, SALARPURIA SERENITY, SECTOR 7, BANGALORE SOUTH, Karnataka	India
S2-337672180	choice biomedical group	NC, RALEIGH, 7227 ENGLEHARDT DRIVE	US
S2-338108468	Peex LLC Center	17 IRWIN ST, WINTHROP, MA	US
S2-338116139	జై సాఫ్ట్‌వేర్ ప్రైవేట్ లిమిటెడ్	HN 896 8-3-228/96/2/1, RAHMATH NAGAR YOUSUFGUDA, HYDERABAD, Andhra Pradesh	India
S2-338354439	Billie Marrs Beauty	900 COMMERCE PARK DRIVE, GRAND PRAIRIE, TX	US
S2-339372730	Aida's LLC Center	449 DUNNAVANT RD, LEEDS, AL	US
S2-339607062	-- Delonix Traders Private	##4TH FLOOR, 256, PRANTICK PALLY, KASBA, KOLKATA, CALCUTTA, HOWRAH, West Bengal	India
S2-339699305	FQX Budiers Pvt Ltd		India
S2-340141239	FAMILY LLIAREY [GROUP]	0505 GEORGE P WHITE DR, RUIDOSO, NM	US
S2-340146945	Aggy Trujillo Royal Sab Inc.	STATESVILLE, NC, 519-D PINEVILLE ROAD	US
S2-340516319	COLONIAL IBNHCEDESTS LLC	2379 MIDDLE BELLVILLE RD, MANSFIELD, OH	US
S2-340593119	INDO PRIVATE LIMITED PARTNERS	H.NO 56 , FRONT PORTION, GROUND FLOOR BLOCK 7, SOUTH PATEL NAGAR, DELHI, दिल्ली	India
S2-340635388	JENNILEE SACEIR  GEN	3628 SPRUCE ST, RACINE, WI	US
S2-340719567	ಶಿವ್ ಎನರ್ಜಿ ಪ್ರೈವೇಟ್ ಲಿಮಿಟೆಡ್	PLOT NO 115 (HUDCO) 6TH MAIN 2ND CROSS STREETINDUSTRIAL AREA, MANIPAL, DAK. KANNADA, Karnataka	India
S2-340876090	Continental Idfai Private Limited	BLOCK A-776 204, STATION VIEW, SECTOR 30, VASHI, NAVI MUMBAI, महाराष्ट्र	India
S2-341825270	ravitech opticals pvt ltd	Gujarat, 4TH/401, SWAGAT-3, NR. SOPAN COMPLEX, NEW C.G. ROAD, CHANDKHEDA, AHMEDABAD	India
S2-342148922	Heer Brothers Private Ltd	Rajasthan, P.NO. A-28 RIICO I KALADERA, CHOMU	India
S2-342339765	scarboroughglasscom	12 MILLMONT STREET, BOSTON, MA	US
S2-342693229	Associates Brady Denta1	12365-D ENSLEY DRIVE, FIHERS, IN	US
S2-342718417	Orbos Imunrce-LLC	426 COUNSELORS WAY, FT MILL, SC	US
S2-342838574	CLYIS  OBIC PARTNERS CORP	403 A HUME AVENUE, ALEXANDRIA, VA	US
S2-34287809	NEW PRIVATE LIMITED CENTER	H.NO 245 MEGHDOOT BUILDING NO B-2, FLAT 35 113A SV ROAD, BORIVALI WEST, Maharashtra	India
S2-342909868	Youth Guild (LLC)	##1 LUSH FOREST TRAIL, <NULL>, CHESTERFIELDCITY, VA	US
S2-343029609	Corner Bistro	110 BONHOMME LAKE DRIVE, SAINT LOUIS, MO	US
S2-343089856	Sarg LLP India	A-104 KRISHNA SHARDHA APT NILEMORE, NALLASOPARA WEST, महाराष्ट्र	India
S2-343152285	శివం Builders	FLAT NO. N1, HYDERABAD, Telangana	India
S2-343269869	Smt Purti Software	290 3 2, OLD DELHI ROAD, PREM NAGAR 2, SADAR BAZAR, NULL, Haryana	India
S2-343303661	bangaloredesign.com	BLOCK A-372 27, MANI ILLAM, 2ND FLR, NR SUBRAMANYA TEMPLE, PATEL LYT, V N POST, CHEEMASANDRA, BANGALORE, Karnataka	India
S2-343400095	Indresh Technologies Private [Limited] (ID: 82649)	1-98/K/16, PLOT NO.16, SOUTH BLOCK THIRD FLOOR KUNAMS PRIDE, KRITHIKA LAYOUT, MADHAPUR, HYDERABAD, తెలంగాణ	India
S2-34357118	SECURE TELECOM INC.		US
S2-344117765	Suvidha Welfare Society Company	S-7 PLOT NO4 PKT-7 SF, MALHAN PLAZA S 12 DWARKA, NEW DELHI, दिल्ली	India
S2-344470616	RAJARAM  SUPPORT	SALAVA AGWANPUR, MORADABAD, उत्तर प्रदेश	India
S2-34458544	Encore Boyle Inc	PMB 2760, OH, 691-D MAIN STREET, MARION	US
S2-344887666	Regional  Assets PC	PARKRIDGE PL, PIQUA, OH	US
S2-344984473	-- Construction Ideaz Papers Private Limited	BUILDING NO.4/606, PRABHUL COTTAGE KARIMBALUR, ELAKAMON, AYIROOR P.O., THIRUVANANTHAPURAM, TRIVANDRUM, Kerala	India
S2-345025523	CHIROPRACTIC MEDICINE LP		US
S2-345045045	Grace Vanguard Énd Clinic	CRESTVIEW DRIVE, SHLTON, WA	US
S2-34527223	SIEX METROPOLITAN MERCATOR INC.	912 Bowie St, TX, AMARILLO	US
S2-345306249	RELIABLE  FREIGHT BRANDS [LLC]	20431C WHITE POPLAR DRIVE, KATY, TX	US
S2-345419606	GAO AND BATY-GENESIS CORP.	W312N763 FAIRFIELD WAY, TOWN OF DELAFIELD, WI	US
S2-345653186	રાજ ફૂડ્સ પ્રા. લિ.	PLOT 416 611, RATNANJALI SQUARE, NR. GLORIYA RESTAURANT, AHMADABAD CITY, AHMEDABAD, ગુજરાત	India
S2-345654753	Redwood	9530 PORTER SAINT, GARY, IN	US
S2-345657944	*** QUALITY  MEDIA PARTNERS, INC	730 MOZART STREET, IL, CHICAGO	US
S2-345725843	Cozy Nails!	MN, LAKE PARK, 1397 EAST RD	US
S2-346393084	Piedmont Trust	OAKDALE AVENUE, GLENCOE, IL	US
S2-346589632	Nalanda & Sons Private Ltd	13, FLOOR 3, PLOT 595 D, NARENDRA VILLA, DR BABASAHE AMBEDKAR ROAD, FIVE GARDEN, MATUNGA, MUMBAI, Maharashtra	India
S2-346736217	Grace Zion	SPRINGFIELD, 400 328 MADISON ST, IL	US
S2-346970078	Heritage Society [LLC]	139 FORT GAHAM RD, N/A, WHITNEY, TX	US
S2-347052598	Family Select Physícians LLC	8805 KINGSTON PIKE, KNOXVILLE, TN	US
S2-347278420	Shri Jai Sóluti0ns	#175 , 176 & 177, SWAMY AYYAPA SOCIETY, GUTTALA, BEGUMPE,T KAVURI HILLS, SHAIKPET, తెలంగాణ	India
S2-347822698	Electricians Local  Union 692	1105-1107 29TH SAINT, BATON ROUGE CITY, LA	US
S2-348187600	MOUNT CHAPEL	12519 GORDON BLVD, PRINCE WILLIAM COUNTY, VA	US
S2-34841867	Achala Trading L.L.P.	H.NO 149 D-171 GROUND FLOOR GALI NO-16 RAMESH ENCLAVE, KIRARI, Delhi	India
S2-348645634	Onc0logy Group	3556 PIEDMONT RD, ATLANTA, GA	US
S2-34879381	Pasupati Consultants Private (Ltd)	राजस्थान, B-240 MEERA PATH VAISHALI NAGAR, JAIPUR	India
S2-348977082	aida's advisors llc	449 DUNNAVANT RD, LEEDS, AL	US
S2-349224392	COMMUNITY MIDWEST ÁSSOCIATION CORPORATION	77 WOODCLIFF ROAD, WELLESLEY, MA	US
S2-349426144	Certified Security	0738 UNIVERSITY WAY, ELLENSBURG, WA	US
S2-349484706	3478 Main Apartments Plaza	0033200 MILL CANYON ROAD, DAVENPORT, WA	US
S2-349728871	গ্রীন গ্লোবাল প্রাইভেট লিমিটেড	PATNA, BARDHAMAN, West Bengal, PARBATI BHABAN S B GORAI ROAD	India
S2-350086796	as & co	HNO.F-9, FLOOR-2ND, AUCHANDI ROAD, LAND MARK NEAR SHIV MANDIR, VILLAGE - BAWANA, NEW DELHI, Delhi	India
S2-350202349	Choice Group Mortgage	1844 BASS LOOP, COLORADO CITY, TX	US
S2-350396364	Premier Keystone Pachfic Inc	MA, LYNN, 41 BULFINCH ST	US
S2-350403548	@ALLEYRICHARDSON	MD, 202 METEOR AVE, CAMBRIDGE	US
S2-350464129	Barney Inc Thomas Physical &	MOORESVILLE, 98 MOLLY REX LANE, NC	US
S2-350739011	cornerstoneimmersion.com	3225 BASELINE RD, GILBERT, AZ	US
S2-351050869	APEX CENTER INC.	4 HILLSIDE COURT, ATHENS, NY	US
S2-3516093	Huggins Cómmerce	4539 UNDERWOOD DRIVE, PMB 1777, REDDING, CA	US
S2-351740165	Hopkins Bluerock Group Service	2468 DOWNING DR, CINCINNATI, OH	US
S2-351772613	स्काई तिरुपति हेल्थकेयर लिमिटेड	DOOR NO 33 FOOTA ROAD, THANESAR, KURUKSHETRA, Haryana	India
S2-351865113	गुरु पावर लिमिटेड	<NULL>, AGRA, Uttar Pradesh, MAATANGI MEDICINE CENTRE	India
S2-352189198	M/s Rvd Language	NO 3-FR FL-3D 5C SANDAL STREET KOLKATA, KOLKATA, KOLKATA, West Bengal	India
S2-352204337	Ear Nóse & Throat Supreme Care PC	#37 COMMONWEALTH AVE, PMB 4432, BOSTON, MA	US
S2-352607441	BIVUE QUALITY EASTERN	7556 1050, MILROY, IN	US
S2-352623382	Inger Santiago Briacell Llc	17 STEPHENSON ST, PO BOX 9885, MARION, IN	US
S2-352623889	Welfare Society Sakhi	8-2-5 TO 12, RAVULA RESIDENCY SRINAGAR COLONY, PUNJAGUTTA, HYDERABAD, Telangana	India
S2-352839313	Shri Dream Ltd Pvt Infotech	A-032, UNIT B, 1ST FLOOR, PLOT 11T3-11T5 BLOCK 11, GANDHI NAGAR, ગુજરાત	India
S2-352913055	Oncology Care  LLC	#2388 COUNTY ROAD 1212, BLUM, TX	US
S2-353193916	બેસ્ટ આઈટી	OFFICE NO.205, RAJKOT, Gujarat	India
S2-35327393	Agarsen Memorial Trust Ltd	C 104, ASHIRWAD PARK B/H KRISH HOTEL, OPP. PANJARA, VASTRAL, AHMEDABAD, ગુજરાત	India
S2-353412345	Zh Acquisition Inc	30445 1ST PLACE, FEDERLA WAY, WA	US
S2-353486049	Cox, Alaniz Bryson LLC Services	928 B CALLE DEL LLANO, TAOS, NM	US
S2-353809916	Grace  Zion	400 328 MADISON ST, SPRINGFIELD, IL	US
S2-353998289	Mr PRIVATESOFT.COM	C/O MEHER KUMAR NIGAM, NA, JAIL TALAB ROAD MEHERPURI, HAMIRPUR, उत्तर प्रदेश	India
S2-354306523	COMMUNITYTRUSTVI.COM	055 PINE LANE, STILLWATER, NY	US
S2-354335611	Jaiswal Limited Partners	#327 ROOM NO. 3/763H, NH SERVICE ROAD, KODAKARA, കേരളം	India
S2-354497163	XJX  Tradewell Private	F1, FIRST FLOOR, BLOCK A PRIYANKA 3/574, MUGALIVAKKAM MAIN ROAD MADHANANDH, APURAM, CHENNAI, Tamil Nadu	India
S2-354824363	స్టార్ ఎంటర్‌ప్రైజెస్ ప్రైవేట్ లిమిటెడ్	15-2-4, VISAKHAPATNAM, VISHAKHAPATNAM, Andhra Pradesh	India
S2-354893435	U 3 CHOICE RESOURCE L.L.C.	511 WILBY DRIVE, CHARLOTTE, NC	US
S2-355136487	Continental (Marine,)	1801 MERIDIAN ST, PMB 1430, NASHVILLE, TN	US
S2-355410206	Unique Sángh	HATZAN BAZAR MADMASAPALLY, SURI, পশ্চিমবঙ্গ	India
S2-355483125	Oncology Pioneer Physicians Trust	12066 SHOTGUN LANE, <NULL>, SPARTA, IL	US
S2-355563140	Shivam Construction	##51 BHUPEN BOSE AVENUE KOLKTAA, KOLKATA, KOLKATA, পশ্চিমবঙ্গ	India
S2-355579218	PRIME EQUITY GLOBAL-INC	4646 Carmen St, HOUSTON, TX	US
S2-356226953	नॉर्थ मार्केटिंग लिमिटेड	PUNITA W/O DEEPAK ARORA, NEW DELHI, Delhi	India
S2-356238942	EPSTEIN FASHION CO	964 GORGAS ST, MOBLE, AL	US
S2-356332679	Z/Z Vendoem Inc	TIPTONVILLE, TN, 2190  STATE RTE 213	US
S2-356462084	Associated  Environmental Systems		US
S2-356669636	Orthopedic  Care Associates & Co		US
S2-357005012	Ortega Ventures	201A MONTANA WELLS RD, PMB 381, RIO RANCHO, NM	US
S2-357075986	Nagindas Master Road Services Private-Limited	HN 786. 301, GUNDECHA CHAMBERS, NAGINDAS MASTER ROAD, Maharashtra	India
S2-357403624	Vaibhav Aessociates Limited	H.NO-002-9-106/108, SHIVAMS PRIDE APT, RISALA BAZAR, MACHA BOLARAM, SECUNDERABAD, TIRUMALAGIRI, Andhra Pradesh	India
S2-357468066	సన్‌రైజ్ ఇన్ఫోటెక్ ప్రైవేట్ లిమిటెడ్	BLOCK D-781 FLAT NO D-5 SRI HARSHA RESIDENCY, ELURU, WEST GODAVARI, Andhra Pradesh	India
S2-35748681	United Charter School	0015425 HAIKU ROAD, EVANSVILLE, IN	US
S2-357582639	20/20 LLC Center (Vision)	1348 HERITAGE HILLS WAY, WAKE FOREST, NC	US
S2-357684907	Rodgers, Margaret, DMD Clinic Inc.	12375 107ST AVENUE COURT, PUYALLUP, WA	US
S2-358057926	Pipefitters Union Local No 685 Co | www.pipefitter.com		US
S2-358248714	Dr Mam India Private	DOOR NO. XV/34., U BROTHERS BUILDING GURUVAYOOR ROAD, KUNNAMKULAM POST, THRISSUR DISTRICT, Keralam	India
S2-358514596	అరిహంత్ ఫుడ్ ప్రైవేట్ లిమిటెడ్	D. NO. 1-4-164, 7TH LINE, DWARAKANAGAR, BABAMETTA, VIZIANAGARAM, VIZIA NGR, Andhra Pradesh	India
S2-358855638	Swastik Technology L.L.P.	B3/11/293, NADACKAL, ERATTUPETTA, Kerala	India
S2-358899632	Spears & Cimews	420 SEVIER STREET, HIXSON, TN	US
S2-359037077	स्वस्तिक इंटरनेशनल प्राइवेट लिमिटेड	B-101, Borivlai East, null, Maharashtra	India
S2-35929414	King Harris and Pulley Inc	FAIRFIELD ICTY, CA, PMB 1583, 1012 HAYES ST	US
S2-359364213	CLARK AUSTRALIA INC	TX, null, 623 FILES STREET, ITASCA	US
S2-359755166	CGN Peak (Tire)	2010 BREVARD ST, CHARLOTTE  CITY, NC	US
S2-359813010	BOWERS NÁVIGATION, LLC	3006 MCGEE ST, KANSAS CITY, MO	US
S2-359897550	Johnson, Dorree D., P.A. Córporation	105004 HIDDEN VALLEY DRIVE, MCLOUD, OK	US
S2-35990836	XO Jónes	IL, DOLTON, 015547 COTTAGE GROVE AVE	US
S2-359968183	Nexelle P.C. Construction	31 HILLCREST HEIGHTS, LEBANON, CT	US
S2-360515249	njywelfarefoundation.com	KH NO-33/5-, JONAPUR NEW DELHI, SOUTH DELHI, Delhi	India
S2-360633734	KESTAN PATTANA (INC)	CHARLOTTE, NC, 8333. PARK VISTA CIR	US
S2-361019153	Grace Presbyterian Church Inc	15510D THOMPSON RIDGE DR, CYPRESS, TX	US
S2-361173142	Matchless & Brothers Limited Services	#215, SECOND FLOOR, SOMDATT CHAMBER-II, BHIKAJI CAMA PLACE, 9, NEW DELHI, Delhi	India
S2-361196328	Networks XE Private Limited	HOUSE NO 1  BASEMENT, FARIDABAD, हरियाणा	India
S2-361334241	Sagara Foods Límited	GOPAL GOWDA NAGARA 1ST CROSS, WARD NO 31, SAAGRA TOWN, SAGARA, Karnataka	India
S2-361416372	Walker, Konecny		US
S2-361469826	... Certified Financial Veiturs LLC	DAVIS MTN EDUCATION CENTER #2 RD, FORT DAVIS, TX	US
S2-3616250	The Man Ridge LLC	17B OLYMPIC DR, SOUTH BARRINGTON, IL	US
S2-361825718	The Dent Yoga Corp	MA, 303 LINCOLN ST, ABINGTON	US
S2-361945156	FRAYDA DUKES, DPM, LLC	1 BEARTOWN ROAD, ERWIN, NY	US
S2-362017970	SA-(I)  LTD	A-6, DHANDHUKA, AHMEDABAD, ગુજરાત	India
S2-362327253	Meeks, Lee and Correia LLC	269 MAIN STREET, PMB 8707, WEST SPRINGFIELD, MA	US
S2-362613237	Virginie's Ádvisors	IN, CROWN POINT, 1200 MAXWELL STREET	US
S2-362804159	viratallied.com	SIXTH FLOOR - ##610, LILAMANI CORPORATE HEIGHTS, NEAR BRTS BUS STOP, VADAJ, AHMEDABAD, Gujarat	India
S2-363218104	Sapon Aura	TX, CLIFFBROOK DRIVE, DALLAS	US
S2-363393183	Millennium Event (India) Corporation	H.NO 568 GW 3020 G BLOCK BHARAT, DIAMOND BOURSE BKC, BANDRA, Maharashtra	India
S2-363434055	Sonepat Limited Private [Security]	DOOR NO #196-L MODEL TOWN, SONEPAT, Haryana	India
S2-363932959	NH Systems Corp	Maharashtra, PANDEY NIVAS, AKURLI ROAD, NEAR 282/3 LAST BUS STOP, DAMU NAGAR, KANDIVALI (EAST), MUMBAI	India
S2-363951325	Capps and Pangan Mortgage Partners [Co]	MURFREESBORO, 1262 HARRISON RD, TN	US
S2-364113291	Nityadhara Brothers Care LLP LLP	B##2/247, CBHADAINI, VARANSHI, VARANASI, Uttar Pradesh	India
S2-364231883	Superior Paper [P.C.]		US
S2-364415515	NJY Welfarefoundation Pvt	KH NO-33/5-, JONAPUR NEW DELHI, SOUTH DELHI, Delhi	India
S2-365415421	PRIMARY CÁRE PIONEER SPECIALISTS	8447 LAUREL VALLEY DR, INDIANAPOLIS, IN	US
S2-365521004	Coronado Anadolu Pacific	213. FIFTEENTH ST, ELLENDALE, ND	US
S2-365550961	flytechbrothers.com	9-2/30, CHAH KAMAL PURANA BAZAR, HAPUR, उत्तर प्रदेश	India
S2-365864753	Rodriguez and Morgan Morgan Inc	629 SCARLET LEAF LN, OAKBORO, NC	US
S2-365894137	Maurizia Barber Custom Téxtiles Inc.	1 FINEOUT RD, DEPOSIT, NY	US
S2-366093755	Main Street Street Pizza	##210 AUGUSTA AVENUE, MANNINGTON, WV	US
S2-36617327	Telodyne  Manbargemieot Inc	0160 JEFFERSON ROAD, PITTSFORD, NY	US
S2-366468837	Padam Padam Makers Private Ltd	STREET NO G-1, BUILDING, 9 SEC 66, MAMURA, NIODA, Uttar Pradesh	India
S2-366745531	dm products corp		India
S2-367211974	Meor	WALNUT CREEK DR, WILSON, NC	US
S2-367258821	Family Libeyt Gr0up	0505 GEORGE P WHITE DR, RUIDOSO, NM	US
S2-367315504	Thane Ngihdhi Private Limited	BLOCK G-607 F NO 313/314, GURU SHRUSHTI APT, H.M. ROAD, KALYAN EAST, PISWALI, THANE, महाराष्ट्र	India
S2-367489307	Smt Niranjan Apparels Pvt.	Karnataka, #143 , 3RD MAIN, AVALAHALLI, BDA LAYOUT, BSK 3RD STAGE, BANGALORE, BANGALORE SOUTH	India
S2-367870783	Hanu Hmlcoulse Group		India
S2-368160337	#PÁMARITIME	7TH, <NULL>, BOMBAY, BANDRA SUBURBAN, महाराष्ट्र	India
S2-368207193	Errico Vertical	5015. 234ST LN, BUCKEYE, AZ	US
S2-368255082	Private Ats Concrete Ltd	FL NO-104., PACIFIC AVENUE, PL NO-12, SR NO-1001, NASIK, NASHIK, Maharashtra	India
S2-368525598	shawgiovannadds.com	HALSEY AVENUE, BUFFALO, MN	US
S2-368760782	Ghazipur Clothing Private Ltd	108, SAKLENABAD, GHAZIPUR, उत्तर प्रदेश	India
S2-369022413	Little Secure	BUILDING NO. IX - 453, SOUTH OF KDM BRIDGE KALAVAMCODAM P O, VAYALAR EAST VILLAGE, CHERTHALA, Kerala	India
S2-369072335	Gaskins Jeffords ánd	OLCOTT AVENUE, BUFFALO, NY	US
S2-369084871	Holloway Great Nasdaq	4716 LAKESIDE DR, OMAHA, NE	US
S2-369242820	RAVIYA SOFTWARE GRÓUP	DOOR NO 201- , 236/237 RAVIWAR PETH NEAR JAIN MANDIR, PUNE, महाराष्ट्र	India
S2-369320705	BR ADVANCED CÓMPASS LLC	1054 16TH ST, AZ, COTTONWOOD, <NULL>	US
S2-369535625	Jai  Acbdbemy LLP	UNIT 7B, 7TH FLOOR, 41 SHIBTOLLA STREET, POSTA, KOLKATA, KOLKATA, West Bengal	India
S2-369598468	The Dent Massage	20002 MOUNTAIN HWY, SPANAWAY, WA	US
S2-369721054	Rojas Factory Co	4018 COMMERCE STREET, DALLAS, TX	US
S2-369727829	UROLOGY PEAK PEAK SPECIALISTS LLC	606 UPLAND CREEK RD, COLUMBIA, MO	US
S2-369824596	WEISER YÓUTH	522 MAIN ST, ID, WEISER	US
S2-369992716	Benitez & Vargas So1ana Inc.	ELMIRA HEIGHTS, <NULL>, NY, 122 AA 8TH ST	US
S2-370056126	Express Digital Digital Nutrition	ST LOUIS, 8112 ST CHARLES ROCK ROAD, MO	US
S2-370434064	Lireshtle Inc	802-806 BROOKSIDE DR, DAYTON, TX	US
S2-370601468	The Orbos Insurance LLC		US
S2-371021528	Dermatology Great  Associates PLLC	437 MAPLEWOOD DR, CALABASH, NC	US
S2-371036792	Shree & Co L.L.P.	C/O GANESH PRASAD SINGH, ALKA COLONY, SANDALPUR, SAMPATCHAK, बिहार	India
S2-371079433	Rrs  Textiles Private Ltd	125 17/543/A, MUNDETH HOUSE, MAROTTICHODU, KALADY P O, ALUVA, Kerala	India
S2-371087906	Phase-V Dlf Cgggy Projects Private (Limited)	SUB-125, THE SUMMIT, PHASE-V DLF CITY, Haryana	India
S2-371390481	NDX  SURGICAL	4920 JEFFERSON STREET, PULASKI, NY	US
S2-371455229	Ventures Axiom Movers Private		India
S2-371466552	SANCHEZ  LENDING INC	10744 MILLERS WAY, ORLAND PARK, IL	US
S2-371768304	SADGURULIFECARECOM	SY NO.B14, SHED NO.01, INDUSTRIAL ESTATE, ANANTAPUR, ఆంధ్రప్రదేశ్	India
S2-372118633	Flame Farmer (India) Private Ltd Ltd	24/4 TILAK NAGAR, NEW DELHI, Delhi	India
S2-372140072	South-Private Limited Center	#D/1 MELA RAM MARKET, 913/17 CHOTTA CHIPPIWARA CHAWRI BAZAR, Delhi	India
S2-372227455	Value Limited Center	759/34, BHANDARKAR RODA, NEAR PYC HINDU GYMKHANA, PUNE, महाराष्ट्र	India
S2-372367990	BARKER VETERINARY CLINIC P.C.	#27660 GIBRALTER LOOP, EUGENE, OR	US
S2-372553458	TECH RICHIE MEDIA PRIVATE	Madhya Pradesh, 423/2, WARD NO 32, BALPURWA TEH SOHAGPUR, SHHDOL	India
S2-373316191	Fresh Diner! Partners	926 COACHWAY, ANNAPOLIS, MD	US
S2-373779619	I 8 R Pacific Inc	393 WHITE RIVER DR, PACIFIC, WA	US
S2-373815328	CHILDREN'S FEDERATION	26445-26447 CROSSWINDS LANDING, SELBYVILLE CITTY, DE	US
S2-373967240	SYNFLONET GROUP SERVICES	5600 -132C OCEAN FRONT AVENUE, VIRGINIA BEACH, VA	US
S2-374007428	Carreras-Certified	006330 DIXIE DR, WEST JORDAN CITY, UT	US
S2-374434184	Kolkata-Exporters Private  Limited	18, RABINDRA SARANI, PODDAR COURT GATE NO. 4, 3RD FLOOR, ROOM NO. 320, KOLKATA, KOLKATA, West Bengal	India
S2-375000485	जैन लॉजिस्टिक्स लिमिटेड	SHOP NO-13, PUNE, POONA, Maharashtra	India
S2-375149411	XX Maintennce	33 WILLOW ST, LANSDALE BOROUGH, PA	US
S2-375162972	Jaina Telecom	FLAT NO 104, SHIVNARAYAN PARK, S.NO 223/14, NALEGAON, AHMEONAGAR, Maharashtra	India
S2-375332463	Francisco-and Warren (LP)	9324 DEER RUN RD, WILLIAMSBURG TOWNSHIP, MO	US
S2-375516397	Hotel Private Limited Center Enterprises		India
S2-375524025	Ambica Hvac Hvac Pvt Limited	1, TARATALA ROAD, 1ST FLOOR, KOLKATA, KOLKATA, KOLKATA, West Bengal	India
S2-375649650	Pacific Empire Pantages,		US
S2-375768956	Eilis's Engineering	COTTONTAIL WAY, FONTANA, CA	US
S2-375833631	Kane Bold	660 4H ROAD, DRBY CITY, VT	US
S2-37619142	Jeanelle Moctezuma Granite	HENDERSONVILLE, 00169 CIDER MILL DR, NC	US
S2-376468231	सूर्या मार्केटिंग प्राइवेट लिमिटेड	586 R.S NO 87/2, RAM NAGAR VADGAON, HATKANAGALE, KOLHAPUR, Maharashtra	India
S2-377234765	Community Trust  VI	PINE LANE, STILLWATER, NY	US
S2-37772896	Eye Pártners Inc	3402 Richmond Street, APPLETON, WI	US
S2-377938746	Square Trading Private	24, HEMANTA BASU SARANI, MANGLAM, A- BLOCK, R. NO. 201, KOLKATA, পশ্চিমবঙ্গ	India
S2-378127033	Marj G. Branch, P.A., M.D.,		US
S2-378208431	Nixie's Solutions	45 TAYLOR ST, SAUGUS, MA	US
S2-378236379	3828 Main Lane Management Ltd	10 WATAUGA AVE, JOHNSON CITY, TN	US
S2-37824669	Gevue Grand Electricity Care Inc	#8720 RIO GRANDE BLVD, ALBUQUERQUE, NM	US
S2-378446158	2688 Madison Ave Owners Corp,	8390 KELZER POND DR, null, VICTORIA, MN	US
S2-37848567	भारत फूड प्राइवेट लिमिटेड	NO 701, A WING AMBIKA PLAZA, 90 FEET ROAD, MULUND (E), MUMBAI, Maharashtra	India
S2-378511617	Anita Madsen Esports Associates (ID: 57550)	AZ, 4035 HAMBLIN DRIVE, PHOENIX	US
S2-379072302	AMERICAN COUNCIL ÍNC.	1264 River Drive, DEWEY CITY, AZ	US
S2-379229740	Downtown-[Pub!]	BUFFALO, NY, #3568 Abbott Rd	US
S2-37948874	Ridge Équity Partners LLC	1615 BRENTWOOD STREET, HIGH POINT, NC	US
S2-379497074	West Clean Johnson  Ltd	12839 1/2 MILL RD, FREDERICKSBUR GCDP, VA	US
S2-379578867	Sri International Infra Private	DOOR NO #61 , WHITEFIELD ROAD, MAHADEVAPURA, BANGALORE, ಕರ್ನಾಟಕ	India
S2-379829925	afpracticecom	2261 ST VINCENT AVE, LA SALLE, IL	US
S2-380001137	Smart  Robotics Labs LLC	MARIE CT, BALLWIN, MO	US
S2-380051803	Bedell Cadenza of Heyworth Inc.	MAIN ST, HEYWORTH, IL	US
S2-380211955	Ledyne Fghigt LLC	16309 TORTOLA DRIVE, ACCOKEEK, MD	US
S2-381785587	brothersadvit.com	F NO 403 M/S ARYADURGA BANKAR ENTERPRISES MULUND EAST, MUMBAI, MUMBAI CITY, महाराष्ट्र	India
S2-381830694	PORTLAND, OF (TOWNSHIP)	5805 MILWAUKIE AVE, PORTLAND, OR	US
S2-382173035	Baldwin and Trant	3520 SALMON AVENIE, REDMOND, OR	US
S2-382275728	CARDIOLOGY CARDIOLOGY CENTER [SERVICES]	2636 ARUBA BEND DRIVE, KATY, TX	US
S2-382298853	Dermatology Partners	2554 HWY 87, GILCHRIST, TX	US
S2-382412875	24hrlocksmith.com	11 HALLEY PL, WASHINGTON, DC	US
S2-38243802	Henderson Keystone Auto Sa1es	173-C STATELINE CEMETERY LN, SALEM, AR	US
S2-382686301	lassettercion.com	17319 CR 6, COSHCOTON, OH	US
S2-38290987	LIMITED PIONEER INVESTMENTS PRIVATE	PP/0014-767, 768, 1222 NEAR, KOCHUPALAM, ATTINGAL ROAD, CHIRAYINKEEZHU, TRIVANDRUM, Keralam	India
S2-383034737	Equinox L.L.C.	6055 TIMBER RIDGE DR, PROSPECT, KY	US
S2-383138470	Smith, Subblefbild and Beckham	VA, SPOTSYLVANIA COUNTY, VIOLET DR	US
S2-383338430	PRIMARY CARE CHOICE SPECIALISTS LLC	CITY OF EL PASO, 1140 WIND RIDGE DRIVE, TX	US
S2-383456432	Valdes Culture	00124 MISSOURI AVENUE, BAY SHORE TOWNSHIP, NY	US
S2-383609200	empirecertifiedxrp.com	GADSDEN, AL, 101 FOX CHASE DRIVE	US
S2-383624316	जय बिजनेस प्राइवेट लिमिटेड	PATNA, बिहार, #392 C/O RAJ KUMARI DEVI W/O ANUP RAJ YADAV MOHANPUR	India
S2-383835776	Grace  Cahbpel	22 LEWIS DR, ABERDEEN, MD	US
S2-384166215	RAYE'S PRIME ASSOCIATES ASSOCIATES  LP	159 3000, ROOSEVELT, UT	US
S2-384479925	Urology Care Care	505. ARAGONA BOULEVARD, VIRGINIA BEACH CDP, VA	US
S2-384507772	RELIABLE FREIGHT BRANDS	20431C WHITE POPLAR DR, KATY, TX	US
S2-385130784	aceaerospaceservices.com	2169-2171 Sagecrest Loop, RIO RANCHO, NM	US
S2-385282626	IVENARA BANCORP LLC	3170 GILBERT ROAD, CHANDLER, AZ	US
S2-385507502	RT Cotex	C/O 37C/1A/5C, NEWADA, ALLAHABAD, ALLAHABAD, उत्तर प्रदेश	India
S2-385537652	New Delhi [Service]	F-0/3C OKHLA INDUSTRIALAREA PH 1, NEW DELHI, Delhi	India
S2-385952453	BANGALORE NRDLH TRADING  LLP	#91 SPRINGBOARD BUSINESS HUB, TRIFECTA ADATTO, 21, 5TH FLOOR, ITPL MAIN RD, GARUDACHAR PALYA, BANGALORE NORTH, Karnataka	India
S2-386125843	Patriot-Project of Covington, Corp	245 SEVENTH ST, COVINGTON, KY	US
S2-38619156	സ്റ്റാർ ഇൻഫ്ര പ്രൈവറ്റ് ലിമിറ്റഡ്	440, THALAPILLY, THRISSUR, Kerala	India
S2-386282961	Agl Homes LLP	FLAT NO. 90, FIRST FLOOR, DESHBANDHU CO OPERATIVE GROUP HOUSING SOCIETY, I.P. EXTN. PATPARGANJ, EAST DELHI, Delhi	India
S2-386430024	Urban Pizza Corp	SANDFIELD DR, AL, MONTGOMERY	US
S2-386482950	DDH Éxim Pvt Ltd	RAVI JAISWAL, C/O V CHANDRAN, 137., 3B, SUNLAND BLDG, BEHIND AKURDI RLY STATION, CHINCHWAD, PUNE, Maharashtra	India
S2-386520435	Kolkata Solutions	NO 46/2. SARAT GHOSH GARDEN ROAD, KOLKATA, KOLKATA, West Bengal	India
S2-386726092	Woods Rare	407 FIFTH STREET, DELAWARE CITY, DE	US
S2-386846911	Bureau of Public Works	921 MOUNTAIN BRNCH CIRCLE, BIRMNGHAM CITY, AL	US
S2-386874693	Shiv Software Private [Limited]	S NO. B3/45/3/3 PISOLI NR MANGO TREE, PUNE, Maharashtra	India
S2-386943518	hansonschoolmedicine.com	W8950 N, TOWN OF ELDORADO, WI	US
S2-387062411	Chen-Classic Championsgate LLC	2754 EAST DR, MARION, OH	US
S2-387259737	PEDIATRIC DENTISTRY CARE	2475 GLADE DRIVE, CHRISTIANSBURG, VA	US
S2-387267007	Certified Financial Ventures L.L.C.	13 DAVIS MTN EDUCATION CENTER #2 RD, FORT DAVIS, TX	US
S2-387835753	marketing source crusher private limited	#794 1602, LIMONA TOWER NO. 2, RUNWAL ANTHURIUM, LBS MARG, VEENA NAGAR, MULUND (W), MUMBAI, Maharashtra	India
S2-388023430	leanncolonfederal.com	9229 106TH WAY, SCOTTSDALE, AZ	US
S2-388043850	Bright Odyssey L.L.C. | www.brightody.com	906-D WASHINGTON AVE, WAGONER, OK	US
S2-388063934	Heller Coinshares Llc	5 ALHAMBRA COURT, DURHAM, NC	US
S2-388087152	Brightelle  Goldman	1525 RICHARDSON ROAD, LEWISBURG, TN	US
S2-388471861	*** Marlo Nguyen Oaktree,-Inc	072 COUNTRY RUN DRIVE, JACKSON, TN	US
S2-388548021	Digital Tráding Collective Care	119 DELAWARE STREET, MOUNDS, IL	US
S2-388805055	Smart Partners-Service	3599 LAKE RMDGE DR, PUALSKI, VA	US
S2-389268894	@chennaiengineering	C/O. IIT MADRAS RESEARCH PARK, A-01 FA, I FLOOR, KANAGAM ROAD, TARAMANI, CHENNAI, Tamil Nadu	India
S2-389320395	5choen Tri-State Jpmorgan LLC	1500-B TERRACE DR, BROWNWOOD, TX	US
S2-389429882	Pacific Gúild LLC	3405 TRYON SAINT, CHARLOTTE, NC	US
S2-389438141	ઇન્ટરનેશનલ ફૂડ પ્રાઇવેટ લિમિટેડ	H.NO 6/1919, 3RD FLOOR, OFFICE NO. 302, PRAYOSHA APARTMENT, JADAKHADI, MAHIDHARP, URA, SURAT, Gujarat	India
S2-389442129	Clouser Complete (Jab)	164 ROBINSON PKWY, RIVERHEAD, NY	US
S2-389472840	Tyler  Star Nevada	NY, SYRACUS CITY, 7810 Davis Road	US
S2-38967060	Keystone Energy International L.L.C.	100. THOMAS STREET, WEST HARTFORD, CT	US
S2-38968009	SWAD PHARMACEUTICALS PRIVATE LIMITED	DOOR NO 222 FIRST FLOOR, KUAN MOHALLA, NEW DELHI, Delhi	India
S2-389881931	Desert Fami1y Practice	ETAIN ROAD, IRVING, TX	US
S2-389947983	Jarlova Big-Lowell LLC	131-D VARNUM AVENUE, null, LOWELL CDP, MA	US
S2-389980705	सनराइज कंस्ट्रक्शन प्राइवेट लिमिटेड	H.NO D/4TH FLOOR, MUMBAI, MUMBAI CITY, महाराष्ट्र	India
S2-390800881	कृष्णा फाइनेंस	BLD.B FLAT-403, PUNE, महाराष्ट्र	India
S2-391041148	விஜய் மீடியா	11B, PAVADAI NAICKER STREET, WESTERN REGION COIMBATORE, <NULL>, Tamil Nadu	India
S2-391089191	FQ India	FLAT NO. 503, VIKRAMADITYA CHS LTD NAVKIRAN MARG, FOUR BUNGLOW, ANDHERI (W), MUMBAI, Maharashtra	India
S2-391145901	XX Maintenance	33 WILLOW STREET, LANSDALE, PA	US
S2-391163477	Barker Veterinary Clinic	#27660 GIBRALTER LOOP, EUGENE, OR	US
S2-391248156	Pediatric Denta1 Group	452 ADAMS AVENUE, LEBANON, TN	US
S2-39132037	heartlandcenter.com	164 MOUNTAINDALE MAIN ST, MOUNTAIN DALE, NY	US
S2-391336185	Best Semiconductor Global	OH, 1928-A RIDGEWOOD DR, SEVEN HILLS	US
S2-391502671	llc ace total spark	##1269 ELROD ROAD, MANCHESTER, TN	US
S2-391870916	GEVUE GRAND ELECTRICITY  CARE		US
S2-391932992	Hari Global	H.NO.28, MOH. GARWAL COLONY PATODI ROAD, REWARI, Haryana	India
S2-391935611	ONE EXPORTS PRIVATE	SHOP NO.M-69 GREATER KAILASH-1 MARKET, NEW DELHI, Delhi	India
S2-392006261	KARA M. ROBERTSON, MD	CONCORD, 12906 TRANSIT LINE ROAD, NY	US
S2-392101686	Cho, Han & Aaal Resources  Inc		US
S2-392444219	Chiropractic Inc Center Rapid	515-519 7TH STREET, INDEPENDENCE, IA	US
S2-392610613	qo suisse llc	IL, ROMEOVILLE CDP, 470 DOLLINGER DR	US
S2-392636252	KHAIRATABADCHITS.COM	6-3-596/69, NAVEEN NAGAR, KHAIRATABAD, Andhra Pradesh	India
S2-392746639	శివ ఫుడ్స్ ప్రైవేట్ లిమిటెడ్	CENTRE FOR INCUBATION & ENTREPRENUERSHIP, 3RD FLOOR VINDHYA-C4, IIIT-HYDERABAD, GACHIBOWLI, HYDERABAD, తెలంగాణ	India
S2-39339556	Construction Magnum Rasayan	FF-G-17, GOYAL TOWER, NR. JAHANVI RESTAURANT, PANJARA POLE CHAR RASTA UNIVERCITY, AHMEDABAD, Gujarat	India
S2-393447334	Litt1e Hair	##401 SEVENTH STREET, BEARDSTOWN, IL	US
S2-393692597	Flores's  Consultants-Inc.	CT, GUILFORD, 105 DOHM AVE	US
S2-393731467	superiorislands.com	144 FOSTER AVE, HARRIMAN, TN	US
S2-394251351	ऑल मार्केटिंग प्रा. लि.	C/O RAJAN SINGH, SEHRAMAU SOUTH, SHAHJAHANPUR, SADAR, Uttar Pradesh	India
S2-394457952	Edita Majewski Education	351 PAXTON RD, GALLLIPOLIS, OH	US
S2-394590932	Portland, Township Of LLC	5805 MILWAUKIE AVLNUE, PORTLAND, OR	US
S2-39463678	sexploration.com	1026 GROVEHILL RD, HALLETHORPE CITY, MD	US
S2-394956324	राज प्रोजेक्ट्स प्रा. लि.	JODHPUR, B-47., SHASTRI NAGAR, Rajasthan	India
S2-395095612	KA Reliable	4685 VALLEY RD, TUCSON, AZ	US
S2-395166999	léachcapstone.com	AUSTIN, TX, 1713 TAYLOR GAINES STREET	US
S2-395270903	L.L.C. Dental Clinic	881 STILL WILLOW LN, WENDELL, NC	US
S2-395335229	Foot Ankle Classic Group Partners	1065 San Marcos Dr, APACHE JUNCTION, AZ	US
S2-395479629	ਹਰੀ ਐਂਟਰਪ੍ਰਾਈਜ਼ਿਜ਼ ਪ੍ਰਾਈਵੇਟ ਲਿਮਟਿਡ	PADDA COLONY, LOHIAN KHAS, DOOR NO 500 C/O POOJA, ਪੰਜਾਬ, JALANDHAR, SULTANPUR	India
S2-395530013	PEDIATRIC  DENTAL	189 DEER DR, LAVERGNE, TN	US
S2-395653740	pediatric dental clinic	NC, 85 AZALEA LANE, ANDREWS	US
S2-396085677	ग्रीन इंफ्रा प्राइवेट लिमिटेड	HN 534 BHAIYASAHEB AMBEDKAR NAAG, KALYAN, THANE, Maharashtra	India
S2-396207833	Nguyen  Space	79, HARPURSVILE, NY	US
S2-396344823	Solova Service	1721 33RD AVE, PORTLAND, OR	US
S2-396641393	Thompson Better Deutsche L.L.C.	1347 BLUEWATER RD, HARRIONBURG, VA	US
S2-397525808	Sri Mnm Tag Ltd - 2944138780	BLDG 5/3D, FLAT NO. 13, NEW AJANTA AVENUE SOCIETY KOTHRUD, PUNE, Maharashtra	India
S2-397712648	Eleanor W. Mathenia, Ph.D. Corporation	458. COLUMBIA, COLVILLE, WA	US
S2-397797935	Pacific Pacific Cfmunicbltions	3285- 30TH TERRACE, TOPEKA CITY, KS	US
S2-398021126	PREFERRED ATLANTIC (MINERALS,)	102 PEACE ST, RALEIGH, NC	US
S2-398233214	>> Corner Diner	#219 EVANSTON AVENUE, TULSA, OK	US
S2-398378381	GREEN ROCKY	2805 MAPLE DRIVE, MESQUITE, TX	US
S2-398388666	Dv College LLP	SHOP NO 8-408 , THIRD FLOOR, SHOPPRIX MALL, SECTOR 5, GHAZIABAD, Uttar Pradesh	India
S2-398586515	Flores Automotive	1358 72ND PL, CHICAGO, IL	US
S2-399026414	SHYAM GLOBAL CORP		India
S2-399261475	लक्ष्मी इंटरनेशनल प्रा. लि.	1322/89 HEMKUNT CHAMBER 13TH FLOOR NEHRU PLACE, DELHI, NEW DELHI, Delhi	India
S2-399323341	shebapesticides.com	2/395-21, KANNAPPAN NAGAR, KATTIGANPALLI, KRISHNAGIRI, KRISHNAGIRI, தமிழ்நாடு	India
S2-399982857	ബാബ മാനേജ്മെന്റ് പ്രൈവറ്റ് ലിമിറ്റഡ്	AKANADKOOVAPPADY PERUMBAVOOR, ERNAKULAM, Keralam	India
S2-400160527	Oncology Care	#2388 COUNTY ROAD 1212, BLUM, TX	US
S2-400262516	Primary Care Group of Indianapolis [Llc]	325 Ohio St, INDIAANAPOLIS, IN	US
S2-400493204	Mountain Society Córp	6490 19TH ST, FIRCREST, WA	US
S2-400578089	శివా మీడియా	HYDERABAD, OPP MGBS EXIT GATE, KALI KABAR, CHADERGHAT, HYDERABAD, Telangana, C-22-1-433/1	India
S2-400624231	Pittman Antimony Services	35RD AVENUE, LYNNWOOD, WA	US
S2-400696346	GUNILLA HILL GOLDEN SCHWAB	2190 Meadowlark Lane, NORTH LOGAN, UT	US
S2-400895768	NM Thnolggies Inc.		US
S2-400936747	QUIRIN0 and SKIDMORE MCKINLEY	001889 HART STREET, RIDGEWOOD, NY	US
S2-401166227	Center 4022 Third Drive LLC	00360 UNION AVENUE, WEST HAVEN, CT	US
S2-401528231	শক্তি টেক প্রাইভেট লিমিটেড	DOOR NO 134 SETH SRILAL MARKET, DARJEELING, পশ্চিমবঙ্গ	India
S2-401958074	TL Tbchloy	MN, LAKE ELMO, #11814 LOWER 31ST ST	US
S2-402689406	Gulf Energetics-Inc	94-01  25 Ave, EAST ELMHURST, NY	US
S2-402721508	Maribel Matthews Cion Inc.	137 BATLIC ST, NULL, NORWICHC DP, CT	US
S2-403025276	Spak Brothers	304/A, SHYAMAL KUNJ 2, B/H ARYA SHRI, OPP PENTAGON APPARTMENT, RAJKOT, Gujarat	India
S2-403135359	Harbor Complete  Services	121 CENTURY ST, PMB 9685, SHEPPARD AFB, TX	US
S2-40333680	Dr MOHIT CONSTRUCTION PVT PVT	FIRST FLFOR, KHIVRAJ COMPLEX III, 480, ANNA SALAI, CHENNAI, CHENNAI, தமிழ்நாடு	India
S2-403506738	गैलेक्सी ग्लोबल प्राइवेट लिमिटेड	B-401, ARCHIT ROYAL APT, MAHATMA NAGAR, NASHIK, Maharashtra	India
S2-403641951	Solsol	284 OLYMPIC CT, CLARKSTON, WA	US
S2-40404573	indresh technologies private limited	1-98/K/16, PLOT NO.16, SOUTH BLOCK THIRD FLOOR KUNAMS PRIDE, KRITHIKA LAYOUT, MADHAPUR, HYDERABAD, తెలంగాణ	India
S2-404129791	डिजिटल लॉजिस्टिक्स प्राइवेट लिमिटेड	DELHI, NORTH DELHI, A-32/1 PARIJAT APART WESTA ENCLAVE PITAMPURA, Delhi	India
S2-4045213	K0rbelo	CHIRAHULA COLONY WARD NO - 44, Madhya Pradesh, MIG II 552, REWA	India
S2-40464762	Credit Retail Labs, LLC	TX, 16163 BEECHNUT STREET, HOUSTON	US
S2-404651185	Digital Healthcare Private Ltd		India
S2-4050615	Yamuin Finance-Private (Limited)	T9B PALM AVENUE BALLYGUNGE, KOLKATA, KOLKATA, West Bengal	India
S2-405083104	ಲೋಟಸ್ ಬಿಸಿನೆಸ್ ಪ್ರೈವೇಟ್ ಲಿಮಿಟೆಡ್	NO. 35/3, BANASWADI ROAD EXTENSION M.S NAGAR, BANGALORE, Karnataka	India
S2-405435509	Urgent Care Express [Specialists]	6672 WOLCOTTSVILLE RD, AKRON, NY	US
S2-405531401	Western Gulf Fashion, Inc.	##119 MANOMET AVE, HULL, MA	US
S2-405969718	Flores's Consultants	105 DOHM AVE, PO BOX 3596, GUILFORD, CT	US
S2-406129754	MILLENNIUM EVENT (INDIA)  CORP	NO 568 GW 3020 G BLOCK BHARAT, DIAMOND BOURSE BKC, BANDRA, Maharashtra	India
S2-406514859	PARTNERS WHITSON, BARONE AND PITCHER LLC	122 LAKESIDE DRIVE, FAIRFIELD GLADE, TN	US
S2-406613999	Edenfield Commodity	SCHAUMBURG, IL, 2168 HITCHING POST LN	US
S2-406642416	Big Bike Shop Co	636. WALL STREET, SEVIERVILLE, TN	US
S2-40677644	COMPLETE TRACNSHIT ENTERPRISES LLC	HEBRON ROAD, HEATH, OH	US
S2-406810865	Western Gulf Fsaibon, Inc	##119 MANOMET AVENUE, HULL, MA	US
S2-406825588	गुजरात कंसल्टेंसी प्राइवेट लिमिटेड	B-21, Delhi, NEW DELHI, SOUTH DELHI, 2ND FLOOR, LAJPAT NAGAR-II	India
S2-407038317	Ans Limited  Service	SCHEME NO.-14 INTER STATE BUS TERMINAL DINDAYAL CHOWK TRIMURTI NAGAR JABALPUR, JABALPUR, मध्य प्रदेश	India
S2-40706942	Inc V0gt, Morrow & Mota Tax	5616 KANAWHA TURNPIKE, SAINT ALBANS, WV	US
S2-407233156	नॉर्थ लॉजिस्टिक्स प्राइवेट लिमिटेड	THAKURLI, H.NO 189 AMMBER ENNCLLAVE BLDG NO 2B WING F NO 902 KANCHANGAON, THANE, Maharashtra	India
S2-407692499	Silvasa  Web	NO. ##947 , 3RD FLOOR, 1ST CROSS, 8TH A MAIN, IDEAL HOMES TOWNSHIP RAJARAJESHWARI NAGAR, BANGALORE, Karnataka	India
S2-407851116	Commercial Staffing Services	41 GRANT, IN, HARTFORD CITY	US
S2-408064417	FB Líery Garden		US
S2-408422837	Péex	17 IRWIN STREET, WINTHROP, MA	US
S2-408437595	Moriarty Shipping [Inc.]	9 WOODLAND AVENUE, RENSSELAER, NY	US
S2-408635852	Orbance  Altisource	MT, 325 Enchanted Forest Rd, SEELEY LAKE	US
S2-408662585	Creative Biomedical Unndno Inc	1217 FORUMS COURT, WHEEILNG, IL	US
S2-408677307	Markham and Bacchus (Inc.)	00181 ARNOLD GAMBLE CIR, SACRAMENTO, CA	US
S2-408754016	Sierra Inc.	##110 750, BOUNTIFUL, UT	US
S2-408831827	Flores (Automotive)	1358 72nd Place, CHICAGO, IL	US
S2-408844759	SS-BUILDERS PRIVATE LIMITED	SOP NO 11., BHOPAL, Madhya Pradesh	India
S2-408866262	#finbroadcasting	D/602 EXCELLENCY TOWER, INDRALOK PHASE 8 BHAYANDER EAST MUMBAI, MUMBAI, Maharashtra	India
S2-408994894	Mackinnon Continetnal Navios Associates	418 BUCK JONES ROAD, RALEIGH, NC	US
S2-409001265	Saran India Private  Limited	HOUSE NO. 53 BLOCK ROAD EKMA, EKMA, SARAN, Bihar	India
S2-409223967	Paske Integrated He LLC	BELLVILLE, 1361- HATHAWAY RD, OH	US
S2-409234157	Preferred Property Alliance Ínc	00133 Crescent Street, TX, GEORGETOWN	US
S2-409439712	Jones Dihnamic Can	RANDOLPH, <NULL>, MA, 3C MICHAEL RD	US
S2-4097610	Dovabelo	H.NO 87 D-7, GWALIOR, Madhya Pradesh	India
S2-409800989	ब्राइट फाउंडेशन प्राइवेट लिमिटेड	H.NO 4, NAGZARI, TAL MALEGOAN, NASIK, NASHIK, महाराष्ट्र	India
S2-409872551	CROWDER HOLDING	DC, 3605 O ST, WASHINGTON	US
S2-409877704	हरि ग्लोबल लिमिटेड	H.NO.28, MOH. GARWAL COLONY PATODI ROAD, REWARI, GURGAON, Haryana	India
S2-410213908	Aggy Trujillo Royal  Sab Corp	519-D PINEVILLE ROAD, PO BOX 6484, STATESVILLE, NC	US
S2-410214465	6ulf Energetics Inc	94-01  25 AVENUE, EAST ELMHURST, NY	US
S2-41031181	Liberty  Empire Cantor	11630 Heritage Ridge, EDGERTON, WI	US
S2-410537182	PRIVATE KULKARNI INSTITUTE LTD	DR.NO-224, HYDERABAD CITY REGION, Telangana	India
S2-410785330	Miller & Rivas	9 Springer Woods, EDWARDSVILLE, IL	US
S2-411110069	Wild &	207, K NO 401/207, BSR LAYOUT KONASANDRA VILLAGE, JIGANI, Karnataka	India
S2-4111318	HAWKINS, OVERSTREET & CANTRELL COPLEY LLC		US
S2-411253879	ਹਰੀ ਸੋਲਿਊਸ਼ਨਜ਼ ਪ੍ਰਾਈਵੇਟ ਲਿਮਟਿਡ	NO 5-LHEHAL COLONY PATIALA, NULL, PATIALA, PUNJAB	India
S2-411979603	Rwedod	9530 PORTER ST, IN, GARY	US
S2-412155055	discover broadband private limited	Gujarat, 67 17/160. SARDAR GANJ, B/H. MARKET YARD OFFICE, CHANANSMA HIGHWAY	India
S2-412558470	Thibodeaux  + Inc Davis	2210 SHANNONDALE DR, GREEN OAKS, IL	US
S2-412569369	Meor LLC	3107 WALNUT CREEK DRIVE, CITY OF WILSON, NC	US
S2-412598896	CREATIVE BIOMEDICAL-UNION	1217 FORUMS COURT, WHEEILNG, IL	US
S2-412711831	Inc. Nexos Bras	1546 State St, BOWLING GREEN, KY	US
S2-412801091	श्री बिल्डर्स प्राइवेट लिमिटेड	PADRAUNA, SEMARA HARDO, उत्तर प्रदेश, KUSHINAGAR, BAZARI TOLA	India
S2-413103330	यूनिक इन्वेस्टमेंट प्राइवेट लिमिटेड	CBN NO25/4 G5OSIAN BUILDING, NEHRU PLACE NEW DELHI, NEW DELHI, SOUTH DELHI, Delhi	India
S2-414110502	waylincoln411.com	NY, 4  JEFFERSON ST, PHOENIX	US
S2-4142539	Highland-Center	16842 BIRKDALE COMMONS PKWY, HUNTERSVILLE, NC	US
S2-414548667	ड्रीम ड्रीम Industries Private Limited	B-404 MATRUCHHAYAS N ROAD MULUND (W), MUMBAI, महाराष्ट्र	India
S2-415166705	Mr Ostrich Cosutcins LLP		India
S2-41519359	Guerrero, Mcwilliams and Keeton Co Center	201 CNTER LN, NICHOLASVILLE, KY	US
S2-415209467	Hale Algonquin (Incorporated)	124 TOWERGATE DR, OFALLON, MO	US
S2-415415592	siouxiepetersonlegacy.com	821 900, PLEASANT GROVE, UT	US
S2-415686278	Deep Propmart Cl	महाराष्ट्र, A/21, SHIVSHAKTI CHS LTD., INDIRA NAGAR, OPP. MADHUVAN SOCIETY, J.P. ROAD, ANDHER, I (WEST), MUMBAI	India
S2-415697105	United (Federation)	6171 PICHON, TUCSO CDP, AZ	US
S2-416200825	Pioneer Semiconudctor (Holdings)	SIXTH ST, MISHAWAKA, IN	US
S2-416266384	India Newleaf Energie Private Limited	NO. ##76 OFFICE GALA NO.1, GROUND FLOOR, SHUBHAM INDUSTRIAL BUILDING NO.2 DHUMAL NAGAR VASAI EAST, VASAI, Maharashtra	India
S2-416316	téchnologiesprivate.com	1-98/K/16, HYDERABAD, Telangana	India
S2-416337782	Super (India) Realtors Pvt Limited		India
S2-416410178	Infra Rao Global Ltd	1/217A, KALLAYIVALAPPIL HOUSE, THALAPILLY, കേരളം	India
S2-416451269	Custom Nutrition Inc. Partners	1447 CHILLINGHAM ROAD, QUEEN CREEK, AZ	US
S2-417020449	*** Golden Yoga Inc Inc	OLYMPIC WAY, CITY OF HOLLADAY, UT	US
S2-4171965	corporatebrosprivate.com	HN 722 C704, SALARPURIA SERENITY, SECTOR 7, BANGALORE SOUTH, ಕರ್ನಾಟಕ	India
S2-417846210	A Choice Inc Services	18365-A MOUNTAIN ROAD, MONTPELIER CITY, VA	US
S2-417879306	LLC Pediatric Dental Group of Lenoir	2625 COLLETTSVILLE ROAD, PMB 8161, LENOIR, NC	US
S2-417953899	PARAKH INSTITUTE OF  TECHNOLOGY	193/1, B.L. SAHA ROAD, KOLKASA, West Bengal	India
S2-418022881	Credent International  School		India
S2-418151432	Tri-State Ínc Saul	407 STATE ST, WILLIAMSTON, NC	US
S2-418222556	The Pediatric Dental Group	452 ADAMS AVE, LEBANON, TN	US
S2-418415548	Bhadrak Window Private	PLOT NO-00262/584, KHATA NO-186/121 AT-SIMILA, PO-CHANDBALI, BHADRAK, Odisha	India
S2-418780768	Superior Superior Materials Labs	23 COLONIAL CIR, MORRILTON, AR	US
S2-418857877	అర్బన్ ఫుడ్ ప్రైవేట్ లిమిటెడ్	HYDERABAD, Telangana, RANGAREDDI, FLAT NO.506/A	India
S2-418968185	JXW Spade,	PINE BLUFF, 3209 11TH AVENUE, AR	US
S2-4190133	एसएस टेक्नोलॉजी प्राइवेट लिमिटेड	SHOP NO. 01164, DELHI, CENTRAL DELHI, Delhi	India
S2-419132780	Cds Private Limited Partners	S NO 04/1, PANDHARI NAGAR, SARANGA, NEAR RAKSHAK NGR, PUNE, Maharashtra	India
S2-41922818	Heritage Cosinuiay LLC	ME, 14 BEACH AVE, KENNEBUNK	US
S2-419321170	Little Hdi Studio!		US
S2-41943099	Satterfield, Crawford and  Copeland Newbury	1204 BENNETT DR, PASADENAA CITY, TX	US
S2-4195066	PRAKRITI (INDIA) INDIA  PVT. LTD.	DOOR NO 196/18 &19 IST FLOOR AISWARYA COMMERCIAL CENTER R S PURAM, COIMBATORE, தமிழ்நாடு	India
S2-419628755	TARAESH PRÓDUCTS LTD	NO 1 , 4TH BLOCK, KKD NAGAR, CHENNAI, Tamil Nadu	India
S2-41973808	Bangalore Ehpui	#88 , BOREWELL ROAD, DESK NO. 210-T, OPPOSITE TO WHITEFIELD POST OFFICE, BANGALORE, ಕರ್ನಾಟಕ	India
S2-419854416	Multimax & Brothers Private	B- 201, 202, 203, 204, 205, SCOND FLOOR, MONTCLAIRE OFFICE SPACES, HAVELI, महाराष्ट्र	India
S2-419996429	Caserta's Frontier Bike-Shop	1171 VANDENBURG STREET, SUN PRAIRIE, WI	US
S2-420331928	Smith, Beckham ánd Stubblefield	6913 VIOLET DRIVE, PO BOX 6382, SPOTSYLVANIA COUNTY, VA	US
S2-420347037	bhopal consultancy limited	39, OLD ASHOKA GARDEN, NEAR CHURCH, RAISEN ROAD, BHOPAL, Madhya Pradesh	India
S2-42078860	814-815 South Owners Corp.	21 LOVELACE RD, FOREST CITY, NC	US
S2-420806371	ब्लैक फाउंडेशन प्राइवेट लिमिटेड	R-5-18/19 BASEMENT PUL PEHLADPUR, DELHI	India
S2-420912419	Luise  Griffin Allspring,	1753 AUSTINVILE ROAD, MAX MEADOWS, PO BOX 5805, VA	US
S2-421049955	expressnutritiondigital.com	8112 ST CHARLES ROCK RD, ST LOUIS, MO	US
S2-421120355	Angel lt Private Ltd	H.NO.5-993/20/5 , AZADPUR ROAD MOHAMMADI MASJID, UMAR COLONY, GULBARGA, Karnataka	India
S2-421304860	SELECTMETROPOLITANBAIN.COM	#7 STONE HEDGE DR, LANCASTER, NY	US
S2-421336102	Toler, Calhoun and Mitchell Inc. Inc.	2341 INDIGO DR, OCOTILLO, AZ	US
S2-421579400	East Properties Private Limited	428, MASTERMIND1, I.T PARK, ROYAL PALMS, AAREY COLONY, GOREGAON EAST, MUMBAI, Maharashtra	India
S2-421905325	EMPIRE  CERTIFIED XRP LTD	101 FOX CHASE DR, GADSDEN, AL	US
S2-42198318	Nylabrix	MAIN STREET, WEST SPRINGFIELD, MA	US
S2-421992766	Pediatric Déntistry Group	4068 OPLA SAINT, NATRONA, WY	US
S2-422262505	IO Credit Private ((Limited))	N-8 VISHWAKARMA CO- HOU, SOCIETY PLOT NO 23, AURANGABAD, Maharashtra	India
S2-422690330	ENVIRONMENTAL CÓUNCIL	826 R COLLEGE HWY, PMB 4980, SOUTHWICK, MA	US
S2-422789141	MARLO NGUYEN INC  SERVICES	072 COUNTRY RUN DR, JACKSON, TN	US
S2-422838826	primehomes.com	##6089 FORK HWY, CABINS, WV	US
S2-422870027	SURGICAL REGIONAL HÉALTH	36 Graham St, MEMPHIS, TN	US
S2-423063025	Bangalore Equip LLP	NO. 88, BOREWELL ROAD, DESK NO. 210-T, OPPOSITE TO WHITEFIELD POST OFFICE, BANGALORE, Karnataka	India
S2-423365706	internalmedicinehealth.com	10 HARTSDALE STREET, SMITHTOWN, NY	US
S2-424368225	Eastern Apex Inc Services	1145  KELLY LANE, TEME, AZ	US
S2-424536463	dmevent.com	FLAT NO. 4A KEYA APARTMENTS 6A KEYATALA ROAD, KOLKATA, HOWRAH, West Bengal	India
S2-424677335	bótsfordclassictelefonica.com	389 CHARLES AVE, SAINT PAUL, MN	US
S2-424903760	Golden Technology	712, 7TH FLOOR, OM CHINTAMANI CHS K.G. MARG, KHED GULLY, PRABHADEVI, MUMBAI, Maharashtra	India
S2-424936061	SUPERIOR ISLANDS CO	144 FOSTER AVE, HARRIMAN, TN	US
S2-425122641	Heritage Fund L.L.C.	VA, VIRGINIA BEACH, 581 DAVIS ST	US
S2-42528949	Lt Saree Ltd	22/1 T.B ROAD, BHARATHIDASAN SALAI, MADURAI, <NULL>, தமிழ்நாடு	India
S2-425506089	Burns, Reich & Kalinoowski Group	4220A PARK AVENUE, HAMBURG, NY	US
S2-425523866	5auceda and  Slis	145 RIVER BIRCH GROVE ROAD, ASHEVILLE, NC	US
S2-425527496	The Pediatric Advanced Care  Associates Inc	IN, GLEN CANYON DRIVE, GREENWOOD	US
S2-425686241	Y 2 S Ccd	1024 BRIARCLIFF CIR, MARYVILLE, TN	US
S2-425840854	PHYSICAL THERAPY PLATINUM PARTNERS OF HOUSTON LLC	HOUSTON, 721 LOS ANGELES ST, TX	US
S2-42618521	ENU GALAXY PRIVATE LTD	23, IIFLOOR, NORTHWESTAVENUE, CLUBROAD, WESTPUNABBAGH, NEWDELHI, NEW DELHI, Delhi	India
S2-426625753	lee, babb m., p.a. care	14546 SEVENTH ST, VICCTORVILLE, CA	US
S2-427039401	Harbor Activate LLC	IL, 123 ADAMS ST, NORTH CHICAGO	US
S2-427062954	Mumbai Financial Pvt Limited	8TH FLOOR, UNIT 803, GODREJ TWO, PIROJSHA NAGAR, EASTERN EXPRESS HIGHWAY, VIKHROLI (E), MUMBAI, Maharashtra	India
S2-427094862	Surya Surya Private Limited Center	2-1/1502, NEW SHIVPURI HAPUR, HAPUR, Uttar Pradesh	India
S2-427370911	Barman  Inc Service	14241 DAVENPORT PATH, ROSEMOUNT, MN	US
S2-427585017	Ma Mlotiservictes Corp	35 JIJIBHOY DADABHOY LANEFORT, MUMBAI, महाराष्ट्र	India
S2-427613199	PERKINS  OWL	33430 Fm 506, LA FERIA, TX	US
S2-427765753	Bracco Materials	CARY, 715 COLLINGTON DRIVE, NC	US
S2-427933781	Hanna & Gan LLC	1617-1619 56ND SAINT, LUBBOCK, TX	US
S2-428217517	>> 497-498-West Owners Corp	35 BBECHWOOD ST, ME, THOMASTON	US
S2-428375790	GT TRICHUR PRIVATE		India
S2-428458146	RMB-FOUNDATIONS RMB-FOUNDATIONS LTD.	Karnataka, B-138/B, 3RD CROSS ROAD, PEENYA INDUSTRIAL AREA, SHUSHRUTI NAGAR, PEENYA, BENGALURU	India
S2-428717747	housingalliance.com	617 CARBON ST, SYRACUSE, NY	US
S2-429045520	Quantify Hóvnanian LLC	742 2ND STREET, WEST BROOKLYN, IL	US
S2-429173801	yashodharagift.com	C/O JASHODA MUKHERJEE, NO: 226- LAXMIPURMATH NEAR JORA MANDIR, SUDHANPUR, BARDHAMAN, West Bengal	India
S2-42921634	Synneum Worldwide	5125 GREENWOOD AVENUE, REDMOND, OR	US
S2-4292772	Nanon Móntes, Ph.D., DDS Inc	564 DEVONSHIRE ST, WA, OLYMPIA	US
S2-429308620	DERMATOLOGY MEDICINE	1051 VAN BUREN AVENUE, INDIAN TRAIL, NC	US
S2-429981902	WEST ROYAL TANKERS		US
S2-43012492	ജയ് ഫിനാൻസ് പ്രൈവറ്റ് ലിമിറ്റഡ്	#4/461 2ND FLOOR SUITE1376, VALAMKOTTIL TOWERS, KANAYANNUR, ERNAKULAM, Kerala	India
S2-430332176	Wildlife Ássociation of Bremerton	145  OAK ST, BREMERTON, WA	US
S2-430525634	2677 Fgt Road Holdings	10403 WAGON TRAIL RD, HOUSTON, TX	US
S2-430605888	Bingham, Lyons & Vílla, Inc	49 TANKEROOSEN ROAD, PO BOX 6342, VERNON, CT	US
S2-43081645	XX Maintenance	33 WILLOW SAINT, LANSDALE, PA	US
S2-430843013	enggmelur.com	THIRD FLOOR, FIRST MAIN ROAD, DOMLUR LAYOUT, NO 31, Karnataka, BANGALORE	India
S2-431541070	CHAUDHARY  HOLDINGS		India
S2-431560599	The Womens Health Clinic LLC	407 BROADHEAD DRIVE, SPRING HILL, TN	US
S2-431570928	Pansy's Better Vision Ctflentr	1258 MARTIN STREET, NASHVILLE, TN	US
S2-43158936	Tri-State-Complete City	9259 RAINTREE DRIVE, SCOTTSDALE, AZ	US
S2-43185739	Oncology Better  Care-LP	406 WHITTIER AVENUE, MERRICK, NY	US
S2-432217514	SCIENTIFIC WORTHAM LLC	255 CLAYBOURNE AVE, SALT LAKE CITY, UT	US
S2-432506550	orthopedicgroup.com	260 EPES ST, BLACKSTONE TOWN, VA	US
S2-432533911	bee india co	F-1204, RAHEJA VISTAS, MUMBAI, Maharashtra	India
S2-432574433	Dr Frontech  Sales	Gujarat, 921/SUBNANDANI RESI-2, DEROD VILLAGE: KAMREJ, KAMREJ	India
S2-433187224	Catha Kirn, Services	14610 Union St, HARVEY TOWNSHIP, IL	US
S2-433200298	Regional Asest PC	103- PARKRIDGE PLACE, PIQUA, OH	US
S2-43330025	Jerry Jerry Corglsb Ltd	PLOT 488 FLAT NO B-203, 2NDFLOOR, ROYAL CLASSICE CHS, NEW LINK ROAD, ADHERI WEST, MUMBAI, Maharashtra	India
S2-433382908	AQK Media (Limited)	Haryana, PLOT NO. 100 SECTOR 47, GURUGRAM	India
S2-433660330	LLC GLANCY RIDGE PIMCO	25 2TH ST, CITY OF EVANSVILLE, WI	US
S2-433819177	Liberty League-of Ssiler Spring II	##2905 RANDOLPH ROAD, SILVER SPRING, MD	US
S2-433822172	ALLAHABAD THCHNOLOGIS LLP LLP	Uttar Pradesh, DOOR NO 129 13/15, COOPER ROAD, ALLAHABAD	India
S2-434096972	ಗ್ರೇಟ್ ಮಾರ್ಕೆಟಿಂಗ್ ಎಲ್ಎಲ್‌ಪಿ	NO. 2818  HEMASUDEEP ARCADE, 15TH MAIN ROAD, 3RD CROSS, E BLOCK, SAHAKARNAGAR, BANGALORE, Karnataka	India
S2-434170203	M 9 Certified Giant Llc		US
S2-434317423	halcialmidland.com	DOGWOOD LANE, MANORVILLE, NY	US
S2-434489515	Lisa's  Coffee	501-B AUGUSTA DR, VILLAGE OF WAUNAKEE, WI	US
S2-434595318	Valdes-Culture	00124 MISSOURI AVE, BAY SHORE, NY	US
S2-434738293	Liberty [Nteeokr]		US
S2-434809923	Goodrow Indmieltries	39 1/2 STONEY BROOK DR, MILLIS, MA	US
S2-434897211	SECURE USA		US
S2-434973658	FQ India Ass0ciates	FLAT NO. 503, VIKRAMADITYA CHS LTD NAVKIRAN MARG, FOUR BUNGLOW, ANDHERI (W), MUMBAI, Maharashtra	India
S2-435442025	Pediatric Dentistry	2475 GLADE DR, CHRISTIANSBURG, VA	US
S2-435514026	Private Srt Sfotware Limited	H.NO 9/614, CHENNAI, Tamil Nadu	India
S2-435575363	jishnu textile limited	H.NO 61 RS NO 530 CTS NO 4947, KULKARNI LAYOUT, RAMTEERTH NAGAR, KANABARGI, BELGAUM, Karnataka	India
S2-435700073	AH Ímpex Private (Limited)	OFFICE NO. 304, BROOKLY TOWER, NR. YMCA CLUB (P 269), MAKARBA, AHMADABAD CITY, N/A, Gujarat	India
S2-435892221	Advanced Wholesale Networks Inc.	TINLEY PARK, 17231 FOXGROVE LANE, IL	US
S2-436129079	m & x drugs, inc	523D 4TH AVENUE, PMB 9354, TUCSON, AZ	US
S2-43635241	Great LLC Program	790 COUGAR DRIVE, EAGAN, MN	US
S2-436481063	Coimbatore Services Private	H.NO 164-A , NEW NO.2, BASMATI COMPLEX BALAJI NAGAR, SIDDHAPUDUR, COIMBATORE, Tamil Nadu	India
S2-436763530	Inc Motley, Romo & Cdlss Lion	55 LA GRANJA ROAD, SAN BENITO, TX	US
S2-436807197	RAMOS, GAYLA J., ESQ.	1804 TRIBUTE ROAD, SACRAMENTO, CA	US
S2-436844992	Cornerstone Inc	127-129 HILLCREST ROAD, MAGGIE VALLEY, NC	US
S2-437471800	Eda Fresenius Mcfarland	NY, 300- MAPLE AVE, BALLSTONS PA	US
S2-437548540	heritageresearchglobal.com	2680 RIO BRAVO CIRCLE, SACRAMENTO, CA	US
S2-437566307	Drexumbranex	GRANITE CITY, IL, 27 PARK TOWNE DR, null	US
S2-437677853	Sri vijay foundation pvt ltd	PLOT 67 C/O PRADIP KUMAR MITRA, S.M PALLY NORTH, ENGLISHBAZAR, West Bengal	India
S2-437862720	Harris And Pulley King Inc	1012 HAYES ST, PMB 1583, FAIRFIELD ICTY, CA	US
S2-437941242	CECILE M. ROBERTS,	RESERVOIR AVE, WESTFIELD, MA	US
S2-438011450	South Tcennolndgy Limited	PLOT 451 UNIT NO 1301, 13TH FLOOR, PENINSULA BUSINESS PARK TOWER B SENAPATI BAPAT MARG, LOWER PARE, L WEST, MUMBAI, Maharashtra	India
S2-438218609	VALLEY ALLIANCE CO	1234 PIMPERNELL PATH, PMB 8825, MIDDLETOWN, DE	US
S2-438243225	Sader Fbuhdabon Private Limited	H. NO. 422, BADGO, SADER, Uttar Pradesh	India
S2-43833170	1449 5unset Lane Partnlrs, Inc	33-22 FARRINGTON ST, FLUSHING, NY	US
S2-438629493	Stjohn, Smith and Stark Sim	505 VICTORY TRAIL, MORGANTON, NC	US
S2-439059133	814-815 South Owners  Corp	21 LOVELACE ROAD, NC, FOREST CITY	US
S2-439326583	Health Coalition  Authority	9703 VERSAILLES PLANK ROAD, ANGOLA, NY	US
S2-439610554	ETI Colonial Axiom	NEWTON, 1901 NORTHWEST BOULEVARD, NC	US
S2-439648984	MEIFY INC	15 ST, BROOKLYN, NY	US
S2-439680832	Corona Academy	14 HARTMAN CIR, ST CHARLES, MO	US
S2-439681721	ਲਕਸ਼ਮੀ ਡਿਜੀਟਲ ਕੰਸਟ੍ਰਕਸ਼ਨਜ਼ ਪ੍ਰਾਈਵੇਟ ਲਿਮਟਿਡ	FAT NO.-G404, S.A.S.NAGAR (MOHALI), Punjab	India
S2-439715372	Arnold,  Jones and	033565 MATTHEW CIRCLE, LEWES, DE	US
S2-439776720	Dr peacock trust ltd ltd	Andhra Pradesh, H.NO 2-10-309/2/6 PRASANTHINAG, HANAMKONDA	India
S2-439782541	UTM Grnviy Inc	22 QUIGLEY AVENUE, NORTH CHELMSFORD, MA	US
S2-439844706	KJP PIEDMONT FUTURECORP CORP	1016 PRAIRIE SMOKE ST, WAKE FOREST, NC	US
S2-439973702	Bright Technical  LLC Center	211 CROCKETT WAY, PO BOX 1673, ANNNA, TX	US
S2-440154835	Sunshine's Auto Body Co	HOPE ILLS, 4111 FREEDOM LANE, NC	US
S2-440443694	Ashley Iii Ltd	1451 UNION AVE, LAKEWOOD, WA	US
S2-440574437	Smt Sarg India [LLP]	Maharashtra, A-104 KRISHNA SHARDHA APT NILEMORE, NALLASOPARA WEST	India
S2-440612475	URGENT CAHRE MIDWEST PARTNERS CORP CORP	3771 PALOMA DR, VENTURA, CA	US
S2-44069402	Golden Producer Private	OFFICE NO-9/3, C-38 F/F, GALI NO-13 MADHU VIHAR, NEAR HANUMAN MANDIR, NEW DELHI, Delhi	India
S2-441216250	Constellation Earthmovers Limited Limited	921 VILL- MAHUA SINGH RAE, TOLA-MAHUA SINGH RAE POST- MAHUA, PS-MAHUA, MAHUA, Bihar	India
S2-441369548	LLC Byrd Pinnacle Rcthook	4420 CANYON CORAL WAY, RANCHO CORDOVA, CA	US
S2-441489169	todaroempireparts.com	063 FLETCHER ST, NULL, LOWELL, MA	US
S2-441743802	Lynda's Pioneer Grading	1008 FOXVIEW DR, JOLIET, IL	US
S2-442046877	Tivodyne  International LLC	37-D WILLIAMSTOWNE CT, BUFFALO, NY	US
S2-442291403	Joint For Corporation	B-40-A, FIRST FLOOR, ABUL, FAZAL ENCLAVE-1, OKHLA, NEW DEHLI, Delhi	India
S2-442397226	Peralta Pioneer Keen,	29523 WATER WILLOW TRACE DRIVE, SPRING, TX	US
S2-443032344	Michalowski Jpmorgan [Inc]	MA, 681 PORTER RD, EAST LONGMEADOW	US
S2-44312769	North Limited Services	MARKET BUILDING, NAYAN VIHAR AT - KASOTI, PO - PANDIRI, KENDRAPARA, ଓଡ଼ିଶା	India
S2-44323907	फ्यूचर एस्टेट प्राइवेट लिमिटेड	A-214/1 PIDARTALI WARD NO. 1, C T E I ROAD IN FRONT OF DAAL MIL, SINGRAULI, मध्य प्रदेश	India
S2-44330691	Health Caeition	9703 VERSAILLES PLANK ROAD, ANGOLA, NY	US
S2-443666785	M/s Visionary & Soesn Private  Limited		India
S2-443951308	-- Blue Plástomech-Ltd | www.blueplst.com	RAJENDRA NAGAR, Telangana, K.V.RANGAREDDY, SHOP NO 413	India
S2-444058342	Mr Massif  Corporation Center	DOOR NO 78 WARD NO.8, H. NO.1585/5, SANGALI ROAD ICHALKARANJI, HATKANANGLE, Maharashtra	India
S2-444412919	Kolkata Services Ltd	NO #70 71 NAINAN PARA LANE, KOLKATA, West Bengal	India
S2-444646415	Vue Pediaatrics, Inc	101 Canal Rd, HEBRON, OH	US
S2-4447119	Stokes [Best]	ME, MACHIASPORT, COLLINS COVE RD	US
S2-444713926	Safalya & Brothers Private Limited	201/A, VERTEX VIKAS, SIR M. V. ROAD, ANDHERI (EAST), Maharashtra	India
S2-444765466	TOTAL STAR LAKE LP	1016 CUTTERS CREEK DR, CLEVELAND, OH	US
S2-445579110	GARCIAPEREZ FSIDOON LLC	345- OAKLAND STREET, MANCEHSTER, CT	US
S2-445783914	Crystal Southern Southern Partners LP	6155 COPPER CIR, ROANOKE COUNTY, VA	US
S2-44600069	Legacy Fields	3117 MADISON 1427, HUNTSVILLE, AR	US
S2-446557062	Urology Group	6508 ROTH DR, JOLIET, IL	US
S2-446562050	Phenix Brothers Private Ltd	B-1-307, 3RD FLOOR, R G COMPLEX, PLOT NO. 2, DDA COMMUNITY CENTRE, D B GUPTA ROAD, MO, TIA KHA, PHAR GANJ, Delhi	India
S2-446592022	Hembree & Wireman  Incorporated	BEASLEY, 914 GATESTONE FOREST DRIVE, TX	US
S2-446837256	Kestari Ifienige Ifienige	4696 RIVER ROAD, ST. GEORGE, UT	US
S2-446930748	CLEAR CURRENCYSHARES INC	WICHITA, 02629 HOLYOKE ST, KS	US
S2-447041363	divisionconsumeraffairs.com	1911 1/2 23RD CIRCLE, HONDO, TX	US
S2-447180861	Heartland League Corporation	303 COTTAGE AVE, SAINT PAUL, MN	US
S2-447467378	RIDGE SCHOOL  MONTESSORI	15588 MERRILL AVE, FONTANA, CA	US
S2-447517242	Essar International Private	DOOR NO 275/J MANICKTALA MAIN ROAD, KOLKATA, KOLKATA, পশ্চিমবঙ্গ	India
S2-447582427	Nainan Solutions Límited	PLOT NO. 0012A , FRONT OF VIKRAM SOLAR, FALTA SEZ, SOUTH 24 PARGANAS, NAINAN, NAINAN, West Bengal	India
S2-447958878	Shivam LLP-Construction	##51 BHUPEN BOSE AVENUE KOLKATA, KOLKATA, KOLKATA, West Bengal	India
S2-448113183	GREEN FUNDS PRIVATE LTD	1-14 , GRD FLR MAHAVIR DHAM CHS PLOT NO -112 SECTOR -12, VASHI, महाराष्ट्र	India
S2-448154506	LLC Twisted Ao Body	1428 YORKSHIRE STREET, FORT WORTH, TX	US
S2-448236984	గుడ్ కన్సల్టెన్సీ లిమిటెడ్	31/A, HYDERABAD, N/A, Telangana	India
S2-448320752	VALLEY PENIDBATRHICS  LLC	1020 BANKS STREET, TX, FORT WORTH	US
S2-448504754	SOLUTIONS AE CÓNSTRUCTION LIMITED	OFFICE NO. 0506, AKSHAR SQUARE, NEAR PAGE ONE HOTEL, SANDESH PRESS ROAD, VASTRAPUR, AHMADABAD CITY, ગુજરાત	India
S2-449583842	Sadguru  Limfdecre Pvt Ltd	SY NO.B14, SHED NO.01, INDUSTRIAL ESTATE, ANANTAPUR, Andhra Pradesh	India
S2-450123215	MAUDIE WRIGHT GRAND SOUTH (ID: 11570)	411 BRYANT AVENUE, WATERLOO, IA	US
S2-45016263	ROOPAVITECHNOLOGIES.COM	169, THIRUGANASAMBANDAR STREETTHIRUVALLISWARAR NAGAR THIRUMANGALAM, CHENNAI, Tamil Nadu	India
S2-4505397	शक्ति इंफोटेक प्राइवेट लिमिटेड	C-2, LOWER GROUND FLOOR, AASHIMA MALL, HOSHANGABAD ROAD, HUZUR, BHOPAL, Madhya Pradesh	India
S2-450611443	ALI'S EMPIRE WILELSS INC	NY, CHENANGO, 235 BROOKS RD	US
S2-450719228	Genao Choice Jena	WEATHERTON PLACE, BALLWIN, MO	US
S2-450721474	SEPL INSTITUTE OF TECHNOLOGY-LTD	B-0045 HARYHUR SOCIETY VILLAGE KHAMBHAT TALUKA KHAMBHAT DISTRICT ANAND, KHAMBHAT, Gujarat	India
S2-450766897	Meridian	9 PITTS ST, NATICK, MA	US
S2-450787266	Industries Pms Informatics Pvt	PL NO.65, SAMBANDAM NAGAR, KUNDARTHUR, Tamil Nadu	India
S2-451321933	BENOVUE PC	932 64TH ST, CITY OF KENOSHA, WI	US
S2-451408957	Amiable Brew Ltd	130, MATHESHWARTOLA ROAD, GROUND FLOOR, KOLDATA, KOLKATA, West Bengal	India
S2-451440712	STETTER & JIMENEZ SPADE INCORPORATED		US
S2-451707263	Bhive  Foundation Corporation	West Bengal, 66, DHAN DEVI KHANNA ROAD 2ND FLOOR, KANKURGACHI, KOLKATA	India
S2-451809298	SHOLAR, ALISA W., PH.D. INC.	88TH STREET, KENOSHA, WI	US
S2-451944562	Federal Trust	#511 CHERRY AVE, NILES, OH	US
S2-452376154	Straight-Edge Auto Body	515 MONTGOEMRY AVE, NORTH WALES, PA	US
S2-452533681	Kanak (India) Pvt. Ltd.	145. KESHAB CHANDRA SEN STREET, KOLKATA, West Bengal	India
S2-452728171	CREATIVE  EDUCATION BRANDS	101, BROOKINGS CITY, OR	US
S2-45300190	Housing-Projt	MAJESTIC RIDGE DRIVE, SALT LAKE CITY, UT	US
S2-453192035	KOCHER, NATIVIDAD SHREYA LLC	NEBRASKA AVE, PEORIA, IL	US
S2-453268549	স্টার ইনভেস্টমেন্ট লিমিটেড	DOOR NO 47 MANDIR ROAD FLAT NO 4D1 P S DUM DUM, KOLKATA, CALCUTTA, পশ্চিমবঙ্গ	India
S2-453334141	Pediatric-Medicine	4850-C 20, OTISCO, NY	US
S2-453351217	Corp IX Innovative Abony	40 SAVAGE LANE, HENDERSONVIILLE CDP, NC	US
S2-453444842	GREAT RAPID AIMEI LLC	13823 ROSELERE LANE, HOUSTON, TX	US
S2-453490122	Rici Allbritton Starry Starry Inc	37990 HARDESTY ROAD, BETHEL ACRES, OK	US
S2-453574978	DELHI SO PRIVATE LIMITED	Delhi, SHOP NO.4-14 , PLOT NO.26, UPPER GROUND FLOOR, VIAKS ROYAL ARCADE ROAD NO.44 COMMUNITY CENTER, PITAMPURA, DELHI	India
S2-453647532	PRIMARY CARE CENTER OF STATEN ISLAND INC.	##130 HUNTER AVE, STATEN ISLAND, NY	US
S2-453666489	Shreyans Academy Corp		India
S2-453772743	JHS Battery,	302 DODGE ST, MOUNT HOLLY, NC	US
S2-454780592	Theadora's Express Sciences Inc	Hampton Ridge Rd, RALEIGH, NC	US
S2-454835742	A CURE 6 IT CO	11890 PASCO ROAD, APPLE VALLEY, CA	US
S2-454840643	ग्लोबल फूड्स प्राइवेट लिमिटेड	MUMBAI, 202, MALAD EAST, महाराष्ट्र	India
S2-45487499	Isc Consultants Private	VILLAGE- BAGHAKOL, POST - PATUT, PS - BIKRAM, PATNA, PATNA, बिहार	India
S2-45496379	EXPERTS FOUNDATION PVT	148, KESHAV VIHAR, GOPAL PURA BYEPASS, JAIPUR, Rajasthan	India
S2-45513845	गुड इंडस्ट्रीज	MUMBAI, DOOR NO 130 VRINDAVAN MUKAND STAFF, MUMBAI, महाराष्ट्र, COL L B SHASTRI MARG GHATKOPA NEAR PIPE LINE	India
S2-455340020	Multimax & Btoere Private Limited	B- 201, 202, 203, 204, 205, SECOND FLOOR, MONTCLAIRE OFFICE SPACES, HAVELI, Maharashtra	India
S2-455371513	ka1rabrothers.com	DOOR NO ##106 KAJI SAYED STREET MASJID BUNDER MUMBAI MH, महाराष्ट्र, MUMBAI, MUMBAI CITY	India
S2-455420084	Private Almighty Technologys (Idfiea) Limited	A 4, SOUTH WEST DELHI, Delhi	India
S2-455871992	Shiv Esthrprisses Private Limited	C/O.TEJA SEEDS AND PESTICIDES, CHURCH COMPLEX, MAIN ROMD, RENTACHINTALA, Andhra Pradesh	India
S2-455953929	Kestan Inc Services	NC, 8333. PARK VISTA CIR, CHARLOTTE	US
S2-45601642	Mishra Realtors (India) Pvt.	BUILDING NO. 13B/7, BLOCK NO. 13 ZONE-1, ROAD 1C, GIFT SEZ, GIFT CITY, GANDHINAGAR, ગુજરાત	India
S2-456094352	#historicalfund	MA, MASSACHUSETTS AVENUE, CAMBRIDGE	US
S2-456123193	A Choice Carlyle Inc.	18365-A MOUNTAIN RD, MONTPELIER CITY, VA	US
S2-456374589	PREFERRED BROWN CENTER	1965B MASSEY POINT RD, MCALETER, OK	US
S2-456416966	Temple Lutheran Church [Center]	VILLAGE DRIVE, NORTH LITTLE ROCK, AR	US
S2-456479780	HETRICK CLASSIC	55 CLINTON ST, NY, SENECA FALLS	US
S2-456656509	Fleming Ncr	6418 ROCKWELL BOULEVARD, <NULL>, CHARLOTTE, NC	US
S2-456711689	Mirabelokor	2 ROCKWOOD PLACE, PO BOX 5293, ARMONK ITY, NY	US
S2-456821249	Prtgve Vignesh Micro Limited	KANTI NIKETAN, MOTIHARI, EAST CHAMPARAN, Bihar	India
S2-457075197	United Cardiology, Llc	2757-D SEVENTH ST, REDMOND, OR	US
S2-457877771	গুজরাট এনার্জি	83 SP MUKHERJEE ROAD, 4TH FLOOR KOLKATA, KOLKATA, KOLKATA, SITALATLALA, West Bengal	India
S2-457916502	henderson keystone auto sales	173-C STATELINE CEMETERY LANE, SALEM, AR	US
S2-45808637	... Balla Green-Tankers LLC	146 PRESTON AVENUE, WEIRTON, WV	US
S2-458498856	Primary Care Specialists of Indianapolis Inc.	1821 EAST STREET, INDIANAPOLIS, IN	US
S2-458690814	Housing Podjgt	7871 MAJETSIC RIDGE DRIVE, COTTONWOOD HEIGHTS, UT	US
S2-458703934	ALPHA TECH	Telangana, SY NO. 4-49/E, DOMMARA POCHAMPALLY MEDCHAL-MALKAJGIRI DISTRICT, HYDERABAD	India
S2-459038369	inc bivue quality eastern	IN, MILROY, 7556 1050	US
S2-459337352	Beum Edison Llc	19 PETERS SAINT, CAMBRIDGE, MA	US
S2-459338571	QO Surshie LLC	470 DOLLINGER DR, ROMEOVILLE CDP, IL	US
S2-459530016	Carter Consulting L.L.C.	2049 Trotwood Avenue, ANDOVER, OH	US
S2-460089968	Halverson's Deli	204 STONE ST, HUNTSVILLE, AL	US
S2-460183190	Sri Happy Travels Private Ltd	DOOR NO 3641GALI LOHEWALI CHAWRI BAZAR, NEW DELHI, दिल्ली	India
S2-460203928	Big Solution Company		India
S2-4604478	Operating Engineers 149 Local No Union #74046	6028D Meyers Landing Court, BURKE, VA	US
S2-460821430	Shyam Land	H.NO 8 LYONS RANGE5TH FLOOR, KOLKATA, West Bengal	India
S2-460847085	North-Milestone	West Bengal, C-4 SIDDHARTH BUILDING, 14/2 BURDWAN ROAD, KOLKATA, KOLKATA	India
S2-460986271	delhi communications pvt. ltd.	652 FIRST FLOOR PHATAK DUPTY SULTAN CHURIWALAN, DELHI, Delhi	India
S2-461083137	Pamela D.O., Roth, H. M.D., P.C.	7920D ALTA CUESTA DRIVE, CA, RANCHO CUCAMONGA	US
S2-461264956	RHETTA'S HEALTH CORP	4210-B PIMLICO RD, BALTIMORE, MD	US
S2-461317036	Happy [Tavern]	102 Martins Point Place, CARY, NC	US
S2-461454382	AH Agro Private		India
S2-461693500	Ak Consultant Private	PLOT G-987 SH.NO-01 SHIVANI HEIGHTS, SN- 54/15/1/2 KONDHAWA BK, BADHE NGR, PUNE, Maharashtra	India
S2-462454521	Incorporated QB Classic Yhn	705 LOUISA RD, ALBEMARLE COUNTY, VA	US
S2-462510815	... SAKHI WELFARE SERVICES	#8-2-5 TO 12, RAVULA RESIDENCY SRINAGAR COLONY, PUNJAGUTTA, HYDERABAD, Telangana	India
S2-462583013	কৃষ্ণ হসপিটালিটি প্রাইভেট লিমিটেড	ATLAGARI CANAL PARA ROAD, P.O. : CONTAI, DIST. : MIDNAPUR (EAST), MIDNAPORE, MIDNAPUR, West Bengal	India
S2-462774938	ಹರಿ ಬಿಸಿನೆಸ್ ಪ್ರೈವೇಟ್ ಲಿಮಿಟೆಡ್	DOOR NO 421, ITI LAYOUT, BANGALORE SOUTH, BANGALORE, Karnataka	India
S2-462816573	Suryatech Office Private Ltd	DHARM BHAKTI ESTATE, OPP. SONET CERAMIC OLD GHUNTU ROAD, MORBI, Gujarat	India
S2-462826352	Fey Clinic Nexpoint [Farr]	2510 VIRGINIA AVE, WASHINGTON, DC	US
S2-462965693	Cozy Coffee	1014 7TH SREET, FARGO, ND	US
S2-463040366	HKD (ID: 27483)		US
S2-463135355	... #primeequity	CARMEN ST, HOUSTON, TX	US
S2-46323170	Perri  Bobo, CPA, DDS		US
S2-463453189	Seven Marketing Private Limited - 3370991794	#209 , B.D. CHAMBERS, 10/54, DESH BANDHU ROAD, KAROL BAGH, NEW DELHI, Delhi	India
S2-463523896	Mackinnon Continental  Navios Associates	418 BUCK JONES RD, RALEIGH, NC	US
S2-463583099	Verile's Fresh Boutique Llc	9496 CHESAPEAKE DR, NORTH ROYALTON, OH	US
S2-46380040	Hornyak, Borgen & Wells Llc	##495 BELL ST, EVANT, TX	US
S2-463897136	ईस्ट प्रोड्यूसर प्राइवेट लिमिटेड	NO #81 UNTI NO 503, 5TH FLOOR, SIGNATURE TOWER DC-2, LAL KOTHI SCHEME, DISTRICT SHOPPING, CENTRE, TONK ROAD, JAIPUR, Rajasthan	India
S2-464293082	Smt BANNER  FARM PRIVATE (LIMITED)	DOOR NO D/770 NISHIT DIAMOND COMPLEX 5/1129-30, GUJJAR FALIYA CONTRACTOR NO KHOCHO, MAHIDHARPURA, HARIPU, RA, Gujarat	India
S2-464320557	Clark Best Stores	##821 CHADWICK CIRCLE, FREDERICK, MD	US
S2-464453661	भारत फूड प्राइवेट लिमिटेड	FLAT NO.701, A WING AMBIKA PLAZA, 90 FEET ROAD, MULUND (E), MUMBAI, Maharashtra	India
S2-464570451	Louis, Howard and Mclaughlin	MA, 119 BRAINERD ROAD, BRIGHTON	US
S2-465157439	ब्राइट एक्सपोर्ट्स प्रा. लि.	PACHPAHAR ROAD, BHAWANIMANDI, JHALAWAR, Rajasthan	India
S2-465241102	335 Main Ave Company Pc	0337 Old Pinson Rd, JACKSO CITY, TN	US
S2-465402249	NEW SOFTWARE PSATE LIMITED	245 MEGHDOOT BUILDING NO B-2, FLAT 35 113A SV ROAD, BORIVALI WEST, Maharashtra	India
S2-465726675	ತಿರುಪತಿ ಕೇರ್ ಪ್ರೈವೇಟ್ ಲಿಮಿಟೆಡ್	#740-D, 1ST MAIN, 4TH CROSS, VINAYAKA NAGAR B BLOCK, KONENA AGRAHARA, VIMANAPURA POST, BANGALORE, Karnataka	India
S2-465778517	Chen Classic Championsgate [LLC]	2754 EAST DRIVE, MARION, OH	US
S2-466036489	Division of Consumer Affairs Inc	1911 1/2 23RD CIR, HONDO, TX	US
S2-466114429	Thea Órtiz Invesco LLC	#45 POPLAR STREET, CENTRAL ISLIP, NY	US
S2-466354707	Obsidian	<NULL>, 1934 JODY LANE, PA, NORTH MIDDLETON TOWNSHIP	US
S2-466836826	PLRITE RAJMATA LAW CHAMBERS LIMITED	KUNDALAHALLI, Karnataka, A/B 01, BANGALORE	India
S2-467095467	FRONTECH SALES PRIVATE LIMITED	DOOR NO 921/SUBNANDANI RESI-2, DEROD VILLAGE: KAMREJ, KAMREJ, Gujarat	India
S2-467466272	Oncology  Pioneer Physicians		US
S2-467602358	Newstar  Sahani Private	65/F/, SUBHAS NAGAR, KOLKATA, KOLKATA, West Bengal	India
S2-467678357	Ridge Équity Partners LLC	BRENTWOOD STREET, HIGH POINT, NC	US
S2-467840850	Inc Envaon Sui	83482 STATE HIGHWAY 11, WAKITA, OK	US
S2-468039922	CORNERSTONE IMMERSION INC	AZ, GILBERT, 3225 BASELINE ROAD	US
S2-468481302	PRIVATE CELESTA INFRASTRUCTURE LTD	140/B KESHAB CHANDRA SEN STREET, KOLKATA, HOWRAH, KOLKATA, West Bengal	India
S2-46880115	MAVA TRUSTED DTE	NC, 2810 LIBERTY RD, GREENSBORO	US
S2-468881596	Kolkata Services  Limited	H.NO #70 71 NAINAN PARA LANE, KOLKATA, West Bengal	India
S2-468887161	Pediatric Dentistry American Health Llc	255D DOUGLASS STREET, BROOKLYN, NY	US
S2-468966787	Vibha Hsiplital	E-401, SGM NAGAR, NIT, FARIDABAD, FARIDABAD, Haryana	India
S2-469255368	ਲੋਟਸ ਫੂਡ ਲਿਮਟਿਡ	LUDHIANA, PLOT NO 175-176 NEW VISHKARMA NAGAR, ਪੰਜਾਬ, LUDHIANA	India
S2-469646534	Cobalt Lodging  Corporation	VA, STAUNTON CITY, 107 COMMUNITY WAY	US
S2-470166361	ERRICO VERTICAL  CORPORATION	5015. 234ST LANE, BUCKEYE, AZ	US
S2-470262564	ಬಾಲಾಜಿ ಇನ್ವೆಸ್ಟ್‌ಮೆಂಟ್ ಪ್ರೈವೇಟ್ ಲಿಮಿಟೆಡ್	510, WING A, 5TH FLOOR, CARLTON TOWERS OLD AIRPORT ROAD, KODIHALLI, BENGALURU, BANGALORE, Karnataka	India
S2-470537881	എസ്എസ് എന്റർപ്രൈസസ് ലിമിറ്റഡ്	DOOR NO 118/7OPP ELECTRICITY OFFICE KATTOOR, THRISSUR, Keralam	India
S2-470763133	Smt Gatiman  Law Chambers Limited - 4373020072	H.NO.-9-69/5, POLICE LINE ROAD, ALBONY LODGE, उत्तर प्रदेश	India
S2-470912673	AGARSEN MEMORIAL TRUST	C 104, ASHIRWAD PARK B/H KRISH HOTEL, OPP. PANJARA, VASTRAL, AHMEDABAD, Gujarat	India
S2-470933977	empirecompleteacp.com	HARRILL ST, CHARLOTTE, NC	US
S2-470970688	ഹൈടെക് കെയർ പ്രൈവറ്റ് ലിമിറ്റഡ്	DOOR NO 2/224 R, MALAPPURAM, MALAPURAM, Kerala	India
S2-471284169	लोटस एंटरप्राइजेज प्रा. लि.	FLAT NO. C 527, PAWAR ENCLAVE, S NO. 86 / 3B PUNE SOLAPUR ROAD, HADAPSAR, PUNE, Maharashtra	India
S2-471418271	Community Midwest  Association	77 WOODCLIFF RD, WELLESLEY, MA	US
S2-471516390	quirino & mckinley skidmore	001889 HART STREET, RIDGEWOOD, NY	US
S2-472050021	Soto, Dasi,D.D.S., P.C.	2900 DANZIG PL, LOISVILLE, KY	US
S2-472638175	INTERNAL CLINIC CENTER	RALEIGH, NC, 7114-7118 EVERSFIELD DR	US
S2-473005494	Little Sécure Ltd	BUILDING NO. IX - 453, SOUTH OF KDM BRIDGE KALAVAMCODAM P O, VAYALAR EAST VILLAGE, CHERTHALA, Kerala	India
S2-473013579	Federal (Hyperliquid,)	16 WERKING ST, SOUTHINGTON, CT	US
S2-473237574	आनंद प्रीमियर एंटरप्राइजेज प्राइवेट लिमिटेड	C/O POONAM DEVI, BETTIAH, WEST CHAMPARAN, Bihar	India
S2-473280780	#6049vehicle	482 GLEN LILY RD, BOWLING GREEN, KY	US
S2-473281503	Dr Ssk Bevhrhse [Co]	Delhi, RZ S-7-5- A G/F, NANDA BLOCK, MAHAVIR ENCLAVE	India
S2-473552783	GANGAYA INSTANT PRIVATE LIMITED	GA284/8, G/F AT PO BHARATPUR VIA BARAMNUNDA COLONY, BHUBANESWAR, Odisha	India
S2-47363985	blossoms spices	NO. ##21 , MAHATMA GANDHI ROAD (OPP: INCOME TAX BUILDING), NUNGAMBAKKAM, CHENNAI, Tamil Nadu	India
S2-473757647	Caldola Schwáb Inc	PMB 9496, IRVING, 964 1/2 SCENIC DRIVE, TX	US
S2-474099966	Cecile M. Roberts,  Ph.D.	196 RESERVOIR AVE, WESTFIELD, MA	US
S2-474390649	Dermatology Inc.-Service	2554 HWY 87, GILCHRIST, TX	US
S2-474406393	गुरु सुपर केयर लिमिटेड	JANAK PURI, Delhi, WEST DELHI, B-1/616-S FLOOR, NEW DELHI	India
S2-47473437	Otm Craft Private Ltd	KNOWLEDGE CENTRE, STREET NO. 017, M.I.D.C. ANDHERI (E), Maharashtra	India
S2-474866215	LLC Lewis Foute	002948 HARRIS CIR, MEMPHIS, TN	US
S2-475074856	VERRON FRANKLIN  LLC	MO, 358 FALAISE DRIVE, SAINT LOUIS	US
S2-475291985	Gerry Baldiwon, Ph.D., DDS PC	TN, 1638 MILLERS CHAPEL RD, GREENEVILLE	US
S2-475463708	nagpurthan.com	22/3, 7TH EAST MAN ROAD, GANDHI NAGAR, VELLORE, Tamil Nadu	India
S2-475599354	moseleymetrooneim.com	2368 ANSLEY ST, ALLIANCE, OH	US
S2-475615069	M/s Shreyans Academy Corporation	N/A, 33, TASKAND MARD, CIVIL LINES, PRAYAGRAJ, उत्तर प्रदेश	India
S2-476067585	Developers Jecin Farming Pvt Ltd | www.developers.com	PROMOTER B - 126, NIRMAN VIHAR, दिल्ली	India
S2-476336867	Bijnor Micro Pvt Ltd.	H.NO 669- 00, MOHALLA MUKARPUR KHEMA URF MUKARPUR KHEMA, BIJNOR, BIJNOR, N/A, Uttar Pradesh	India
S2-476444971	LVD Touch	D-112, MAGARPATTA CITY, PUNE CITY, Maharashtra	India
S2-476753419	Dev Services Private Ltd	OFFICE NO 103, GANESH SMRUTI GAOTHAN, VIRAR WEST, Maharashtra	India
S2-476887773	Rojas LLC Services	41 BIDWELL AVE, CITY OF WAUKESHA, WI	US
S2-477009838	Nodyne (Corporation)	45  ASHINGTON LN, NASHVILLE, TN	US
S2-47705533	Capricorn Services Ltd	C/O CHADRA SEKHAR REDDY, DR NO 4-7-53, BANK COLONY, PULIVENDLA, Andhra Pradesh	India
S2-477219771	BANGALORE  EIIP	88 , BOREWELL ROAD, DESK NO. 210-T, OPPOSITE TO WHITEFIELD POST OFFICE, BANGALORE, Karnataka	India
S2-477328884	THE  CHOICE BSP	438 ZINNIA COURT, PO BOX 4549, MERCED, CA	US
S2-477533029	Private Intellectual & Brothers Limited	#505 SR NO 163. PL NO 12, HAVELI, Maharashtra	India
S2-477566063	human rights rights institute	AL, 1961-A Woodridge Rd, TUSCALOOSA	US
S2-478435478	Synbrix	1125 GRATN AVE, ROCKFORD, IL	US
S2-479065796	Ear Nose & Throat	5419 NINTH SAINT, ALBUQUERQUE, NM	US
S2-479284940	M/s Cs & Co	407, PUKHRAJ CORPORATE, OPP. NAWLAKHA BUS STAND NEAR PRASHANT HOTEL, INDORE, Madhya Pradesh	India
S2-479378836	Petty Virtus of Center	#1000 BLACKENHURST LN, ALLEN, TX	US
S2-479672062	ऑल मार्केटिंग प्राइवेट लिमिटेड	302 2ND FLOOR, BHERA ENCLAVE, PASCHIM VIHAR, NEW DELHI, WEST DELHI, Delhi	India
S2-479874350	Ab System Private Ltd	H-69  UGF CONNAUGHT PLACE, NEW DELHI, Delhi	India
S2-480032794	Kinston Communities-Ltd	3449 DANFIELD DRIVE, KINSTON, NC	US
S2-480194426	Cardiology Medicine L.L.C.	440 RHODE ISLAND AVENUE, WASHINGTON, DC	US
S2-480239938	C0LONIAL TRUST	43 CROCKER AVENUE, TISBURY, MA	US
S2-480254318	harris, genevieve h., p.a., m.d., p.c.	ACUSHNET AVENUE, NEW BEDFORD, MA	US
S2-48070460	PRIVATE LUMA INDIA LIMITED	127/296 W-1 SAKET NAGAR KANPUR, UTTAR PRADESH, KANPUR, Uttar Pradesh	India
S2-480806723	Cb Marketing Private Límited		India
S2-481044955	agarwal landscapes private limited	MANASI, 4/5, ANANNKETAN SOC., KARVENAGAR, Maharashtra	India
S2-481046975	Infra Rao Glsonbsf Limited | www.infrarao.com	1/217A, KALLAYIVALAPPIL HOUSE, THALAPILLY, Kerala	India
S2-48107088	ID Nippon Service	129 HARDAWAY PT, CLAYTON, NC	US
S2-48120151	Orthopedic Partners	10595 MT PROSPECT RD, NEW KENT, VA	US
S2-481366303	Young (India) Cotrctoeins Private Limited	Haryana, H.NO 45-26 DLF PHASE 4, HIBISCUS MAIN, DLF QE	India
S2-481459118	Dermatology National [Center]	MAIN STREET, ME, HANOVER	US
S2-481491752	PRIVATE VITRAG SERVICES LIMITED	7, KIRTIBUS MUKHERJEE, ROAD, KOLKATA, CALCUTTA, KOLKATA, West Bengal	India
S2-481800300	Pediatric Dentistry  Inc	4068 OPAL ST, NATRONA, WY	US
S2-482400830	శివం బిల్డర్స్	FLAT NO. N1, HYDERABAD, Telangana	India
S2-483119961	footankleclassic.com	SAN MARCOS DR, APACHE JUNCTION, AZ	US
S2-483300875	LEGACY CHIANG LLC	1305 UNIVERSITY AVE, WAUKEE, IA	US
S2-483427215	Vsn Advisors Limited-Center	##1 , GROUND FLOOR, HARIHAR NIWAS, BESANT STREET, SANTACRUZ (W), MUMBAI, Maharashtra	India
S2-483859660	Regional Line	6213 EDGEWARE RD, HAMPDEN TOWNSHIP, PA	US
S2-484487270	Premier Brown Corporation	3542 ARCHITECT AVE, MN, MINNEAPOLIS	US
S2-485125889	Hale Algonquin	124 TOWERGATE DRIVE, OFALLON, MO	US
S2-485368708	Hari Partners		India
S2-485592522	Gonzalez Partners	00942 HANK AARON DR, ATL, GA	US
S2-485802307	सदर्न ब्राइट प्रॉपर्टीज प्राइवेट लिमिटेड	NO B3/324 FLOOR-GRD, MUMBAI, Maharashtra	India
S2-485936525	TRANSFORMERS & BROTHERS CTA	PLOT 13  303, HIMLAND HOUSE, D-5, KARAMPURA COMMERCIAL COMPLEX, NEW DELHI, Delhi	India
S2-486098610	Hurley, Cathee, Do	25 CEDAR CIRCLE, STAMFORD, CT	US
S2-486325875	jaybusiness.com	NO. 392 C/O RAJ KUMARI DEVI W/O ANUP RAJ YADAV MOHANPUR, PUNAICHAK, NEW CAPITAL, PATNA, Bihar	India
S2-486549862	Professional Wealth	02404 3ND ST, WASHINGTON, DC	US
S2-486855874	Associated Environmental	OSHOSH, WI, 2324 44	US
S2-487033969	Pioneer Iron Works	5617 HORSESHOE WAY, FONTANA, CA	US
S2-487365381	CITY OF EL PASO HARBOR APEX  CORP	10320. Montwood Drive, EL PAO, TX	US
S2-487620017	Jessie'S Summit Motors Group	MOSES LAKE, 1425 CRAIG STREET, WA	US
S2-48775726	Nova LLC	4061 MARKET STREET, SALEM, OR	US
S2-487802918	ॐ लॉजिस्टिक्स प्राइवेट लिमिटेड	309. 3RD FLOOR PLOT NO.2, DELHI, SOUTH WEST DELHI, Delhi	India
S2-488046128	சில்வர் கன்சல்டிங் பிரைவேட் லிமிடெட்	TIRUPPUR, தமிழ்நாடு, 9-10/41-42 ELANGO NAGAR 2ND STREET, P N ROAD, COIMBATORE	India
S2-48817210	Mr Sarvagya Brothers Limited	FLAT NO.4, GROUND FLOOR, TOWER NO. 22, PARAS TIEREA, GH-01, SEC-137, NOIDA, NOIDA, Uttar Pradesh	India
S2-488233906	GALAXY MANAGEMENT LTD	NO. 433 C/O AMBIKA PRASAD, VILL POST AUNHAR SHEKH PS MAJHAULIA, DIST. WEST CHAMPARAN, BETTIAH, null, Bihar	India
S2-488316674	New Delhi  Chits Corp	G - ##53 SARITA VIHAR, NEW DELHI, Delhi	India
S2-488475367	FAMILY  CENTER	5805 INDIAN TRACE, CITY OF MADISON, WI	US
S2-48866632	Gaytan Clear	7886 CYPRESS AVENUE, <NULL>, FONTANA, CA	US
S2-488837006	TOMPKINS AEGON LLC	6249 Argyll Pl, MISSOULA, MT	US
S2-489004366	Shri Equity Private Limited  Services	D NO. 3-6-504/A/2, SECOND FLOOR, HIMAYATH NAGAR, HIMAYATHNAGAR, Telangana	India
S2-489500341	Chhata Shiva Pvt Ltd	C/O KARAN PAL, GOVERDHAN CHORAH, CHHATA, Uttar Pradesh	India
S2-489971959	Economic Development	45 LAKE MIST DR, PIPERTON, TN	US
S2-489975561	ஸ்ரீ புரொட்யூசர் பிரைவேட் லிமிடெட்	NO 5 19TH STREET, CHENNAI, Tamil Nadu	India
S2-490232316	লক্ষ্মী কনসালট্যান্টস প্রাইভেট লিমিটেড	#147 C/O SUMIT SHARMA, UDAYPUR, RAIGANJ, DINAJPUR, UTTAR DINAJPUR, West Bengal	India
S2-490344105	HORIZON PRINTING LLC CENTER	##49 REDLAND ROAD, WETUMPKA, AL	US
S2-490663192	Empire Cómplete Acp (LLC)		US
S2-490821141	Bingham, Lyons Villa, Inc (Center)	49 TANKEGOOSEN RD, PO BOX 6342, VERNON, CT	US
S2-490989437	Jasso Reaolt, Inc (ID: 86727)	1988 WEBSTER CIR, CASEYVILLE, IL	US
S2-491159600	biomedicalcapitalfresh.com	2912 HAMILTON BOULEVARD, SIOUX CITY, IA	US
S2-491411370	sandersbaughmancruz.com	323 RIVERSIDE DR, ESSEX, MD	US
S2-491493619	Operating No Union Local Egbnitmelrs 149	6028D Meyers Landing Ct, FAIRFAX COUNTY, VA	US
S2-491675548	Dv College Corporation	8-408 , THIRD FLOOR, SHOPPRIX MALL, SECTOR 5, GHAZIABAD, Uttar Pradesh	India
S2-491846677	बिग टेक्नोलॉजी प्राइवेट लिमिटेड	A/302 CLASSIQUE CENTRE, 26 MAHAL INDUSTRIAL ESTATE OFF MAHAKALI CAVES ROAD, ANDHERI (EAST), MUMBAI CITY, MUMBAI, Maharashtra	India
S2-492071416	8hoomi Pvt Tradecom Ltd	HUNDRED FEET ROAD, GANDHIPURAM, COIMBATORE, Tamil Nadu, COIMBATORE, #136 A	India
S2-492165030	UNK  Realty	LEVEL A-2, A-4/42, PASCHIM VIHAR, NEW DELHI, Delhi	India
S2-492323667	रियल कंस्ट्रक्शन प्राइवेट लिमिटेड	C/O SHIV MANDIR, HISAR, Haryana	India
S2-492412167	मॉडर्न कंसल्टिंग प्राइवेट लिमिटेड	DOOR NO 127 21/301, DONERIA RAJ APARTMENT SURESH PLAZA, AGRA, M.G. ROAD, Uttar Pradesh	India
S2-492825310	JHS Battery,	302 DODGE ST, MOUNT HOLLY, NC	US
S2-49296907	LDN-Emarket Private	NO.70 RAJANARAYANA TOWERS 3 FLOOR, RACECOURSE, COIMBATORE SOUTH, Tamil Nadu	India
S2-493051152	private square trading limited	24, HEMANTA BASU SARANI, MANGLAM, A- BLOCK, R. NO. 201, KOLKATA, DALHOUSIE, West Bengal	India
S2-493205975	व्हाइट ग्लोबल प्राइवेट लिमिटेड	CD-242, PITAMPURA, NEW DELHI, Delhi	India
S2-493290276	Ferrify Vend0me Inc	2302 BRANSON LANDING, BRANSON CITY, MO	US
S2-493624048	Verafaye	124, THIRD FLOOR, INDORE, DAWA BAZAAR R.N.T. MARG, Madhya Pradesh	India
S2-493737057	Zetaariacalo	AMAR HILL, SAKI VIHAR ROAD, POWAI, MUMBAI, Maharashtra	India
S2-493903024	Vision Center of Farmers Branch  Care	TX, FARMERS BRANCH, 3301 GALLERIA PL	US
S2-494407778	Thane Nidhi Private	BLOCK G-607 F NO 313/314, GURU SHRUSHTI APT, H.M. ROAD, KALYAN EAST, PISWALI, THANE, Maharashtra	India
S2-494615324	Pvt Nagiya Krishna Ltd.	22/265 TALKUS BUILDING, PARAVUR, ERNAKULAM, Kerala	India
S2-495486053	Solutions Grace Network Private Limited	NO 4TH FLOOR, THE KODE BUILDING S.NO.134/1/38, C.T.S NO.2265 TO 2273 PASHAN BANER LINK ROAD, HAVELI, Maharashtra	India
S2-495815235	PHILBECK DIME	CLEAR LAKE CITY BLVD, WEBSTER, TX	US
S2-496079756	அர்பன் மேனேஜ்மெண்ட் பிரைவேட் லிமிடெட்	COIMBATORE, Tamil Nadu, COIMBATORE, METTUPALAYAM ROAD G N MILLS POST, NO 54	India
S2-496283299	ब्लैक बिजनेस लिमिटेड	FIRST FLOOR B-4 HAIR BHUVAN, ZAVER ROAD, MULUND WEST, MUMBAI, Maharashtra	India
S2-496328612	-- Remedy Traders Private	SHOP NO.2, SINDAGI ROAD, BIJAPUR, SHANTAGANGA COMPLEX, INDI, Karnataka	India
S2-496380591	P 6 O Communities [LLC]	08 MANHASSET RD, CHARLOTTE, NC	US
S2-496557831	QUIRINO & SKIDMORE MCKINLEY	001889 HART ST, RIDGEWOOD, NY	US
S2-496938068	AMERICAN COUNCIL INC.	1264 RIVER DRIVE, DEWEY CITY, AZ	US
S2-49696550	Hetrick Ford LP Center	55 CLINTON STREET, SENECA FALLS, NY	US
S2-497277606	Shrinidhi Ltd	F, NO-810 & 811, 8TH FLOOR, MANJEERATRINITYCORPORATE, TIRUMALAGIRI, Andhra Pradesh	India
S2-497280540	SYNFLONET  GROUP	5600 -132C OCEAN FRONT AVENUE, VIRGINIA BEACH, VA	US
S2-497318031	Sybil B Graves CPA PC	17039 124TH AVE, RENTON, WA	US
S2-497549106	INC BARMAN ENERGETICS,	DAVENPORT PATH, PO BOX 1594, ROSEMOUNT, MN	US
S2-497587957	Goodrow Índustries		US
S2-497689768	Guerrero Santander		US
S2-497798673	Fluxlum	2140. OAKCREST LANE, PROVO, UT	US
S2-498105879	Labs Beverages	HN 852- ED-24 RAJ DANGA MAIN RD, KOLKATA, KOLKATA, West Bengal	India
S2-498172900	ਓਮ ਫੂਡਜ਼ ਪ੍ਰਾਈਵੇਟ ਲਿਮਟਿਡ	H.NO 142 59, ANANDPUR SAHIB, RUPNAGAR, Punjab	India
S2-498196063	ACE AEROSPACE SÉRVICES	2169-2171 SAGECREST LOOP, RIO RANCHO, NM	US
S2-498288097	*** BHOOMI TANDEOM  PVT LTD	NO 136 A, HUNDRED FEET ROAD, GANDHIPURAM, COIMBATORE, தமிழ்நாடு	India
S2-498322747	RALEIGHDIRECTSUNSHINE.COM	59TH STREET, SEATTLE, WA	US
S2-49850640	C A Evans Nóble Co	1611 WINDSOR WOODS BOULEVARD, FORT WAYNE, IN	US
S2-498910744	The Rebbecca's Family Practice	#2514 Messick Drive, GOHSEN, IN	US
S2-499049904	5mall, Maggy Procap	26 ROUSSEAU ROAD, WINDHHAM, ME	US
S2-49925078	CARDIOLOGY ASSOCIATES OF  NEWTON INC	NEWTON, WICKSBURG RD, AL	US
S2-499432564	Tompkins Aegon LLC	6249 ARGYLL PL, MISSOULA, MT	US
S2-499747271	Wilkinson LLC Services	CARPENTER RD, PMB 1736, SNOHOMISH, WA	US
S2-500051383	Almighty Technologys (India) Private Ltd	A 4, SECOND PORTION, PUSHPANJALI FARM ROAD VILLAGE VIJWASAN, NEW DELHI, Delhi	India
S2-500124057	Royal Developers	S.F. 19, A.P.M. MALL, NR. PETROL PUMP NR. SHUBHLABH SOC, SUN & STEP CLUB, SOLA, ROAD, AHMEDABAD, Gujarat	India
S2-500315890	Wheeler's Therapy #73831	180 WALLACE RD, NASHVILLE, TN	US
S2-500537857	Ch Clinic	NO 415 , 13TH CROSS, G BLOCK, DATTAGALLI BADAVANE, MYSORE, Karnataka	India
S2-500818259	Eilis's  Engineering	5034 COTTONTAIL WAY, FONTANA, CA	US
S2-500847490	Colonial LLC [Service]	LOCKPORT, 316 LAURIE DRIVE, IL	US
S2-501107506	Center Sanchez Cornerstone LLC	1463- 44 STREET, BROOKLYN, NY	US
S2-501217318	Kalyani-Satrnd	50-13-25/54 SEETHAMMAPETA, VISAKHAPATNAM, Andhra Pradesh	India
S2-501359150	LLC Garciaperez Fusion	345- OAKLAND STREET, MANCEHSTER, CT	US
S2-501532384	Clean Wealth Associates Corp	MT, HUNGRY HORSE, 218 1th Ave	US
S2-501612987	VBO Atlantic Software,	62 RANIA WAY, WEST FARGO, ND	US
S2-501697596	Direct Heritage Velos	TX, HOCKLEY, 28515 GREAT CANYON DRIVE	US
S2-501866869	एस यूनिक इंफ्रा एलएलपी	S-126, DELHI, SOUTH DELHI, दिल्ली	India
S2-501907327	SMARTMANAGEMENT.COM	FLATNO.201, D.NO.562/2-12, H I G HOUSE, BANGAMORE NORTH, ಕರ್ನಾಟಕ	India
S2-502003054	VALLEY ALLIANCE LLC	1234 PIMPERNELL PATH, MIDDLETOWN, DE	US
S2-502229368	NOES - 2498253857	3333 ELM HILL DR, WARREN, OH	US
S2-502263154	Snlltot's Spa	OH, 3577 JASPER ROAD, NEW JASPER TWP	US
S2-502644457	CHOICE ATLANTIC POLESTAR	17721. COUCH STREET, PORTLAND, OR	US
S2-502706205	Herman Inc Safe	253 90TH PL EAST, TULSA, OK	US
S2-502732787	Star Energy Ltd	MNIT CAMPUS, JLN MARG, JAIPUR, JAIPUR, राजस्थान	India
S2-502812597	Mcdaniels and Piasecki Ltd	720 PACIFIC AVENUE, PORTSMOUTH, VA	US
S2-502921707	Mach Trading Private Límited		India
S2-502994045	Exports Ahmedabad of Armour	8-10-G, AHMEDABAD, Gujarat	India
S2-503278727	Vaughn, Martino and Aiello Consultants	320  FOLEY ST, SULLIVAN, IN	US
S2-503381842	Peacock Trust	2-10-309/2/6 PRASANHTINAG, HANAMKONDA, Andhra Pradesh	India
S2-503908074	SKYWALK ÍMPEX PRIVATE LIMITED	H.NO 730 C/O SH.VEER SINGH, BASAI, NOIDA SEC-70, NEAR M-BLOCK, NOIDA, उत्तर प्रदेश	India
S2-504459617	ಏಸ್ ಕನ್ಸಲ್ಟೆನ್ಸಿ ಎಲ್ಎಲ್‌ಪಿ	NO 1, BANGALORE, BENGALURU, Karnataka	India
S2-504886282	The Huggins Commerce | www.thehuggin.com	UNDERWOOD DRIVE, REDDING, CA	US
S2-504924278	alliedcompanies.com	#1 DEAN PL, POUGHKEEPSIE, NY	US
S2-505027039	Tessi E. Ps,m D.C., P.C.	04337 191ND ST, CLEVELAND, OH	US
S2-505101886	ராஜ் கன்சல்டன்சி பிரைவேட் லிமிடெட்	KRM PLAZA, REGUS NO.2, HARRINGTON ROAD. CHETPET, 8TH FLOOR, CHENNAI, Tamil Nadu	India
S2-505105179	Romer-Era L.L.C.	6337. 3570, WEST VALLEY CITY, UT	US
S2-505186857	James PC Center	920 Riptide Lane, CAROLINA BEACH, NC	US
S2-505379864	Youth Network	CHESAPEAKE CITY, VA, 405- VENTOSA DR	US
S2-505391741	*** COMPLETE XCEL, XCEL, LLC [CENTER]	76-78 WATCH HILL, BERLIN, CT	US
S2-505459302	लक्ष्मी कंस्ट्रक्शन प्राइवेट लिमिटेड	VILLAGE - PARASPUR, POST-PARASPUR, GONDA, GONDA, उत्तर प्रदेश	India
S2-505472362	Joy's Déntal	TX, GRANBURY, #9319 LONGWOOD DR	US
S2-505685597	E 2 P Wen Center (Inc.)	15021 ASHWOOD CIRCLE, HUNTSVILLE, AL	US
S2-50574296	VOP (Étf)	104 ASHWOOD RD, PO BOX 5197, RICE, VA	US
S2-5062742	ஹரி கேர் பிரைவேட் லிமிடெட்	NO 2/381C SENJERI BYPASS, PERAMBALUR, Tamil Nadu, PERAMBALUR	India
S2-506377313	Intellectual & Brothers Private (Limited)	#505 SR NO 163. PL NO 12, LOTUS RIDDHI, UNIT 40, HAVELI, Maharashtra	India
S2-506544694	Daffie Botelho, (D.O.,)	480 BARBER LOOP, PMB 2907, MOORESVILLE, NC	US
S2-506595509	Veterans Society	409 CENTRE STREET, LOAMI, IL	US
S2-506661238	Sweet Cafe!	6169 PARK LANE, PARK CITY, UT	US
S2-506731445	Preferred Peak  Enterprises LLC	4512 TEXOMA PL, MOORE, OK	US
S2-506823028	Nguyen 5pace | www.nguyenspa.com	004850 79, HARPURSVILLE, NY	US
S2-506878557	Neelam Association	ANOKHE LAL 52 NAGLA SETH, FARRUKHABAD, Uttar Pradesh	India
S2-506941805	Babara Wmors Silver LLC	MILL CREEK EAST, WA, 18728 39th Drive	US
S2-507190615	Smith National Supply Incorporated	30 HESS LANE, ROSEBURG, OR	US
S2-507287370	IMOJEAN BOYD SIGNATURE CHINA INC	29W 270 FOREST AVENUE, WEST CHICAGO, IL	US
S2-507404002	Sri Transworld (Digital)	A - 1, SWETA DUPLEX, RADHA SWAMI ROAD, RANIP, Gujarat	India
S2-507750810	Surat City Pharmaceutical Private Limited	H.NO 12/837 GR. FLOOR, BHAVNAGRI SHERI, SURAT CITY, Gujarat	India
S2-507795851	FIRST GOLDEN CONCEPTS LTD	36 BARSTOW RD, GREAT NECK, NY	US
S2-508510723	4174 Second-Lane Company	1954 TUCKER GULCH RD, PO BOX 624, HELLENA, MT	US
S2-508663879	Wortham Scíentific LLC	255 CLAYBOURNE AVENUE, SALT LAKE CITY, UT	US
S2-508973032	healthvalleycharities.com	4 HILLTOP DR, PITTSFORD, NY	US
S2-509013322	ஈஸ்டர்ன் கன்ஸ்ட்ரக்ஷன்ஸ் பிரைவேட் லிமிடெட்	NO A-445 36A/12, KHAN PALAYAM, 4TH STREET, MADURAI NORTH, MADURAI, Tamil Nadu	India
S2-509426356	Fulkerson Fresh Gen Associates Ltd	640 61 STREET, PO BOX 1619, BROOKLYN, NY	US
S2-509536025	ZEPHNEXTAVO	9791-D CARMENCITA AVE, VINEYARD, CA	US
S2-509580574	flint.com	03123 BROAD STREET, RICHMOND CITY, VA	US
S2-509634775	हाई एनर्जी प्रा. लि.	H.NO-492, AURANGABAD, Maharashtra, AURANGABAD	India
S2-509907798	Kpr Info Private Ltd	Gujarat, 4524/2 , PHASE IV, GIDC ESTATE, MEMDABAD ROAD, DASKROI	India
S2-510042048	Sangameshwar Brothers	PRESTIGE TRADE TOWERNO.46, 23RD FLOOR PALACE ROAD, BANGALORE NORTH, Karnataka	India
S2-510115580	Jk Private Limited Services	#3 RAJ PALACE CTS NO. 862, PLOT NO. 208, SHIVAJINAGAR, PUNE CITY, Maharashtra	India
S2-510120358	tristatemedical.com	1923 61ST STREET, GALVESTON, TX	US
S2-510160152	5hakti  Infra Private Limited	H.NO 51/2 C/O JAGABANDHU MONDAL, VILL- MIRZAPUR, NORTH 24 PARGANAS, SETHPUR, West Bengal	India
S2-510278810	UNIFIED HOSPITALITY INNOVATIONS		US
S2-510314780	M/s ROSE INFOCOM PRIVATE LIMITED	PLOT NO. 4190 DHABAI JI KA NOHARA, SANGANERI GATE, JAIPUR, Rajasthan	India
S2-510427497	W 6 DIAMOND VIRGINIA	3122 CHATEAU AVE, ROSEBURG, OR	US
S2-510783646	STACI JACOBO  ALLIED CONSTRUCTION CLINIC LP	800 2 ST, CITY OF ALMA, WI	US
S2-510938652	The Edenfield Commodity	2168 HITCHING POST LN, SCHAUMBURG, IL	US
S2-511519416	South ডেভেলপারস Private Limited	CHANDIGARH MATHPARA POST GANGANAGAR, KOLKATA, West Bengal	India
S2-511643961	यूनिवर्सल वेंचर्स लिमिटेड	2 SHAHEED PARK, ETAH, Uttar Pradesh	India
S2-511669179	Barker Veterinary Clinic P.C. Board	#27660 GIBRALTER LOOP, EUGENE, OR	US
S2-511784550	Colonial Citizens (LLC)	316 LAURIE DR, LOCKPORT, IL	US
S2-511871895	M/s Big Key Pvt.	F N9 SN5/10 SOMESHWARWADI, SAHADEO AVENUE PASHAN, PUNE CITY, Maharashtra	India
S2-511887996	ISQ Fíve	EUTAW, 0044 WAYNE DR, AL	US
S2-511904113	शिवम इम्पेक्स प्राइवेट लिमिटेड	PUNE, 2ND FLR, SATSANG APTT, B J ROAD, MH, PUNE, NO 839 FL NO. 4, Maharashtra	India
S2-511952059	-- GREEN (ISLANDS)	NITRO, WV, MAIN AVE	US
S2-512114912	ઇનોવેટિવ હોસ્પિટાલિટી પ્રા. લિ.	##466 FF-14 SHREENATH AVENUE NR, IIRA INT. SCHOOL BHAYLI, VADODARA, Gujarat	India
S2-512569908	M & M Cómmerce LLC	IVY DR, LIBERTY HILL, TX	US
S2-512638913	beltran innovative muniyield llp	451 ARDMORE AVE, VILLA PARK, IL	US
S2-512865236	Inc Medicine Select Internal	4579 BEAR PATH RD, MUNNSVILLE, NY	US
S2-513539427	VALUE [NÚTRITION]	403, BONNOTS MILL, MO	US
S2-513582646	Behavioral Health Unified Associates Llc		US
S2-513686624	WEST CLEAN	FREDERICKSBUR GCDP, 12839 1/2 MILL RD, VA	US
S2-513887841	Center Halcola PC	SAINT PAUL, MN, 12B ORIOLE LANE	US
S2-514004063	Urology (Cfdre)	VIRGINIA BEACH CDP, 505. ARAGONA BOULEVARD, VA	US
S2-514031004	Gokula Gokula Serdiest Pvt Ltd	SHOP NO.2 LAXMINAGAR, OPP. GOPALNAGAR SCHOOL, AHMADABAD CITY, ગુજરાત	India
S2-514131258	Continental Mdiane, Inc	1801 MERIDIAN STREET, PMB 1430, NASHVILLE, TN	US
S2-514237288	Arts Mnimtshes P.C.	5790 HUGHES RD, GALENA, OH	US
S2-514444327	Aggy Trujillo Royal Sab Inc	519-D PINEVILLE RD, STATESVILLE, NC	US
S2-514469485	Helihts PC	1145 CHURCH ST, JESUP, IA	US
S2-515165255	The Western Octave Inc	9503 MILSTEAD DRIVE, BETHESDA, MD	US
S2-515356085	Ltd TZO Comnenst	BASEMENT SHOP 3, PRAJKT PRIDE, REVENUE COLONY, SHIRUR, PUNE, महाराष्ट्र	India
S2-515535985	Anamika Brothers Pvt	24/2., SOUTH MADA STREET MYLAPORE, CHENNAI, தமிழ்நாடு	India
S2-51555053	FX Prdóuer Pvt. Ltd.	Kerala, C1-2/1125, SABARI ENCLAVE, BPL JUNCTION, KOOTTUPATHA, PALAKKAD	India
S2-515628895	Sheba Ptesimchds  Ltd	2/395-21, KANNAPPAN NAGAR, KATTIGANPALLI, KRISHNAGIRI, KRISHNAGIRI, Tamil Nadu	India
S2-515944275	Myrtia Ray, MD, PC	210 FIFTH STREET, MARSHFIELD, WI	US
S2-515963441	AH Agro Private	HN 109/7 SITE NO. 4, GOLDEN INDUSTRIAL LAYOUT KANIYUR VILLAGE, COIMBATORE, Tamil Nadu	India
S2-516118253	CRYSTAL CLBOD GROUP	325 EUCLID AVENUE, SIOUX FALLS, SD	US
S2-516163035	Agro Innovative Infrastructure Private  Limited (ID: 59611)	DOOR NO 0920 C/O-GOPAL PATIL DWARKA, NAGAR PIMPLE ROAD, AMALNER, महाराष्ट्र	India
S2-516339815	Shaw Giovanna DDS	#679 HALSEY AVENUE, MN, BUFFALO	US
S2-516723593	Limited Greens Dereltopment	DOOR NO 2/15, DINDIGUL, SHANARPATTI, தமிழ்நாடு	India
S2-51704406	adhesivesprivatejyotiba.com	NO 2, SRIPERUMBUDUR, KANCHIPURAM, Tamil Nadu	India
S2-517469621	WYQ Services Pvt-Ltd	380 ASWINI DUTTA NAGARHINDMOTOR, HOOGHLY, পশ্চিমবঙ্গ	India
S2-517737342	Deese LLC Services		US
S2-518079811	CAPITAL FRESH BIOMEDICAL INC.	2912 HAMILTON BLVD, SIOUX CITY, IA	US
S2-518097892	Mr Exim Marketing Private Ltd	NO. 25, 1ST FLOOR, 4TH MAIN ROAD, INBETWEEN 2ND & 3RD CROSS, CHAMARAJPET, BANGALORE, Karnataka	India
S2-518180138	highlandcharities.com	77 MONTAUK HWY, NY, BROOKHAVEN	US
S2-518215235	Rapid National Made Inc	AMARILLO, 3202 TRIGG STREET, TX	US
S2-518407282	Pioneer Semiconductor Holdings	2522 SIXTH ST, MISHAWAKA, IN	US
S2-518443780	Shelton Deintel Associates LLC	1501  NORTH AVE, MELROSE PARK, IL	US
S2-519047819	reus idaho company	31 GUILLEMETTE STREET, SANFORD, ME	US
S2-519362021	ghosh consultancy limited	Madhya Pradesh, MIG II 552, CHIRAHULA COLONY WARD NO - 44, REWA	India
S2-519496063	Rajaram Support Piirvtae Limited	Uttar Pradesh, SALAVA AGWANPUR, MORADABAD	India
S2-519500095	Apex  Center	4 HILLSIDE CT, ATHENS, NY	US
S2-519718887	Agarsen Memorial [Trust]	C 104, ASHIRWAD PARK B/H KRISH HOTEL, OPP. PANJARA, VASTRAL, AHMEDABAD, Gujarat	India
S2-520067336	Complete Total Flag	#800 DIGHTON LANE, PMB 4919, SCHAUMBURG, IL	US
S2-520191875	Sri Ram Premises Private-Limited	RUPANTAR BUILDING, 89 JESSORE ROAD, 2ND FLOOR, DUM DUM PARK, পশ্চিমবঙ্গ	India
S2-520545633	QON Osprey	1421 KENSINGTON BLVD, BOWLING  GREEN CITY, OH	US
S2-520803507	Oncology Better Care LLC	406 WHITTIER AVENUE, PMB 1442, MERRICK, NY	US
S2-520918725	Safe Environmental	334 WAGON TRAN RD, MC RAE, AR	US
S2-521267627	Rhetta's  Heatal	4210-B PIMLICO RD, BALTIMORE, MD	US
S2-521365226	Bhayani Conuhtincy Pvt Ltd	ANITA PANDURANG PATIL COLUMBIA C 204 CASA RIO KALYAN SHIL ROAD LODHA PALAVA GHESAR VIL, LAGE NILJE, MUMBAI, महाराष्ट्र	India
S2-52169617	Cdgliione Bsp	438 ZINNIA CT, PO BOX 4549, MERCED, CA	US
S2-521753185	COEX INC	4679 ABBERTON DRIVE, GREENWOOD, IN	US
S2-521770382	ড্রিম সলিউশনস প্রাইভেট লিমিটেড	42 DR R C BANERJEE LANEP O ASANSOL, BARDHAMAN, West Bengal	India
S2-521967779	Transformers & Brothers Care Co	PLOT 13  303, HIMLAND HOUSE, D-5, KARAMPURA COMMERCIAL COMPLEX, NEW DELHI, Delhi	India
S2-522052970	DIAMOND PACKAGING INNOVATIONS	3000 TILDEN STREET, WASHINGTON, DC	US
S2-522175020	KERISOFT LLC	161 R Street, SACRAMENTO, CA	US
S2-522197637	Fu, Emmert Perkins & (Oaktree)	1708 MOUNT HOOD ST, THE DALLES, OR	US
S2-522587500	Blossoms Spcis	NO. ##21 , MAHATMA GANDHI ROAD (OPP: INCOME TAX BUILDING), NUNGAMBAKKAM, CHENNAI, Tamil Nadu	India
S2-52265545	Hurley, Cáthee, DO	25 CEDAR CIRCLE, STAMFORD, CT	US
S2-522891341	HOWARD HOLDINGS GROUP SERVICE	CHICAGO, IL, PO BOX 7391, 6318 RAVEN STREET	US
S2-522952035	Northern Custom East,	132 COONTOWN MOUNTAIN RD, EDMESTON, NY	US
S2-523040570	Lizette's Publishing	MAIN ST, NULL, BOCKTON, MA	US
S2-523113512	@mórganentergy	616 BELFORTE BOULEVARD, HSB LLANO CO, TX	US
S2-523287186	Chiropractic Mhdliine	242 GODFREYS LN, HERTFORD, NC	US
S2-523332136	Village  Of Somers Community	TWELFTH STREET, KENOSHA, WI	US
S2-52372336	Travis Aimei-LLC	331 1/2 RAILROAD ST, LOVINGTON, IL	US
S2-524051596	CASTILLO STHARD LLC	1564-1568 GULF ST, UNIONTOWN, OH	US
S2-524216088	CHESNEY MESRIDAN LP	505 HARVEST HILLS DRIVE, WOODBINE, IA	US
S2-52423327	Castillo Castillo Stándard LLC	1564-1568 GULF ST, LAKE TWP, OH	US
S2-524514857	శివ్ ఎంటర్‌ప్రైజెస్ ప్రైవేట్ లిమిటెడ్	C/O.TEJA SEEDS AND PESTICIDES, KRISHNA, RENTACHINTALA, Andhra Pradesh	India
S2-524554486	Dermatology Royal Cáre Associates Associates Inc	6606 PRINCESS CIRCLE, <NULL>, WAPPINGERS FALLS TOWNSHIP, NY	US
S2-524713333	esteemtrust.com	#2 KAIBARTAPARA BABURANI PARA PART BHATAPADA JAGADDAL, PARGANAS NORTH, West Bengal	India
S2-52490238	932p1umberslocalcom	15 SIXTH ST, PMB 8319, MISSOULA, MT	US
S2-52522929	Pacific  Pacific Communications	##3294 30ST TER, TOPEKA, KS	US
S2-525249842	CORNERSTONE-INC	127-129 HILLCREST RD, MAGGIE VALLEY, NC	US
S2-525784117	Quoquodova	H.NO 007 B BLOCK VASU LAYOUT B1 DATTAGALLY, MYSORE, Karnataka	India
S2-525784164	Burrell Best Silverbox	HICKORY HOLLOW ROAD, CHESTERFIELD, VA	US
S2-525997652	Rampur Machinery-Limited	Uttar Pradesh, NO 25 TEHSIL SWAR, MOHALLA KASHIPUR SUAR, RAMPUR	India
S2-526135	क्रिएटिव इंफ्रा प्राइवेट लिमिटेड	D-301, PLOT NO.1, OM SATYAM APARTMENT SECTOR-IV, DWARKA, WEST DELHI, NEW DELHI, Delhi	India
S2-526138420	2677  First Road	10403 WAGON TRAIL RD, HOUSTON, TX	US
S2-526218184	kaitlynsconstruction.com - 5506107414	321 Florence Ave, SYRACUSE, NY	US
S2-526623966	Lyndel Mdillmr First Runway LLC	ROCKWOOD PL, ARMONK ITY, NY	US
S2-526773465	Gokula Services Pvt (Ltd)	SHOP NO.2 LAXMINAGAR, OPP. GOPALNAGAR SCHOOL, AHMADABAD CITY, Gujarat	India
S2-526839294	oncologypioneerphysicians.com	12066 SHOTGUN LN, <NULL>, SPARTA, IL	US
S2-526895027	गोल्डन प्रोड्यूसर प्राइवेट लिमिटेड	C-38 F/F, GALI NO-13 MADHU VIHAR, NEAR HANUMAN MANDIR, EAST DELHI, OFFICE NO-9/3, दिल्ली	India
S2-526900093	cummings álto center	123 CO RD 15 A, RAYLAND, OH	US
S2-527154008	vision health	329-333 SERENO DRIVE, CITY OF EL PASO, TX	US
S2-527565372	Lans Conductors Private	C/O SANGAMESHWAR MOTIRAM PATIL MUKHED MUKHED TQ. MUKHED MUKHED, NANDED, Maharashtra	India
S2-527670990	हाई एनर्जी प्रा. लि.	Maharashtra, AURANGABAD, H.NO-492, AURANGABAD	India
S2-528549843	Proper, Carlile and and Kléinhans	COLUMBIANA LISBON RD, COLMUBIANA, OH	US
S2-528764040	Casci0 First Energy [Inc]	1661 STARK DISTRICT RD, SAINT JOHNSBURY, VT	US
S2-528841962	जय बिजनेस प्रा. लि.	NO. 187 C-1101 TOWER C, GURGAON, हरियाणा	India
S2-528984513	First Ministries LLC	07224 250, GREENFIELD, IN	US
S2-529370845	X Z & M-Intercontinental	3235 WOODBROOK COURT, TX, IRVING	US
S2-52938642	Horizon Wellness Partners Llc	18 A GROVE STREET, ARLINGTN, MA	US
S2-529399902	Cascade Trust  Rogers	5038 WINSTON CT, ROGERS, AR	US
S2-529433358	Uptown Hypnlsis!		US
S2-529671730	High Energy Pvt	महाराष्ट्र, H.NO-492, TAKLI (A) TQ.PAITHAN, AURANGABAD	India
S2-529876207	ALBINA LI INETRNALIONAL PLLC	OH, COLUMBUS CITY, 120 BROOKWOOD PLACE	US
S2-530030380	Awadallah Family	2261 ST VINCENT AVE, LASALLE, IL	US
S2-530044417	ईस्ट प्रोड्यूसर प्राइवेट लिमिटेड	##81 UNIT NO 503, 5TH FLOOR, SIGNATURE TOWER DC-2, LAL KOTHI SCHEME, DISTRICT SHOPPING, CENTRE, JAIPUR, TONK ROAD, राजस्थान	India
S2-530154398	LT Ltd Services	22/1 T.B ROAD, BHARATHIDASAN SALAI, MADURAI, <NULL>, Tamil Nadu	India
S2-530156492	HAMPTON CITY  NETWORKS	Ferncliff Dr, N/A, HAMPTON, VA	US
S2-530281151	Vision Care of Klamath-Falls	584 OLD MIDLAND ROD, KLAMATH FFALLS, OR	US
S2-530455006	ARTS  MINISRISE P.C.	5790 HUGHES ROAD, GALENA, OH	US
S2-5304756	Dia, Inc	0675 BROOKBEND COURT, WAXAHACHIE, TX	US
S2-530607683	MAID AUTO BODY  CORPORATION	203A COLD SPRING RD, STAMFORD, CT	US
S2-530795636	Smt VIOLA-NURSING HOME	01 , OSHO DRIVE GADAIPUR ROAD, NEW DELHI, Delhi	India
S2-531004162	Sai Brands Private	NO 96 6-3-586/1, GANDHI THATA NAGAR(G T NAGAR), NAMPALLY, Telangana	India
S2-531821661	INCORPORATED MANLEY RELIABLE ASSOCIATION,	BEAUMONT, TX, 13385 MOSS HILL DRIVE	US
S2-532210494	Value Creative Technlaogies Clinic	2311 GARNET DR, TX, AMARILLO	US
S2-532233182	Aurium  Velos	1199 ROSEWOOD DR, CENTERVILLE, TN	US
S2-532347678	>> PEDIATRIC DENTISTRY DESERT CLNINIC LLC	2958 GREENWOOD AVENUE, ONTARIO, CA	US
S2-532448975	Eye Apex Inc [Spécialists,]	3742-D 7, WAYLAND, KY	US
S2-532541174	LITTLE  SECURE	Kerala, BUILDING NO. IX - 453, SOUTH OF KDM BRIDGE KALAVAMCODAM P O, VAYALAR EAST VILLAGE, CHERTHALA	India
S2-533054080	Bingham, Lyons & Villa, Incorporated	49 TANKEROOSEN RD, PO BOX 6342, VERNON, CT	US
S2-533100810	रॉयल Business Private Limited	KHESARI NO 319, MUZAFFARPUR, KHATA NO 100, Bihar	India
S2-533382419	EASTDIANA.COM	#1113 MURFREESBORO RD, FRANKLIN, TN	US
S2-533448274	Kautilya Company Service	1/357, SREE KARTHIGAI LAKSHMI NAGAR, THUVARIMAN, MADURAI, தமிழ்நாடு	India
S2-533545280	CHENNAI ENGINEERING LIMITED PRIVATE	C/O. IIT MADRAS RESEARCH PARK, A-01 FA, I FLOOR, KANAGAM ROAD, TARAMANI, CHENNAI, தமிழ்நாடு	India
S2-533731798	SY MUIYESED PLLC	533 Riviera Dr, WASHINGTON, IN	US
S2-533735008	5EVEN GLOBAL PVT LTD	S.NO.40, DIGAMBAR NAGAR, PUNE CITY, PUNE, Maharashtra	India
S2-533978208	Valdez Pyrophyte Llc		US
S2-534126090	ESTEEM TRÚST	NO 2 KAIBARTAPARA BABURANI PARA PART BHATAPADA JAGADDAL, PARGANAS NORTH, West Bengal	India
S2-534279441	The Cozy Auto Body Inc	2446 MAN ST, PMB 9936, MA, BARNSTABLE	US
S2-534332374	Rosalind B. Hernandez, DPM LLC	15-17 QUINCY CLOSE, RIDGEFIELD, CT	US
S2-534558740	Sri Digital International Private	SHOP NO. 7, PLOT NO 1, GF, ROYAL COMPLEX, GONDAL, Gujarat	India
S2-534878690	capps and pangan m0rtgage partners	1262 HARRISON RD, MURFREESBORO, TN	US
S2-534918266	Satin Cmultancy	#13-B , VITHALBAUG, BAMBHNIYANI VADI VIDYANAG, BHAVNAGAR, Gujarat	India
S2-535155632	Moriarty Shipping	9 WOODLAND AVE, RENSSELAER, NY	US
S2-535234616	Reliable Services Private  Limited	#0042 VILL HARHARIA PO ISLAMPUR PS ISLAMPUR, MURSHIDABAD, West Bengal	India
S2-535397462	Nevarez Labarge and Woods Horse LLC	RALEIHG CDP, 5540 ATLANTIC CROSSING DR, NC	US
S2-535624502	स्मार्ट ट्रेडिंग लिमिटेड	W/O MR. RAJIV JOSHI 44., NEW DELHI, WEST DELHI, Delhi	India
S2-5356410	Cozy Auto-Body Inc	246 MAIN STREET, BARNSTABLE, MA	US
S2-535646005	Interstate  Platinum Express-PLLC	BROOKWOOD DR, INDIANOLA, IA	US
S2-535877147	EAR-NOSE & THROAT CLINIC	##1040 NESTHORN DR, CRESLINE, CA	US
S2-535897578	Blue Silver Rice Inc.	416 JEFFERSON ST, MANGUM, OK	US
S2-53603175	VISTA SOLUTIONS PRIVATE LÍMITED	Uttar Pradesh, HN 701 B-88, GF-3, RAMPRASTHA COLONY, GHAZIABAD	India
S2-536254830	ACE BIOMEDICAL DYNAMICS INC.	##490 MOUNT VERNON STREET, SAINT JOHNSBURY, VT	US
S2-536318594	Nova Llc	4061 MARKET ST, SALEM, OR	US
S2-536341305	टेक इंडो प्रोजेक्ट्स लिमिटेड	371 C-128, SINGH BHOOMI COLONY KHATIPURA, JAIPUR, Rajasthan	India
S2-536428345	Heritage-Marketing	43735 WADE DR, MARICOPA CARRIER ANNEX, AZ	US
S2-536816939	Economic  Development Trust	4802 PROMENADE LN, JAMES CITY COUNTY, VA	US
S2-536929015	Arnold, Jones and Kyle LLC (Center)	033565 MATTHEW CIR, LEWES, DE	US
S2-536984874	TRI-STATE STAR S0LUTIONS LP	08009 COUNT ST, HOUSTON CIITY, TX	US
S2-537264428	బాలాజీ పయనీర్ కన్సల్టెన్సీ ప్రైవేట్ లిమిటెడ్	Telangana, F 802, SERI LINGAMPALLY	India
S2-537317398	Vetecex Gróup	2761 STOCKTON BOULEVARD, PO BOX 1680, SACRAMENTO, CA	US
S2-53755935	Hampton  City Networks Inc	11-13 FERNCLIFF DRIVE, N/A, HAMPTON, VA	US
S2-537574794	Rohit (India) Steels Private Ltd	Haryana, C/O SANDEEP SANGWAN, VILLAGE GARHI, ALWALPUR, KHARKHARA	India
S2-537622018	Reed Montessori School,		US
S2-537701395	*** Olvera Sterling Engryg	494 HUB BOULEVARD, KY, BOWLING GREEN	US
S2-538173441	BONDS INC INC SERVICE	VA, PULASKI COUNTY, 2746 FAIRWAY DR	US
S2-538415264	Whitley and-Melton	06232 LEE PLACE, CAPITOL HEIGHTS, MD	US
S2-538586895	Peyton's Mountain  Hospitality	5401 GROVESIDE LN, ROLLING MEADOWS, IL	US
S2-538720631	Smt SHREE &  CO L.L.P.	C/O GANESH PRASAD SINGH, ALKA COLONY, SANDALPUR, SAMPATCHAK, Bihar	India
S2-538737318	RAJARAM SUPPORT PRIVATE	SALAVA AGWANPUR, MORADABAD, Uttar Pradesh	India
S2-539185150	Safex  Management (ID: 40897)	AMAR HILL, SAKI VIHAR ROAD, POWAI, MUMBAI, महाराष्ट्र	India
S2-539266338	Sakhi Welfare Center	DOOR NO 8-2-5 TO 12, RAVULA RESIDENCY SRINAGAR COLONY, PUNJAGUTTA, తెలంగాణ	India
S2-539797174	Wang, Marceau and West Co	4 WODDUCK POINT, REHOBOTH BEACH, DE	US
S2-540026918	Legacy Fields	3117 MADISON 1427, AR, HUNTSVILLE	US
S2-54053377	Dynamic Trusted Software  Inc	925 Broadmoor Drive, CITY OF EL PASO, TX	US
S2-540673118	Lassetter Cion-LLC	17319 CR 6, COSHOCOTN, OH	US
S2-540735970	Big-Solution	West Bengal, 33A, RABINDRA SARANI, 1ST FLOOR, KOLKATA, KOLKATA	India
S2-540940810	Taraesh Prdoucts Limited	#1 , 4TH BLOCM, KKD NAGAR, CHENNAI, தமிழ்நாடு	India
S2-541187171	Agl Hómes LLP	FLAT NO. 90, FIRST FLOOR, DESHBANDHU CO OPERATIVE GROUP HOUSING SOCIETY, I.P. EXTN. PATPARGANJ, EAST DELHI, Delhi	India
S2-541267192	Golden Immigration Prívate	F#1, SRI KRISHNA APARTMENTS, 134/66, PILLAIYAR KOIL ST, JAFFERKHANPET, CHENNAI, Tamil Nadu	India
S2-541493234	Ghaziabad Machinery Private	D-606, NANDGRAM D-606, NANDGRAM, GZB, GHAZIABAD, Uttar Pradesh	India
S2-541495170	behavioral health care associates of port (jervis)	41 ORCHARD ST, PORT JERVIS, NY	US
S2-542010154	Keystone Allied-Services	6506 MONA VISAT DR, HOUSTON, TX	US
S2-542190910	CHAMUNDESHWARI AND  SONS LIMITED	Haryana, #2 , 2ND FLOOR, JAGDAMBA PALACE NEAR GURGAON DREAMZ MALL, OLD RAILWAY RO, AD, GURUGRAM	India
S2-542214245	Dovavantage	##9 BLUE WATER CIR, SACRAMENTO, CA	US
S2-542266008	M + X Dnug, Inc	523D FOURTH AVENUE, TUCSON, AZ	US
S2-542369725	Urban (Pza)	6959 SANDFIELD DR, MONTGOMERY, AL	US
S2-542754890	HERNANDEZ TRADlNG INC	12437 STUMPTOWN RD, HUNTERSVILLE, NC	US
S2-542976329	-- Robertsdale Dental Frontier Care Associates Llc	24176 71, ROBERTSDALE, AL, PMB 8760	US
S2-54308139	APEX  ENTERPRISES PRIVATE LIMITED	C/O PRASHANT RATHOD, BALAJI NAGAR MEHKAR, MEHKAR, Maharashtra	India
S2-54316203	SPEARS & CREWS #21747	SEVIER SAINT, HIXSON, TN	US
S2-543265573	Simmons Veterinary Clinic Services	TX, 1614 KINGSBRIDGE DRIVE, GARLAND CITY	US
S2-54342429	Smt Travancore Hospital Co	MCLEOD HOUSE3 N S ROAD, KOLKATA, KOLKATA, West Bengal	India
S2-543546326	#shivendesign	4/A, FLOOR - GRD, RECONDO COMPOUND, SUDAM KALU AHIRE MARG, GLAXO, WORLI COLO, NY, MUMBAI, Maharashtra	India
S2-544101059	क्रिएटिव लॉजिस्टिक्स प्राइवेट लिमिटेड	#21 FR1 206 SEEDAT MANSION, DR BABASAHEB AMBEDKAR RD, MUMBAI, Maharashtra	India
S2-544458156	International Transmissions Private Ltd	NO 1 , MUSKAN SOCIETY, PANDAV NAGAR WADALA PATHARDI ROAD, NASHIK, Maharashtra	India
S2-544795644	TRÁIS-LLC	33 ELWOOD DRIVE, SPRINGFIELD, MA	US
S2-545617299	Newton and Chambers	04323 STEVENS BATTLE LANE, FAIRFAX, VA	US
S2-545662886	Nagindas Road  Master Services Private Limited	HN 786. 301, GUNDECHA CHAMBERS, NAGINDAS MASTER ROAD, Maharashtra	India
S2-545777476	MILLER CLEAN  BIOTHERAPEUTICS	200 Riverview Avenue, CHALREROI, PA	US
S2-545777853	Sri Ram Premises Private (Ltd)	RUPANTAR BUILDING, 89 JESSORE ROAD, 2ND FLOOR, DUM DUM PARK, West Bengal	India
S2-546349204	CREATIVE-RIO	4115 SUNNYVIEW ROAD, SALEM, OR	US
S2-546502538	BHIVE FOUNDATION LIMITED	66, DHCN DEVI KHANNA ROAD 2ND FLOOR, KANKURGACHI, KOLKATA, West Bengal	India
S2-546573675	ലക്ഷ്മി കൺസൾട്ടിംഗ് പ്രൈവറ്റ് ലിമിറ്റഡ്	13/288, <NULL>, PALAKKAD, കേരളം	India
S2-546593904	Hammar, Travis And Mishler Sprott	7023 COUNTY ROAD 612, KANSAS, OK	US
S2-546649066	Prakriti Índia (India) Pvt. Ltd.	#196/18 &19 IST FLOOR AISWARYA COMMERCIAL CENTER R S PURAM, COIMBATORE, Tamil Nadu	India
S2-546992198	Swami Welfare Society LLP	55/ 4, NEW PALASIA, INDORE, Madhya Pradesh	India
S2-547206995	H Q  Kinney	2005 Halbert St, FT WORTH, TX	US
S2-547256240	BROWN VETERINARY CLINIC	310 ELLA BOULEVARD, HOUSTON, TX	US
S2-547367536	Laborers Local	0418 SOUTHEAST BOULEVARD, CLINTON, NC	US
S2-548106148	Lucknow Automobiles Private Limited	H.NO #32 2/221, VIVEK KHAND GOMTI NAGAR, LUCKNOW, Uttar Pradesh	India
S2-548450721	WARD  RIDGE SIGNS	9365 HARRISON ST, MAINE TWP, IL	US
S2-548486958	SAUCEDASOLIS.COM	145 RIVER BIRCH GROVE ROAD, ASHEVILLE, NC	US
S2-548592444	Saran India  Private Limited	HOUSE NO. 53 BLOCK ROAD EKMA, EKMA, SARAN, बिहार	India
S2-54860080	Roller Legal Private Ltd	38-D, DELHI NIWAS CGHS LTD. AYODHYA ENCLAVE, SECTOR-13, ROHINI, DELHI, दिल्ली	India
S2-548638935	Temple Community	9325. QUINNFORD BLVD, RICHMOND, VA	US
S2-548731261	EDGEBARBERSHOPSTRAIGHTCOM	00320 1ST AVENUE, SALT LAKE CITY, UT	US
S2-548773307	& Lifeline Co.	615 D WING 6TH FLOOR NEELKANTH BUSINESS PARK VIDYA VIHAR WEST, MUMBAI CITY, BOMBAY, Maharashtra	India
S2-548774345	Great Aimei LLC Services	13823 ROSEMERE LN, HOUSTON, TX	US
S2-548788584	Greens Development	2/15 , NORTH ST, THAVASMIADAI PANCHAYAT, DINDIGUL, தமிழ்நாடு	India
S2-548824908	Factory Rojas Co	4018 COMMERCE ST, DALLAS, TX	US
S2-548832581	Tajpuria Fuondation	069 103, BAKUL APARENT PLOT NO. 3, SHIVAJI NAGAR, Maharashtra	India
S2-548915782	Physical  Medicine Therapy (ID: 14486)	##19046 STODDARD WAY, APPLE VALLEY, CA	US
S2-548949805	Great Project	1757 WATERMAN LN, MARANA, AZ	US
S2-549003928	Super Foods Prívate Limited	388/2 UPEN BANERJEE ROAD (NEW 38 UPEN BANERJEE ROA AIRPORT ROAD, 1ST FLOOR, KOLKATA, West Bengal	India
S2-549273139	REDSTONE TRADERS PRIVATE-LIMITED	4 HARI NIVAS C ROAD CHUCHGATE MUMBAI, MUMBAI, Maharashtra	India
S2-549413959	ANNAMARIE TRÁUTMAN, ESQ., PC	1608 KANSAS AVENUE, ROSWELL CITY, NM	US
S2-54944062	Merralee Barnse, D.C.	TX, 6201 SOUTHWEST FREEWAY, HOUSTON	US
S2-549624237	MOLLIE COCCSRE BLACK LLC	DIXON ST, HENDRESON CITY, KY	US
S2-549769160	Apeoex Michaela's Holdings	WATERBURY AVENUE, NULL, STAFORD, CT	US
S2-549964799	Connor Snrbeas	826- NEW YORK AVE, HUNTINGTON, NY	US
S2-550246246	PASKE INTEGRATED LLC HOME	1361- HATHAWAY RD, WASHINGTON TWP, OH	US
S2-550430120	Sada Klose Origin Inc.		US
S2-550622607	శివం బిల్డర్స్	FLAT NO. N1, HYDERABAD, Telangana	India
S2-550806779	CAPITAL PACIFIC PARTNERS	105 HAVEN STREET, FORREST CITY, AR	US
S2-550949675	Camilla  Riddle, L.C.S.W., DDS PC Group	SACRAMENTO, 2649 Argolis Way, CA	US
S2-550959858	SIMON PRAIRIE SMITH  INC	602 Duke St, WEATHERFORD, TX	US
S2-551297196	Animal Welfare	14020 Harrisville Rd, MOUNT AIRY, MD	US
S2-551397248	Radley and Aaeda Healthcare LLC	0735 COUNTRY CLUB DR, MESA, AZ	US
S2-551592407	Surgical  Center of Dahlgren	COUNTY ROAD 200, DAHLGREN, IL	US
S2-551668059	NEXOS  BRAVES	1546 STATE STREET, BOWLING GREEN, KY	US
S2-551682674	Service Bee Co	F-1204, Maharashtra, MUMBAI, BOMBAY	India
S2-552455873	WCC (i) (Group) (ID: 43745)	H.NO ##10 , BLOCK NO. 6 FF, RIGHT SIDE, SPRING FIELD COLONY, SEC, TOR-31, Haryana	India
S2-552478307	federalmarineadvisors.com	JACKSON CENTER, 113 MAIN ST, OH	US
S2-552606873	STANDARD WIRELESS DIGITAL INC		US
S2-55268367	Castelli LLC-Services	141 SAUNDERSVILLE ROAD, HNEDERSONVILLE, TN	US
S2-552789269	Mandi Dean Inc Services	OREM, UT, 892 100, PMB 6218	US
S2-55280690	eximmarketing.com	NO 25 , 1ST FLOOR, 4TH MAIN ROAD, INBETWEEN 2ND & 3RD CROSS, CHAMARAJPET, BANGALORE, Karnataka	India
S2-55285207	INDUSTRIES PMS INFORMATICS PVT LTD.	PL NO.65, SAMBANDAM NAGAR, KUNDRATHUR, தமிழ்நாடு	India
S2-552884076	Pounders Advanced Prúdential	1208 JULY COURT, FAYETTEVILLE, NC	US
S2-552987042	X Z M INTERCONTINENTAL-SERVICES		US
S2-553077983	Bhavishya International School (Corporation)	B-104, SECOND FLOOR, OKHLA INDUSTRIAL AREA, PHASE-1, DELHI, Delhi	India
S2-553181905	New Delhi Igcad Pvt (Ltd)	PLOT NO-15, S/F, KH NO 16/3, BAJAJ ENCLAVE, NEW DELHI, Delhi	India
S2-553266993	sí1verlakeshore.com	11702 138th Street Court, PUYALLUP, WA	US
S2-55354660	SPERO, WATSON + BRDENOUX TECHNICAL INC	30 SAINT PAUL ST, <NULL>, AMSTERDAM, NY	US
S2-553635389	DV (COLLEGE)	H.NO 8-408 , THIRD FLOOR, SHOPPRIX MALL, SECTOR 5, GHAZIABAD, Uttar Pradesh	India
S2-553647206	Tech Richie Private Media Limited	423/2, WARD NO 32, BALPURWA TEH SOHAGPUR, SHAHDOL, Madhya Pradesh	India
S2-553763737	township of	19602 BONNEY LAKE BLVD, BONNEY LAKE, WA	US
S2-553899499	Consolata's  Financial LLC	002573 FORT ROAD, BELTON, TX	US
S2-554119899	Nexdelta	BLOCK D-76 OFFICE NO. 7 & 8, SECTOR - 2, PLOT NO. - 2, PHASE - II, NERUL (WEST), NAVI MUMBAI, THANE, Maharashtra	India
S2-554265438	Libby's Tattoo Center	1815 JERAULD AVE, NIAGARA FALLS, NY	US
S2-554421398	#róyalnutrition	18185 FORESTBROOK LOOP, NULL, BEND, OR	US
S2-554485628	billups iron	1708 Red Clover Street, HOLMEN, WI	US
S2-554568494	Asset Building Trust LLC	741 THIRD STREET, WAKEENEY, KS	US
S2-554609104	NATIONAL-COMPANIA PC	29507 68ND AVENUE, PEORIA, AZ	US
S2-55463095	Temple Synagogue		US
S2-554640007	Federal Pgredpnrraoyr Academy	1410 THORNWOOD LN, HOUSTON, TX	US
S2-555893480	VKL Power Limited Services	NO 3 MERIDIEN APTS BLDG NO 1VEERA DESAI ROAD ANDHERI (W), MUMBAI, Maharashtra	India
S2-556210403	YOUTH GUILD LLC	##1 LUSH FOREST TRL, <NULL>, CHESTERFIELDCITY, VA	US
S2-556250683	FORD ACE VALUENCE LLC	OH, AKRON, 182 ELIZABETH PKWY	US
S2-556487790	#radhakrishnatraders	SF. NO. 26/ WEST MADA STREET, MADURAVOYEL, CHENNAI, Tamil Nadu	India
S2-556847098	Choice Atlantic	17721. COUCH STREET, PORTLAND TOWNSHIP, OR	US
S2-556897190	DUFFY EXPERSH OMEGA	30 LORREINE AVE, MT. VERNON, NY	US
S2-557364800	Jishnu Textile Ltd	61 RS NO 530 CTS NO 4947, KULKARNI LAYOUT, RAMTEERTH NAGAR, KANABARGI, BELGAUM, Karnataka	India
S2-557766441	G & X-TL	002621 VERMONT VIEW DR, COLONIE, NY	US
S2-557996746	Redstone Traders Private  Limited	4 HARI NIVAS C ROAD CHURCHGATE MUMBAI, MUMBAI, Maharashtra	India
S2-558170456	Environmental  Guild	AVNIGER, CRESTWOOD DR, TX	US
S2-558206809	साईं प्रोजेक्ट्स प्राइवेट लिमिटेड	RZ- 18 H/2, GALI NO.3 MAIN SAGARPUR, NEW DELHI, SOUTH WEST DELHI, दिल्ली	India
S2-558434759	pasupaticonsultants.com	B-240 MEERA PATH VAISHALI NAGAR, JAIPUR, Rajasthan	India
S2-559719590	*** DENTAL GREEN CLINIC CO	655 MESA DR, MESA, AZ	US
S2-55989037	HEALTH  COALITION	9703 VERSAILLES PLNK ROAD, EVANS, NY	US
S2-560002132	Gokula Services Pvt Ltd.	SHOP NO.2 LAXMINAGAR, OPP. GOPALNAGAR SCHOOL, AHMADABAD CITY, Gujarat	India
S2-560089006	Dupont, Village Of LP	Bradley Street, DUPONT, WA	US
S2-560401144	Saraor Inc | www.saraorinc.com	#1 PINE STREET, PMB 4782, BIDDEFORD, ME	US
S2-560732759	Urgent Express Care Specialists	WOLCOTTSVILLE RD, ROYALTON, NY	US
S2-561199584	Optimal Madison Services	GLEN DALE, 1073 LITTLE GRAVE CREEK DRIVE, WV	US
S2-561400892	TG Technologies	PLOT 768  OFFICE NO. 502, 5TH FLOOR, FORTUNE BUSINESS CENTER SURVEY NO. 207, HISSA NO. 2/1/4A/1, WAKA, D, PUNE, महाराष्ट्र	India
S2-561707201	Bangalore Stehol Private Limited	PLOT ##901 186, 6TH BBOCK 22ND CROSS, JAYANAGAR, BANGALORE, Karnataka	India
S2-561824231	Lorenza M. Jeffers,	CARY, NULL, 207 WRENN DRIVE, NC	US
S2-562053250	Royal-Engineering L.L.P.	LEVEL - 2/3, ELEGANCE TOWER DISTRICT CENTER, JASOLA, NEW DELHI, Delhi	India
S2-56206234	corellasvanguarddistribution.com	MT, HELENA, 2019 1/2 LIVINGSTON AVE	US
S2-562420269	MAJESTIC  VIDYALAYA	ગુજરાત, B-111, SUMEL BUSINESS PARK 7, NEAR SONI NI CHALI, RAKHIAL ROAD, AHMADABAD CITY	India
S2-562558651	YUMAGILD	#1 PINE ST, PMB 4782, BIDDEFORD, ME	US
S2-562573034	DACIA'S ÁDVISORS		US
S2-562632013	LLC Apex Michaela's	135 WATERBURY AVE, NULL, STAFORD, CT	US
S2-563073	Ernesta Pearce, Pearce, O.D.,	430 WASATCH BOULEVARD, COTTONWOOD HEIGHTS, UT	US
S2-563276054	Bravo &	BLOCK B3/12, J.N. ROAD, HALIYAL, Karnataka	India
S2-563556565	PASDEOTT LLC	102 WALTER WAY, ANADARKO, OK	US
S2-563892296	SOUTH TECHNOLO6Y	PLOT 451 UNIT NO 1301, 13TH FLOOR, PENINSULA BUSINESS PARK TOWER B SENAPATI BAPAT MARG, LOWER PARE, L WEST, MUMBAI, Maharashtra	India
S2-564143998	Thane Option Option Corporation	OFFICE NO 208, KAMDHENU 23 WEST, PI -A-10/2, A-11, MITHANE, THANE, NAVI MUMBAI, THANE, महाराष्ट्र	India
S2-564389991	Orissa Gala Center Ltd	West Bengal, NULL, DOOR NO 10/11 K B C ROAD SOUTH DUMDUM FLAT NO 4AB, NORTH 24 PARAGANS	India
S2-564484372	-- Amaravati Academy Limited	#109 D-301 SECTOR-7 SUNCITY, AHMEDABAD, DASKROI, Gujarat	India
S2-564574196	East Saint  Louis Insight	475 22ND ST, EAST SAINT LOUIS, IL	US
S2-564601054	Liberty Select	3202 BOARDWALK LN, GREENVILLE, NC	US
S2-564634614	Corporate Bróthers Private Limited	HN 722 C704, SALARPURIA SERENITY, SECTOR 7, BANGALORE SOUTH, Karnataka	India
S2-564766778	Cho, Han & Ayala Resources Inc	142 FLORA LN, OXNARD, CA	US
S2-565139482	Wild Associates +	207, K NO 401/207, BSR LAYOUT KONASANDRA VILLAGE, JIGANI, ಕರ್ನಾಟಕ	India
S2-565620456	Bay Pfhect LLC	MAIN ST, WARSAW, IN	US
S2-565726797	ਲਕਸ਼ਮੀ ਡਿਜੀਟਲ ਕੰਸਟ੍ਰਕਸ਼ਨਜ਼ ਪ੍ਰਾਈਵੇਟ ਲਿਮਟਿਡ	FAT NO.-G404, S.A.S.NAGAR (MOHALI), RUPNAGAR, Punjab	India
S2-566232174	DIAM0ND TRÁNSPORT	295 HOLLY STREET, VIDOR, TX	US
S2-566287972	United PLLC [Service]	11455 2, AL, DOUBLE SPRINGS	US
S2-566289589	Dana Hoffman, D.D.S. Partners	33-37 SOLAR LANE, NORTH HEMPSTEAD, NY	US
S2-566443303	SURYA SURYA MANAGEMENT PRIVATE LIMITED	2-1/1502, NEW SHIVPURI HAPUR, HAPUR, उत्तर प्रदेश	India
S2-566789039	Moseley Continental  Rocket Inc.	400- Tryon Street, CHARLOTTE, NC	US
S2-567331621	Continental Rock Inc.	GULLY OVEN ROAD, LEBANON, ME	US
S2-567418524	Bay Coastal	FAIRFAX COUNTY, 7003 STONE INLET DR, VA	US
S2-567428338	ગ્રેટ મા કન્સ્ટ્રક્શન પ્રાઇવેટ લિમિટેડ	HN 813. B 1401, SHINE SWASTI OPP., SIDDHARTH ICON, TRAGAD, AHMEDABAD CITY, AHMEDABAD, Gujarat	India
S2-567495332	Raj Fots Pvt Ltd	ગુજરાત, PLOT 416 611, RATNANJALI SQUARE, NR. GLORIYA RESTAURANT, AHMADABAD CITY	India
S2-567961311	Shree  Hospitality Partners Ltd	Maharashtra, FL NO C -103, EISHA EMPIRE SNO 45/1A/1, PUNE CITY	India
S2-568672826	शिव सॉफ्टवेयर प्राइवेट लिमिटेड	S NO. B3/45/3/3 PISOLI NR MANGO TREE, POONA, PUNE, Maharashtra	India
S2-568725776	इंडियन प्रोजेक्ट्स प्राइवेट लिमिटेड	405, NEW DELHI, SOUTH DELHI, Delhi	India
S2-568981868	Seo Trúst	832 TOWN AND COUNTRY BLVD, ELLICOTT CITY, MD	US
S2-569053927	Pediatric Dental	LAVERGNE, TN, 189 DEER DRIVE	US
S2-569302648	Primary Care Choice  Specialists LLC	1140 WIND RIDGE DR, CITY OF EL PASO, TX	US
S2-569407312	PERSON AND TRAN CO	12516 CAPITOL SADDLERY TRL, N/A, AUSTIN, TX	US
S2-569448794	Western Gulf Fashion,	##119 MANOMET AVE, HULL, MA	US
S2-569957444	Cardiology LLC [Partners]	440 RHODE ISLAND AVENUE, WASHINGTON, DC	US
S2-570054064	Lucknow Steels-Private Ltd	NO 69/205 BIRHANA, LUCKNOW, उत्तर प्रदेश	India
S2-570122076	Sai Co &	PLOT 926 67, 68 HAIDERPUR VIRAN, CENTRUM PLAZA, GOLF COURSE ROAD, BASAI ROAD, हरियाणा	India
S2-570131310	Skyline Advisory	HOUSE NO. ##1184, SECTOR 5, URBAN ESTATE, Haryana	India
S2-570389051	Cobalt	N7530 EDGEWATER DR, BEAVE DAM, WI	US
S2-570651829	Prosperous Farms Private	C/O PREM BOSS, MEGHWALO, KA VAS, DHANI BAZAR, BARMER, Rajasthan	India
S2-570715630	Butech LLC	23 1/2 CHEEVER STREET, PMB 2803, WORCESTER, MA	US
S2-570840006	नॉर्थ कंस्ट्रक्शंस प्राइवेट लिमिटेड	OFFICE NO BW9021, 9TH FLOOR, G BLOCK BHARAT DIAMOND BOURSE, BKC, BANDRA EAST, MUMBAI, BANDRA SUBURBAN, Maharashtra	India
S2-571164874	As & C0.	HNO.F-9, FLOOR-2ND, AUCHANDI ROAD, LAND MARK NEAR SHIV MANDIR, VILLAGE - BAWANA, NEW DELHI, दिल्ली	India
S2-57117558	Saffron  Brothers-Private Limited	KH NO. #42/17/1, KANGAN HERI ROAD NEAR RANGOLI FARM, CHHAWAL, NEW DELHI, Delhi	India
S2-571585757	Smt BALAJI INVE5TMENT PVT	Karnataka, 510, WING A, 5TH FLOOR, CARLTON TOWERS OLD AIRPORT ROAD, KODIHALLI, BENGALURU	India
S2-571700196	Tech Foods Prívate Limited	Gujarat, 15, F.P.396, FARIAWALA, ESTATE, OPP. HOTEL AVTAR, AHMADABAD CITY	India
S2-571846710	TAPARIA FODO CORPORATION	78-A/5, DILSHAD GARDEN, Delhi	India
S2-572147159	RATHORESEVASAMITICOM	OFF.NO.D/8, C1, 2ND FLOOR, BRAMHA ESTATE KONDHWA, PUNE CITY, Maharashtra	India
S2-572337224	Health Fund	14 RAINTREE RDG, LAKE CHAPARRAL, KS	US
S2-572451939	Pacific Pacific Communications LP	3300-B 30TH TERRACE, TOPEKA, KS	US
S2-572506212	*** Kolkata Real Private Limited	P-6-16, KOLKATTA, KOLKATA, West Bengal	India
S2-572614298	સ્કાય ટેક્નોલોજી લિમિટેડ	BTS-1, 701, INSPIRE, BUSINESS PARK, SHANTIGRAM, GANDHINAGAR, ADALAJ, Gujarat	India
S2-572867652	പയനിയർ ഇൻവെസ്റ്റ്മെന്റ്സ് പ്രൈവറ്റ് ലിമിറ്റഡ്	PP/0014-767, 768, 1222 NEAR, KOCHUPALAM, ATTINGAL ROAD, CHIRAYINKEEZHU, THIRUVANANTHAPURAM, TRIVANDRUM, Keralam	India
S2-572884238	Mah Enviro Private #19331	DOOR NO 1105 , S NO 69/1A/1A, BUILDING NO C2 GANGA SATELLITE WANAWADI, PUNE, Maharashtra	India
S2-573190638	Britt Best Willow L.L.C.	16955 TORONTO AVENUE, PMB 1348, PRIOR LAKE, MN	US
S2-57319272	Pune Warehousing Limited Services	OFFICE NO. 39, FOURTH FLOOR, BANDAL DHANKUDE PLAZA RIGHT BHUSARI COLONY, KOTHRUD, PUNE, Maharashtra	India
S2-573351653	Craig's Services	3416 KAFKA RD, RIO RAANCHO CITY, NM	US
S2-573481806	Chiropractic  Physicians	1016 309, PMB 2642, GLOVERSVILLE, NY	US
S2-573549147	BARB'S BLIGHT TAX	FALLING CREEK RD, KINSTON, NC	US
S2-573624350	Howard Group Holdings		US
S2-573726039	SAMPATI & CO	HOUSE NO 922, KHASRA NO 177 GROUND FLOOR NEAR SHIV MANDIR VILLAGE JAUNTI, DELHI, Delhi	India
S2-574130666	fulcherncr.com	19 POLK WAY, PO BOX 2302, W. SAND AKE, NY	US
S2-574606516	અર્બન એનર્જી એલએલપી	PLOT NO. D/27-33, LAXMINARAYAN IND. PARK BRC COMPOUND, BHEDWAD, UDHNA, SURAT, Gujarat	India
S2-574617437	इंडो इन्वेस्टमेंट प्राइवेट लिमिटेड	NO 56, FRONT PORTION, GROUND FLOOR BLOCK 7, SOUTH PATEL NAGAR, WEST DELHI, DELHI	India
S2-574746488	Holderman & Parker Búrtech LLC	GRAND RAPIDS, 4ST ST, OH	US
S2-574747249	Center Al Cummings	123 CO RD 15 A, RAYLAND, OH	US
S2-574780231	rajtrust.c0m	NO 044 S11 SHIVAJI NAGAR, GOVANDI, MUMBAI, Maharashtra	India
S2-57485716	dentalcenter.com	MT, BONNER, Swanson Meadows Rd	US
S2-575295048	Shree  Hospitality Partners Corporation	FL NO C -103, EISHA EMPIRE SNO 45/1A/1, PUNE CITY, Maharashtra	India
S2-575359001	Firefighters 232 Local	601 BAGLEY RD, BEREA, OH	US
S2-575934057	Surya Sky Infotech-Private Limited	T C 2/1934 GRA 22KUMAR BHAVAN GOWREESAPATTOM PATTOM P O, TRIVANDRUM, Keralam	India
S2-576245318	DILEVA WORLDWIDE LLC	269 SALMON RIVER ROAD, SCHUYLER FALLS, NY	US
S2-576362750	REGIONAL ASSOCIATION LTD	122 HAGAMAN PL, STATEN ISLAND, NY	US
S2-576729383	नॉर्थ कंस्ट्रक्शंस प्राइवेट लिमिटेड	BANDRA SUBURBAN, 9TH FLOOR, G BLOCK BHARAT DIAMOND BOURSE, BKC, BANDRA EAST, MUMBAI, Maharashtra, OFFICE NO BW9021	India
S2-576749365	Indo Investment  Private Limited	H.NO 56 , FRONT PORTION, GROUND FLOOR BLOCK 7, SOUTH PATEL NAGAR, DELHI, Delhi	India
S2-576976518	M & X Drugs,	523D FOURTH AVENUE, TUCSON, AZ	US
S2-577089889	Sasoft Interests Incorporated	LADOGA, IN, 7176 234	US
S2-577251835	PO Premier-Mobile	6733 KELLY AVE, ALBUQUERQUE, NM	US
S2-577255727	Industrial Security	483 Wythe Creek Rd, POQUOSON CITY, VA	US
S2-577259402	favovue.com	704 COPPERLINE DRIVE, CHAPEL HILL, NC	US
S2-578029732	Stanek Inc Partners	NC, MATTHEWS, 7825 VININGS OAK LANE	US
S2-578195413	Express Design (Works)	2741- Juniper Way, SALT LAKE CITY, UT	US
S2-578207235	Urban Feoesgd Private Limited	506/A , 5TH FLOOR, PLOT NO.1-98/4/1-13, 28&29, IMAGE GARDEN ROAD JAIN SADGURU IMAGE S CAPITAL PARK MADHAPUR VILLAGE SERILINGAMPALLY, SHAIKPET, తెలంగాణ	India
S2-578408526	Flora Brothers Có	#83 SIKRONA NEAR GOVERNMET SCHOOL FATEPUR TEGGA, FARIDABAD, हरियाणा	India
S2-578448963	ब्लैक बिजनेस लिमिटेड	FIRST FLOOR B-4 HARI BHUVAN, ZAVER ROAD, MULUND WEST, MUMBAI, Maharashtra	India
S2-578745332	பம்பாய் ஃபுட் பிரைவேட் லிமிடெட்	NO B 48 TWIN COURTS, SAIDAPET, KANCHIPURAM, Tamil Nadu	India
S2-578763761	CHOICE  SERVICES	521 28TH AVE WEST, TULSA, OK	US
S2-579197774	Surgical Center	10113 52ND DR, MARYSVILLE, WA	US
S2-579322369	Pacific LLC Guild		US
S2-579363869	unitedcardiology.com	2757-D 7TH ST, REDMOND, OR	US
S2-579465337	ભારત લોજિસ્ટિક્સ લિમિટેડ	FF-D/101, DASKROI, Gujarat	India
S2-579645614	Cancer Guild Incorporated	##2402 93RD TRAIL, BROOKLYN PARK, MN	US
S2-579973851	સ્કાય ટેક્નોલોજી લિમિટેડ	BTS-1, 701, INSPIRE, BUSINESS PARK, SHANTIGRAM, GANDHINAGAR, ADALAJ, Gujarat	India
S2-580086706	Equinox	6055 TIMBER RIDGE DR, PROSPECT, KY	US
S2-580185317	HKD Corporation	2241  WOLFSNARE DR, VIRGINIA BEACH, VA	US
S2-580609242	FX Producer  Pvt. Ltd.	C1-2/1125, SABARI ENCLAVE, BPL JUNCTION, KOOTTUPATHA, PALAKDAD, കേരളം	India
S2-580671099	Vishal Psltyeohnc (Company)	1, RIVER VIEW ENCLAVE, TEESTA STREET, 3RD MAIN RD, SRIPERUMBUDUR, Tamil Nadu	India
S2-580817025	Lee Léarning	#7 SHADE TREE POINT, ALEXANDER CITY, AL	US
S2-580859504	Beum Edison Llc	CAMBRIDGE, 19 PETERS STREET, MA	US
S2-581061201	Solis + Sauceda	145 River Birch Grove Road, ASHEVILLE, NC	US
S2-581361414	Beacon Rapid Rapid Gtrid	COLUMBUS, OH, 26 COMO AVE	US
S2-581867874	KALYANI SAND	50-13-25/54 SEETHAMMAPETA, VISAKHAPATNAM, Andhra Pradesh	India
S2-582090526	Young Inbterests	15001 29RD AVE, PHOENIX, AZ	US
S2-582261003	OIS LTD CENTER	NO.8, 1ST FLOOR 5TH MAIN, KULLAPPA CIRCLE, KAMMAN HALLI, Karnataka	India
S2-582301410	SZ Atlantic LP	TX, 85 CAMOUFLAGE CIR, ALEDO	US
S2-582511298	ब्लू सॉल्यूशंस	PLOT NO. 43, R NO. 8, GAYATRI CHS LTD., SEC 4, NEAR SARASWAT BANK, KANDIVALI, KANDIVALI WEST, NULL, महाराष्ट्र	India
S2-582517184	Ear  Nose & Throat Associates LLC	5419 NINTH ST, ALBUQUERQUE, NM	US
S2-582989162	agarwal landscapes private (limited)	महाराष्ट्र, MANASI, 4/5, ANANNIKETAN SOC., KARVENAGAR	India
S2-58303877	SHARE KAY PMBTE LIMITED	#11 SUNDER PURI, BULANDSHAHR, उत्तर प्रदेश	India
S2-583307475	मां डेवलपर्स प्राइवेट लिमिटेड	#313 3RD FLOORNAVNEELAM SOCITEY R G THANDNI MARG WORLI, MUMBAI REGION, MUMBAI, Maharashtra	India
S2-583397842	Pasupati Consultants Private (Limited)	B-240 MEERA PATH VAISHALI NAGAR, JAIPUR, Rajasthan	India
S2-583454017	#4 Laboratories Inc.		US
S2-583581365	EH  Management	DOOR NO 557 XXIV/532, 2ND FLOOR MEDA, OPP DLF NTH, SEAPORT - AIRPORT ROA, D, KAKKANAD, Kerala	India
S2-583606191	Premier Data LLC Service	6115 PIONEERS POINT, BRECKSVILLE, OH	US
S2-583784624	Ace Tmh Tech Private Limited	8, NALANDA APPARTMENTS D-BLOCK, VIKAS PURI, NEW DELHI, Delhi	India
S2-58404947	Bangalore Conferences Clinic Company	94, C.K PALYA CROSS, SUPERINTENDENT DINNE, BANNERGHATTA ROAD, GOTTIGERE POST, BANGALORE, Karnataka	India
S2-584225526	Granite Llc	5151 16ST ST, PHENIX, AZ	US
S2-58428358	gasupply.com	NO 43 SAINIK ENCLAVE SECTOR-III MOHAN GARDEN UTTAM NAGAR POLE NO.1543, NEW DELHI, WEST DELHI, Delhi	India
S2-58433036	Twisted Yoga (LLC)	##10 PARK STREET, EASTON, MA	US
S2-584423858	SÍLVERENGINEERING.COM	HN 7-164 RIAZ GARDEN, OLD NO. 12, NEW NO 29, KODAMBAKKAM HIGH ROAD, CHENNAI, Tamil Nadu	India
S2-584642909	Pansy's Better Vision Center LP	1258 MARTIN ST, NASHVILLE, TN	US
S2-584779158	Dental  Cilcdic LLC	881 STILL WILLOW LN, WENDELL, NC	US
S2-585034509	VD Consulting  Private Limited	FENIN VILLA WNO 56 KISAAN, COLONY NAWALGARH ROAD, SIKAR, राजस्थान	India
S2-585048475	rentonyouthsummit.com	15408 179TH STREET, N/A, RENTON, WA	US
S2-585489904	ड्रीम ड्रीम इंडस्ट्रीज प्राइवेट लिमिटेड	B-404 MATRUCHHAYAS N ROAD MULUND (W), MUMBAI, Maharashtra	India
S2-585519925	Portland, Township	5805 MILWAUKIE AVE, PORTLAND, OR	US
S2-585632610	LOVELANDCOUNTY.COM	DECADE LN, LOVELAND, OH	US
S2-585650677	Super Services	N-12-01, PRATEEK LAUREL, SECTOR-120, NOIDA, NOIDA, Uttar Pradesh	India
S2-585922220	Vanguard Capital Vertical Inc.	151 CONTINENTAL DR, WAUKEGAN, IL	US
S2-586185516	ADARSH PO1YTECHNIC	UNIT NO 404, 4TH FLOOR, B-WING, MARUTI CHAMBERS, VEERA DESAI ROAD, NEAR YASH RAJ STUDIO, ANDHERI WEST, MUMBAI, Maharashtra	India
S2-586371985	Chong'S Hospitality LLC	1884 PINE MEADOW COURT, GURNEE, IL	US
S2-586444771	Casimiro Dynamic Center	1311 FARMS RD, BRONX, NY	US
S2-58648379	प्रीमियर प्रोडक्ट्स प्राइवेट लिमिटेड	DOOR NO 00203 PADA NO-4, THAKUR SHETH COMPOUND, PATHARE CHAWL, BEHIND BAKERY, L M NAGAR, THANE, THANE, Maharashtra	India
S2-58659003	Ear Nose & Throat Legacy Care Associates	20 WHITNEY T FERGUSON III RD, VERNON, CT	US
S2-58664509	AGARWAL LANDSCAPES PRIVATE	Maharashtra, MANASI, 4/5, ANANNIKETAN SOC., KARVENAGAR	India
S2-586715886	ଷ୍ଟାର୍ ପ୍ରୋଜେକ୍ଟସ୍ ପ୍ରାଇଭେଟ୍ ଲିମିଟେଡ୍	FLAT NO.A-312, BHUBANESWAR, Odisha	India
S2-586815125	DAWA BAZAAR RNT MARG PROJECT PRIVATE LIMITED	124, THIRD FLOOR, DAWA BAZAAR R.N.T. MARG, मध्य प्रदेश	India
S2-587004569	MUMBAI INNOVATIVE PVT LTD	HN 614 LAHUJI SALVE NAGAR, BHD.SUNCITY HOTEL, MIDC ROAD NO.19 ANDHERI (EAST), MUMBAI, Maharashtra	India
S2-587005574	Arjun Sérvices Pvt Ltd	DOOR NO 358 203, JAMUNA, JAMNAGAR ROAD, NR GHANTESHWAR PARK, RAJKOT, ગુજરાત	India
S2-587159483	Basham Amsi	#216 7ND ST, BRAINERRD, MN	US
S2-587169616	CGN PEAK TIRE SHOP  LLC	2010 BREVARD STREET, CHARLOTTE  CITY, NC	US
S2-587350985	summitpiedmontprecious.com	9231 RIPPLING FIELDS DR, HOUSTON, TX	US
S2-587365873	24HR  LOCKSMITH	11 HALLEY PLACE, WASHINGTON, DC	US
S2-587547195	Hopper & Wilson Egh Inc	171 WOODLAWN DR, SCOTLAND NECK CITY, NC	US
S2-587748873	chin, jeanne heritage staffing, inc	11512 RD 114, PAULDING, OH	US
S2-587870747	Sri Fortune Limited Partners	HN 44 HANUMAN MARG, PRASAD TH. SARADA, UDAIPUR, Rajasthan	India
S2-588266592	यूनिवर्सल लॉजिस्टिक्स एलएलपी	H.NO 708 VILL. DUBAKI, P.O. DAWATPUR, FATEHPUR, Uttar Pradesh	India
S2-58842938	Nair's Bakery (Ltd)	CASPER RD, RIO RANCHO, NM	US
S2-588546731	Wsntno, Cody Plum LLC	4502  SUPERIOR SQUARE, FAIRFAX, VA	US
S2-588554707	Dam Cleing Pvt  Ltd	203, GAYATRI MANSION, 1-1-648/2 GANDHINAGAR, HYDERABAD, తెలంగాణ	India
S2-588628346	Divya Flavhurs Partners	HOUSE NO-3152, SECTOR-46, GURUGRAM, SECTOR -45, Haryana	India
S2-58866749	Aurium Velos	1199 ROSEWOOD DRIVE, CENTERVILLE, TN	US
S2-588807921	EDUCATION GUILD GUILD	428 22ND AVE, MOLINE, IL	US
S2-589541871	Herbal India Private Limited	GARI BADAI, MAUZA, PRATAP PUR, FATEHABAD, Uttar Pradesh	India
S2-589599657	Adarsh Polytechnic LLP	UNIT NO 404, 4TH FLOOR, B-WING, MARUTI CHAMBERS, VEERA DESAI ROAD, NEAR YASH RAJ STUDIO, ANDHERI WEST, MUMBAI, Maharashtra	India
S2-589713758	Doe Grand Design LP	0453 HITE STREET, MORGANOTWN CDP, WV	US
S2-58976957	Roopavi Tcedhnloits Private Limited	169, THIRUGANASAMBANDAR STREETTHIRUVALLISWARAR NAGAR THIRUMANGALAM, CHENNAI, Tamil Nadu	India
S2-589881795	COROMANDAL MARKETING PRIVATE  LIMITED	G-3, NEEL MADHAV, VALJI LADHA CROSS ROAD, NEAR HIERA MONGI HOSPITAL, MULUND (W), Maharashtra	India
S2-58990080	Sarasiya Infraprojects-Private Ltd		India
S2-590754336	Mr HEX (INDIA) ENCLAVE LLP	Uttar Pradesh, 405, CLOUD 9 TOWERS, SECTOR-1, VAISHALI, GHAZIABAD	India
S2-590959479	Continental India Private	BLOCK A-776 204, STATION VIEW, SECTOR 30, VASHI, NAVI MUMBAI, Maharashtra	India
S2-591093417	BEHAVIORAL HEALTH INTERSTATE CARE (ASSOCIATES)		US
S2-591148884	Federal Valley	268 COOLWELL ROAD, AMHERST COUNTY, VA	US
S2-591835674	Graham's Catering Co	SOMERHILL CT, SOMERSET, KY	US
S2-591929534	Sader Foundation Private Límited	H. NO. 422, BADGO, SADER, Uttar Pradesh	India
S2-591957648	Prvihtae Premier Products Limited	NO. 00203 PADA NO-4, THAKUR SHETH COMPOUND, PATHARE CHAWL, BEHIND BAKERY, L M NAGAR, THANE, THANE, महाराष्ट्र	India
S2-592265228	Prtve IO Credit Limited	AURANGABAD, N-8 VISHWAKARMA CO- HOU, महाराष्ट्र	India
S2-592366139	F0rtune Construction Private	Maharashtra, NIPHAD, LASALGAON, H.NO 628 SN 93, NASHIK	India
S2-592650010	American Guild	1376 WOOD ST, DUBUQUE, IA	US
S2-592705527	MOUNTAIN ENDOCRINOLOGY	16745 1/2 NEWELL ROAD, TAMMS CPD, IL	US
S2-592854058	ZEPHRIZAZEPH	2147 ROPER LN, WENTACHEE, WA	US
S2-592880634	Bedell Cadenza of  Heyworth	206 MAIN STREET, HEYWORTH, IL	US
S2-5930054	Vertex Esports,	7767 WHITE CHAPEL ROAD, HEATH TOWNSHIP, OH	US
S2-59326140	A Trusred Canada LLC	null, 195. RODEO RD, AZ, CASA GRANDE	US
S2-593284431	(LLC) Surgical Specialists	NC, RALEIGH, 5800 SAND PEBBLE PL	US
S2-593342750	Delpro Services Ltd	#421 B-8, SHRI RAM NAGAR VILLAGE-JAIPURA, POST- JAGATPURA, <NULL>, राजस्थान	India
S2-593434149	Smt Vignesh Micro  Private Limited	KANTI NIKETAN, NEW BUS STAND CHHATAUNI NEAR OF SPORTS CLUB, P.O. MOTIHARI, P.S., -CHHATAUNI, MOTIHARI, Bihar	India
S2-593468467	गुड इंडस्ट्रीज	130 VRINDAVAN MUKAND STAFF, COL L B SHASTRI MARG GHATKOPA NEAR PIPE LINE, MUMBAI, Maharashtra	India
S2-593580304	OQ  Purpose	#87 D-7, PHASE III GARDEN HOMS ALKAPURI, GWALIOR, Madhya Pradesh	India
S2-593604326	Oreilly  & Scott Light Inc	1847 35TH ST, FAROG CITY, ND	US
S2-593617514	Strategic Group Defense	746 CHRISTMAS TREE RD, DUNN, NC	US
S2-593658621	Sirius Purpose	3436-3438 SIERRA SPRINGS DR, TUCSON, AZ	US
S2-594008761	Patriot  Veterinary C1inic	ALBUQUERQUE, 06820 VISTA TERRAZA DRIVE, NM	US
S2-594136038	oreillyscottlight.com	1847 35TH ST, FAROG CITY, ND	US
S2-594454926	Fleming-Ncr	6418 ROCKWELL BLVD, <NULL>, CHARLOTTE, NC	US
S2-59456776	Commercial Stcagfiog Services LLC	41 GRANT, HARTFORD CITY, IN	US
S2-594816816	Ivenent-Hawaii [L.L.C.]	#5473 Sr 249, HICKSVILLE, OH	US
S2-594873304	SILVER BOOK STORE CORP	184 OLD HWY 19E, ROAN MOUNTAIN, TN	US
S2-595529733	Anand Prmier Enterprises Private Limited	C/O POONAM DEVI, WARD NO. 3 LAXMI NAGAR BANU CHHAPRA, BETTIAH, Bihar	India
S2-59566249	Valley Sterling Intercontinental Partners Corp	13119 72ND PLACE, BIXBY, OK	US
S2-595696083	Peex LLC	WINTHROP, MA, IRWIN SAINT	US
S2-595748024	Colonial Colonial Dynamix Associates LP	4895 ALLEN AVE, FLAGSTAFF, AZ	US
S2-595819422	બેસ્ટ આઈટી	OFFICE NO.205, FIRST FLOOR, TIMES SQUARE OPP. BALAJI HALL, 150 FEET RING ROAD, RAJKOT, Gujarat	India
S2-595844832	Beacon Dimdnosic Worldwide (Center)	Shag Bark Trl, SOMERVILLE, AL	US
S2-596320466	Sanchez Corporation	3890 146TH STREET, CLEVELAND, OH	US
S2-59673302	bangaloredesign.com	BLOCK A-372 27, MANI ILLAM, 2ND FLR, NR SUBRAMANYA TEMPLE, PATEL LYT, V N POST, CHEEMASANDRA, BANGALORE, Karnataka	India
S2-59682445	Pediatric Dental  Physicians (ID: 11394)	189 DEER DR, LAVERGNE, TN	US
S2-596846096	SWICKARD COMPANIES	##1530 DOUBLETREE LN, NASHVILLE, TN	US
S2-596872653	Private Dynamic Investment Ltd	HO.NO 671, AT SK. RAJUR PALAM, PARBHANI, PARBHANI, महाराष्ट्र	India
S2-597436998	Shyam Land Limited Center	10 LYONS RANGE5TH FLOOR, KOLKATA, West Bengal	India
S2-597637704	Smaiadbpget Art Pvt Ltd	#6TH FLOOR, SAIDAPET, KANCHIPURAM, தமிழ்நாடு	India
S2-597655278	COMMERCIAL STAFFING  INDUSTRIES LLC	9307 ALCOVE GROVE RD, CHESTERFIELD COUNTY, VA	US
S2-598158430	Federman Chimera Assoaites	9214 ARBOR CREEK DRIVE, CHARLOTTE, NC	US
S2-598193722	nationalprecisioncentral.com	8614 DOVES YARD, MISSOURI CITY, TX	US
S2-598244045	GREENWAVE ESTATE PRÍVATE LIMITED	205 , 2ND FLOOR PANKAJ PLAZA-III, SECTOR-6 MARKET, DWARKA, Delhi	India
S2-598356152	Cobalt	N7530 EDGEWATER DR, BEAVE DAM, WI	US
S2-598380483	Tri-State Star Sólutions #21447	08009 COUNT ST, HOUSTON CIITY, TX	US
S2-598829388	FOREMAN AND ROBINSON (L.L.C.)	OH, 3787 HARRIS ROAD, OXFORDD CITY	US
S2-59914339	Shri Kedia Mediaworks Limited (Private)	FLAT NO. C-35, RAJNIGANDHA CO.OP.HSG, SOCIETY SOMANI GRAM, RAM MANDIR ROAD, GOREGAON (, WEST), Maharashtra	India
S2-5993881	YUVRAJ-PUBLIC 5CHOOL	Kerala, 39/2475-B1, SUITE 419, LR TOWERS SJRRA 104 S JANATHA RD, PALARIVATTOM	India
S2-599574684	Custom Regional Cola Llc	1080 A STATE ROAD 519, PETACA, NM	US
S2-599700381	Jones-Select Music,	IL, MATTOON, 1209 17TH SAINT	US
S2-599824795	लोटस एनर्जी	P##3/004 A WING KAUSTUBH, PLATINUM, SHREE GANES, BORIVALI EAST, Maharashtra	India
S2-600176914	NILGIRI  SERVICES LIMITED	H.NO 16/1B. RAMKANTA BOSE STREET, KOLKATA, KOLKATA, West Bengal	India
S2-600362635	Vsn Advis0rs Private Private Limited	FLAT NO. ##1 , GROUND FLOOR, HARIHAR NIWAS, BESANT STREET, SANTACRUZ (W), MUMBAI, Maharashtra	India
S2-600508751	FEDERATION YOUTH MONETTE ASSOCIATES	56 1/2 CRAIGHEAD 518 ROAD, NULL, MONETTE, AR	US
S2-600974031	Cabral Corp (Partners)	26 CYPRESS CREEK DRIVE, CALVERT CITY, KY	US
S2-601281735	Vanton-Cable	025 MULLIGAN DR, NULL, TUCSON, AZ	US
S2-601304093	>> BLUE  DEL!I LP	WESTBURY, NY, 57 OLD COUNTRY RD	US
S2-601414637	Al Éxports	C/O NILAM DEVI, VILL-BHUJAPUR, DAULATPUR, MASAURHI, Bihar	India
S2-601478884	Certified Company Security	0738 UNIVERSITY WAY, ELLENSBURG, WA	US
S2-601789983	ROSE DEVELOPERS ((PVT))	A 17, RAJU ENCLAVE DWARKA, KAKROLA, Delhi	India
S2-602056412	फॉर्च्यून केयर लिमिटेड	HN 44 HANUMAN MARG, UDAIPUR, राजस्थान	India
S2-602057050	Creative Limited-Projects	12THFLOOR, C, 1204, ROYA OASIS, JANKALYAN NAGARMALVANI, NR BILLABONG SCHOOL, MALAD W, MUMBAI, Maharashtra	India
S2-602763425	Perfect  Brothers Pradte Limited	C/O DAUDAYAL RAMCHANDRA RATHI BUDDHA MARG, KHACHRAUD, Madhya Pradesh	India
S2-602799165	Spurr and Hill Patriot (LLC)	186 NARROW LANE, NEW MARKET, AL	US
S2-602829533	તિરુપતિ માર્કેટિંગ પ્રા. લિ.	PLOT-E-0014, GANDHINAGAR, GANDHI NAGAR, ગુજરાત	India
S2-603186246	daskroiindia.com	BLOCK G-147. E-703, DEVGRAM RESIDENCY, OPP AQUAPOLARIS RESIDENCY, DASKROI, Gujarat	India
S2-603216500	-- barney & thomas physical inc	113 MOLLY REX LN, null, MOORESVILLE, NC	US
S2-603246634	FIRST [MÍNISTRIES]	07224 250, GREENFIELD, IN	US
S2-603324206	जय इंडस्ट्रीज प्राइवेट लिमिटेड	A-002/157. SITE 5 KASNA IND AREA GREATER NOIDA, NOIDA, GAUTAM BUDDHA NAGAR, Uttar Pradesh	India
S2-603838695	Siex Mercator Inc Services	TX, AMARLILO, 1256 BOWIE ST	US
S2-603915580	ANDERSON FLOATING	866 30TH AVE, SANTA CCRUZ, CA	US
S2-604011507	Internal Mddimine Center	1109 JOHNSON STREET, AMARILLO, TX	US
S2-604090922	KR INDUSTRIES	R NO 0015 HOTLE SHED GR FLRNILKANTESHWAR BLDG ANNIE BESANT RD, MUMBAI, महाराष्ट्र	India
S2-604264016	premierkeystonepacific.com	41 BULFINCH STREET, MA, LYNN	US
S2-604378691	ರಾಯಲ್ ಸಾಫ್ಟ್‌ವೇರ್ ಪ್ರೈವೇಟ್ ಲಿಮಿಟೆಡ್	SY NO. 7/2 FLAT NO. 102, BANGALORE SOUTH, BANGALORE, ಕರ್ನಾಟಕ	India
S2-604887916	Vijay Healthcare  (Limited)	D. NO 11-10-268/6/A/1, SHOP ZONE, YELLANDU, Telangana	India
S2-604943557	varshamproducts.com	NO - 06, SOUTH RAMPART OLD TOWN BUSTAND, THANJAVUR, Tamil Nadu	India
S2-605002699	Capital Próperties LLC	713 1/2 GLENHAVEN DR, PHOEIX, AZ	US
S2-60509983	Aurora Center	935 THIRD AVE, PO BOX 4228, HICKORY, NC	US
S2-605185837	ORTHOPEDIC  PHYSICIANS	2112 43RD STREET, TWO RVERS, WI	US
S2-605458161	prairie auto inc	AL, BALDWIN COUNTY, 1655 BRIGADOON TRL	US
S2-605497584	brightprimecross.com	256B VANCE STREET, RAWSON, OH	US
S2-605501962	Limited New Leathers Private [Service]	0709/58, SOUTH DELHI, NEW DELHI, Delhi	India
S2-60561143	Kinesis (edhndia) Infraproperties Ltd	2/113 RAHEJA CREOT, OSHIWARA OFF NEW LINK RD, MUMBAI, महाराष्ट्र	India
S2-605950832	Chirayu Healthcare Private	H.NO 20 B-6/5 LOCAL SHOPPING CENTRE SAFDARJUNG ENCLAVE, DELHI, Delhi	India
S2-606169333	#whitetge	NC, PMB 7216, GREENSBORO, 1507 HARIDE STREET	US
S2-606471707	Highway Traders Private Ltd	4FLOOR, HITANANDA48, LAVELLE ROAD BANGALORE, Karnataka	India
S2-606478303	LEWIS FORTUNE LLC	002948 HARRIS CIR, MEMPHIS, TN	US
S2-606523464	Raex Capital Partners	835-A QUARRY RD, SILVERCREEK TWP, OH	US
S2-606691458	Clouser Cofrepoe Jab	NY, RIVERHEAD, ROBINSON PKWY	US
S2-607036862	Headrick, Harker Dick Nexera Center	106 WILKES AVE, BECKLEY, WV	US
S2-607085475	Dr Ab System  Private Limited	H-69  UGF CONNAUGHT PLACE, NEW DELHI, Delhi	India
S2-607322546	THE  DENT	4846 WAVELAND AVE, CHICAGO, IL	US
S2-607920583	Thomas Development LP  Service	9260 AMBERLEIGH DRIVE, PLAINFIELD, IN	US
S2-608057125	New Delhi  Software Ltd	L-43-A MALVIYA NAGAR, NEW DELHI, दिल्ली	India
S2-608149969	Jesselyn Óneal Wilco LLC	MONTGOMERY LN, HOMEWOOD, AL	US
S2-608169002	FAMILY MEDICINE, LLC	184 CREEKSIDE CIR, NORTH CANTON, OH	US
S2-608363667	ignitedhealth.com	Haryana, H.NO 289 B-602 C-DOT GH-2 SEC, GURUGRAM, GURGAON	India
S2-60875597	Herman Safe	90TH PLACE E, TULSA, OK	US
S2-609176450	कृष्ण फाइनेंस	BLD.B FLAT-403, PUNE, महाराष्ट्र	India
S2-609281890	Bhopal Limited Center	39, OLD ASHOKA GARDEN, NEAR CHURCH, RAISEN ROAD, BHOPAL, Madhya Pradesh	India
S2-609338607	Opp, Ardyce Fields LLC	2242 91ST STREET, CHICAGO, IL	US
S2-609497404	रियल कंस्ट्रक्शन प्राइवेट लिमिटेड	C/O SHIV MANDIR, HISAR, हरियाणा	India
S2-609994357	OTM CRAFT PRIVATE LIMITED	KNOWLEDGE CENTRE, STREET NO. 017, M.I.D.C. ANDHERI (E), Maharashtra	India
S2-610031891	ELITE REALTY-DNYONAICS	5199 TRAILHEAD LN, null, PRIOR LAKE, MN	US
S2-610048427	20/20 Vision	WAKE FOREST, NC, HERITAGE HILLS WAY	US
S2-61006635	Chiropractic Medicine	242 GODFREYS LAAE, HERTFORD, NC	US
S2-610072493	Clardy-Greenland		US
S2-610281718	earnosethroat.com	2910 FIFTH ST, CANTON, OH	US
S2-610496532	Summit Medical Center	58ND STREET, VIENNA, WV	US
S2-610548732	रॉयल इंजीनियरिंग एलएलपी	LEVEL - 2/3, ELEGANCE TOWER DISTRICT CENTER, JASOLA, SOUTH DELHI, NEW DELHI, Delhi	India
S2-610636944	Visionary & Sons Private Ltd	FLAT NO.G05., GROUND FLOOR, INCOR OPULENCE GUNJUR PALYA ROAD, GUNJUR VILLAGE, VARTHUR, BANGALORE, Karnataka	India
S2-611044515	Interstate  Vbsne	11046 LUMINATE DR, RANCHO CUCAMONGA, CA	US
S2-611277765	SILVER LLC ATLAS	100 COUNTY ROAD 2555, CLEVELAND, TX	US
S2-611465361	*** Choice Resorts  Inc	711 PLEASANT LANE, LAGRANGE, IN	US
S2-61165185	CONSOLIDATED APPAREL CÓNCEPTS L.L.C.	379 Pickard Rd, SANFORD, NC	US
S2-611908154	American Mountain Social Center Corp	SPARROWS PL, POWHATAN COUNTY, VA	US
S2-611935473	Technology Xact Sports	NO #55 , 2ND CROSS, SHAMPUR ROAD, COFFEE BOARD COLONY, BANGALORE, Karnataka	India
S2-612129452	Reus  Industries		US
S2-61253037	Super [Medical-Centre]	23/163A, KUMMANCHERI JUNCTION CHANGHAMPUZHA NAGAR, PATHADIMPALAM, KALAMASSERY, Keralam	India
S2-613013082	Lucky Vídyálaya	###27 RAMKAMAL ST P S WATGUNGE, KOLKATA, West Bengal	India
S2-613224956	WYQ SERVICES PVT LTD	H.NO 380 ASWINI DUTTA NAGARHINDMOTOR, HOOGHLY, West Bengal	India
S2-613271094	Wfmbr Epr PC	6 SARATOGA AVENUE, WATERFORD, NY	US
S2-613315517	Ear Nose & Health Inc Center	7 CHERRY CIR, ROCKLAND, MA	US
S2-613600660	Great Surya Consulting Private	KANCHAN, STREETNO.2, MADHAVPARK-2, NR. GOVERDHAN CHOWK, RAJKOT, Gujarat	India
S2-613834773	OLABOR.COM	16114 Onda Mountain, WEST FORK, AR	US
S2-614252260	rodriguezcalisa.com	5699 CR 21, HELENA, OH	US
S2-614273598	Life Surya Foundation Private	FLAT NO: 201, SRI JAGDISH APARTMENT INDRAPURI, RAJABAZAR, PATNA, Bihar	India
S2-61432988	HARBOR FIRST TRAILBLAZER LLC	3208- GLENDA AVE, HALTOM CITY, TX	US
S2-61445246	The Leesa Salgado Prime Audio Installation (Corp)	3200D KINGWOOD DRIVE, GREAT FALLS, MT	US
S2-614456505	Surgical LLC Specialists	5800 SAD PEBBLE PL, RALEIGH, NC	US
S2-614562368	Mr Maitri Multi  Private	मध्य प्रदेश, #8/3 , OPPOITE REWA RAILWAY STATION, GODHAR, REWA, REWA	India
S2-614584084	aidasadvisorscom	449 DUNNAVANT ROAD, LEEDS, AL	US
S2-614593857	arlinakaestnerhighlandcom	573 BEAVER CREEK RD, SMYTH COUNTY, VA	US
S2-614739100	>> Delly's Data	316 BLACKBURN BAY DRIVE, CITY OF VERONA, WI	US
S2-614827638	व्हाइट इंफोटेक प्राइवेट लिमिटेड	NEAR BADEL NAJE ABADI HIWAY BYPASS BANKI BARABANKI, NAWABGANJ, BARABANKI, उत्तर प्रदेश	India
S2-614955104	@béia	616 CREEK ST, SKIATOOK, OK	US
S2-615018618	cobbssharer.com	2646 PAULINE AVE, GLENVIEW, IL	US
S2-615044634	IO Credit Private-Limited		India
S2-615197053	Surgical Center of Dahlgren  Corp	6551 COUNTY ROAD 200, DAHLGREN, IL	US
S2-615701821	KLQ Trbansfoirmfes Prívate Limited	C-202, APRICOT SURVEY NO. 17/1/2, AJINKYA PARK, Maharashtra	India
S2-615813370	l G & A Qdro  Inc	330 COMMONWEALTH COURT, ST PAUL, MN	US
S2-616033211	Moseley Métro Oneim LLC	2368 ANSLEY ST, ALLIANCE, OH	US
S2-616046662	93/59 FLAGSTAR	9372 LANKFORD HWY, CHERITON, VA	US
S2-616064436	RIDGE DÍANA LP	1725 ARLINGTON BLVD, GREENVILLE, NC	US
S2-61622663	CLARDY GREENLAND LLC LLC	22 WYTHE AVE, STEPHENS CIITY, VA	US
S2-616259281	Wilkinson, Strong &-Smith Soulpower LLC	100 NICOLE CT, IMPERIAL, MO	US
S2-616373038	BORTON SPECIALTY-OF HINGHAM	299 ROCKLAND STREET, HINGHAM, MA	US
S2-616540962	Kolkata Your Clinic Company	পশ্চিমবঙ্গ, NO. 35 2ND-FR, FL: B1, 27, KALIDAS SINGHEE LANE, AMHERST STREET, KOLKATA	India
S2-616546129	Clyola Neuberger	ELM LN, GREENVILLE, NY	US
S2-616889820	Cedar	N/A, WATERLOO, 7477 COVERED BRIDGE DRIVE, IL	US
S2-617068074	andersoncolumbus.com	OH, 774  RADFORD DRIVE, HIGHLAND HEIGHTS	US
S2-617128524	Numerouno Tgrcsígn	West Bengal, NO 872 UNIT - PS ABACUS-625 NH12, ACTION AREA IIE, NEWTOWN, NORTH 24 PARGANAS	India
S2-617695400	lcobalt.com	107 COMMUNITY WAY, STAUNTON, VA	US
S2-617761847	Wendell & & Stahley Bioscience Inc.	WV, #3994 RUTLEDGE ROAD, CHARLESTON	US
S2-617762754	mcwilliams delta arrived llc	21115 MADERA VALLEY LNE, CYPRESS CTY, TX	US
S2-617998790	Allied Institute	MO, 3078 COUNTY ROAD 30, SARCOXIE	US
S2-618087746	Kolkata Solutions | www.kolkataso.com	46/2. SARAT GHOSH GARDEN ROAD, KOLKATA, KOLKATA, West Bengal	India
S2-618106667	Britta Bamt,  DO	0911 HUNTCLIFF DRIVE, OWINGS MILLLS, MD	US
S2-618176597	varanasiresearch.com	B 34/140 M-9, GAAYTRI NAGAR COLONY, SHUKULPURA, VARANASI, Uttar Pradesh	India
S2-6182325	Portland, Township Of Inc	5805 MILWAUKIE AVE, PORTLAND, OR	US
S2-618598117	The Hinkle Associates Inc	284 OLYMPIC COURT, CLARKSTON, WA	US
S2-61884332	POLLACHI CROP PERABIE LIMITED	OLD NO. 113, NEW NO. 96, GANDHINAGAR, KOTTUR ROAD, SULEESWARANPATTI, POLLACHI, தமிழ்நாடு	India
S2-618890181	Mikaela Réay,	CORBELL AVE, PMB 4421, NORFOLK CITY, VA	US
S2-619002672	BURNS, REICH & KALINOWSKI		US
S2-619184087	Vetecex	2761 STOCKTON BLVD, PO BOX 1680, SACRAMENTO, CA	US
S2-61921418	Jsr Bizcon Bizcon	D/214  SHYAM ASHISH SUNDER NAGAR, AGASHI ROAD BOLINJ VIRAR WEST, PALGHAR, Maharashtra	India
S2-619267810	Health-Fellowship	VAN HOLLEN ROAD, MANOR, TX	US
S2-619333701	Guinn Gulf Mercury	3417 WINDING OAK LANE, BURLESON, TX	US
S2-619430326	LLC Capital Próperties	GLENHAVEN DRIVE, PHOEIX, AZ	US
S2-619602212	UJJAYA  MERCHANDISE	H.NO 914 C/O K.VINODINI, KAPPACHERY, HOUSE VIJAYA FLOWER MIL, KANNUR, Kerala	India
S2-619730277	LLC Perez Sterling House	222 MASSEE DR, DOOTHAN, AL	US
S2-620027920	Pediatric Precision (Partners)	135 CENTER TREE DRIVE, PALACIOS, TX	US
S2-620079584	Twigg, Services J., Oralla	4226 ELY AVE, BRONX, NY	US
S2-620262970	Casimiro Dynamic Airport (Co)	1311 Farms Rd, BRONX, NY	US
S2-620497533	Human Rights  Institute		US
S2-620641441	Johnson, Dorree D., P.A. Ltd	105004 HIDDEN VALLEY DRIVE, MCLOUD, OK	US
S2-620888293	Hale Inc Algonquin	OFALLON, MO, 124 TOWERGATE DRIVE	US
S2-621065636	Genao Choice Jena Associates Inc	1232. WEATHERTON PL, BALLWIN, MO	US
S2-621165917	Smt Vinayak Telesystems Private	C/O SHIVAJI SINGH, MOHADDIGANJ, MAHDIGANJ, SASARAM, बिहार	India
S2-621330435	UY Gardens Private Ltd	Gujarat, 77/10 GIDC ESTATE PHASE I, DASKROI	India
S2-621372521	newdelhisoftware.com	L-43-A MALVIA NAGAR, NEW DELHI, Delhi	India
S2-621441078	Clean Wealth Ass0ciates	218 FIRST AVE, HUNGRY HORSE, MT	US
S2-62159057	Atlantic Mitsgi Inc.	930 M STREET, N/A, WASHINGTON, DC	US
S2-621960749	EVERYDAY (INSTITUTE)		India
S2-622124481	Tri-State Saul Inc.	#119 STATE STREET, WILLIAMSTON, NC	US
S2-622299048	Satin Consultancy Co	PLOT NO.13-B, VITHALBAUG, BAMBHNIYANI VADI VIDYANAG, BHAVNAGAR, ગુજરાત	India
S2-622552475	Lamb Interests Co	BOULDER COURT, HIGH POINT, NC	US
S2-62256489	Cornerstone Énergy Products Llc Llc	1828 CEDAR GATE CIRCLE, BIIRMINGHAM, AL	US
S2-62290692	Sree Téch Pvt Ltd	28 , C WING, GROUND FLR MARUTI NIWAS, PLOT NO B-37, SECTOR 6, NEW PANVEL, Maharashtra	India
S2-622930852	Bhubaneswar Network Private Ltd		India
S2-622952902	WILDLIFE ASSOCIATION	OAK STREET, BREMERTON, WA	US
S2-623347108	Pediatric Prfésoin Partners Corp	CENTER TREE DRIVE, TX, PALACIOS	US
S2-623383145	LLP Mumbai Galsaniznig	UNIT NO 6-422, 4TH FLOOR, NEELGIRI INDUSTRIAL ESTATE, 183, TOKERSHI JIVRAJ ROAD, SEWRI (WEST), MUMBAI, NERUL, Maharashtra	India
S2-6237833	EDE Cónstructions Clinic	MANIYANKERIKALAM KAVALAM, ALAPPUZHA, Kerala	India
S2-624007789	Schoen Tri-State Jpmorgan	BROWNWOOD, TX, 1500-B TERRACE DR	US
S2-624680013	DIRECT PAYROLL UNIN	618 17, ROCKLAND, NY	US
S2-624731218	ईस्टर्न फ्यूचर मीडिया प्राइवेट लिमिटेड	58 E2, PARADISE TOWERS, OPP. SAPPHIRE CHAMBERS, PUNE, BANER ROAD, Maharashtra	India
S2-624875831	ROMAS, DIXON AND PARTRIDGE PRIORITY LLC	1417 PLYMOUTH LN, PO BOX 8509, TUSCALOOSA, AL	US
S2-624884266	Sakthi Trade Private Limited	Rajasthan, PLOT NO A -175 HANUMAN NAGAR KHATIPURA, VAISHALI NAGAR, JAIPUR	India
S2-625101544	PRIVATE KURAL SOFT LIMITED	C/O MEHER KUMAR NIGAM, NA, JAIL TALAB ROAD MEHERPURI, HAMIRPUR, Uttar Pradesh	India
S2-625126804	Bhubaneswar-Network Private Limited	PLOT NO. - 590, KEUTASAHI CHHAK, KAPILESWAR OLD TOWN, BHUBANESWAR, DIST - KHURDA, OD, ISHA, BHUBANESWAR, Odisha	India
S2-625376758	यूनिक इंटरनेशनल	57, EAST DELHI, NULL, Delhi	India
S2-625381503	Chiropractic  Center	1016 309, GLOVERSVILLE, NY	US
S2-62545799	গ্রীন গ্লোবাল প্রাইভেট লিমিটেড	PARBATI BHABAN S B GORAI ROAD, NEAR SD HOSPITAL, PATNA, BARDHAMAN, West Bengal	India
S2-625797360	Arts Ministries  P.C.	5790 HUGHES RD, GALENA, OH	US
S2-626107575	Bangalore Eqiup	NO. 88, BOREWELL ROAD, DESK NO. 210-T, OPPOSITE TO WHITEFIELD POST OFFICE, BANGALORE, Karnataka	India
S2-626204944	ଶ୍ରୀ ଗ୍ଲୋବାଲ୍ ପ୍ରାଇଭେଟ୍ ଲିମିଟେଡ୍	PLOT NO-315/1088, SARDEIPUR, DHAULI SQUARE, BHUBANESWAR, KHORDHA, Odisha	India
S2-626478740	DIRECT DIRECT HERITAGE VELOS INC	28515 GREAT CANYON DRIVE, HOCKLEY, TX	US
S2-626887099	company reus idaho	31 GUILLEMETTE ST, SANFORD, ME	US
S2-626899937	Star Payment Advisors [[LP]]	1550 105ST STREET, EDWARDSVILLE, KS	US
S2-627158185	Bright  Technical LLC Services	211 CROCKETT WAY, ANNNA, TX	US
S2-627238111	Kolkata Solutions		India
S2-627244679	piedmonttrustiii.com	433 OAKDALE AVE, GLENCOE, IL	US
S2-627436783	Strategic Dlefnse Group		US
S2-627638258	The Memorial Society	##MILEPOST 109.7 I88 HWY, SUGAR GROVE, IL	US
S2-627938324	poundersadvanced.com	1208 JUY CT, FAYETTEVILLE, NC	US
S2-627958031	Maroney Advanced Harmony (Llc)	1319 RIDGEFIELD LOOP, ROUND ROCK TOWNSHIP, TX	US
S2-628091481	Imojean, Boyd, Signature China Inc	29W 270 FOREST AVE, PO BOX 5961, WEST CHICAGO, IL	US
S2-628200834	pacific empire pantages, llc	4701 SMOKEY QUARTZ LANE, ARLINGTON, TX	US
S2-628331506	INC FERRIFY VENDOME	2302 BRANSON LANDING, BRANSON CITY, MO	US
S2-628363363	A Crystal Credit  Inc	00553 Par Drive, MARION, AR	US
S2-628597238	LEGACY LOGISTICS ENTERPRISES INCORPORATED	1312 O AVE, ANACORTES, WA	US
S2-629206912	New  Life Chapel	6565 1/2 19TH AVENUE, PHOENIX, AZ	US
S2-629466393	Shantaram Institute of Technology Corporation	D-38/A, ASHOK MACG C-SCHEME, NEAR AHINSA CIRCLE, Rajasthan	India
S2-629643625	Sky Marketing Private	FLORENTINE VILLA NO D/5, S NO 60A/2/1B CTS GHORPADI, PUNE CITY, Maharashtra	India
S2-629681850	Dive Dévelopment Pvt. Ltd.		India
S2-629833070	Cypress Goldman	616 Porter Hill, YOUNGSILLE CDP, NC	US
S2-629904139	4-Legged Dóg	7141  16TH STREET, SUNNYSLOPE, AZ	US
S2-630399297	Therine Morales Clear-Foods Inc.	326 5ND STREET, NY, OSWEGO	US
S2-630400131	GREAT PROJECT ASSOCIATES	1757 Waterman Lane, MARANA, AZ	US
S2-630586931	DILIGENCETRADING.COM	#45 RANVEER NAGAR, I.T.I CHAURAHA MAINPURI FATAK, ETAWAH, Uttar Pradesh	India
S2-630911392	Chokshi  Brokers Private Limited	#61 61/29/N3, N.S.B.ROAD, RANIGANJ, P.O.RANIGANJ, P.S.RANIGANJ, RANIGANJ MUNICIPALITY, West Bengal	India
S2-631100383	physicaltherapyrocky.com	YONKERS, 125-129 VILLA AVENUE, NY	US
S2-631220695	Britt Best LLC Willow	TORONTO AVENUE, PRIOR LAKE, MN	US
S2-631485860	ace intelligence technologies inc	ARKANSAS AVE, EARLE, AR	US
S2-63149135	The Urology-Care Associates	2279 JOHNSARBOR DR, BRIGHTON, NY	US
S2-631667999	Barker Center Inc. Partners	PIERSON DR, RICHMOND HEIGHTS, OH	US
S2-631929522	Headrick, Harker & Dick	Wilkes Avenue, BECKLEY, WV	US
S2-632055489	Primary Care Group	4311 1/2 LEES CORNER RD, CHANTILLY, VA	US
S2-632323311	Gulf  Energetics Inc	94-01  25 AVE, EAST ELMHURST, NY	US
S2-632375397	Shelton Dombcla Associates LLC	1501  NORTH AVE, MELROSE PARK, IL	US
S2-632444705	BEACON LP PAINTING	3507 CREEK ROAD, DRIPPING SPRINGS, TX	US
S2-632637273	Devereaux +  Blatnhacrd Johnson	108- ROUNDTABLE DRIVE, CANONSBURG TOWNHSIP, PA	US
S2-633065101	ഈസ്റ്റേൺ ഇൻവെസ്റ്റ്മെന്റ് പ്രൈവറ്റ് ലിമിറ്റഡ്	ROOM NO. 380, 1ST FLOOR, BISMILLAH SHOPPING COMPLEX MARKET ROAD, OTTUPARA, WADAKANCHERRY, KUMARANELLUR P O, WADAKANCHERRY, Kerala	India
S2-633151184	>> Chiropractic Specialists [LLC]	1010 310TH ST, KIRON, IA	US
S2-633381170	ਏਸ ਸਾਫਟਵੇਅਰ ਪ੍ਰਾ. ਲਿ.	SHOP NO 104 CYCLE MARKET GILL ROAD, LUDHIANA, ਪੰਜਾਬ	India
S2-633782412	EMPIRE STRATEGY L.L.C.	1229 FULS FORK, LEROY, WV	US
S2-633848675	Dr Satyam Consultants Private	A-121 A, FLOOR 12TH PLOT-224, A WING, MITTAL COURT JAMNALAL BAJAJ MARG, MUMBAI, महाराष्ट्र	India
S2-63397266	Private Shakti Infra Limited	NO 51/2 C/O JAGABANDHU MONDAL, SETHPUR, VILL- MIRZAPUR, West Bengal, NORTH 24 PARGANAS	India
S2-634072085	யுனிக் எண்டர்பிரைசஸ் பிரைவேட் லிமிடெட்	#11, OLD NO.6, MAHALINGAM STREET, MAHALINGAPURAM, NUNGAMBAKKAM, CHENNAI, CHENNAI, Tamil Nadu	India
S2-634293946	Raj  Global Limited	NO 61 - A, TULSIANI CHAMBERS, NARIMAN POINT, MUMBAI, Maharashtra	India
S2-634532139	FAMILY CENTRE	5805 INDIAN TRACE, MADISON, WI	US
S2-634541090	Quill Polytechnic	31, LBS STREET SASTRI, STR MUTHANKADU, ERODE, Tamil Nadu	India
S2-634792347	HEARTLAND6OLDMAN.COM	704 CAROINA SAINT, AR, WALNUT RIDGE	US
S2-63504948	Sai &  Co	PLOT 926 67, 68 HAIDERPUR VIRAN, CENTRUM PLAZA, GOLF COURSE ROAD, BASAI ROAD, Haryana	India
S2-635115096	Capital Capital Fresh Center	2912 HAMILTON BLVD, SIOUX CITY, IA	US
S2-635128509	HANU  HOUSE	FLAT NO 4-C YAMUNIA JEEVAN BHIMA ENCLAVE RAJASEKARAN STREET MYLAPORE, CHENNAI, Tamil Nadu	India
S2-635483151	Innovative Canary [L.L.C.]	MAIN STREET, UPTON, MA	US
S2-635656666	Barabani  Builders Private Ltd		India
S2-635968531	FEDERAL GLOBAL	0225 JACKSON STREET, VERNON, IN	US
S2-63602820	Keystone Canadian Services	6506 MONA VISTA DR, HOUSTON, TX	US
S2-636677467	Armas Rleae Corp	8117. ROSEMARY SAGE DR, MAGNOLIA, TX	US
S2-636899330	GENTILE PIMCO GREAT CORP	VA, 429 KINGSCOTE LANE, HENRICO COUNTY	US
S2-637071142	Phoenix Surgical Express Cener	512C LYDIA LANE, SOUTH MOUNTAIN, AZ	US
S2-637111758	Frog  India	PLOT NO.176, SECTOR 52, GUTIGAU, GURUGRAM, Haryana	India
S2-63712382	BIGKEY.COM	F N9 SN5/10 SOMESHWARWADI, SAHADEO AVENUE PASHAN, PUNE CITY, Maharashtra	India
S2-637244284	Ivenent Hawaii	#5473 SR 249, HICKSVILLE, OH	US
S2-637766925	@royalsoftware	SY NO. 7/2 FLAT NO. 102, IBBLUR (V), SUN CITY BEGUR (H), BANGALORE SOUTH, Karnataka	India
S2-637799796	kaveriyainfrastructure.com	BLOCK G-505 5-9-58/8, PARISHRAMA BHAVAN, 1ST FLOOR FATEH MAIDAN, BASHEERBAGH, HYDERABAD, Telangana	India
S2-637861222	टेक विजन फाइनेंस प्राइवेट लिमिटेड	NEW DELHI, KAPASHERA, Delhi, S/O SH KANWAR LAL YADAV PROP IN KH NO.- 44/4 5 27 FIRST FLOOR	India
S2-638342275	Varshika Foundation Prioe Limited	H.NO ##259 C/O-SUDHANSU SEKHAR SAHOO, SAHADEVKHUNTA, BALESHWAR SADAR, Odisha	India
S2-638358881	Shyam Finance  L.L.P.	G-128 FLAT 2A2 OLYMPIA, JAYANTHIRESIDENCY LB ROAD, CHENNAI CITY CORPORATION, தமிழ்நாடு	India
S2-638649367	FUTURECREST KESTREL INC	#37 JULY AVENUE, OYSTER BAY, NY	US
S2-638825769	Memorial Society [LLC] #54491		US
S2-638831369	Eastern Blue Israel-Palestine Ltd	103- MILLER ST, PALESTINE, TX	US
S2-639481062	Baramati  Haeltchre Corp	SHALON NIWAS, VASANTNAGAR, BARAMATI, महाराष्ट्र	India
S2-639620899	Data Marketing lndustries Inc	9317 73RD STREET COURT, GIG HARBOR, WA	US
S2-639844702	PORTLAND, OF TOWNSHIP	5805 MILWAUKIE AVE, PORTLAND, OR	US
S2-639848536	Varshiya Solutions Private Ltd		India
S2-63988745	Cameron Allied Priority Inc	N4231 C, KAUKAUNA, WI	US
S2-639934596	Temple Ltdherdn Church Center	2200 VILLAGE DR, PMB 7838, NORTH LITTLE ROCK, AR	US
S2-639993890	UNK LLP [Realty]	LEVEL A-2, A-4/42, PASCHIM VIHAR, NEW DELHI, दिल्ली	India
S2-640267097	Miyasato, Martin and Vesely Photonics, Photonics,	5670 NEW HARMONY ROAD, PIKVEILLE, TN	US
S2-640602291	ಗ್ರೇಟ್ ಮಾರ್ಕೆಟಿಂಗ್ ಎಲ್ಎಲ್‌ಪಿ	#2818  HEMASUDEEP ARCADE, 15TH MAIN ROAD, 3RD CROSS, E BLOCK, SAHAKARNAGAR, BANGALORE, Karnataka	India
S2-640883675	exports saru services limited	C/O OMBEER SINGH, SUTHYANA, GREATER NOIDA, GAUTAM BUDH NAGAR, NOIDA, Uttar Pradesh	India
S2-641438059	Shri Positive College Limited Center	NO. 831 AKCROS HOUSE, 7TH FLOOR, SURYODAY SOCIETY ST. 1/E OPP WOCKHARDT HOSPITAL, KALAWAD ROAD, RAJKOT, Gujarat	India
S2-641484158	Atlantic Ácademy	214 MURRAY WAY, YORKTOWN, VA	US
S2-641557771	Capricorn Limited Services	C/O CHADRA SEKHAR REDDY, DR NO 4-7-53, BANK COLONY, PULIVENDLA, Andhra Pradesh	India
S2-641562792	vamovers.com	H.NO D/132, RANGOON STREET THOUSAND LIGHTS, NUNGAMBAKKAM, CHENNAI, தமிழ்நாடு	India
S2-641570604	ernestapearce.com	430 WASATCH BOULEVARD, COTTONWOOD HEIGHTS, UT	US
S2-641617171	The Garcia  Brewing	AR, 5500 Highland Drive, LITTEL ROCK	US
S2-641622991	Great Program Llc	790 COUGAR DR, EAGAN, MN	US
S2-641725400	YWH LLC Center		US
S2-641764981	रियल इंटरनेशनल प्राइवेट लिमिटेड	B-45, VRINDAVAN APARTMENT, SECTOR-6, DWARKA, NEW DELHI, Delhi	India
S2-642181874	Víocalo	11872 ROANKOE RD, IN, ROANOKE	US
S2-642219787	स्काई फाइनेंस	GAT NO-446/01 A4/2 AT POST-DODI BUDRUK SINNAR NAS HIK DODI BK, NASHIK, Maharashtra	India
S2-642232023	Diamond Packaging Packaging Innovations Corp	TILDEN ST, WASHINGTON, DC	US
S2-642520176	Bright Technical Dynamics L.L.C.	211 CROCKETT WAY, ANNNA, TX	US
S2-643237415	PIPEFITTERS UNION LÓCAL 724 (NO)	KITTERY, ME, BICKNELL STREET	US
S2-643386673	Sion Horizon Cloud L.L.C.	49 FIELD ST, BROCKTON, MA	US
S2-64365150	Limited Padam Private Partners	STREET NO G-1, BUILDING, 9 SEC 66, MAMURA, NOIDA, GAUTAM BUDDHA NAGAR, Uttar Pradesh	India
S2-643765455	... James Krakacquisition Krakacquisition	920 RIPTIDE LN, CAROLINA BEACH, NC	US
S2-644002932	ஸ்ரீ புரொட்யூசர் பிரைவேட் லிமிடெட்	#5 19TH STREET, 5TH AVENUE, ASHOK NAGAR, CHENNAI, Tamil Nadu	India
S2-644437072	PVT ACE SOFTWARE (LTD)	#104 CYCLE MARKET GILL ROAD, LUDHIANA, Punjab	India
S2-64446552	Highland Highland Montreal	16842 BIRKDALE COMMONS PARKWAY, HUNTERSVILLE, NC	US
S2-64452232	Minerva & Sons LLP LLP		India
S2-644557130	Gresh College Corp	22A June Street Terrace, WORCESTER, MA	US
S2-644711210	ARDYCE OPP FIELDS	2242 91ST STREBT, CHICAGO, IL	US
S2-644921940	VD Consulting Private Limited	FENIN VILLA WNO 56 KISAAN, COLONY NAWALGARH ROAD, SIKAR, राजस्थान	India
S2-645081203	Marketing Source  Crusher	#794 1602, LIMONA TOWER NO. 2, RUNWAL ANTHURIUM, LBS MARG, VEENA NAGAR, MULUND (W), MUMBAI, महाराष्ट्र	India
S2-645633135	NEWTON AND-CHAMBERS	04323 STEVENS BATTLE LANE, FAIRFAX COUNTY, VA	US
S2-645647395	Valley LLC Center	1020 BANKS STREET, FORT WORTH, TX	US
S2-645708553	Summit Society Lp	33 CASA GRANDE, NULL, BROWNSVILLE, TX	US
S2-645927563	HARBOR WORLDWIDE,-LLC	HEDGEMOOR DRIVE, RALEIGH, NC	US
S2-646190744	FB LIBERTY GARDEN [LLC]	MIMISBURG, 680 HIDDEN MEADOWS DR, OH	US
S2-646891361	Faulkner Pátriot Eagle	1003 EASON AVENUE, BUCKEYE, AZ	US
S2-64693025	Ethel Brfad Open  LLC	204 ANNISTON ST, WEAVER, AL	US
S2-646930594	SMART GREENLAND  PARTNERS	3599 LAKE RIDGE DRIVE, PUALSKI, VA	US
S2-646996147	Gatiman Law-Chambers	H.NO.-9-69/5, POLICE LINE ROAD, ALBONY LODGE, Uttar Pradesh	India
S2-647179457	shaanproject.com	Telangana, FLAT NO.105, 10TH BLOCK, VADDEPALLY ENCLAVE NEAR CHITTARAMMA TEMPLE, VIVEKANANDANAGA, R COLONY, KUKATPALLY HYDERABAD	India
S2-647338340	Slate LLC LLC	MA, LEXINGTON, TURNING MILL ROAD	US
S2-647497204	#sunriseestate	6/79. SECOND FLOOR, OLD RAJINDER NAGAR, NEW DELHI, Delhi	India
S2-647664053	Gaci and Co	LEVEL 7, DNYANVATSAL COMPLEX, OPP. VANDEVI MANDIR, KARVE NAGAR, PUNE, महाराष्ट्र	India
S2-647695665	SY PLLC Services	533 RIVIERA DR, WASHINGTON, IN	US
S2-647840742	Vue Pediatrics,	101 CANAL RD, HEBRON, OH	US
S2-648012884	എസ്എസ് എന്റർപ്രൈസസ് ലിമിറ്റഡ്	DOOR NO 118/7OPP ELECTRICITY OFFICE KATTOOR, THRISSUR, Keralam	India
S2-648058432	പ്രീമിയർ സൺറൈസ് ഇന്റർനാഷണൽ പ്രൈവറ്റ് ലിമിറ്റഡ്	HOUSE, N/A, ERNAKULAM, Kerala	India
S2-648099488	Animal Welfare	14020 Harrisville Rd, MOUNT AIRY, MD	US
S2-64815057	AJ TREASURY LP	1413 13TH AVENUE, BESSEMER, AL	US
S2-648337490	Center Regional Clear LLC	2632-D MCDONALD STREET, CITY OF APPLETON, WI	US
S2-648346180	UCL Consulting	NO 24/6 SY #139, SHOP #3&4, GEAR SCHL RD DODDAKANNAHALLI, SARJAPURA MAIN RD, BENGALURU, ಕರ್ನಾಟಕ	India
S2-648390444	Sierra	##110 750, BOUNTIFUL, UT	US
S2-648404217	Digital Wealth Alliance LLC	MD, COLLEGE PARK, 314 CHERRY HILL RD	US
S2-649199587	Rmb Foundations (Ltd.)	B-138/B, 3RD CROSS ROAD, PEENYA INDUSTRIAL AREA, SHUSHRUTI NAGAR, PEENYA, BENGALURU, Karnataka	India
S2-649333859	Limited HGX Market Services	C/O SURENDRA KUMAR MO KAHARAN NEAR BABU RAM, BAREILLY, Uttar Pradesh	India
S2-649517800	Choice Douglas Ltd	521 28TH AVENUE W, TULSA, OK	US
S2-649568956	ARIHANTTECHNOLOGY.COM	SHRIRAM GREENFIELD, TOWER E 1307, BANGALORE NORTH, ಕರ್ನಾಟಕ	India
S2-649977241	GUILD HOUSING III	001855 LORING PL, BRONX, NY	US
S2-650023664	WEBB PLLC CENTER | www.webbpllc.com	744917C LAWRENCE DR, VIRGINIA BEACH, VA	US
S2-650330400	Transworld Digital Ltd	A - 1, SWETA DUPLEX, RADHA SWAMI ROAD, RANIP, Gujarat	India
S2-650372756	गोल्डन टेक्नोलॉजी प्रा. लि.	712, BOMBAY, MUMBAI CITY, महाराष्ट्र	India
S2-650394364	স্টার ইনভেস্টমেন্ট লিমিটেড	47 MANDIR ROAD FLAT NO 4D1 P S DUM DUM, KOLKATA, CALCUTTA, West Bengal	India
S2-650648581	FLYING GROUP OF COMNAI	পশ্চিমবঙ্গ, #7 GANESH CHANDRA AVENUEP.S. BOWBAZAR, KOL	India
S2-650669901	East of Medicine LLC Center Center	1875 BRIGHTWOOD SAINT, EAST CLEVELAND, OH	US
S2-651173879	497-498 West  Owners Corporation	35 BEECHWOOD STREET, THOMASTON, ME	US
S2-651179410	Education Initiative	#129 CHANDLER WAY, LOUISVILLE, TN	US
S2-651524412	Shri Peacock Trust Ltd	H.NO 2-10-309/2/6 PRASANTHINAG, HANAMKONDA, Andhra Pradesh	India
S2-651637392	ಸೆವೆನ್ ಟ್ರೇಡಿಂಗ್ ಪ್ರೈವೇಟ್ ಲಿಮಿಟೆಡ್	ಕರ್ನಾಟಕ, DOOR NO 3 FRIENDS FLATS 4TH MAIN 4TH CROSS AECS LAYOUT SANJAY NAGAR GEDDALA HALLI, BANGALORE	India
S2-651843716	Mumbai Security	NO 202  PLOT NO 55, GREEN LANE SHER-E-PUNJAB, MUMBAI, Maharashtra	India
S2-65214894	The Karoline Gráy Direct Crescent LLC	VILLA PARK, PO BOX 7077, IL, 210 WISCONSIN AVE	US
S2-652273828	Cheslie  Mibdliken Internet	108- VIDA WAY, NORMAN, OK	US
S2-652313008	സ്വസ്തിക് ഗുഡ് പ്രൊഡ്യൂസർ പ്രൈവറ്റ് ലിമിറ്റഡ്	KOTTAYAM, KOLLAM, Kerala, KMC XVII/130 BALAVILAS BLDGSREENIVASA IYER ROAD	India
S2-652366986	moriarty shipping	RENSSELAER, NY, 9 WOODLAND AVE	US
S2-652525193	sáidapetart.com	H.NO 6TH FLOOR, BLOCK 2, DLF SEZ IT PARK, 1/124, MOUNT POONAMALLEE ROAD, SAIDAPET, Tamil Nadu	India
S2-652594539	নর্থ হরি সফটওয়্যার প্রাইভেট লিমিটেড	C/O NIRMAL BANDYAPADHYA, NORTH 24 PARGANAS, KALUPUR, West Bengal	India
S2-653026364	North 5tardust Care Corporation	470 LAKE ST, PO BOX 1238, RAVENNA, OH	US
S2-653034603	south foundation private limited	C/O MARUTI GOVIND ANDHALE DOIFODEWADI DIST BEED DOIFODEWADI, BEED, Maharashtra	India
S2-653413228	श्री इन्वेस्टमेंट प्राइवेट लिमिटेड	GALA 7, BOMBAY, GOREGAON WEST, Maharashtra	India
S2-653613388	Dido Johnson Affiliated	0012 MEETING HOUSE LN, null, SCITUATE, MA	US
S2-65362385	Dr Young (India) Constructions Limited Private #65946	#45-26 DLF PHASE 4, HIBISCUS MAIN, DLF QE, हरियाणा	India
S2-654281048	Tajpuria Foundation	NO. 069 103, BAKUL APARMENT PLOT NO. 3, SHIVAJI NAGAR, Maharashtra	India
S2-654343662	రాయల్ కన్‌స్ట్రక్షన్స్ ప్రైవేట్ లిమిటెడ్	H. NO. 7-9/5, 8TH STREET, JSN COLONY HABSIGUDA, HYDERABAD, Telangana	India
S2-654382534	CORNERSTONE-SUMMIT P.C. CENTER	TIMBERWOOD DR, MINOOKA, IL	US
S2-654625655	Vans Hire Ltd Pvt	H.NO 352 DOOR NO III/173 BCHIRAYATH BUILDING CHERIAKKARA ROAD PUTTHONCHIRA, POST THRISSUR, MALAPPURAM, Keralam	India
S2-654750898	SONEPAT SERCTRIIET PRIVATE LIMITED	#196-L MODEL TOWN, SONEPAT, Haryana	India
S2-654773126	A Carlyle Choice  Inc	MOUNTAIN RD, MONTPELIER CITY, VA	US
S2-655294221	Rojas Sterling Association LLC	94 LAFAYETTE AVE, SUFFERN, NY	US
S2-655306966	sbschwab.com	158-C PEACH STREET, AL, HILLSBORO	US
S2-655457717	ONCOLOGY LLC SÉRVICE	310 IRIS DRIVE, SIERRA VISTA, AZ	US
S2-655641471	@  Home 6 It Inc	986 CHILLON DRIVE, N/A, CRESTLINE, CA	US
S2-655836583	p 2 r index	5525 LIMABURG RD, BURLINGTON, KY	US
S2-655862106	Mann Ultra	ALVIN, 210 SVEENTH STREET, TX	US
S2-655911704	फर्स्ट इन्वेस्टमेंट्स लिमिटेड	A-505A, AZAMSHAH LAYOUT, SAKKARDARA CHOWK, NAGPUR, महाराष्ट्र	India
S2-656029966	servicesbalujachillies.com	Telangana, NO 45-100/2A. , B61, UPPAR GUDA, MOULALI, MALKAJGIRI	India
S2-65627214	Coastal Inc. Partners	1803 MYRTLE RD, null, SILVER SPRING, MD	US
S2-656459981	Gulf Center V Inc.	CONE FLOWER ST, BEND, OR	US
S2-656541052	Memorial  Chalities	904 BURTN PLACE, ARLINGTON HEIGHTS, IL	US
S2-656556488	Standard Cargo Advisors, L.L.C.	##8329 BLOOMINGTON AVE, BLOOMINGTON, MN	US
S2-656615624	Dayton Family Charities LLC	238 OXFORD AVENUE, DAYTON, OH	US
S2-656843184	Beacon Painting	CREEK RD, DRIPPING SPRINGS, TX	US
S2-657019590	ID A1l Nippon	129 HARDAWAY PT, NC, CLAYTON	US
S2-657153982	LEANN COLON FEDERAL ACQUISITIONS INC	9229 106TH WAY, SCOTTSDALE, AZ	US
S2-6573103	-- Crystal  Southern Partners Corp	6155 COPPER CIRCLE, ROANOKE, VA	US
S2-657316690	Metropolitan Services	108 LAVAL STREET, WATERBURY, CT	US
S2-65738138	Blue Silver Rice Ltd	416 JEFFERSON STREET, MANGUM, OK	US
S2-65771778	Samudra Investments Private  Limited	KANAIYALAL NO MADH, VADNAGAR, Gujarat	India
S2-657902660	Nguyen Premier Royal LLC	7582 PRICEVILLE RD, HART COUNTY, KY	US
S2-658083417	GHANSHYAM MNKFML	NO 005TH FLOOR, 502, MERAKI ARENA, CTS NO. 619/14 619/15 619/21A 21B, V N PURAV MARG, OPP R K STUDIO, CHEMBUR EAST, MUMBAI, Maharashtra	India
S2-65810203	Romer Era	6337. 3570, WEST VALLEY CITY, UT	US
S2-65814982	EQUINOX EMERGING	578 STARKS SETTLEMENT RD, LAOA TOWNSHIP, WI	US
S2-658151176	Metro Foundation of Tucson V LLC		US
S2-658260285	#lopezassets	W1797 A, TOWN OF FARMINGTON, WI	US
S2-658272761	POSITIVE COLLEGE PDIATE  LIMITED	NO 831 AKCROS HOUSE, 7TH FLOOR, SURYODAY SOCIETY ST. 1/E OPP WOCKHARDT HOSPITAL, KALAWAD ROAD, RAJKOT, Gujarat	India
S2-658300587	Romisoft	3904 LORI DR, NULL, ERLNAGER, KY	US
S2-65837570	Surgical-Center Enterprises		US
S2-658645938	Timothea Croxton	223 Fifth, MANILA, UT	US
S2-659008083	Sepl Institute of Technology Co	B-0045 HARYHUR SOCIETY VILLAGE KHAMBHAT TALUKA KHAMBHAT DISTRICT ANAND, KHAMBHAT, Gujarat	India
S2-659078314	Continental Marine,	1801 MERIDIAN ST, PMB 1430, NASHVILLE, TN	US
S2-659220721	Concept Travels Ltd	SHREEJI INDUSTRIES, VADKUN, DAHANU ROAD, Maharashtra	India
S2-659469104	Shantaram Institute of Technology [Co]	D-38/A, ASHOK MARG C-SCHEME, NEAR AHINSA CIRCLE, Rajasthan	India
S2-659652431	Royal Sunstone L.L.C.	191 CARLSBAD CT, NEWARK, TX	US
S2-659887383	vistasolutions.com	HN 701 B-88, GF-3, RAMPRASHA COLONY, GHAZIABAD, Uttar Pradesh	India
S2-660025296	W+ MISSION	2841 281, BAIRD, TX	US
S2-660025494	Arihant Technology Ltd Ltd	SHRIRAM GREENFIELD, TOWER E 1307, BANGALORE NORTH, ಕರ್ನಾಟಕ	India
S2-660302087	NEO ENTREPRENEURS-LIMITED	OPP. OF EMPLOYMENT EXCHANGE UDITNAGAR, ROURKELA, Odisha	India
S2-660397628	Rodriguez and Moan Inc		US
S2-660432026	PIPEFITTERS-UNION LOCAL NO 724	6 BICKNELL ST, KITTERY, ME	US
S2-660695731	HK  Infraheights Private Limited	C/O RISHIRAJ PRADHAN, DOVES NOOK FLORA 0013THMILE, KALIMPONG, DARJILING, West Bengal	India
S2-660987981	Horizon Innovation	17 Collinsville Avenue, EAST SAINT LOUIS, IL	US
S2-661084762	Little Hair  Studio!	##401 7TH STREET, BEARDSTOWN, IL	US
S2-661190061	PERFECT CONSULTANCY PRIVATE LIMITED	4/1-, MIDDLETON STREET, SIKKIM COMMERCE HOUSE ROOM NO-208, KOLKATA, KOLKATA, KOLKATA, পশ্চিমবঙ্গ	India
S2-661343369	टेक मीडिया प्राइवेट लिमिटेड	DOOR NO B3/312 SAI CHAMBERSNEHRUROAD, MUMBAI II, MUMBAI, Maharashtra	India
S2-661503048	Vision Héalth	329-333 SERENO DRIVE, CITY OF EL PASO, TX	US
S2-661564098	Juliann Rckmll Chadwick (LLC)	1205 SPAULDING AVE, IL, CHICAGO	US
S2-66196373	ENVAON SUI  INC	83482 STATE HIGHWAY 11, WAKITA, OK	US
S2-662095840	FOOT & ANKLE MEDICINE	658B H STREET, KS, PHILLLIPSBURG CDP	US
S2-66231733	Vijay Media	11B, PAVADAI NAICKER STREET, ERODE, <NULL>, Tamil Nadu	India
S2-66250431	राज ग्लोबल लिमिटेड	H.NO 61 - A, TULSIANI CHAMBERS, NARIMAN POINT, MUMBAI CITY, MUMBAI, महाराष्ट्र	India
S2-662577349	LEX LEX COPALHE LLC	401 1/2 NORTHWEST HWY, IRVING, TX	US
S2-663381482	EXPRESS DESIGN WORKS LLC	2741- JUNIPER WAY, CITY OF HOLLADAY, UT	US
S2-663383586	SOUTHERNLOGISTICS.COM	Gujarat, SHOP NO. 101/102 FF, SR NO. 4311, 4312 SHOBHA CHAMBERS, ZAVERIWAD, AHMEDABAD	India
S2-663917701	Everrise (India) Forwarding L.L.P.	B-1ASHOK VIHAR PH-IV, DELHI, दिल्ली	India
S2-66425781	>> 93/59 Flaar	9372 LANKFORD HWY, NORTHAMPTON COUNTY, VA	US
S2-66500934	ráymortgage.com	884 CASCADE AVENUE, ATLANTA, GA	US
S2-66526566	VARAPRODUCTS.COM	LEVEL 2, ALTIUS, OLYMPIA TECHNOLOGY PARK NO.1 SIDCO INDUSTRIAL ESTATE, GUINDY, Tamil Nadu	India
S2-665614545	Mcarthur Aegon of Lowell	LOWELL, IN, 17235 TAPPER STREET	US
S2-665865187	स्काई सर्विसेज प्राइवेट लिमिटेड	FLAT- 2A, 702 HEMA PARK CHS.LTD, NO. 476 C/O POONAM KISHOR PATKAR, MUMBAI CITY, महाराष्ट्र, BHANDUP	India
S2-666552651	Red Pub!,		US
S2-666764957	V 5 D Collective Inc.	2651 CREEKWOOD CIRCLE, MORAINE, OH	US
S2-667437916	Grasso Rocky  Cbre	1219 THIRTEENTH STREET, GREAT FALLS, MT	US
S2-667563940	Consolidated Apparel Concepts	379 PICKARD ROAD, SANFORD, NC	US
S2-66759591	Sri HITECH SONS & PRIVATE LIMITED	H NO 734 AT POST KANERWADI TQ KALLAM, OSMANABAD, महाराष्ट्र	India
S2-667799453	eticolonialaxiom.com	1901 NORTHWEST BLVD, NEWTON, NC	US
S2-667928423	ઇનોવેટિવ હોસ્પિટાલિટી પ્રા. લિ.	#466 FF-14 SHREENATH AVENUE NR, VADODARA, ગુજરાત	India
S2-668021	Valdez and Murphy Energia Inc	3911  CIRCLE DRIVE, WICHITA FALLS, TX	US
S2-668479738	Smt Mogal Consmlntcy		India
S2-668519172	Gujarat Consultancy  Private Limited	B-21, 2ND FLOOR, LAJPAT NAGAR-II, NEW DELHI, Delhi	India
S2-668811814	pdhealth.com	101 YORK ST, ELMHURST, IL	US
S2-669074651	A Trusted	195. RODEO RD, null, CASA GRANDE, AZ	US
S2-669105094	sanchezcornerstoneliberty.com (ID: 82330)	466 44 STREET, BROOKLYN, NY	US
S2-669272561	XDI CONSULTING PRIVATE LTD	SHOP NO.2 RATANPURA NR AMBICAMATA MANDIR OPP SHIVKUSH NAGTR VASTRAL ROAD, AHMEDABAD, Gujarat	India
S2-670119851	Ahmed Prashant Limited	D-201 MAYFAIR MERIDIAN BLDG-2, OFF SV RD AMBOLI, CEASER ROAD, ANDHERI WEST, MUMBAI, GREATER MUMBAI, Maharashtra	India
S2-67032606	4-Legged Dog Ltd	AZ, 7141  16TH ST, PHOENIX	US
S2-670416036	Kaveresh Fashion	DOOR NO 559 203, ZIPRA ARCADE, BUILDING NO 2, KUMBHARKHAN PADA, NR OM LAXMI LOTUS SOC, DOMBIVALI (W), KALYAN, महाराष्ट्र	India
S2-670489612	BARRIENTOS AND KIM LLC	TULSA, OK, 6810 95TH STREET	US
S2-670549181	Urban Construction Private	FLAT NO. B1/604, MINAR REGENCY TALAO PALI MUMBRA, THANE, महाराष्ट्र	India
S2-670587577	northstardustcare.com	470 LAKE STREET, PO BOX 1238, RAVENNA, OH	US
S2-670618631	THIELEN MODERN BARINGS INC	639 16TH STERET, TEMPE, AZ	US
S2-671195116	Nguyen Royal (Premier)	7582 PRICEVILLE ROAD, HART COUNTY, KY	US
S2-67137409	Tech Richie Media Private		India
S2-671426539	HEINRICH, TORRES +	131517 FEDERAL BOULEVARD, PO BOX 1693, RIVERTON, WY	US
S2-671626097	E+ Market	976 HURDS ROAD, VIRGINIA BAECH, VA	US
S2-671910180	... Raso & Vanderpool [Fox]	2215 SAN JUAN TRAIL, TUCSON, AZ	US
S2-672009184	Youth Alliance Corporation	4582 FOUNTAIN VIEW TRACE, OWENSBORO, KY	US
S2-672242056	हरि मार्केटिंग एलएलपी	DOOR NO 12 808, DELHI, NORTH WEST DELHI, Delhi	India
S2-672348767	Choice Atlantic  Center	OR, PORTLAND, 17721. COUCH STREET	US
S2-672482412	Complete Total Flag LLC	#800 DIGHTON LANE, PMB 4919, SCHAUMBURG, IL	US
S2-672526973	Dr SHYAM EAST [PVT]	#529D/164/FF-10, SUN TOWER KANCHANA VIHARI MAR, KALYANPUR, LUCKNOW, उत्तर प्रदेश	India
S2-673195186	Pvt Bsi Energy (Ltd)	C-406, SECUNDERABAD, HYDERABAD, Telangana	India
S2-673303728	Dahlgren of Center Surgical	6551 COUNTY ROAD 200, DAHLGREN, IL	US
S2-673678386	Mnm Trading	BLDG 5/3D, FLAT NO. 13, NEW AJANTA AVENUE SOCIETY KOTHRUD, PUNE, Maharashtra	India
S2-67382386	മാ ഗ്ലോബൽ പ്രൈവറ്റ് ലിമിറ്റഡ്	#19/208A, KUZHIVELIKUDIYIL THRIKKALATHOOR, ERNAKULAM, കേരളം	India
S2-673912478	Private Global Jas Tfecnhsllogies Limited	A-40, LAL KOTHI TONK ROAD, JAIPUR, Rajasthan	India
S2-674092319	westernbeacondefense.com	ND, 1519 32ND ST, FARGO	US
S2-67420382	Aarvendra Suppliers	A-00708, GAUR CASCADES, GHAZIABAD, Uttar Pradesh	India
S2-674262201	Lans Conductors Limited Services	C/O SANGAMESHWAR MOTIRAM PATIL MUKHED MUKHED TQ. MUKHED MUKHED, NANDED, Maharashtra	India
S2-674348773	Olvera Sterling Energy Corporation	BOWLING GREEN, KY, 494 HUB BLVD	US
S2-674367397	jyiprime.com	1209 LA RAIL DR, COLUMBIA, MO	US
S2-674511012	बिग टेक्नोलॉजी एलएलपी	NEW DELHI, SOUTH DELHI, दिल्ली, DOOR NO D/474 IIND FLOOR HARDEVPURIGAUTAM NAGAR	India
S2-674549647	PRIVATE ACHYUT CHURCH LIMITED	533, VYARA, SURAT, Gujarat	India
S2-674600236	Nnobnel & Co	GOVIND ESTTAE, FLAT NO. 702 7TH FLOOR, PLOT NO. 172, SHIVAJI NAGAR, NAGPUR, Maharashtra	India
S2-674639677	Francisca Fritz	002002 BUTTERNUT ROAD, TEMPLE, TX	US
S2-674769801	blue deli! lp	57 OLD COUNTRY RD, WESTBURY, NY	US
S2-67484817	Barker Véterinary Clinic	Gibralter Loop, EUGENE, OR	US
S2-67496485	Integrated Chíle PLLC	265 Old Shelby Road, HICKORY, NC	US
S2-675014776	simmons veterinary clinic clinic	1614 KINGSBRIDGE DRIVE, GARLAND CITY, TX	US
S2-675073155	Balamurugan & Brothers Private Ltd	697 BBMP NO. 68/1, BDA SITE NO. 78 SITUATED IN INDUSTRIAL SUBURB, MAHALAXMI, PURAM, BANGALORE, Karnataka	India
S2-675254935	CAMPOS ROCKWOOL	3925-3927 52, WEST LAFAYETTE, IN	US
S2-675679111	continentalindia.com	Maharashtra, BLOCK A-776 204, STATION VIEW, SECTOR 30, VASHI, NAVI MUMBAI	India
S2-675715244	The  Huggins Commerce	4539 UNDERWOOD DR, REDDING, CA	US
S2-676596968	Private Fortune Finance Limited	FLAT NO C-808 ANANTPURAM APPART BAPAT CAMP, RS NO D/226, KOLHAPUR, Maharashtra	India
S2-677014697	Raja and Sons  Co	C/O- MD. FARUK UDDIN, BAMUNMURA, BADU, BARASAT, BARASAT - I, West Bengal	India
S2-677020800	Heller  Coinshares LLC	5 ALHAMBRA COURT, DURHAM, NC	US
S2-677144100	Meenendra Ventures Pvt (Ltd)		India
S2-677389313	Almighty Tochnologys (India) Private Limited	A 4, SECOND PORTION, PUSHPANJALI FARM ROAD VILLAGE VIJWASAN, NEW DELHI, Delhi	India
S2-678124351	@geum	3713 RIELY RD, N/A, TERRE HAUTE, IN	US
S2-678147340	Williams, Armstrong & Hernandez Global	3509-3511 7TH AVE, TUCSON, AZ	US
S2-678168181	Costa & Natividad Páyment	1318 SUPERIOR SAINT, GENOA, OH	US
S2-678206277	K0ST-& WELSH	27 PARK TOWNE DIRVE, null, GRANITE CITY, IL	US
S2-678252225	Brady Dental  Associates	12365-D Ensley Dr, FIHERS, IN	US
S2-678260387	Sri Apex Constructions Prte Limited	B-7/31/1, BLOCK B-7 SAFDARJUNG ENCLAVE, DELHI, Delhi	India
S2-678587304	Services Hcm Jewels Piate Limited	PLOT NO.: 2224/2225-, KALPANA AREA, BHUBANESWAR, Orissa	India
S2-678673237	Primary Group PLLC Center	VA, Lees Corner Road, CHANTILLY	US
S2-678976121	URGENT  CARE VANGUARD	21901 CARDINAL CT, MONTICELLO, IA	US
S2-679054284	Mcarthur Aegon Of Lowell Inc	17624C TAPPER ST, LOWELL, IN	US
S2-679140983	oncologymedicine.com	4C COLLINS AVE, PLYMOUTH, MA	US
S2-679266499	PELICAN-TRUST	A-2303, FAIR FIELD LODHA LUXURIA, LODHA PARADISE, NEAR MAJIWADA BRIDGE, THANE (WEST), THANE, Maharashtra	India
S2-679387227	8agwe-Wafers Private	SNO 672/3A. STATE BANK HSG, SOCY SHOP N0.4 BIBAWEWADI, PUNE, PUNE CITY, Maharashtra	India
S2-679422997	क्रिएटिव फॉर्च्यून कंस्ट्रक्शन प्राइवेट लिमिटेड	Delhi, ##5 SULTANPURESTATE MEHRAULI, SOUTH DELHI, DIVREPORTINGCIRCLE	India
S2-679670109	Ltd Mumbai Pvt Services	HN 614 LAHUJI SALVE NAGAR, BHD.SUNCITY HOTEL, MIDC ROAD NO.19 ANDHERI (EAST), BANDRA SUBURBAN, BOMBAY, Maharashtra	India
S2-679900714	LP Francisco and Warren	9324 DEER RUN RD, WILLIAMSBURG TOWNSHIP, MO	US
S2-680096131	M0llie Crocker Black LLC	319 DIXON STREET, HENDRESON CITY, KY	US
S2-680467806	NATIONAL PROGRAM  III	TX, 2513 DARTFORD DRIVE, PO BOX 7543, CROWLEY	US
S2-680507036	Safalya & Brothers-Private Limited	201/A, VERTEX VIKAS, SIR M. V. ROAD, ANDHERI (EAST), Maharashtra	India
S2-680829171	regional assets pc	103- PARKRIDGE PL, PIQUA, OH	US
S2-680962756	CHARMINAR  POLYTECHNIC OF IONDFE	J-#9, SHREE JI VELLY, BICHOLI, MARDANA, INDORE, मध्य प्रदेश	India
S2-681113457	alliedxdt0tal.com	34137 EUREKA AVENUE, YUCAIPA CDP, CA	US
S2-681334894	Rosalind B. Hernandez DPM	15-17 QUINCY CLOSE, RIDGEFIELD, CT	US
S2-681517374	Savita Building (nidi)a Private Limited	#44 RANADE COLONY, HINDWADI BELGAUM, BELGAUM, <NULL>, Karnataka	India
S2-681518764	HERITAGE TALENT  DIGITAL	CA, 721 RIVERSIDE AVE, SANTA CRUZ	US
S2-681847073	C D + M SKIN CARE	85 PARK AVE, WORCCESTER, MA	US
S2-682214945	beststores.com	MD, ##821 CHADWICK CIRCLE, FREDERICK	US
S2-682282106	Valdez Pyrophyte	1900- KITTRELL DRIVE, OCEAN ISLLE BEACH, NC	US
S2-682448909	Koch Charter  Shfol		US
S2-682551972	लक्ष्मी कंसल्टेंट्स प्राइवेट लिमिटेड	A-301, NEW SAI DHAM CHSL, RAMDEV PARK ROAD, THANE, महाराष्ट्र	India
S2-683204992	Kinston Comuififes	3449 Danfield Dr, KINSTON, NC	US
S2-683206454	Vaibhav Associates Ltd	H.NO-002-9-106/108, SHIVAMS PRIDE APT, RISALA BAZAR, MACHA BOLARAM, SECUNDERABAD, TIRUMALAGIRI, Andhra Pradesh	India
S2-683352932	Daon Continental Music  LLC	7667C 136, TERRELL, TX	US
S2-683403436	M/s Laxmi-Consulting Private Limited	13/288, 1ST FLOOR, IRUMBAN BUILDING, SREEKRISHNAPURAM (POST), PALAKKAD, <NULL>, Kerala	India
S2-683423806	jq pinnacle markets, llc	420 WEST 6TH ST, DAVENPORT, IA	US
S2-683555989	Cedar	7477 Covered Bridge Dr, N/A, WATERLOO, IL	US
S2-683565821	The Surgical Center of Dahlgren	6551 COUNTY ROAD 200, DAHLGREN, IL	US
S2-684087508	KAVERIYA LIMITED PRIVATE INFRASTRUCTURE	BLOCK G-505 5-9-58/8, PARISHRAMA BHAVAN, 1ST FLOOR FATEH MAIDAN, BASHEERBAGH, HYDERABAD, తెలంగాణ	India
S2-684188945	Charminar  of Indore Center	J-#9, SHREE JI VELLY, BICHOLI, MARDANA, INDORE, Madhya Pradesh	India
S2-684254216	Colonial Initiative-LLC	58 JEFFREY ALAN DR, MANCHESTER, CT	US
S2-684753990	SUJ Clear Santander LLC	43125 VALLEY CREEK LN, ASTORIA, OR	US
S2-684789434	CENTER PRODUCTS CENTRAL	CA, SACRAMENTO, 14 KIMMIE COURT	US
S2-684810181	>> KAROLINE  GRAY DIRECT CRESCENT	210 WISCONSIN AVENUE, PO BOX 7077, VILLA PARK, IL	US
S2-684965383	Moseley Metro Oneim	2368 ANSLEY ST, ALLIANCE, OH	US
S2-684988232	यूनिक इंटरनेशनल	57, DELHI, NULL, Delhi	India
S2-684996088	INTERNAL MEDICINE  CLINIC INCORPORATED	APEX CTY, 706 EDGEWATER RIDGE CT, NC	US
S2-685037457	Ons School International	KNO-58/66/65, HNO-24-C, S/F, GAUTAM NGR, NEAR FATHER ANGEL SCHOOL, NEW DELHI, Delhi	India
S2-685074324	KRISHNA HOLDING COMPANY PLLC	64-66 CENTERPORT ROAD, GREENLAWN, NY	US
S2-685515868	and Mcwilliams Guerrero, Keeton Jessamine Co	201 CANTER LN, NICHOLASVILLE, KY	US
S2-685574633	Roots Sécurities Pvt Ltd	C-87, GOYAL PARK, OPP GOYAL PLAZA, VASTRAPUR, AHMADABAD CITY, ગુજરાત	India
S2-685984901	National Compania-PC	68ND AVE, PEORIA, AZ	US
S2-686458437	khplastics.com	H.NO 591A., HMT LAYOUT, V.R PURA, YELAHANKA, BANGALORE NORTH, BANGALORE, Karnataka	India
S2-686617937	Patel L.L.C. Partners	ELGIN, 1658 LIN-LOR COURT, IL	US
S2-687057839	RIDGE SCHOOL OF MÉDICINE INC	FOXGRAPE HOLLOW, BANNER ELK, NC	US
S2-688061730	The Rios Colonial Saul	SUMMERDALE ROAD, CORVALLIS, MT	US
S2-688089654	Preferred-Systems Inc Services	23355 FLORINA COURT, LOUDOUN COUNTY, VA	US
S2-68815643	Seaview Farm Private	N 302, PALM DRIVE APPARTMENTS, SECTOR-66, GURGAON, हरियाणा	India
S2-688278357	EAST URBAN INFRA PRIVATE	F-45D, GTB ENCLAVE, NAND NAGRI DILSHAD GARDEN, NORTH EAST DELHI, दिल्ली	India
S2-688370998	Office of Veterans Affairs Inc.	356 FELKINS AVE, FORSYTH, MO	US
S2-688549196	AHMEDABAD ASSOCIATES	B-804, VISHAKHA ELYSIM, NR GLOBAL INDIAN INTERNATIONAL SCHOOL, TRAGAD, AHMEDABAD, Gujarat	India
S2-689090268	KURAL-SOFT PRIVATE LIMITED	C/O MEHER KUMAR NIGAM, NA, JAIL TALAB ROAD MEHERPURI, HAMIRPUR, उत्तर प्रदेश	India
S2-689303943	Indo Busiinse Private Limited	174B/2, CITY BANK OPP, MADUKKUR SOUTH, PATTUKOTTAI, Tamil Nadu	India
S2-68943153	IRONCLAD PLLC	181 AUDUBON ROAD, N/A, JACKSONVILLE, NC	US
S2-689434556	Bridge International School Private Ltd	SUVEY NO. #141 , (PAIKI) MUNDRA SEZ TEXTILE & APPAREL PARK, SECTOR 12/S SHANTIPATH - I, V, MUNDRA, ગુજરાત	India
S2-689524589	Lynda's Pioneer Services	1008 FOXVIEW DR, JOLIET, IL	US
S2-689638893	ଜୟ ଫୁଡ୍ ପ୍ରାଇଭେଟ୍ ଲିମିଟେଡ୍	0785 C/O RAMESH CH NAYAK P.NO 40, JAGATSINGHPUR, <NULL>, Odisha, KHATA NO 181 NIMIDHI GATE BAZAAR PARADEEP GARH	India
S2-689997891	Lise Thomas Atlanticus Inc	236 MAYNARD RD, ROCKWOOD STRIP T1 R1 NBKP, ME	US
S2-690041411	Graham's Solutions	450 THOMPSON ROAD, OAK CREEK CANYON, AZ	US
S2-690227057	Kestan Pattana	8333. PARK VISTA CIR, CHARLOTTE, NC	US
S2-690533894	Grethel Gmrndelr Enclave  LLC		US
S2-690657372	অরিহন্ত ইনফ্রাস্ট্রাকচার প্রাইভেট লিমিটেড	H.NO 215 C/OPSABHAT RAI, DARJEELING, DARJILING, West Bengal	India
S2-690810935	KA RELIABLE SKY CO	4685 VALLEY RD, TUCSON, AZ	US
S2-69086837	#4 LABORATORIES INC.	KY, ERLANGER KY, 3455A MEADOWLARK DRIVE	US
S2-690890088	Bright Property Digital Red Oak Corporation	102 CARAL LN, PO BOX 9092, RED OAK CITY, TX	US
S2-691046787	and Markham Bacchus	30  ARNOLD GAMBLE CIR, SACRAMENTO, CA	US
S2-691121487	ANDERSON COLUMBUS INC	774  RADFORD DR, OH, HIGHLAND HEIGHTS	US
S2-691165117	Tadyne Sígnature LLC Service	21523 MARIA AMORE ST, HUMBLE, TX	US
S2-691452538	LYRAQUO	#201, Maharashtra, PUNE	India
S2-691485157	Teum PC Center	205 MURRAY SAINT, GAINESBORO, TN	US
S2-691559167	Inc M & X Druafsts,	AZ, TUCSON, FOURTH AVE	US
S2-69190788	The Smith's Select Massage LLC	39 MARKET ST, WILMINGTON, DE	US
S2-691979440	Tirupati Computech Private	#10/160 E, WORKSHOP CORNER, METTUR TOWN, METTUR, Tamil Nadu	India
S2-69219149	Watts, Wall & Anderson Nuclear Clinic Ltd	SOLLIE AYSCUE, HENDERSON, NC	US
S2-692204351	Easytech India	2748, 28TH FL, BLOCK B, LODHA MERIDIAN KPHB PHASE, TIRUMALAGIRI, Telangana	India
S2-692329443	Satyam Consultants Private	A-121 A, FLOOR 12TH PLOT-224, A WING, MITTAL COURT JAMNALAL BAJAJ MARG, MUMBAI, Maharashtra	India
S2-692365774	Burns, Reich & Kalinowski	4220A PARK AVE, HAMBURG, NY	US
S2-69245191	Mumbai Financial Pvt [Ltd]	#8TH FLOOR, UNIT 803, GODREJ TWO, PIROJSHA NAGAR, EASTERN EXPRESS HIGHWAY, VIKHROLI (E), MUMBAI, Maharashtra	India
S2-692498505	capizzi classic velos inc	5517 GILCREST SANDS DR, HOPE MILLS, NC	US
S2-692525816	[Technologies] Eidctrgincs Classic	1239 TILLERMAN PLACE, PMB 3786, CURTIS BAY, MD	US
S2-692541918	वन प्रॉपर्टीज प्राइवेट लिमिटेड	GEETA NILYAM, UMESH CINEMA ROAD, HAJIPUR, VAISHALI, Bihar	India
S2-692660861	Lucky-Deli	8032 JERSEY ST, CITY OF EL PASO, TX	US
S2-692739547	Piedmont-Coalition	110- COUNTY ROAD 2060, HULL, TX	US
S2-692938791	LLC Allied Irvestdments	00320 Carroll St, THOMASVILLE, NC	US
S2-692950296	KJP Piedmont	1016 PRAIRIE SMOKE ST, WAKE FOREST, NC	US
S2-693799896	The Dent Magssage	20002 Mountain Hwy, SPANAWAY, WA	US
S2-694146601	Liberty Tri-State Jáckson L.L.C.	8920 1/2 Oconto Ave, MORTON GROVE, IL	US
S2-694302302	Whitson, Barone and Pitcher	122 LAKESIDE DRIVE, FAIRFIELD GLADE, TN	US
S2-694603082	Nova LLC	4061 MARKET STREET, SALEM, OR	US
S2-694672248	Dean Service	894 WILLMAN ROAD, TALLADEGA, AL	US
S2-695186971	Tag Public Services	440, IT HOUSE IMAMWADA INDUSTRIAL AREA NAGPUR, NAGPHR, Maharashtra	India
S2-695711560	Bhayani-Consultancy Pvt Ltd	ANITA PANDURANG PATIL COLUMBIA C 204 CASA RIO KALYAN SHIL ROAD LODHA PALAVA GHESAR VIL, LAGE NILJE, MUMBAI, Maharashtra	India
S2-695759722	Mr Sangameshwar Brothers Cáre	Karnataka, PRESTIGE TRADE TOWERNO.46, 23RD FLOOR PALACE ROAD, BANGALORE NORTH	India
S2-695837826	गैलेक्सी ब्लू वेंचर्स प्राइवेट लिमिटेड	G NO 204 SINNAR SHIVAR, SINNAR SINNAR, NASHIK, Maharashtra	India
S2-696233561	DIDO JOHNSON LLC PARTNERS (ID: 66075)	0012 MEETING HOUSE LANE, MA, null, SCITUATE	US
S2-696436049	White Tge L.L.C.	1507 HARDIE STREET, GREENSBORO, NC	US
S2-696672788	Hotel Kríshna Infotech Private Limited	D9, SECTOR 3, NOIDA, Uttar Pradesh	India
S2-696688624	Simon Prairie	602 DUKE STREET, WEATHERFORD, TX	US
S2-696775892	GAJANAN CORPORATION FILMS	T H G MARKETING PRIVATE LIMITED OPPOSITE MUNICIPAL PARK ROAD, GIDDERBAHA, Punjab	India
S2-69680762	>> MARIE-ANN W. HALL, P.C. (CENTER)	644 LINCOLN STREET, UTICA, IL	US
S2-696897428	Lucky Deli Inc #57869		US
S2-697305117	CANCER GUILD	##2402 93RD TRL, BROOKLYN PARK, MN	US
S2-697800349	आनंद इंजीनियरिंग प्राइवेट लिमिटेड	26, REWARI, हरियाणा, MANDI ATELI	India
S2-698358818	The  Orthopedic Center Inc	4225 1/2 ALABAMA ST, HOUSTON, TX	US
S2-698566187	@xdallied	34137 EUREKA AVENUE, YUCAIPA CDP, CA	US
S2-698869266	Optimal Antimony, Llc	5148 BLAZER PARKWAY, DULIN, OH	US
S2-698887947	KUMHAR (NEAR RAILWAY GUMTI)		India
S2-698956471	Sanchez Lending  Inc	10744 MILLERS WAY, ORLAND PARK, IL	US
S2-699297849	స్వస్తిక్ కన్సల్టింగ్ ప్రైవేట్ లిమిటెడ్	10-6-87, SRINIVAS COLONY, MAHABUBNAGAR H.O, Andhra Pradesh	India
S2-699366573	శివా మీడియా	తెలంగాణ, OPP MGBS EXIT GATE, KALI KABAR, CHADERGHAT, HYDERABAD, C-22-1-433/1, HYDERABAD	India
S2-69954254	DOROTHEE MARSHALL SANTANDER PC PARTNERS	1422-B DIVISION STREET, HULL, IA	US
S2-699677626	*** Harbor First Trailblazer [LLC]	3208- GLENDA AVENUE, HALTOM CITY, TX	US
S2-699967288	environmentalguild.com	200  CRESTWOOD DR, TX, AVNIGER	US
S2-700041819	Kestrel Futurecrest Ínc.	#37 JULY AVE, OYSTER BAY, NY	US
S2-700116064	Regional  Society	##54-26 63 PL, MASPETH, NY	US
S2-700507319	dream innovative international	8-1-284/569, 2ND FLOOR, OU COLONY, SHAIKPET, GOLCONDA, Telangana	India
S2-700717343	Strategic Talent	6220 CR 862, PEARLAND, TX	US
S2-700910207	இண்டோ பிசினஸ் பிரைவேட் லிமிடெட்	174B/2, Tamil Nadu, CITY BANK OPP, MADUKKUR SOUTH, THANJAVUR, SIRAMELKUDI	India
S2-701019903	INC. SUAZO, LITTLE & JAMESON MESHFLOW	118 Timberlodge Circle, LITTLETON, NC	US
S2-701424206	Comerstone Cross	5641 HARRY STREET, WICHITA TOWNSHIP, KS	US
S2-701704815	KELOCALO	312 MAIN AVE, NITRO, WV	US
S2-701727670	Mac Infra (India) Pvt Limited		India
S2-701797224	WOMENS HEALTH BETTER CENTER CORP	128-132 CHURCH ST, MIDDLETOWN, CT	US
S2-70184259	Pacific  [Federation]	534 North Street, GALESBURG, IL	US
S2-701891242	Tirumalla Nakshatra Private Limited	PLOT 898 FL-NO-A-6, BASANT BUILDING, SPANDAN NAGAR, CIDCO. N-4, AURANGABAD, Maharashtra	India
S2-701990556	V 5	2651 CREEKWOOD CIR, MORAINE, OH	US
S2-702303429	Consolata's Service		US
S2-702719930	T 2 RE1IABLE SUPPLY, LLC - 5330970637	MERRIBROOK LN, KY, LOUISVILLE	US
S2-702747240	Great Aimei Rapid LLC	13823 ROSEMERE LN, HOUSTON, TX	US
S2-702881696	KSR NURSING HOME-CO		India
S2-703015865	డ్రీమ్ ఇన్నోవేటివ్ ఇంటర్నేషనల్	8-1-284/569, 2ND FLOOR, OU COLONY, SHAIKPET, HYDERABAD, Telangana	India
S2-7032765	Lux Mountain  Barclays LLC	003045 GRANDVIEW PL, DARIEN, IL	US
S2-703571182	UTM GRAVITY  INC.		US
S2-704028601	EAR NATIONAL &-THROAT NOSE GROUP P.C.		US
S2-704632322	Leann Colon Federal Acquisitions	AZ, SCOTTSDALE HOPI, 9229 106TH WAY	US
S2-704890556	Morales  Runway Inc	5074 LOWELL STREET, WASHINGTON, DC	US
S2-705119065	Keystone Allied (Canadian)	6506 MONA VISTA DR, HOUSTON, TX	US
S2-705144353	Office of Veterans Affairs Inc	FORSYTH, MO, 356 FELKINS AVENUE	US
S2-705193873	PRIVATE ROOPAVI TECHNOLOGIES LIMITED	169, THIRUGANASAMBANDAR STREETTHIRUVALLISWARAR NAGAR THIRUMANGALAM, CHENNAI, Tamil Nadu	India
S2-705247434	Dermatology Partners	2554 HWY 87, GILCHRIST, TX	US
S2-705504637	FRANCISCA FRITZ	002002 BUTTERNUT RD, TEMPLE, TX	US
S2-705834840	LAWSON + HOANG CONSUMER	5829 FORT RD, NULL, GREENWOOD, FL	US
S2-705889282	बॉम्बे Trading Private Limited	FLT NO B-1, THANE, Maharashtra	India
S2-706239589	MAUDIE WRIGHT GRÁND SOUTH LLC	411 BRYANT AVE, WATERLOO, IA	US
S2-70655200	Sri Parakh Institute of [Technology]	193/1, B.L. SAHA ROAD, KOLKATA, West Bengal	India
S2-70678227	East Diana Inc.	MURFREESBORO RD, FRANKLIN, TN	US
S2-706906301	WEISER YOUTH	MAIN ST, WEISER, ID	US
S2-706975881	राज कंसल्टिंग प्राइवेट लिमिटेड	712, MUMBAI, Maharashtra	India
S2-70702077	लक्ष्मी कंसल्टेंट्स प्राइवेट लिमिटेड	A-301, NEW SAI DHAM CHSL, RAMDEV PARK ROAD, THANE, Maharashtra	India
S2-707158229	Private Saroornagar Teclhnoloegbs Limited	SAROORNAGAR, Telangana, PLOTNOA-165 TEACHERS COLONY, K.V.RANGAREDDY, VIGNANPURI COLONY ROAD 3	India
S2-707184630	Smt WILD & [ASSOCISTES]	207, K NO 401/207, BSR LAYOUT KONASANDRA VILLAGE, JIGANI, Karnataka	India
S2-707204211	compass.com	810 MOTT SHUE DR, CONCORD, NC	US
S2-707431008	Glb Advisors	DOOR NO 3K , P.S.ALANKAR, 857, MOTILAL GUPTA ROAD, KOLKATA, পশ্চিমবঙ্গ	India
S2-707835705	RT  Cotex	C/O 37C/1A/5C, NEWADA, ALLAHABAD, ALLAHABAD, Uttar Pradesh	India
S2-70783683	VAUGHN MSNRION AND AIELLO CONSULTANTS LLC	320  FOLEY ST, SULLIVAN, IN	US
S2-707953662	Brown, Rivera & Amador Allocation [(Partners)]	16 113TH ST, CHICAGO, IL	US
S2-708017531	Boyle  Encore Incorporated	MAIN STREET, MARION, OH	US
S2-708053816	Bangalore  Conferences Clinic	94, C.K PALYA CROSS, SUPERINTENDENT DINNE, BANNERGHATTA ROAD, GOTTIGERE POST, BANGALORE, ಕರ್ನಾಟಕ	India
S2-708269998	My Investments L.L.P.	22-6-270/3/8, BALALA SHOPPING MALL, MACHLI KAMAN, CHARMINAR, HYDERABAD, Telangana	India
S2-708276928	Keystone Energy International	100. THOMAS STREET, WEST HARTFORD, CT	US
S2-708330202	Thibodeaux &-Dms Inc	IL, LIBERTYVILLE, SHANNONDALE DRIVE	US
S2-70833969	International Private Logistics Limited	SHOPIN HNO-JE-6GF KHNO 56, GUPTA COLONY, KHIRKI EXT, NEW DELHI, Delhi	India
S2-708364396	Redwing Center  Private Limited	HN 319 K 43 B KALKAJI, NEW DELHI, Delhi	India
S2-708380048	MCDANIELS AND PIASECKI [LP]	VA, PORTSMOUTH, 720 PACIFIC AVE	US
S2-708417474	communitytrustvi.com	055 PINE LN, NY, STILLWATER	US
S2-70843907	XO Jen LLC	COTTAGE GROVE AVENUE, DOLTON, IL	US
S2-708587149	Chiropractic Partners	506 OVERHILL RD, PA, CONSHOHOCKEN TOWNSHIP	US
S2-708900572	Sri Kanak  (india) Pvt.	145. KESHAB CHANDRA SEN STREET, KOLKATA, West Bengal	India
S2-708930791	temple zion	145 GREMAR DRIVE, HOLLY SPRINGS, NC	US
S2-709925225	93/59 Flagstar	9372 LANKFORD HWY, CHERITON, VA	US
S2-710364890	Kew Foods Private	ADAMPUR, BHOPAL, Madhya Pradesh	India
S2-710381516	Dental PLLC Center		US
S2-710707076	Tyler-Star Nevada LP	7796 DAVIS RD, SYRACUSE, NY	US
S2-710715630	PEDIATRIC MODERN ASOGOCEIATES ASOGOCEIATES INC	#243 NEWTON STREET, N/A, BOSTON, MA	US
S2-710725182	MORIARTY-SHIPPNG	9 WOODLAND AVE, RENSSELAER, NY	US
S2-711014162	Gunilla Helg Golden Schwab LLC	2190 MEADOWLARK LANE, NORTH LOGAN, UT	US
S2-711776087	डिजिटल एग्रो प्रा. लि.	CTS NO. 41, PLOT NO. 14, SHOP NO. S 11, SWAROOP COMPLEX, KARVE ROAD, PUNE, PUNE CITY, Maharashtra	India
S2-712065276	स्काई मार्केटिंग प्राइवेट लिमिटेड	FORENTINE VILLA NO D/5, S NO 60A/2/1B CTS GHORPADI, PUNE CITY, PUNE, Maharashtra	India
S2-712217107	Technical & Brothers	#3 , GANDHI NAGAR 3RD STREET, ABDUL AMEER STREET GUDUVANCHERY, CHENGALPET, Tamil Nadu	India
S2-712565474	DILIGENCE TRADING PRIVATE LIMITED	NO #45 RANVEER NAGAR, I.T.I CHAURAHA MAINPURI FATAK, ETAWAH, उत्तर प्रदेश	India
S2-712657109	Petty Vírtus	#1000 BLACKENHURST LANE, ALLEN, TX	US
S2-713143473	... gaytan clear bond inc	7886 CYPRESS AVENUE, <NULL>, FONTANA, CA	US
S2-713235202	Industrial Ebiuy Consultants Inc	4434 WHITE PINE AVENUE, TUCSON, AZ	US
S2-713880206	ब्लैक बिजनेस लिमिटेड	MUMBAI CITY, FIRST FLOOR B-4 HARI BHUVAN, MUMBAI, महाराष्ट्र	India
S2-714063931	LLC Orthopedic Highland Medicine	STAFFORD COURT, LOUDOUN COUNTY, VA	US
S2-714151888	Kedia Mediaworks Private Ltd	FLAT NO. C-35, RAJNIGANDHA CO.OP.HSG, SOCIETY SOMANI GRAM, RAM MANDIR ROAD, GOREGAON (, WEST), Maharashtra	India
S2-714297903	Inc Valdez And Murphy Energia	3607 CIRCLE DR, WICHITA FALLS, TX	US
S2-714351405	BIJNOR LTD PVT MICRO	Uttar Pradesh, H.NO 669- 00, MOHALLA MUKARPUR KHEMA URF MUKARPUR KHEMA, BIJNOR, BIJNOR, N/A	India
S2-714679232	3478 Main Plaza Apartments Co	0033200 MILL CANYON ROAD, DAVENPORT, WA	US
S2-714694801	Fateh  Limited Foods Pur	C/O ATUL KUMAR, BARAIYA, FATEH PUR, Uttar Pradesh	India
S2-714855270	gentry supreme biopharmaceuticals	618 DANNY LANE, TN, FRANKLIN	US
S2-714881280	নর্থ হরি সফটওয়্যার প্রাইভেট লিমিটেড	C/O NIRMAL BANDYAPADHYA, KALUPUR, NORTH 24 PARGANAS, West Bengal	India
S2-715002939	Center Lifestyle-Inc	802-806 BROOKSIDE DRIVE, DAYTON, TX	US
S2-715197909	Altus Housing	510 ELM, ALTUS, OK	US
S2-715773823	Sri @perfectbrothers	C/O DAUDAYAL RAMCHANDRA RATHI BUDDHA MARG, KHACHRAUD, Madhya Pradesh	India
S2-715804224	GEVUE GRAND ELECTRICITY ELECTRICITY CTE	#8720 RIO GRANDE BLVD, LOS RANCHOS DE ALBUQUERQUE, NM	US
S2-715870395	Discover Broadband Prsiate Limited	67 17/160. SARDAR GANJ, B/H. MARKET YARD OFFICE, CHANANSMA HIGHWAY, Gujarat	India
S2-715901202	CREATIVE PREMIER TANKERS	109 WILD GINGER TRAIL, CHATTANOOGA, TN	US
S2-715944218	>> Swastik Consulting Limited [Center]	10-6-87, SRINIVAS COLONY, MAHABUB NAGAR, Andhra Pradesh	India
S2-716037189	H V & S Enrrgy, Inc	ANGUS DR, CLEVELAND, TX	US
S2-71609308	ग्रीन बिल्डर्स प्राइवेट लिमिटेड	I-105, PROVIEW LABONI, CROSSING REPUBLIK, GHAZIABAD, Uttar Pradesh	India
S2-716580700	LVD Limited Limited Service	D-112, MAGARPATTA CITY, PUNE CITY, Maharashtra	India
S2-716592306	idevcon.com	201, INDORE, Madhya Pradesh	India
S2-716697103	L.L.C. Premier Direct	261 NEWBURY STREET, PEABODY, MA	US
S2-716794091	Sullivan Better Sony Co	00309 LITCHFIELD STREET, FRANKFORT, NY	US
S2-71681150	Roopavi Tehhoelgies Private Limited		India
S2-716878563	Metro Foundation of Tucson V Corporation	5820 35RD ST, TUSCON, AZ	US
S2-716919850	Dream Infotech Pvt Limited	A-032, UNIT B, 1ST FLOOR, PLOT 11T3-11T5 BLOCK 11, GANDHI NAGAR, Gujarat	India
S2-717243601	Classic Nutrition	92 ANDESITE RIDGE ROAD, BIG SKY, MT	US
S2-717631183	Mr Noble & Co	GOVIND ESTATE, FLAT NO. 702 7TH FLOOR, PLOT NO. 172, SHIVAJI NAGAR, Maharashtra	India
S2-717809662	LH Fincec Ltd	HOUSE NO. H-4 SHOP NO - 304 3RD FLOOR, VARDHMAN NORTH -EX PLAZA NETAJI SUBHASH PLACE, DELHI, Delhi	India
S2-7179008	ಲೋಟಸ್ ಬಿಸಿನೆಸ್ ಪ್ರೈವೇಟ್ ಲಿಮಿಟೆಡ್	217/8, BANASWADI ROAD EXTENSION M.S NAGAR, BANGALORE, Karnataka	India
S2-717906681	kinst0n communities	3449 DANFIELD DRIVE, KINSTON, NC	US
S2-718158929	Fitz Land	1505-1509 Hillsborough Street, RALEIGH, NC	US
S2-71826401	ROCKY LEFARNIGN CENTER	2710 FORD STREET, BROOKLYN, NY	US
S2-718318568	KUMHAR-(NEAR RAILWAY GUMTI)	SHARDA LOK SANDALPUR, KUMHAR (NEAR RAILWAY GUMTI), बिहार	India
S2-718376814	value creative technologies clinic	GARNET DR, AMARILLO, TX	US
S2-718717397	Dorothee Roy, Service	##178 VALLEY BROOK RD, AGAWAM, MA	US
S2-718965433	Roller Legal Limited Services	38-D, DELHI NIWAS CGHS LTD. AYODHYA ENCLAVE, SECTOR-13, ROHINI, DELHI, दिल्ली	India
S2-719240861	Pasoft LLC [#47470]	102 WALTER WAY, ANADARKO, OK	US
S2-719386833	... BHAVISHYA INTERSATIONAL SCHOOL	B-104, SECOND FLOOR, OKHLA INDUSTRIAL AREA, PHASE-1, SOUTH DELHI, DELHI	India
S2-719516098	Lifestyle-Inc	802-806 BROOKSIDE DR, DAYTON, TX	US
S2-719582544	cvprivate.com	PLOT NO.25, AMEERPET HYDERABAD, BEHIND HUDA MAITRIVANAM, Telangana	India
S2-719601946	celestainfrastructure.com	140/B KESHAB CHANDRA SEN STREET, KOLKATA, KOLKATA, পশ্চিমবঙ্গ	India
S2-719661590	*** SWASTIKA TOP-PRIVATE  LIMITED	1ST FLOOR SNEHATHEERAM ROAD, THALIKULAM P O, THRISSUR, ROOM NO: 6/635, Kerala	India
S2-719794829	Wooten Continental Enterprises Enterprises Inc.	469 MIRACLE RIDER ROAD, PRRESCOTT CITY, AZ	US
S2-719801437	Silver இன்ஜினியரிங் பிரைவேட் லிமிடெட்	HN 7-164 RIAZ GARDEN, OLD NO. 12, NEW NO 29, KODAMBAKKAM HIGH ROAD, CHENNAI, Tamil Nadu	India
S2-719914304	THE A CURE 7 YOU YOU LLC	311 COMMONWEALTH AVE, BOSTON, MA	US
S2-719977105	Williams, Armstrong & Hernandez Global [Co]	3509-3511 7TH AVE, PO BOX 1365, TUCSON, AZ	US
S2-720034698	HORIZON INNOVATION (CO)	17 COLLINSVILLE AVE, EAST SAINT LOUIS, IL	US
S2-720311119	Dr Hyderabad Tfrmadng Limited	Maharashtra, C/501, SAI AMIT CHS, YARI ROAD VERSOVA, ANDHERI WEST, MUMBAI	India
S2-720429286	DEVELOPERS REAL FASHIONS PRIVATE  LIMITED	FLAT NO 5 NO 25 VANTAGE SHOREPAARI STREET KALAKSHETRA COLONY, BESANT NAGAR CHENNAI, Tamil Nadu	India
S2-720577772	Roopavi Technologies  Private Limited	169, THIRUGANASAMBANDAR STREETTHIRUVALLISWARAR NAGAR THIRUMANGALAM, CHENNAI, Tamil Nadu	India
S2-720708120	Jar1ova Big-Lowell	131-D VARNUM AVE, null, LOWELL CDP, MA	US
S2-720765888	DDH-PVT LTD CENTER	RAVI JAISWAL, C/O V CHANDRAN, 137., 3B, SUNLAND BLDG, BEHIDN AKURDI RLY STATION, CHINCHWAD, PUNE, Maharashtra	India
S2-720981742	Heartland Léague	303 COTTAGE AVE, SAINT PAUL, MN	US
S2-721025894	Coastal Ridge  King #22396	NORWALK, 181 MILAN AVENUE, OH	US
S2-721029678	Cozy Auto	738 NURSERY RD, IRVING, TX	US
S2-72109356	*** Optimal Metropolitan	495 WAYNESBORO WAY, CLEARCREEK TWP, OH	US
S2-721193573	Bushway, Potts &	11110 PARK RIDGE ROAD, VA, FREDEERICKSBURG CITY	US
S2-721194052	लक्ष्मी बाबा इम्पेक्स प्रा. लि.	JODHPUR, SHOP NO. 8 12TH ROAD CIRCLE, राजस्थान, JODHPUR	India
S2-72123739	West Royal Tankers	525 MAIN STREET, RICHARDSON CITY, TX	US
S2-721486333	ANVIL	1701 COLTER ST, NORTHEAST, AZ	US
S2-721622047	Cooper Desert Aigdliert LLC	CA, SACRAMENTO, 27 TEMPLE, PMB 6169	US
S2-721685553	Dev Services Private	OFFICE NO 103, GANESH SMRUTI GAOTHAN, VIRAR WEST, Maharashtra	India
S2-721837129	HGX Market Private Ltd	C/O SURENDRA KUMAR MO KAHARAN NEAR BABU RAM, DHARMSHALA NAWABGANJ, NAWABGANJ, Uttar Pradesh	India
S2-721918476	Sarasiya Infraprojects Private Ltd		India
S2-722111831	0liver  and Akers Limited LLC	764 MOOSEHEAD BOULEVARD, BANGOR, ME	US
S2-722199212	Oliveira's Appliance	840 MILLER RD, OLA CITY, AR	US
S2-722573246	karishmasolutionspublic.com	#11 - 97 EAST STREET PANDIYAN NAGAR THIRUNAGAR, MADURAI, Tamil Nadu	India
S2-722589032	FRESH  MASSAGE!CARE	1101-1105 IRVING PARK ROAD, BENSENVILLE, IL	US
S2-72271114	Bowes  (Kpet)	#1702 ASTER COURT, SEVIERVILLE, TN	US
S2-722722970	Boo L.L.C.	3 GROOM ST, BOSTON, MA	US
S2-722956795	SMITH, DEBI, P.A. INC.	MCNUTT RD, SUNLAND PARK, NM	US
S2-723073109	NASHVILLE HISTORICAL COUNCIL [CORPORATION]		US
S2-723119802	Surgical  Center	10113 52ND DR, MARYSVILLE, WA	US
S2-723136052	Kalra Brothers Private	H.NO ##106 KAJI SAYED STREET MASJID BUNDER MUMBAI MH, MUMBAI, महाराष्ट्र	India
S2-723448267	Kumhar (Near Railway-Gumti)	SHARDA LOK SANDALPUR, KUMHAR (NEAR RAILWAY GUMTI), Bihar	India
S2-72346167	NM [Techn0logies]		US
S2-723735383	FYLFOT TRADERS (LLP)	H.NO 4 NO FAIRLIE PLACE MEZZANINE FLOOR, KOLKATA, West Bengal	India
S2-723785804	मॉडर्न कंसल्टिंग प्राइवेट लिमिटेड	DOOR NO 127 21/301, DONERIA RAJ APARTMENT SURESH PLAZA, M.G. ROAD, AGRA, उत्तर प्रदेश	India
S2-723917312	GL lndia Limited	43, RAYAPURAM EXTENSION 2ND STREET, TIRUPPUR, Tamil Nadu	India
S2-724040262	CASCADE-TRUST ROGERS INC	5038 WINSTON COURT, ROGERS, AR	US
S2-724314141	lopezassets.com	W1797 A, TOWN OF FARMINGTON, WI	US
S2-724332899	CREATIVE EQUITY GROUP	380 JIM HENNESSEE ROAD, SPARTA, TN	US
S2-724349201	Frayda Dr, DPM, PC	86 BEARTOWN RD, PAINTED POST TOWNSHHIP, NY	US
S2-724384288	Housing Project	7871 MAJESTIC RIDGE DR, COTTONWOOD HEIGHTS, UT	US
S2-724561023	Alejandrina Eckhart, DO Services	114 ALGONQUIN TRL, PMB 3263, SHAWBORO, NC	US
S2-724840879	Rainey and Dickerman Australia Inc.	05632 SWAN DR, CHESTERFIELD COUNTY, VA	US
S2-724977951	BEHAVIORAL HEALTH PARTNERS	KETTERING, OH, 001457 CONSTANCE AVE	US
S2-725442602	Mr globalfoods.com	202 , B, MANSAROVAR APARTMENTS GEN. A.K. VAIDYA MARG, MALAD EAST, Maharashtra	India
S2-725697999	Estates Educational Sóciety	NO ##4784/A1/C/2 , SHOP NO. 07 AND 18, 2ND FLOOR, PRIDE ICON, GOKUL ROAD, HUBLI, DHARWAD, Karnataka	India
S2-726380708	स्काई टेक्नोलॉजीज प्रा. लि.	#18, 2ND FLOOR SECTOR 14, OPPOSITE KRISHAN MANDIR, KARNAL, Haryana	India
S2-726561522	माय लॉजिस्टिक्स प्राइवेट लिमिटेड	A-401, LAKSHACHANDI APTS, KRISHNA VATIKA MARG, GOKULDHAM, MUMBAI, GOR EGAON (EAST), Maharashtra	India
S2-726822102	Hale  Algonquin	124 TOWERGATE DRIVE, OFALLON, MO	US
S2-72685009	ડ્રીમ ઇન્ફોટેક પ્રા. લિ.	A-032, GANDHI NAGAR, Gujarat	India
S2-727073536	MEMORIAL CHARITIES COUNCIL	904 BURTON PL, ARLINGTON HEIGHTS, IL	US
S2-727159296	Diamond Venture Private Limited	FLAT NO E 704 GRAND AJNARA HERITAGE PLOT NO GH 01 B SECTOR 74, NOIDA, Uttar Pradesh	India
S2-727313208	Private Perfect Brothers Limited	C/O DAUDAYAL RAMCHANDRA RATHI BUDDHA MARG, KHACHRAUD, UJJAIN, Madhya Pradesh	India
S2-727332872	Urgent Care Vanguard Medicine	21901 CARDINAL CT, MONTICELLO, IA	US
S2-727609776	TK Frontier	1312 HARDY DR, TEMPE, AZ	US
S2-72804007	Thoothukkudi Tradex Company	26A/1A , BRYANT NAGAR VIII, THOOTHUKKUDI, தமிழ்நாடு	India
S2-728165215	6 & E Inc. [Peace]	11 SANTA FE TRAIL, JACKSONVILLE, AR	US
S2-728240350	STAR CHOICE FORD	6-10 SOUNDVIEW ROAD, GLEN COVE, NY	US
S2-728261217	Renton Yóuth Summit Association	15408 179TH STREET, N/A, RENTON, WA	US
S2-728269425	Tech Religious Maa		India
S2-728326356	AND MARCEAU WANG, WESFT	REHOBOTH BEACH, DE, 4 WOODDUCK POINT	US
S2-72906543	Womens Health  Cdilnaic LLC	TN, 407 BROADHEAD DRIVE, SPRING HILL	US
S2-729234998	Meva LP	1150 POWIS ROAD, WEST CHICAGO, IL	US
S2-729319141	Shree lndustries Private Límited	BUILDING NO. 139/6, KANDANATH HOUSE, CHAVAKKAD, കേരളം	India
S2-729527194	-- Norah Holmes Fresh Fuel LLC	7914 HOPE VALLEY CT, ADAMSTOWN, MD	US
S2-729615137	Saran India Piavet Limited	HOUSE NO. 53 BLOCK ROAD EKMA, EKMA, SARAN, Bihar	India
S2-729704425	Supreme Munih0ldings LLC	2136 HULMAN ST, TERRE HAUTE, IN	US
S2-729961171	Maurise's Maurise's Custom Tavern	335A Telford Rd, TELFORD, TN	US
S2-730066871	Dermatology  Green Physicians Corporation	7903 PLEASANT VALLEY ROAD, CAMDEN, OH	US
S2-730273661	PRIVAET BALAJI TECH LÍMITED	KUSHALPURA, CHANWAJI, JAIPUR, Rajasthan	India
S2-730386403	Harbor  Federation	511 Cedar St, OTTAWA, KS	US
S2-730693848	Vision of Klamath Falls Services	584 OLD MIDLGND RD, KLAMATH FFALLS, OR	US
S2-730801105	बेस्ट इंटरनेशनल एलएलपी	BLOCK A-C-192 GUPTABHAVAN, AURANGABAD, Maharashtra, PLOTNO.7, SECTORN-7-J, NEARFUSECALLCENTRE, CIDCO	India
S2-730916708	jonesrapidhydro.com	5860 BRAESIDE LANE, FERNDALE, WA	US
S2-731118828	Ahmedabad Limited Private Centre	NO 710 -FORTUNE BUSINESS HUB, SCIENCE CITY ROAD, AHMEDABAD, Gujarat	India
S2-73156901	Inc. Penaloza and Bíttle First	4255 CHARLESWOOD AVE, MEMPHIS, TN	US
S2-731714285	ZASOFT RÁMACO LLC	1431D IRIS STREET, OXNARD, CA	US
S2-731954306	Wheeler's Therapy	TN, 180 WALLACE RD, NASHVILLE	US
S2-732670864	Dermatology Great Associates		US
S2-732682077	LC Solutions Pvt. Ltd	NO.457, 17TH CROSS, 14TH MA, 4TH SECTOR, HSR LAYOUT, HSR LAYOUT, BANGALORE, BANGALORE SOUTH, KARNATAKA, INDIA, BANGALORE SOUHT, Karnataka	India
S2-732787654	Keystone Keystone Allied Canacitn	6506 MONA VISTA DR, HOUSTON, TX	US
S2-732845460	Hopper & Wilson Egh Ínc	171 WOODLAWN DRIVE, NC, SCOTLAND NECK CITY	US
S2-732891554	Harbor  Pacific Return Inc	STONECLIFF DRIVE, GREECE, NY	US
S2-733404434	अल एक्सपोर्ट्स	C/O NILM DEVI, MASAURHI, PATNA, बिहार	India
S2-733469786	ಏಸ್ ಕನ್ಸಲ್ಟೆನ್ಸಿ ಎಲ್ಎಲ್‌ಪಿ	DOOR NO 1, ಕರ್ನಾಟಕ, BENGALURU	India
S2-733571442	GAJ ASSURANCE (INDIA) (LIMITED)	NO 033/4 , 2ND FLOOR, MADIPAKKAM KOOT ROAD, SAIDAPET, Tamil Nadu	India
S2-733943092	Tinsley Golden Home Chaer LLC	#75 JEREMY HILL ROAD, NO STONINGTON, CT	US
S2-733983546	SQC (mumbai)	H-32, SREET NO 3, H BLOCK, PHASE 6, AYA NAGAR, SOUTH DELHI, Delhi	India
S2-734183474	Akhil (India) Infra	B-##10, GREATER KAILASH, ENCLAVE PART-1, NEW DELHI, Delhi	India
S2-73444334	EILEEN BUSTAMANTE ENTERPRISE	VALLEJO, CA, 7603 TIDEWATER DRIVE	US
S2-734685354	Shyam ग्लोबल	RAJESH S/O SH. RAMKUMAR VILLAGE MIRZAPUR, PO MIRZAPUR, HISAR, Haryana	India
S2-73475891	NEXELLE CONSTRUCTION P.C.	31 HILLCREST HEIGHTS, LEBANON, CT	US
S2-73502404	యూనివర్సల్ రియల్ ఇంటర్నేషనల్ ప్రైవేట్ లిమిటెడ్	401, 8-3-231/W/9, YOUSUFGUDA, KHAIRATABAD, HYDERABAD, Telangana	India
S2-735030550	Smt AGARWAL LANDSCAPES LIMITED [CENTER]	MANASI, 4/5, ANANNIKETAN SOC., KARVENAGAR, Maharashtra	India
S2-735129969	Fulkerson Fresh Gen (Associates)	BROOKLYN, 640 61 STREET, NY, PO BOX 1619	US
S2-735148041	ROOTS SECURITIES  PVT		India
S2-735170428	Olson Chelsey H. P.A. LLC	AZ, 101ND LN, TOLLESON	US
S2-735272154	అర్బన్ ఫుడ్ ప్రైవేట్ లిమిటెడ్	DOOR NO 506/A, 5TH FLOOR, PLOT NO.1-98/4/1-13, 28&29, IMAGE GARDEN ROAD JAIN SADGURU IMAGE S CAPITAL PARK MADHAPUR VILLAGE SERILINGAMPALLY, RANGAREDDI, HYDERABAD, Telangana	India
S2-736137170	Lorenza M. Jeffers,	207 WRENN DRIVE, NULL, CARY, NC	US
S2-736194001	Consultancy Cocion-Consultancy	PLOT NO-A-8, CITIZEN ENCLAVE, BAREWAL, OCTROI ROAD, NEAR MAGNET RESORTS, LUDHIANA, ਪੰਜਾਬ	India
S2-736331626	Appomattox-County  Communities	#6643 HOLLYWOOD RD, PO BOX 9409, APPOMATTOX COUNTY, VA	US
S2-736348556	RRS TEXTILES PRIVATE LTD	Kerala, 125 17/543/A, MUDNETH HOUSE, MAROTTICHODU, KALADY P O, ALUVA	India
S2-736471381	STUDIO 51 CAFE CENTER	055 ELK VALLEY LN, ELKTON, MD	US
S2-736559544	Great Maa Construction Limited-Services	HN 813. B 1401, SHINE SWASTI OPP., SIDDHARTH ICON, TRAGAD, AHMEDABAD CITY, Gujarat	India
S2-736780263	hk hk infraheights private limited	C/O RISHIRAJ PRADHAN, DOVES NOOK FLORA 0013THMILE, KALIMPONG, DARJILING, পশ্চিমবঙ্গ	India
S2-736941983	castro, jordana midwest bce partners	1124 GRAND AVE, TOLEDO, OH	US
S2-737123387	BÚREAUHOUSING.COM	1232 BUCKHEAD TRL, MOUNT JULIET CITY, TN	US
S2-737132769	The Smith National Súpply Inc.	30 HESS LN, ROSEBURG, OR	US
S2-73727121	Barker Hilth Center Inc.	488 PIERSON DRIVE, OH, CLEVELAND	US
S2-737275836	Paper (india) Private Ltd	BLOCK F-802 C/O SURESH JENGATHE, AT-JOGANA, PO-MURMURI, CHAMORSHI, Maharashtra	India
S2-73733731	Stanek Hovnanian Incorporated	7825 VININGS OAK LN, MATTHEWS, NC	US
S2-737523787	industriesvardanfresh.com	705, ANSAL VIKAS DEEP BUILDING LAXMI NAGAR DISTRICT CENTRE, VIKAS MARG, DELHI, दिल्ली	India
S2-737533548	Continental Blúe Spire LLC	2271 SNULEY LN, MO, CHESTERFIELD	US
S2-737762637	primarycaregroup.com	INDIAANAPOLIS, 325 OHIO ST, IN	US
S2-738200287	Holloway Great Násadq Holdings	4716 Lakeside Drive, OMAHA, NE	US
S2-738463284	लक्ष्मी एक्सपोर्ट्स प्राइवेट लिमिटेड	206 K NO 9 PINK PRIDE, JAISINGPURA BAS TEH., JAIPUR, Rajasthan	India
S2-738912095	ఆల్ టెక్నాలజీస్ ప్రైవేట్ లిమిటెడ్	FLAT NO 508. SRI GAYATRI CLASSIC APARTMENTS LINGAMPALLY, HYDERABAD, Telangana	India
S2-739106848	সাউদার্ন হসপিটালিটি	H.NO 24 1ST FLOOR, KOLKATA, HOWRAH, West Bengal	India
S2-739152556	DATA DELTA CHICKIE'S	4001 HARLEM RD, NEW ALBANY, OH	US
S2-739464260	Products Enviro Automobiles Pvt-Ltd	PLOT NO. 487/36, F/FLOOR, FRONT SIDE PORTION, VILLAGE PEERAGAHI, NEW DELHI, Delhi	India
S2-739576321	497-498 Wnt 0wners  Corp	35 BEECHWOOD STREET, THOMASTON, ME	US
S2-739670459	DOT MARTINEZ, O.D.,	15 Hasbrouck Dr, WEST HAVERSTRAW, NY	US
S2-74007998	Llc Bright Metro	284 DANFORTH ST, PORTLAND, ME	US
S2-740083571	AHMEDABAD  CENTRE PRIVATE LTD	Gujarat, DOOR NO 710 -FORTUNE BUSINESS HUB, SCIENCE CITY ROAD, AHMEDABAD	India
S2-740342349	Bhive Foundation Company	West Bengal, 66, DHAN DEVI KHANNA ROAD 2ND FLOOR, KANKURGACHI, KOLKATA	India
S2-740411661	srkuecker.com	MINEOLA, NY, 0205 WHITE ROAD	US
S2-74072076	PACIFIC  FUND INC	853 BRIARCLIFT RD, INDIAAPOLIS, IN	US
S2-740817160	ஹரி கேர் பிரைவேட் லிமிடெட்	#2/381C SENJERI BYPASS, PERAMBALUR, Tamil Nadu	India
S2-740918574	Janhavi Traders Priaete Limited	S-062, UNISTAR ESTATE, SAHARA MALL, M G ROAD, DLF QE, Haryana	India
S2-741488075	Bhadrak Window Private	PLOT NO-00262/584, KHATA NO-186/121 AT-SIMILA, PO-CHANDBALI, BHADRAK, Odisha	India
S2-741933157	Z 6 CLEBLN COPPER, LLC	104-106 JOEY CIRCLE, HUNTSVILLE, AL	US
S2-742004627	cclinic.com	2750 HAVRNWOOD DR, OSHKOSH, WI	US
S2-742234184	Luthra-Solutions Limited	F.NO.-G-2 P.NO.- 36 DHARAM NAGAR GOPALPURA BYPAS, JAIPUR, Rajasthan	India
S2-742581448	Dr Allied Healthcare	Gujarat, #401 CITY SR NO 170 WORD NO 1, PLOT 255-256/B, BHAVNAGAR	India
S2-742937238	Risk Plum	DUFRIES, VA, 1551 MEADOWLARK GLEN RD	US
S2-743000090	Shri Dayal  Radhey Private Limited	NO 17 GOOD LUCK BARREL & TIN, ASSO. OPP CHANDOLA TALAV, AHMADABAD CITY, Gujarat	India
S2-743633240	Uptown Book Store	1753 WOODGATE LN, EAGAN, MN	US
S2-743654809	Massif Clinic	H.NO 78 WARD NO.8, H. NO.1585/5, SANGALI ROAD ICHALKARANJI, HATKANANGLE, Maharashtra	India
S2-743870592	JAY SOFTWARE PRIVATE LTD	HN 896 8-3-228/96/2/1, RAHMATH NAGAR YOUSUFGUDA, HYDERABAD, Andhra Pradesh	India
S2-744476006	Womens Health	128-132 CHURCH STREET, MIDDLETOWN, CT	US
S2-744597756	Arm0ur-Exports of Ahmedabad LLP		India
S2-744676367	Harbor Return Inc Center	NY, GREECE, 199-B STONECLIFF DRIVE	US
S2-744716202	Smart Smart Robotics Labs	MO, MARIE CT, BALLWIN	US
S2-744786897	গ্রীন গ্লোবাল প্রাইভেট লিমিটেড	PARBATI BHABAN S B GORAI ROAD, PATNA, ASANSOL, West Bengal	India
S2-745023535	Cornerstone Cross	5641 HARRY ST, WICHITA TOWNSHIP, KS	US
S2-74520408	INDIA SKY-SLIMMING PVT. LTD.	S-100, S/F, MANISH GLOBAL, MALL, DWARKA SECTOR-22, NEW DELHI, दिल्ली	India
S2-745221237	Patel Montessori Shloo LLC	9409 LAGOVISTA CT, GREAT ALLS, VA	US
S2-745250456	Continental Rock Incorporated	138 Gully Oven Road, LEBANON, ME	US
S2-745284701	MW L.L.C. PRIORITY	106 FITE AVE, NULL, CARTHAGE, TN	US
S2-745316458	PRIVATE WWV COVER LIMITED	1423 AWAS VIKAS COLONY, GONDA, Uttar Pradesh	India
S2-74536262	Rocky Center Learning	2710 FORD STREET, BROOKLYN, NY	US
S2-74537265	होटल लॉजिस्टिक्स प्राइवेट लिमिटेड	A-SHOP-#03, THANE, Maharashtra	India
S2-745482202	patriotveterinaryclinic.com	06820 VISTA TERRAZA DRIVE, ALBUQUERQUE, NM	US
S2-745518024	Gangaksh Sercvices Sercvices	7/239, SECTOR-7 JANKIPURAM EXTENTION, LUCKNOW, उत्तर प्रदेश	India
S2-745588137	Better LLC Services	6509 ETHEL DRIVE, DALLAS, TX	US
S2-745659713	Dermatology National Center Inc.	303 MAIN ST, HANOVER, ME	US
S2-745866415	delhi technologies private limited	R-546, 2ND F, FRONT PORTION, MAIN ROAD, NEW RAJENDER NAGAR, DELHI, दिल्ली	India
S2-745881384	PI Constructions	NO 10 1ST A CROSS NAGENDRA BLOCK, SOUTH BANGALORE, ಕರ್ನಾಟಕ	India
S2-745921510	RAJ TRUST LLP	H NO 044 S11 SHIVAJI NAGAR, GOVANDI, MUMBAI, Maharashtra	India
S2-746446029	JONES PRECISION FANNLE	ELOY, 13561 PISCES AVEEUE, AZ	US
S2-746453927	Fine Meciccal Centre	BLOCK E-621  401, OM KRUPA CHS LTD, LOWER KHARODI, MALAD (W) OPP. MARVE ROAD MALAD (W), MUMBAI, Maharashtra	India
S2-746467028	Travancore Hospital Corp	MCLEOD HOUSE3 N S ROAD, KOLKATA, KOLKATA, West Bengal	India
S2-746510597	K 9	702 TASSEY ST, ROUND ROCK, TX	US
S2-746582059	India Ltd. Tiles  Pvt. Srinivasa	DOOR NO 223 BLDG NO. 5 ROOM NO. 15, BMC COLONY, SHIVAJI NAGAR, KHERWADI, BANDRA (E), MUMBAI, <NULL>, Maharashtra	India
S2-7470083	#horizon	106-108 HAMPTON VISTA DRIVE, BROOKHAVEN, NY	US
S2-747331183	Fleming Ncr	6418 ROCKWELL BLVD, <NULL>, CHARLOTTE, NC	US
S2-747354862	Limited Srt Software Center	NO 9/614, CHENNAI, Tamil Nadu	India
S2-747575632	रेड हेल्थकेयर प्राइवेट लिमिटेड	51-A FRIENDS COLONY, DELHI, EAST DELHI, Delhi	India
S2-747629538	Penelopa's Delta Brewing Ltd	012 2475, OGDEN, UT	US
S2-747698604	youth ministries	NC, CONCORD, 1017 AUTUMN LANE	US
S2-747723658	ANITA MADSEN  ASSOCIATES SERVICE	4035 HAMBLIN DRIVE, PHOENIX, AZ	US
S2-747917583	Heritage Fund	861 DAVIS ST, VIRGINIA BEACH CITY, VA	US
S2-748109409	பாபா ஸ்ரீ டெவலப்பர்ஸ் லிமிடெட்	NEW NO.A-278/102, 4TH FLOOR PETERS ROAD ROYAPETTAH, CHENNAI, தமிழ்நாடு	India
S2-748151670	Shri *** SG INTERNATIONAL [SCHOOL]	KD/91. A KAVI NAGAR, GHAZIABAD, Uttar Pradesh	India
S2-748307777	HGX Market Piroivcte Limited	C/O SURENDRA KUMAR MO KAHARAN NEAR BABU RAM, DHARMSHALA NAWABGANJ, NAWABGANJ, Uttar Pradesh	India
S2-748367563	BUSHWAY, POTTS & BELTRAN CENTER	11110 PARK RIDGE ROAD, FREDEERICKSBURG CITY, VA	US
S2-748418314	INTERSTATE MINISTRIES	3433 CAMPBELL AVE, ARCADIA, AZ	US
S2-748566024	... Cornerstone Energy Prdodlutrs LLC	1828 CEDAR GATE CIRCLE, BIIRMINGHAM, AL	US
S2-749005505	एस टेक टेक प्राइवेट लिमिटेड	8, NEW DELHI, WEST DELHI, Delhi	India
S2-749112394	SANCHEZ CORPORATION	146TH ST, CLEVELAND, OH	US
S2-749113346	Tapia Custom Odyssey	4417 1/2 20, DEVILS LAKE, ND	US
S2-749620863	Liberty Empire Cantor Corporation	11630 HERITAGE RIDGE, EDGERTON, WI	US
S2-749938832	Cancer Ministries (Ltd)	#1550 State Highway 386, ANTON CHICO, NM	US
S2-750032259	NILGIRI 5DEVILS (LIMITED)	16/1B. RAMKANTA BOSE STREET, KOLKATA, KOLKATA, West Bengal	India
S2-750161158	GHOSH CONSULTANCY LTD	MIG II 552, CHIRAHULA COLONY WARD NO - 44, REWA, मध्य प्रदेश	India
S2-750173254	rodriguezcalisa.com	5703 CR 21, HELENA, OH	US
S2-750183871	RAPID NATIONAL MMRNLDE INC	3202 TRIGG ST, AMARILLO, TX	US
S2-7502582	Lifestyle Inc Services	802-806 BROOKSIDE DR, DAYTON, TX	US
S2-75027487	Federal Valley  Toyo	AMHERST COUNTY, 268 COOLWELL RD, VA	US
S2-750439811	Cameron Allied Center	N4231 C, TOWN OF FREEDOM, WI	US
S2-750548774	[Corp] Armas Rare	8117. ROSEMARY SAGE DR, MAGNOLIA, TX	US
S2-750582171	Frontier Trrust LLC		US
S2-75062028	497-498 West  Ocnse Corp	35 BEECHWOOD ST, THOMASTON, ME	US
S2-750921719	Total Dividend	TX, 401 ALLEN AVE, BONHAM	US
S2-750934992	M/s Norma  Law Chambers	J-8/109, UG FLOOR RAJOURI GARDEN, NEW DELHI, दिल्ली	India
S2-751003448	Coastal Ridge King	181 MILAN AVENUE, NORWALK, OH	US
S2-751114576	A CURE 7 YOU LLC	COMMONWEALTH AVENUE, BOSTON, MA	US
S2-75132969	M/s Jay Food Private Limited		India
S2-752098277	Tres Fab	PLOT 859 B-11/15 GHARKUL SECTOR 15 KHARGHAR, KHARGHAR, महाराष्ट्र	India
S2-752099654	इंडियन सदर्न फूड प्राइवेट लिमिटेड	139/E RAJNAGAR, Madhya Pradesh, HATOD, INDORE	India
S2-752175640	Clean India  Limited Private	NO 998 F3, 1ST FLOOR, SHIV COMPLEX, VILLAGE VALLABH VIDHYANAGAR(M), TALUKA ANAND, DIST. ANAND, ANAND, ગુજરાત	India
S2-752271101	Oncology Interstate Care Ássociates Inc		US
S2-752334650	agranites.com	FLAT NO-4, SECTOR-4B, VAISHNO PLAZA AWAS VIKAS COLONY SIKANDRA, AGRA, Uttar Pradesh	India
S2-752339594	Jones Can Center	3C MICHAEL ROAD, <NULL>, RANDOLPH, MA	US
S2-752395454	Sri CHOKSHI  BROKERS PRIVATE LTD	NO 61 61/29/N3, N.S.B.ROAD, RANIGANJ, P.O.RANIGANJ, P.S.RANIGANJ, RANIGANJ MUNICIPALITY, West Bengal	India
S2-752927729	Agl Homes L.L.P.	FLAT NO. 90, FIRST FLOOR, DESHBANDHU CO OPERATIVE GROUP HOUSING SOCIETY, I.P. EXTN. PATPARGANJ, EAST DELHI, दिल्ली	India
S2-753140238	Hearn Jerfey, LLC	7336 ROOTE 29, FALLS CHURCH, VA	US
S2-753205658	वन एस्टेट प्रा. लि.	VIPIN HOUSE, EAST DELHI, Delhi	India
S2-753388081	AH Impex  Private Limited	OFFICE NO. 304, BROOKLY TOWER, NR. YMCA CLUB (P 269), MAKARBA, AHMADABAD CITY, N/A, Gujarat	India
S2-753470837	private delonix traders limited	##4TH FLOOR, CALCUTTA, HOWRAH, পশ্চিমবঙ্গ	India
S2-753484016	ARROW LIMITED PRIVATE MEDIA	Karnataka, 1ST- & 2ND FLOOR NO, 4, THIMMAIAH ROAD, QUEENS ROAD CROSS, NEAR CONGRESS COMMITTE, BANGALORE	India
S2-753827209	federaltrust.com	#511 CHERRY AVE, NILES, OH	US
S2-754052979	Mava Trusted Trusted	2810 LIBERTY ROAD, GREENSBORO, NC	US
S2-754564101	Bright Bright Corporate,	35142 LEAD LINE RD, VIRDEN, IL	US
S2-754877481	Office of & Co		US
S2-754934483	Khairatabad Chits Limited		India
S2-755076324	>> LIBERTYNETWORK.COM	#175 CHOATE STREET, PORTSMOUTH, VA	US
S2-755095565	ROMER ERA LLC	6337. 3570, WEST VALLEY CITY, UT	US
S2-75511490	Smt Panacea-Inds Limited	062/11/1, ICHAPUR ROAD, KADAMTALA, LP-217/14/4, HOWRAH, West Bengal	India
S2-75512311	caldeonstates.com	8820- PENDLETON PIKE, INDIANAPOLIS, IN	US
S2-755298269	Monette Youth Federation Associates Inc.	56 1/2 CRAIGHEAD 518 RD, NULL, AR, MONETTE	US
S2-755517043	Vans Hire Pvt Ltd	DOOR NO 352 DOOR NO III/173 BCHIRAYATH BUILDING CHERIAKKARA ROAD PUTTHONCHIRA, POST THRISSUR, MALAPPURAM, Keralam	India
S2-755610167	साउथ टेक्नोलॉजी लिमिटेड	PLOT 451 UNIT NO 1301, 13TH FLOOR, PENINSULA BUSINESS PARK TOWER B SENAPATI BAPAT MARG, LOWER PARE, L WEST, MUMBAI, MUMBAI CITY, Maharashtra	India
S2-755819310	aw superior rogers llc	1991 1/2 CAMPBELL AVE, INDIANAPOLIS, IN	US
S2-755858567	ANGELA COMMERCIALS PVT	PLOT NO-42-904, KENDUJHAR TOWN, KEONJHAR, Odisha	India
S2-755960626	CASTELLI BROOKFIELD	141 SAUNDERSVILLE RD, HNEDERSONVILLE, TN	US
S2-756053030	kennisonsiddhicom	16 COLLEGE LN, NORTHAMPTON, MA	US
S2-756862093	Star Choice [Ford]	SOUNDVIEW RD, GLEN COVE, NY	US
S2-756901515	Genao Choice Jena Associates Inc	1232. WEATHERTON PL, BALLWIN, MO	US
S2-756925792	PEAKSEWELL.COM	2238 1/2 JERICHO TURNPIKE, NORTH HEMPSTEAD, NY	US
S2-756966786	Lee Taiwan-LLC	2 ALBERT DRIVE, RAMAPO, NY	US
S2-757069892	ALLIEDINSTITUTE.COM	3078 COUNTY ROAD 30, SARCOXIE, MO	US
S2-757297488	Better Constellation Ínc	21-25 SETTLEMENT WAY, TX, LULING	US
S2-757381363	Clark Áustralia	608 FILES STREET, ITASCA, TX	US
S2-757621935	Technology Xact Sports  Ltd.	H.NO #55 , 2ND CROSS, SHAMPUR ROFD, COFFEE BOARD COLONY, BANGALORE, Karnataka	India
S2-757715503	REV IT IT UP NAILS	SUNSET PARK DR, CITY OF EL PASO, TX	US
S2-757741831	Liberty-Select LLC	NC, GREENVILLE, 3202 BOARDWALK LANE	US
S2-75775674	Walker, Kónecny & Arnold	19 COULTON PARK, NEEDHAM, MA	US
S2-757769109	Express Mortgage  Union Inc	900-904 CHESTER ST, BALTIMORE, MD	US
S2-758018612	-- Ans Vmtures-Limited	SCHEME NO.-14 INTER STATE BUS TERMINAL DINDAYAL CHOWK TRIMURTI NAGAR JABALPUR, JABALPUR, Madhya Pradesh	India
S2-75830124	Department of  Center	KNOXVILLE, 2708 FOREST EDGE WAY, TN	US
S2-758308282	Space Infra Pvt Ltd	A-1-7, GAURAV ANENXE, NR. MANDVI CO.-OP. BANK R.R.T ROAD, MULUND WEST, MUMBAI, Maharashtra	India
S2-758490818	HERNANDEZ CRYSTAL  ENHANCED INC	9492  DEBROUX COURT, TOWN OF GARDNER, WI	US
S2-758506900	ബോംബെ എൻജിനീയറിംഗ് പ്രൈവറ്റ് ലിമിറ്റഡ്	BHAGAVATHI AYYATHU FORT PLAZA, ALAPPUZHA, MAVELIKARA, Kerala	India
S2-75882467	Florissant Urgent Urgent Care Partners LP	COLONEL PICKERING COURT, OLD JAMESTOWN, MO	US
S2-758939378	Sybil B. Graves, CPA,	WA, 17039 124TH AVE, RENTON	US
S2-75895511	LLC COOLEY BEAMER & ELLER BIOTHERAPEUTICS	94 SUMMERFIILD DR, PO BOX 2464, HOLTSVILLE TOWNSHIP, NY	US
S2-759264960	Beacon Clough,	3409-3413 CHIHUAHUA ST, <NULL>, DALLAS, TX	US
S2-759392207	Tri-State Ssbdr Solutions LP	08009 COUNT ST, HOUSTON CIITY, TX	US
S2-759531304	Capps And Pangan Mortgage Partners	TN, MURFREESBORO, 1262 HARRISON RD	US
S2-759759864	BLACKINFRA.COM	PLOT 412 OPP.OLD BPCL PETROL BUNK ROAD NEAR KSRTC BUS STAND SHIDLAGHATTA, CHIKKABALLAPURA, Karnataka	India
S2-759909124	DAFFIE BOTELHO, D.Ó., P.C.	480 BARBER LOOP, PMB 2907, MOORESVILLE, NC	US
S2-759961153	फर्स्ट प्रोडक्ट्स प्राइवेट लिमिटेड	91/13/1 KAUSHIK ENCLAVE BURARI, NORTH EAST, NEW DELHI, Delhi	India
S2-760367787	STRAIGHT-ESOCGE BARBERSHOP LLC	00320 1ST AVE, SALT LAKE CITY, UT	US
S2-760509478	व्हाइट सॉल्यूशंस लिमिटेड	185, AKASH DARSHAN APARTM-, ENT, MAYUR VIHAR PHASE-1, EAST DELHI, Delhi	India
S2-760512872	Ear Nose & Throat Summit	2910 5TH ST, CANTON, OH	US
S2-760730678	Paleva Llc		US
S2-761144254	Eye Patreos  LLC	65  CHARTER STREET, BOSTON, MA	US
S2-761464090	Smt DEVA SÉVA SAMITI	MADHUPURA INDUSTRIAL ESTATEPLOT NO 5 6 7 MADHAPUR, RAJKOT, Gujarat	India
S2-76198865	3K.COM	TOWN OF GRAND CHUTE, #5200 CLAIREMONT DR, WI	US
S2-762119244	રેડ ટેક્નોલોજી પ્રાઇવેટ લિમિટેડ	B/2/268, AHMEDABAD, Gujarat	India
S2-762231301	Namco Clincoc	104, 1ST FLOOR, BHAWANI INDL ESTATE, NR JAIN MANDIR, IIT MARKET, POWAI, MUMBAI, Maharashtra	India
S2-762430078	SUNRAY QUALITY PRIVAME LIMITED	MI NO:463 A/P LAUL TAL:MADHA DIST:SOLAPUR, LAUL, महाराष्ट्र	India
S2-762614150	WASHBURN HOLDINGS LLC	1870 STUDEBAKR RD, CEHYENNE, WY	US
S2-762719006	Federal Hyperliquid Inc		US
S2-762719020	Ariairi	04700 ALKIRE ROAD, COLUMBUS, OH	US
S2-762858172	फ्यूचर फाइनेंस प्राइवेट लिमिटेड	PROMOTOR- AH -35, SALIMAR BAGH, NEW DELHI, दिल्ली	India
S2-762867084	Rizadovanex	21502 SAN LUIS PASS RD, GALVESTON, TX	US
S2-763006226	LLC Signature Harbor Lanei	48 3ND STREET, TX, FORT WORTH	US
S2-76303055	Mar0ney Advanced Harmony L.L.C.	1319 RIDGEFIELD LOOP, ROUND ROCK TOWNSHIP, TX	US
S2-763151755	Laflamme Health Center Co	9600 NIMBUS AVENUE, PMB 8139, BEAVERTON, OR	US
S2-763160955	Harbor Pacific Return	199-B STONECLIFF DRIVE, GREECE, NY	US
S2-763174972	of Cardiology Partners LLC Brooklyn	321 NOSTRAND AVE, BROOKLYN, NY	US
S2-763242816	Clyola Neuberger	21 ELM LANE, WESTERLO, NY	US
S2-763374177	क्रिएटिव इंफ्रा प्राइवेट लिमिटेड	D-301, PLOT NO.1, OM SATYAM APARTMENT SECTOR-IV, DWARKA, NEW DELHI, WEST DELHI, दिल्ली	India
S2-763470160	Jain Edusystems Private  Ltd	Karnataka, FLAT NO.C-302 , CHARTERED MADY, 17TH MAIN, J..P. NAGAR, PHASE - II, BANGALORE	India
S2-763487360	6REAT MARKETING [LLP]	NO 2818  HEMASUDEEP ARCADE, BANGALORE, Karnataka	India
S2-763543894	motley smart rio inc	109  PECAN CIRCLE, TRENTON, TX	US
S2-763831839	Metro Foundation  of Tucson V	5820 35RD ST, TUSCON, AZ	US
S2-763980201	गुरु इंजीनियरिंग	122/235, A-14 SAROJINI NAGAR, KANPUR, उत्तर प्रदेश	India
S2-764078185	E+ LLC Market	HURDS ROAD, VIRGINIA BAECH, VA	US
S2-764089767	लक्ष्मी कंस्ट्रक्शंस प्रा. लि.	HOUSE NO. 87, SITAMARHI, बिहार	India
S2-764256076	Oncology Better Care  Inc	406 WHITTIER AVE, MERRICK, NY	US
S2-764286034	Cross Endocrinology Endocrinology Inc	17820 1/2 State Line Rd, LNSING CITY, IL	US
S2-764598618	Tajpuria  Foundation	Maharashtra, NO. 069 103, BAKUL APARMENT PLOT NO. 3, SHIVAI NAGAR	India
S2-764621995	Indian Southern फूड प्राइवेट लिमिटेड	NO 139/E RAJNAGAR, INDORE, Madhya Pradesh	India
S2-765180306	Private Creative Infra Ltd	PLOT NO.1, OM SATYAM APARTMENT SECTOR-IV, DWARKA, NEW DELHI, D-301, दिल्ली, WEST DELHI	India
S2-765215458	Hunger Fellowship	1314A UNIVERSITY DR, TEMPE, AZ	US
S2-765282118	indiasouthernmanagement.com	K-43, OPP PLAZA CINEMA, CONNAUGHT PLACE, दिल्ली	India
S2-765562924	Kaveresh  Fashion Corp	महाराष्ट्र, H.NO 559 203, ZIPRA ARCADE, BUILDING NO 2, KUMBHARKHAN PADA, NR OM LAXMI LOTUS SOC, DOMBIVALI (W), KALYAN	India
S2-765845300	CORNERSTONE CROSS	5641 HARRY STREET, WICHITA TOWNSHIP, KS	US
S2-765988822	SA Enbridge	CARRIAGE DALE CT, SPRING TOWNSHIIP, TX	US
S2-766286432	Primacy Trust	H.NO C-04 SHRI SUNDER APPT MEDICAL COLLEGE ROAD NEAR T B WARD SQUARE WANJARI NAGAR, NGPUR, Maharashtra	India
S2-766521368	Gatiman Law Chambers  Limited	H.NO.-9-69/5, POLICE LINE ROAD, ALBONY LODGE, Uttar Pradesh	India
S2-766959067	Colonial [Citizens]	316 Laurie Dr, LOCKPORT, IL	US
S2-766967246	VBO ATLANTIC SOFTWATE, INC.	62 RANIA WAY, PMB 7316, WEST FARGO, ND	US
S2-767290837	Flying Group of Companies Co	DOOR NO 7 GANESH CHANDRA AVENUEP.S. BOWBAZAR, KOL, West Bengal	India
S2-76762829	Mcknight Gréen Esports LLC	TN, MEDINA, 79. BOONE ROAD	US
S2-767881310	KA  Reliable Sky	4685 VALLEY ROAD, TUCSON, AZ	US
S2-767882936	Green Stérling Midcap, LLC	209- Mira Vista Dr, SANTA CRUZ TOWNSHIP, CA	US
S2-767888565	DIAMOND INVESTMENT SYTSOESMS INC	123 BARKWOOD DRIVE, WADSWORTH, OH	US
S2-768021392	Optimal Intelligence Innovations, Llc	631 Holmes Avenue, LIMA, OH	US
S2-76814973	Sadashiv Creaticns Private Limited	1205, TIMES SQUARE ARCADE, OPP. RAMBAUG, NR, RAVIJA PLAZA, THALTEJ-SHILAJ ROAD, THA, LTEJ, AHMEDABAD, Gujarat	India
S2-768245610	Green-Rocky		US
S2-768452898	MACHlNISTS LOCAL	IA, 120-D JACKSON STREET, GREENFIELD TOWNSHIP	US
S2-768552033	Dileva Worldwide L.L.C.	SALMON RIVER ROAD, SCHUYLER FALLS, NY	US
S2-768618180	SAFEX MÁNAGEMENT	Maharashtra, AMAR HILL, SAKI VIHAR ROAD, POWAI, MUMBAI	India
S2-768746784	Limited Kpr Info Private	4524/2, DASKROI, AHMEDABAD, Gujarat, PHASE IV, GIDC ESTATE, MEMDABAD ROAD	India
S2-7690284	ಇಂಟರ್‌ನ್ಯಾಷನಲ್ ಇನ್‌ಫ್ರಾ ಪ್ರೈವೇಟ್ ಲಿಮಿಟೆಡ್	NO. #61, WHITEFIELD ROAD, MAHADEVAPURA, BANGALORE, Karnataka	India
S2-769385729	LEGACYLOGISTICSENTERPRISESCOM	1312 O AVENUE, ANACORTES, WA	US
S2-769449726	Heritage LLC Fund	DAVIS STREET, VA, VIRGINIA BEACH CITY	US
S2-769475421	ગ્રેટ મા કન્સ્ટ્રક્શન પ્રાઇવેટ લિમિટેડ	HN 813. B 1401, SHINE SWASTI OPP., SIDDHARTH ICON, TRAGAD, AHMEDABAD CITY, AHMEDABAD, ગુજરાત	India
S2-770103531	Guerrero, Mcwilliams and Ketmon Jessamine Co	201 CANTER LANE, NICHOLASVILLE, KY	US
S2-770443175	Dr Green Limited Private Funds	SHOP NO 1-14, GRD FLR MAHAVIR DHAM CHS PLOT NO -112 SECTOR -12, VASHI, Maharashtra	India
S2-770737964	XO (JONES)	IL, 015547 COTTAGE GROVE AVE, DOLTON	US
S2-771090528	Mr Lans Conductors	C/O SANGAMESHWAR MOTIRAM PATIL MUKHED MUKHED TQ. MUKHED MUKHED, NANDED, Maharashtra	India
S2-771379814	MACHINISTS LOCAL	120-D JACKSON SAINT, GREENFIELD TOWNSHIP, IA	US
S2-771721901	Sri FLORA  BROTHERS	DOOR NO 83 SIKRONA NEAR GOVERNMENT SCHOOL FATEPUR TEGGA, FARIDABAD, Haryana	India
S2-771902620	Dahlgren of Center Surgical	6551 COUNTY ROAD 200, DAHLGREN, IL	US
S2-772983988	mediaintegrated.com	390 SKYLAND DR, KINGSPORT, TN	US
S2-773150558	INSIGHT SAINT LOUIS EAST	475 22ND ST, EAST SAINT LOUIS, IL	US
S2-773162096	TECH RELIGIOUS MAA CO	GAGAN UNO, 6TH FLOOR, OFFICE NO. 602, DHOLE PATIL ROAD, OPP. VOHUMAN CAFE, PUNE, PUNE CITY, Maharashtra	India
S2-773717022	CG LAW CHAMBERS PRIVATE	#704 C/OMAHESH SINGH GALI NO 4, BAZAR, SAMIT AHIYAPUR, MUSHAHARI, बिहार	India
S2-773814500	E & L Gores	NC, 3925 HEIDELBERG DR, HOPE MILLS	US
S2-773927630	PEYTON'S MOUNTAIN HOSPITALITY LP	5401 Groveside Ln, ROLLING MEADOWS, IL	US
S2-774248919	FINEMEDICALCENTRE.COM	BLOCK E-621  401, OM KRUPA CHS LTD, LOWER KHARODI, MALAD (W) OPP. MARVE ROAD MALAD (W), MUMBAI, Maharashtra	India
S2-774543773	P.C. ARTS MINISTRIES	Hughes Rd, GALENA, OH	US
S2-774562917	स्मार्ट कंसल्टिंग	16/79 D CIVIL LINES, KANPUR NAGAR, Uttar Pradesh, KANPUR COURT	India
S2-77460929	SGF-Medicine LLC	1520 WAGNER DR, GILBEERT, AZ	US
S2-774939201	X Z & M INTERCONTINENTAL CORPORATION	3235 WOODBROOK CT, IRVING, TX	US
S2-774960077	LYONS STRATEGIC IRON WORKS LLC	3712 MIRANDA AVE, GILLETTE, WY	US
S2-774962412	GOLDEN YOGA	4029 OLYMPIC WAY, CITY OF HOLLADAY, UT	US
S2-77516376	Novixylo	7430 WILLIAMS AVENUE, SAINT LOUIS, MO	US
S2-775338078	Nanon Mnséte, Ph.D., DDS PC	564 Devonshire St, OLYMPIA, WA	US
S2-775386616	STAR  PAYMENT	1550 105ST STREET, EDWARDSVILLE, KS	US
S2-775398177	Staci Jacobo Allied Construction	800 2 St, CITY OF ALMA, WI	US
S2-7755580	Gurgaon Production Private	H.NO 63  101, 1ST FLOOR, BESTECH, BUSINESS TOWER, SECTOR 48, GURGAON, Haryana	India
S2-775580908	MUMBAI HERBAL PVT LTD	PARKSITE COLONY ROAD NO 1, LOWER DEPOT PADA VIKHROLI (W), MUMBAI, Maharashtra	India
S2-77583624	zeifysterlingpacific.com	28 BERTRAND ST, KNOXVILLLE, TN	US
S2-775859231	Oncology Associates	310 IRIS DRIVE, SIERRA VISTA, AZ	US
S2-775898493	Corner Hair Studio Center	536 Chicago Avenue, HIGHLAND PARK, IL	US
S2-776278638	FOOT + ANKLE SPECIALISTS OF PARIS CORP	0930 CENTER SAINT, PARIS, TX	US
S2-776331072	LTD IMPERIAL & CO	Uttar Pradesh, KANPUR, 706, KANPUR	India
S2-776365599	Johnson Smrha of Raleigh	11200 TIDEWATER LN, NC, RALEIGH	US
S2-776472199	Vega Highland  Manulife Inc	1015 OMNI DRIVE, SALT LAKE CITY, UT	US
S2-77666247	KH Plsnfncs [LLP]	DOOR NO 591A. , HMT LAYOUT, V.R PURA, YELAHANKA, BANGALORE NORTH, ಕರ್ನಾಟಕ	India
S2-776771843	Cardiology of Newton Inc Center	AL, 231 WICKSBURG ROAD, NEWTON	US
S2-776849644	Jalandhar Expermhts Pvt Ltd	INDUSTRIAL PLOT NO. 28, KAPURTHALA ROAD, WARIANA INDUSTRIAL COMPLEX, JALANDHAR, Punjab	India
S2-777032501	सूर्य मार्केटिंग प्राइवेट लिमिटेड	H.NO 586 R.S NO 87/2, RAM NAGAR VADGAON, KOLHAPUR, HATKANAGALE, Maharashtra	India
S2-777239677	*** y2.com	1024 BRIARCLIFF CIRCLE, MARYVILLE, TN	US
S2-777383258	Béum | www.bum.com	7401 SLEEPY HOLLOW DR, OK, TULSA	US
S2-777583088	Piedmont Tbisit III	433 OAKDALE AVENUE, GLENCOE, IL	US
S2-77786627	Gulf Center-V	BEND, 61187 CONE FLOWER ST, OR	US
S2-778160556	Pacific  Federation	534 NORTH ST, GALESBURG, IL	US
S2-778291045	The Integrated Media Concepts Corp	TN, 390 SKYLAND DR, KINGSPORT	US
S2-778410077	Spotless Clinic Limited	PLOT 251 349, 2ND FLOOR 349, SCHOOL ST ANGELS SCHOOL, GURGAON, हरियाणा	India
S2-778566440	HARBOR HEARTLAND ROGERS L.L.C.	3215 EVERLASTING LN, MIDDLE RIVER, MD	US
S2-778643640	Labs Beverages Citntc	HN 852- ED-24 RAJ DANGA MAIN RD, KOLKATA, KLKATA, West Bengal	India
S2-779063504	SOUTH-DEVELOPERS | www.southdeve.com	LIG 136, 2-A SAKET NAGAR, BHOPAL, HUZUR, मध्य प्रदेश	India
S2-779204069	Se1ect Precision	1334 SHEPARD DR, STERLING, VA	US
S2-779346514	Nagindas Master Road Services Private	HN 786. 301, GUNDECHA CHAMBERS, NAGINDAS MASTER ROAD, Maharashtra	India
S2-779507242	C0ates & Milton Emera LLC	PRESTONSBURG, ##328 COURT ST, KY	US
S2-779517126	privatetechbalaji.com	CHANWAJI, JAIPUR, Rajasthan, KUSHALPURA	India
S2-779639800	CICILY AGYEMANG, O.D., DDS PC	190 GERRISH AVENUE, DRACUT, MA	US
S2-779807793	DEVELOPERS REAL FASHIONS PRIVATE LIMITED	FLAT NO 5 NO 25 VANTAGE SHOREPAARI STREET KALAKSHETRA COLONY, BESANT NAGAR CHENNAI, Tamil Nadu	India
S2-779821012	DYNAMIC ENERGY WORLDWIDE INC.	61 ELM ST, POTSDAM, NY	US
S2-779873934	CATHA KIRN, ESQ. CORP	14610 UNION STREET, HARVEY TOWNSHIP, IL	US
S2-780112789	सेवन ग्लोबल प्रा. लि.	S.NO.40, DIGAMBAR NAGAR, PUNE, PUNE CITY, Maharashtra	India
S2-780515242	EAR NOSE-& THROAT PIONEER ASSOCIATES INCORPORATED	4431 SHELBYVILLE RD, BEECHWOOD VILLAGE, KY	US
S2-780551598	Corner Barbershop! LLC	18235 Lisbon Road, CITY OF BROOKFIELD, WI	US
S2-780578205	North Crystal Rare Clinic Córporation	SAINT LOUIS, MO, 719 WSTGATE AVE	US
S2-780696801	Gold Energy Private [Limited]	502/1 , TOWER A-12, TULIP VIOLET DARBARIPUR ROAD, SECTOR 69, GURGAON, Haryana	India
S2-781180829	Express Dealng Wórks LLC	CITY OF HOLLADAY, 2741- JUNIPER WAY, UT	US
S2-781288770	Safa Public School Private Limited	GROUND FLOOR, LP-55/10/3, 8/30B BEJOYGARH, KOLKATA, KOLKATA, West Bengal	India
S2-781289854	Limited Span Media	D- 298, C-4 , JANAK PURI, NEW DELHI, Delhi	India
S2-781447259	akconsultant.com	PLOT G-987 SH.NO-01 SHIVANI HEIGHTS, PUNE, KONDHWA, महाराष्ट्र	India
S2-78162027	Millennium (India) Corp Service	H.NO 568 GW 3020 G BLOCK BHARAT, DIAMOND BOURSE BKC, BANDRA, Maharashtra	India
S2-78178154	GL INDIA	43, RAYAPURAM EXTENSION 2ND STREET, TIRUPPUR, Tamil Nadu	India
S2-781939073	Dam Clearing Pvt	203, GAYATRI MANSION, 1-1-648/2 GANDHINAGAR, HYDERABAD, తెలంగాణ	India
S2-782152405	Mountain Freight Inc.	51 6A, ORLEANS, MA	US
S2-782268889	SHAKTI PIONEER TECHNOLOGIES  PRIVATE	S NO 201, SADABA DADA, TUPE COLONY, AMENORA PARK, PUNE CITY, Maharashtra	India
S2-782436015	Paper (índia) Private	BLOCK F-802 C/O SURESH JENGATHE, AT-JOGANA, PO-MURMURI, CHAMORSHI, महाराष्ट्र	India
S2-7826398	लक्ष्मी इन्वेस्टमेंट प्राइवेट लिमिटेड	55/2, BHIKU BUILDING, VEER SAVARKAR MARG, PRABHADEVI, MUMBAI, Maharashtra	India
S2-783020394	ईस्ट प्रॉपर्टीज प्राइवेट लिमिटेड	428, MASTERMIND1, I.T PARK, ROYAL PALMS, AAREY COLONY, GOREGAON EAST, MUMBAI, MUMBAI CITY, Maharashtra	India
S2-783046182	CAMERON-FIDELITY	1340 CO RD 8, DILLONVALE, OH	US
S2-783176260	2688 Ave Owners Corp, LLC Services	8390 KELZER POND DRIVE, null, VICTORIA, MN	US
S2-783218448	Apex Center	NY, 4 HILLSIDE CT, ATHENS	US
S2-783421333	સૂર્ય કન્સ્ટ્રક્શન્સ	FL. NO. 308, SURAT, ગુજરાત	India
S2-783654262	Panvel (india) Private-[Limited]	H.NO 759 LILAC-702, PLOT -270, ROS, CHS PANVEL RAIGAD KHARGHA, PANVEL, महाराष्ट्र	India
S2-783759362	Sri ZEE  SERVICES	H.NO 1599 , GROUND FLOOR SECTOR - 82, MOHALI, ਪੰਜਾਬ	India
S2-783812745	Link Véhicle Pvt. Ltd.	दिल्ली, HN 521 252-B, LOWER GROUND FLOOR, OFFICE NO.-10-A PRINCE PLAZA, SANT NAGAR, EAST OF KAILAS, H, NEW DELHI	India
S2-783886203	Misha Jensen, D.C. Corp	9791-D CARMENCITA AVE, VINEYARD, CA	US
S2-784038194	PREFERRED BUSINESS [SYSTEMS]	23355 FCORINA COURT, LOUDOUN COUNTY, VA	US
S2-784068694	DS Solution Private Limited	NO 33/3 ARUN PARK, FIRST FLOOR, NEAR ADITYA BIRLA HOSPITAL, THERGAON, PUNE, Maharashtra	India
S2-784290103	KOLKATA YOUR CLINIC  CORP	DOOR NO 35 2ND-FR, FL: B1, 27, KALIDAS SINGHEE LANE, AMHERST STREET, KOLKATA, West Bengal	India
S2-784328059	Vega Highland Manulife	1015 OMNI DR, SALT LAKE CITY, UT	US
S2-784386291	EASYTECH-INDIA	#2809 , 28TH FL, BLOCK B, LODHA MERIDIAN KPHB PHASE, TIRUMALAGIRI, తెలంగాణ	India
S2-784446477	Parakh Institute Technology of of	193/1, B.L. SAHA ROAD, KOLKATA, West Bengal	India
S2-785092094	Marji Newsom Crystal Urban-LLC	BEECH ST, HOLYOKE, MA	US
S2-785239799	Federal Preparatory Academy Ltd	1410 THORNWOOD LN, HOUSTON, TX	US
S2-785263624	LP Thomas Supreme Daevelopmnt	PLAINFIELD, 9260 AMBERLEIGH DRIVE, IN	US
S2-785654979	Creative Heritage  Staking,	2507 LAKEVIEW AVENUE, SPARROWS POINT, MD	US
S2-78578908	H V + S Energry, Inc.	21044 ANGUS DR, CLEVELAND, TX	US
S2-785819744	PRU  Exports	4, MAHI RUPAJI PAGI CHAWL, SEVA NAGAR LINK ROAD, BEHRAM BAUG, JOGESHWARI (W), MUMBAI, Maharashtra	India
S2-785881581	Malappuram Iinfrastructures Iinfrastructures Private Limited	APSARA ARCADE, PONNYAKURUSSI, PALAKKAD RAOD, PERINTHALMANNA P. O., MALAPPURAM, Keralam	India
S2-785887849	swastik consulting private limited	10-6-87/, SRINIVAS COLONY, MAHABUBNAGAR H.O, Andhra Pradesh	India
S2-786160808	ARJUN LIMITED  SERVICES	#A-71/11 LAL COLONY, JUHI, KANPUR, Uttar Pradesh	India
S2-786472208	Western Gulf Fashion,  Incorporated	##119 MANOMET AVE, HULL, MA	US
S2-786577970	Premier Vanguard Dáta LLC	6115 PIONEERS PT, BRECKSVILLE, OH	US
S2-786900870	JESSIE'S  SUMMIT MOTORS GROUP	1425 CRAIG ST, MOSES LAKE, WA	US
S2-787307553	Physical Therapy Care (LLC)	#22 DECATUR ST, BURLINGTON, VT	US
S2-787404353	INDIA SRINIVASA TILES  PVT.	223 BLDG NO. 5 ROOM NO. 15, BMC COLONY, SHIVAJI NAGAR, KHERWADI, BANDRA (E), MUMBAI, <NULL>, Maharashtra	India
S2-787416921	Foot & Specialists Ankle Of Paris	PARIS, 0930 CENTER ST, TX	US
S2-787565878	Premier Keystone Pacific (Inc)	MA, 41 BULFINCH ST, LYNN	US
S2-788106715	Tejiya Developers Center Corp	Madhya Pradesh, H.NO 55 AMER COMPLEX, ZONE II, M.P. NAGAR MIG 55 NEAR PNB BANK, BHOPAL	India
S2-78891451	Western Octave (Inc)	MILSTEAD DRIVE, BETHESDA, MD	US
S2-788939541	Raso & Vanderpool Fox	2215 SAN JUAN TRL, TUCSON, AZ	US
S2-788970928	CORP CREATIVE EDUCATION BRANDS	15694 101, BROOKINGS CITY, OR	US
S2-789052051	Cornerstone Aerospace LLC Center	47 ELIZABETH ST, NEW HAVEN, CT	US
S2-789110666	Superior Paper P.C.	15 RIVER RUN ROAD, EUREKA SPRINGS, AR	US
S2-789129714	Plumbers Local 932-Inc.	15 SIXTH ST, PMB 8319, MISSOULA, MT	US
S2-789226248	WEALTH-THREE PRIVATE LIMITED	501/2, SHAPATH CMPLEX-1, OPP. RAJPATH CLUB, AHMADABAD CITY, Gujarat	India
S2-789245894	Pediatric Dental Specialists Ltd	IN, SEYMOUR, 1112 WASHINGTON AVE	US
S2-789778292	capital guild	3646 35ST AVENUE, SEATTLE, WA	US
S2-789849399	LIMITED BANNER FARM PRIVATE	GUJJAR FALIYA CONTRACTOR NO KHOCHO, MAHIDHARPURA, HARIPU, DOOR NO D/770 NISHIT DIAMOND COMPLEX 5/1129-30, ગુજરાત, RA, SURAT	India
S2-790247726	FREDRIKA GRIFFIN CONTINENTAL PINNACLE LLC	2824. STILL LEAF LN, ELLICOTT CITY, MD	US
S2-79091552	LP THOMAS SUPREME DEVELOPMENT	9260 Amberleigh Dr, PLAINFIELD, IN	US
S2-790921898	Dermatology Specialists of Coos (Bay)	889 KNTUCKY AVENUE, COOS BAY, OR	US
S2-791026639	बेस्ट इंजीनियरिंग प्राइवेट लिमिटेड	MIG FLAT NO. -G-110, BLOCK-Y-1 SECTOR- D-6, VASANT KUNJ, NEW DELHI, SOUTH WEST DELHI, Delhi	India
S2-791309614	Mount Community Church Corp	444 WALLACE ROAD, N/A, LUTTRELL, TN	US
S2-791311461	Advanced Strategic	14823 VAIL AVE, HARVEY, IL	US
S2-791392248	SHAWGIOVANNADDS.COM	00570 HALSEY AVE, BUFFALO, MN	US
S2-791622996	6rethel Gardner Enclave LLC	CITY OF GREEN BAY, WI, 135 SMITH ST, null	US
S2-792002261	Lifeline & Company	615 D WING 6TH FLOOR NEELKANTH BUSINESS PARK VIDYA VIHAR WEST, MUMBAI, Maharashtra	India
S2-792014671	Vallez, Candra D., D.C.	836 BARNABY SAINT, WASHINGTON, DC	US
S2-792228997	BANGALORE STEELS PRIVATE	PLOT ##901 186, 6TH BLOCK 22ND CROSS, JAYANAGAR, BANGALORE, Karnataka	India
S2-792828691	Solgild	H NO. 45-100/2A., B61, UPPAR GUDA, MOULALI, HYDERABAD, Telangana	India
S2-79285582	DORENA'S APPAREL,  LLC	6563 COZART AVE, PEMBROKE, IL	US
S2-792984369	consultingprudentcoir.com	TTCS LABORATORY LLP, 404, 4TH FLOOR PHONAM ARCADE, NR. ASOPALAV SHOWROOM, AHMADABAD CITY, Gujarat	India
S2-792999082	Francisco and Warren (ID: 49412)	MO, 9324 DEER RUN ROAD, WILLIAMSBURG TOWNSHIP	US
S2-793042095	Chandram Finance Private Ltd	246- B ALAGESAN ROAD, SAIBABA COLONY, தமிழ்நாடு	India
S2-793213702	Great Rema Holdings	##2036 CLAREMONT ST, PHOENIX, AZ	US
S2-793303577	COLONIAL LLC SERVICES	58 Jeffrey Alan Dr, MANCHESTER, CT	US
S2-793380952	FATEH PUR FOODS LIMITED		India
S2-793533943	Kolkata Child (Limited)	RIAZ MANZIL, 139/1A TILJALA ROAD, KOLKATA, KOLKATA, West Bengal	India
S2-79410728	Sri Shree Service	61-1, THOTTA SALAI, VAGARAYAM PALAYAM, COIMBATORE, Tamil Nadu	India
S2-794460251	WILLIAMS HIGGINS & GARRETT	17252 VILLAGE MAIN BLVD, PO BOX 2393, LEWES, DE	US
S2-794999316	Clean Íiada Private Limited	DOOR NO 998 F3, 1ST FLOOR, SHIV COMPLEX, VILLAGE VALLABH VIDHYANAGAR(M), TALUKA ANAND, DIST. ANAND, ANAND, Gujarat	India
S2-795118962	Swickard Companies	##1530 Doubletree Ln, NASHVILLE, TN	US
S2-795167029	-- Phi1beck Dime	249 CLEAR LAKE CITY BOULEVARD, WEBSTER, TX	US
S2-795274572	PANET ADVANCED  PAPER,	3130 GOODNGHT WAY, BLOOMINGTON, IN	US
S2-795820235	DM Products	1102., T- 5 EMAAR, GURGAON GREENS SEC 102, SADR BAZAR, हरियाणा	India
S2-795920077	Cultural LLC Center	1515 MAPLE RIDGE ROAD, DE KALB, NY	US
S2-795938382	lizettespublishing.com	NULL, 668 MAIN ST, BOCKTON, MA	US
S2-796039826	geum.com	3713 RNLEY RD, N/A, TERRE HAUTE, IN	US
S2-796056399	Jasper LLC	8 DALTON COURT, RICHLANDS, NC	US
S2-796081032	MORGANADVANCEDBAIN.COM	21 COURTESY DR, THOMASVILLE, NC	US
S2-796352072	स्वस्तिक इंटरनेशनल प्राइवेट लिमिटेड	B-101, Borivlai East, null, Maharashtra	India
S2-79661652	লক্ষ্মী কনস্ট্রাকশন প্রাইভেট লিমিটেড	KOLKATA, ROOM-403, পশ্চিমবঙ্গ, 4TH FLOOR, P-41, PRINCEP STREET, KOLKATA, HOWRAH	India
S2-796639991	Niemi Metro Caapl Ínc.	144 FAIRGROUNDS RD, PLATTSBURGH, NY	US
S2-796650437	FLOWERS FAMILY (PRACTICE)		US
S2-796893813	Shrinath Agro (India) [Partners]	A 8, ST ANNS CGHS LTD., PLOT NO 8A, SECTOR 7, NEW DELHI, दिल्ली	India
S2-797146183	Commercial LLC Advisors Investment	5515 Mills Civic Parkway, WEST DES MOINES, IA	US
S2-797257199	Redwing Center	HN 319 K 43 B KALKAJI, NEW DELHI, Delhi	India
S2-797549721	Prime Homes	##6089 FORK HWY, CABINS, WV	US
S2-797609256	EYE PARTNERS  LLC	CHARTER STREET, BOSTON, MA	US
S2-79761072	BANEY INTELLIGENCE (INC.)	DALLAS, TX, 6623. PARK LANE	US
S2-797712442	Heer Brothers Private	P.NO. A-28 RIICO I KALADERA, CHOMU, Rajasthan	India
S2-79796249	orthopediccareassociates.com - 2520283816	3129 LUNDIN DR, MANHATTAN, KS	US
S2-798039672	Main Street Hypnosis	8805. SPRINGSBURY PL, HURSTBOURNE, KY	US
S2-79831208	HFO 6olden Design	3330 LOCKBURN ST, INDIANAPOLIS, IN	US
S2-798805961	మై ఇన్వెస్ట్‌మెంట్స్ ఎల్‌ఎల్‌పీ	22-6-270/3/8, HYDERABAD, Telangana	India
S2-79917819	#dentalpartners	1125 GRANT AVE, ROCKFORD, IL	US
S2-799484142	Jodhpur Mushrooms (Ltd)	SHREE KUNJ PLOT NO. #54 BEHIND ARORA NAMKEEN, 12TH ROAD SARDARPU, RA, JODHPUR, Rajasthan	India
S2-799683074	INDIAN CONSULTANTS PRIVATE LIMITED	H.NO ##2588 , FIRST FLOOR, 26TH MAIN, 13TH CROSS, H S R LAYOUT SECTOR - 1, BANGALORE, ಕರ್ನಾಟಕ	India
S2-799784979	जय बिजनेस प्रा. लि.	GURGAON, Haryana, NO. 187 C-1101 TOWER C	India
S2-799932242	रियल कंस्ट्रक्शन प्राइवेट लिमिटेड	C/O SHIV MANDIR, HISAR, Haryana	India
S2-800084063	First Volk LLC Labs,	261 29TH PL, TULSA, OK	US
S2-800233585	Sri Super  Medical Centre Company	23/163A, KUMMANCHERI JUNCTION CHANGHAMPUZHA NAGAR, PATHADIPPALAM, KALAMASSERY, Keralam	India
S2-800318557	Dynamic Energy Worldwide [[Inc]]	61 ELM STREET, PMB 1473, POTSDAM, NY	US
S2-80056537	KAUTILYA COMPANY CENTER	1/357, SREE KARTHIGAI LAKSHMI NAGAR, THUVARIMAN, MADURAI, Tamil Nadu	India
S2-800664104	HIHPTS, MILENA PRO LP	WASHINGTON, 325A P ST, DC	US
S2-800718657	Liberty League of Silver Spring	SILVER SPRING, MD, ##2905 RANDOLPH RD	US
S2-80091544	Pvt. Pipariya Fufrs Ltd.	BLOCK E-610 SHREE RAMESHWAR PD AGRWAL S/O SATYANARAYAN AGRAWAL C/O PACMARI ROAD, PIPARIYA, HOSHANGABAD, Madhya Pradesh	India
S2-800947923	यूनिक इन्वेस्टमेंट प्राइवेट लिमिटेड	CBN NO25/4 G5OSIAN BUILDING, NEHRU PLACE NEW DELHI, NEW DELHI, SOUTH DELHI, Delhi	India
S2-800988568	Ventures Aebmx Movers Private Limited	NEW NO D/132 , RANGOON STREET THOUSAND LIGHTS, CHENNAI, Tamil Nadu	India
S2-801291548	New Welfare [Society]	##20-A TIRUPATI BALAJI NAGA, SANGANER THANA, SANGANER, राजस्थान	India
S2-801608659	LAXMI EXPORTS PRIVATE	DOOR NO 206 K NO 9 PINK PRIDE, JAISINGPURA BAS TEH., JAIPUR, Rajasthan	India
S2-801647785	Indraprastha (G1obal)	0714-A, 7TH FLOOR, MOUNT ROAD, ANNA SALAI, CHENNAI, தமிழ்நாடு	India
S2-801655569	Devereaux + Johnson Blanchard	108- ROUNDTABLE DRIVE, CANONSBURG TOWNSHIP, PA	US
S2-801756905	OT Automotive  Private Limited	PARKVIEW APPART FLAT-102 , OPP KAMLABAUG, PORBANDAR, Gujarat	India
S2-802063325	60/49 Vehicle	482 GLEN LILY ROAD, BOWLING GREEN, KY	US
S2-802102314	Royal Quality	135 SAGEWOOD DRIVE, THIBODAUX, LA	US
S2-802148296	M/s orissagala.com	10/11 K B C ROAD SOUTH DUMDUM FLAT NO 4AB, NORTH 24 PARAGANS, NULL, West Bengal	India
S2-802250107	Mumbai Innhvtive Pvt Ltd	HN 614 LAHUJI SALVE NAGAR, BHD.SUNCITY HOTEL, MIDC ROAD NO.19 ANDHERI (EAST), MUMBAI, Maharashtra	India
S2-802279370	4448 Way Holdings Services	525  50RD PL, WASHINGTON, DC	US
S2-802463380	YAMUIN FINANCE-PRIVATE	T9B PALM AVENUE BALLYGUNGE, KOLKATA, KOLKATA, West Bengal	India
S2-80246501	Nous-Ltd	3333 ELM HILL DRIVE, WARREN, OH	US
S2-80272729	Western Defense LLC Services	1519 32ND STREET, FARGO, ND	US
S2-802733223	GOODSON AND SCOTT SEAS LLC	509 GLENMEADOW DRIVE, BALLWIN, MO	US
S2-802784142	TISAIA GREEN PROEM INC	WISCONSIN RAPIDS, WI, 3531 37th St	US
S2-802821445	Vision Care of Klamath Falls Inc	584 OLD MIDLAND RD, KLAMATH FFALLS, OR	US
S2-803298761	Steelworkers Union Local No 303 [Corporation]	AZ, MEADVIEW, 869 ECHO DRIVE	US
S2-803563700	ఫస్ట్ బిజినెస్ ప్రైవేట్ లిమిటెడ్	FLAT NO.303, TIRUPATI, CHITTOOR, Andhra Pradesh	India
S2-803608580	sushmaindia.com	C/O BEENA KUMARI P, SAI'S 2366923 PARAL RD CLY VAR, PO KUTHUPARAMBA, KANNUR, Kerala	India
S2-804048321	Gulf Inc Center	94-01  25 AVE, EAST ELMHURST, NY	US
S2-804154211	BENTLEY H0LDINGS GROUP INC	6755 GREENVALE RD, NORENE, TN	US
S2-804333818	>> minnypduran.com	10 18- NIKOS WAY, NGALES TOWNSHIP, AZ	US
S2-804462461	Horizon Inc Center	##1145 MICHELINE TERRACE, RICHMOND, VA	US
S2-804555267	Dream Dream Industries	B-404 MATRUCHHAYAS N ROAD MULUND (W), MUMBAI, Maharashtra	India
S2-804590895	Virgina Yang Ridge Ltd	6641 ARTESIAN AVE, CHICAOG, IL	US
S2-804774274	E 2 P WEN CENTER	15021 ASHWOOD CIR, HUNTSVILLE, AL	US
S2-80487795	My Proerlties Private Limited	C/O ASHISH KESHAVPRASAD RATHI, SURJI TAKARKHEDA NAKA, SAINT MERRY SCHOOL, ANJANGAON, <NULL>, महाराष्ट्र	India
S2-80509161	Jones Newhold Ltd		US
S2-805134539	STAR EQUIPMENTS PRIVATE	D-525/25A F/F, KH.NO-550, GALI NO-12, ASHOK NAGAR, NORTH EAST DELHI, Delhi	India
S2-805144319	Star Advisors Payment	1550 105ST STREET, EDWARDSVILLE, KS	US
S2-805167102	The Edwards Learning (Center)	1758 12210, RIVERTON, UT	US
S2-805169114	Vi0vio	IL, SOUTH BARRINGTON, 17B OLYMPIC DR	US
S2-805235797	Ehrhardt And Stewart Columbus Llc	BROOKLYN, NY, 279 1/2 NEPTUNE AVE	US
S2-805252835	LLC AMBROSE COMODINTY	63 BETSY DR, ISLIP, NY	US
S2-805521819	Shri Zingo Enterprises Pvt	7, 17-B, SRA BUILDING, MOTILAL NEHRU NAGAR, BKC, SANTACRUZ - EAST., MUMBAI, Maharashtra	India
S2-805635192	LIMITED AB PRIVATE SERVICES	NEW DELHI, दिल्ली, CENTRAL DELHI, H-69  UGF CONNAUGHT PLACE	India
S2-806153030	Secure Telecom	310 CALION ST, JONESBORO, AR	US
S2-806245277	ഈസ്റ്റേൺ ടെക് പ്രോജക്ട്സ് പ്രൈവറ്റ് ലിമിറ്റഡ്	THAMARASSERY, NEAR MARY MATHA CATHEDRAL, THAMARASSERY, Kerala, KOZHIKODE, TP 5/547	India
S2-806295417	Kronos Lift	B-1401, MONDEAL HEIGHTS, NR. WIDE ANGLE CINEMA, AHMADABAD CITY, Gujarat	India
S2-806307778	I/W Ixa	555 FIRST STREET, BENICIA, CA	US
S2-806548925	PERFECT CONSULTING PRÍVATE LIMITED	A/7, TRADE WORLD, KAMALA CITY, SENAPATI BAPAT MARG LOWER PAREL (W), MUMBAI, Maharashtra	India
S2-806611408	Primary Care Great PLLC Services	1827 5ND AVE, GREAT FALLS, MT	US
S2-80666529	माय प्रॉपर्टीज प्राइवेट लिमिटेड	C/O ASHISH KESHAVPRASAD RATHI, Maharashtra, ANJANGAON, AMRAVATI, <NULL>	India
S2-806717103	Agro Innovative Infrastructure Limited Private	DOOR NO 0920 C/O-GOPAL PATIL DWARKA, NAGAR PIMPLE ROAD, AMALNER, Maharashtra	India
S2-807475812	BALAJI PIONEER CONSULTANCY PVT LTD	F 802, 8TH FLOOR, BLOCK -I, MHB, SY NO-83/1, RAIDURGAM, SERI LINGAMPALLY, తెలంగాణ	India
S2-807682901	Sanchez Córporation	CLEVELAND, OH, 3890 146TH STREET	US
S2-808114481	BIES HORIZON TINTO INC	7500 HUNTERS MILL RD, PO BOX 9661, BLACKSBURG TOWN, VA	US
S2-808256195	Kamalalaya Sangh Corporation	NO. G-2313 SAPTAGHIRI PADMI, 15TH CROSS 2ND CROSS HAL, BANGALORE NORTH, Karnataka	India
S2-808273792	Patino Capital	NC, 2007 FRONTIS PLAZA BOULEVARD, WINSTON-SALEM	US
S2-80844007	Pediatric Specialists Dental	WASHINGTON AVE, SEYMOUR, IN	US
S2-80844616	SILVER  ATLAS LLC	100 COUNTY ROAD 2555, CLEVELAND, TX	US
S2-808464735	Coralyn Benett Northland Services		US
S2-808746499	Maced0 Valley Lionheart Inc.	0104 OAK FOREST LANE, DLLAS CDP, NC	US
S2-808920042	கிரீன் டெவலப்பர்ஸ் பிரைவேட் லிமிடெட்	H.NO 04B, FIRST FLOOR, CHOKKALINGANAGAR MAIN RD, தமிழ்நாடு, MADURAI, MADURAI SOUTH	India
S2-80900756	Co & Tpg	GLITTERS, V SHANTHA NAGAR MADAMBAKKAM, Tamil Nadu, CHENNAI	India
S2-809561765	CHENNAI-ENGINEERING PRIVATE	C/O. IIT MADRAS RESEARCH PARK, A-01 FA, I FLOOR, KANAGAM ROAD, TARAMANI, CHENNAI, தமிழ்நாடு	India
S2-80967361	Elite Property Services L.L.C.	GALLAUDET ST, WASHINGTON CITY, DC	US
S2-809720179	ಬ್ಲ್ಯಾಕ್ ಇನ್‌ಫ್ರಾ ಪ್ರೈವೇಟ್ ಲಿಮಿಟೆಡ್	PLOT 412 OPP.OLD BPCL PETROL BUNK ROAD NEAR KSRTC BUS STAND SHIDLAGHATTA, SOUTH KARNATAKA REGION, KOLAR, ಕರ್ನಾಟಕ	India
S2-809881525	OXNARD-LIBERTY MID	LARK ST, OXNARD, CA	US
S2-809924899	EDUCATION INITIATIVE LLC	LOUISVILLE, #129 CHANDLER WAY, TN	US
S2-809941179	Family Gróup	002735 Wagner Street, CINCINNATI, OH	US
S2-809986000	Michaela's Holdings Services	135 WATERBURY AVE, NULL, STAFORD, CT	US
S2-810027578	Temple Lutheran Church Center Foundation	2200 VILLAGE DR, PMB 7838, NORTH LITTLE ROCK, AR	US
S2-810335919	Indian Pr0jects Private Limited	405, SKYLINE HOUSE 85, NEHRU PALACE, NEW DELHI, Delhi	India
S2-810421188	Pediatric Dental	85 AZALEA LN, ANDREWS, NC	US
S2-810585553	SAMDPATI & CO	दिल्ली, HOUSE NO 922, KHASRA NO 177 GROUND FLOOR NEAR SHIV MANDIR VILLAGE JAUNTI, DELHI	India
S2-810704772	ಇಂಡಿಯನ್ ಕನ್ಸಲ್ಟೆಂಟ್ಸ್ ಪ್ರೈವೇಟ್ ಲಿಮಿಟೆಡ್	NO ##2588, BENGALURU, BANGALORE, Karnataka	India
S2-810737942	ERA ALCALA PLLC	656 METSO RD, KETTLE RIVER, MN	US
S2-81113534	ଫର୍ଚୁନ୍ ଫାଉଣ୍ଡେସନ୍ ପ୍ରାଇଭେଟ୍ ଲିମିଟେଡ୍	PLOT NO.-4535/6198 GUDIANALI, DHENKANAL, Orissa	India
S2-812047498	સૂર્ય કન્સ્ટ્રક્શન્સ	FL. NO. 308, SURAT, Gujarat	India
S2-812505364	STRATEGIC HARBOR	2934 EL CHARRO PL, ALBUQUERQUE, NM	US
S2-812573948	TM SERVICES PVT LTD LTD	DOOR NO 1/G KHUDIRAM BOSE SARANI, SALTEE PLAZA, 6TH FLOOR, ROMO NO - 612, CABIN -M25, KOLKATA, KOLKATA, West Bengal	India
S2-812682431	daciasadvisors.com	8230 SUMMA AVE, BATON ROUGE, LA	US
S2-812954772	LLP Shree & Co	C/O GANESH PRASAD SINGH, ALKA COLONY, SANDALPUR, PATNA, Bihar	India
S2-813146822	ਕਲਾਸਿਕ ਮੈਨੇਜਮੈਂਟ ਪ੍ਰਾਈਵੇਟ ਲਿਮਟਿਡ	9-479/3, HARCHAND MILL ROAD, NEAR BHUMI MARKET, S.A.S.NAGAR (MOHALI), FATEHGARH SAHIB, ਪੰਜਾਬ	India
S2-813198646	HEARTLAND BLUE LNG LLC	218-222 CHARLESTON AVE, ROMEOVILLE, IL	US
S2-813246029	Horizon Wellness Partners	MA, ARLINGTN, GROVE STREET	US
S2-813301668	Pierce Charlmes Inc	1957 OLD CONOVER STARTOWN RD, NEWTON, NC	US
S2-814058306	Rojas  Lane	WAUKESHA, WI, 41 BIDWELL AVE	US
S2-814147029	Chamundeshwari & Sons	B3/959 1, 2ND FLOOR, JAGDAMBA PALACE NEAR GURGAON DREAMZ MALL, OLD RAILWAY RO, AD, GURUGRAM, Haryana	India
S2-814182227	Ss Builders Private	H.NO 11. , SECOND FLOOR, METRO PLAZA BITTAN MARKET, BHOPAL, Madhya Pradesh	India
S2-814405422	Grace Presbyterian Church LP	15510D THOMPSON RIDGE DRIVE, CYPRESS, TX	US
S2-814689684	Superi0r Certified Copley	7518 CELESTA LANE, OLYMPIA, WA	US
S2-814781083	Fisher,, Gabrila Services	93 WILDCAT ROAD, BURLINGTON, CT	US
S2-815021964	Mcarthur Aegon of Lowell Incorporated	17235 TAPPER ST, LOWELL, IN	US
S2-815455910	Dr Armour  Exports of Ahmedabad		India
S2-815723444	Lux Mountain Barclays LLC | www.luxmounta.com	003045 GRANDVIEW PLACE, DARIEN, IL	US
S2-815837877	Jyotiba  Adhesives Private Limited	PLOT NO.2, DHANALAKSHMI NAGAR, MOULIVAKKAM, KUNDRATHUR, SRIPERUMBUDUR, தமிழ்நாடு	India
S2-815876096	Skyline Advisory Private Limited	HOUSE NO. ##1184, SECTOR 5, URBAN ESTATE, Haryana	India
S2-815974424	Llc SB Highland Mines,	25990 CEDAR VALLEY RD, NATRONA, WY	US
S2-816369855	BROWN  HARBOR WELLS	##148 KATHY DRIVE, BOURBONNAIIS CITY, IL	US
S2-816719529	டிரீம் புராஜெக்ட்ஸ் லிமிடெட்	MYLAPORE, CHENNAI HENNAI, Tamil Nadu, CHENNAI, HENNAI, NO#51 R.K.MUTT ROAD	India
S2-816745920	Vitrag Services Private Límited	West Bengal, 7/, KIRTIBUS MUKHERJEE, ROAD, KOLKATA, KOLKATA	India
S2-817374918	ZKJ Merchants Límited	#98, PATEL NAGAR, DEOLI, Rajasthan	India
S2-81737680	Vision Metro Care Aocoaes Inc	1106 Grand Ave, <NULL>, SAINT PAUL CITY, MN	US
S2-817576541	Private Premier Limited Products	THANE, Maharashtra, THAKUR SHETH COMPOUND, PATHARE CHAWL, BEHIND BAKERY, L M NAGAR, THANE, NO. 00203 PAAD NO-4	India
S2-817589216	TZO LTD SERVICES	Maharashtra, BASEMENT SHOP 3, PRAJKT PRIDE, REVENUE COLONY, SHIRUR, PUNE	India
S2-817612910	JERRY CFARRIEORS LTD	PLOT 488 FLAT NO B-203, 2NDFLOOR, ROYAL CLASSICE CHS, NEW LINK ROAD, ANDHERI WEST, MUMBAI, Maharashtra	India
S2-817827446	भारत फाउंडेशन प्राइवेट लिमिटेड	E-11, JAIPUR, Rajasthan	India
S2-817843525	Gulf Center V	61187 CONE FLOWER STREET, BEND, OR	US
S2-81795981	First Golden  Concepts Co	36 BARSTOW ROAD, GREAT NECK, NY	US
S2-818051125	pacificguild.com	3405 TRYON STREET, CHARLOTTE, NC	US
S2-818108715	Monette Youth Federation Associates	56 1/2 CRAIGHEAD 518 ROAD, NULL, MONETTE, AR	US
S2-818625585	REEVA INDUSTRIES  [GROUP]	8-21-ANT-502, NARAVA ROAD, 8TH WARD GIDDLUR, GIDDALUR, ఆంధ్రప్రదేశ్	India
S2-819214411	Private Sand Pr0ject Limited	MUMBAI CITY, Maharashtra, DOOR NO A-804 A2-302, MUMBAI, null	India
S2-819580568	ಬ್ರೈಟ್ ಸಿಸ್ಟಮ್ಸ್ ಪ್ರೈವೇಟ್ ಲಿಮಿಟೆಡ್	1ST FLOOR, BENGALURU, BANGALORE, ಕರ್ನಾಟಕ	India
S2-819961249	Halverson's Services	STONE ST, HUNTSVILLE, AL	US
S2-820114399	vans hire pvt ltd	DOOR NO 352 DOOR NO III/173 BCHIRAYATH BUILDING CHERIAKKARA ROAD PUTTHONCHIRA, POST THRISSUR, MALAPPURAM, Keralam	India
S2-820388259	OX Kera Pvt Ltd.	GROUND FLOOR, DOOR NO. 73, THAMARAI STREET, IYYAPAN NAGAR, IYER BUNGALOW, MADURAI, MADURAI NORTH, தமிழ்நாடு	India
S2-820492235	Consulting Cristal Agro Limited Services	MEDICINE TOWER 1ST FLOOR NEAR SAJJAD NURSING HOME HAMIDIA ROAD, BHOPAL, Madhya Pradesh	India
S2-821171431	Patriot Project of Covington, Corporation	245 Seventh Street, COVINGTON, KY	US
S2-821431553	Treichel & Rennie	#279 AARON CIRCLE, VACAVILLE CITY, CA	US
S2-821477859	RFY Dígital	GF SHOP NO. 35 VITHHAL PLAZA, OPP. NARODA CHAMPION, AHMEDABAD, Gujarat	India
S2-821508340	Creative Equity	380 JIM HENNESSEE ROAD, SPARTA, TN	US
S2-821692117	माय लॉजिस्टिक्स प्राइवेट लिमिटेड	A-401, GOR EGAON (EAST), महाराष्ट्र, MUMBAI	India
S2-822044097	Inger Santiago Briacell Llc	17 STEPHENSON ST, PO BOX 9885, MARION, IN	US
S2-822290139	Deese Charter	184 WINDSTONE CROSSING TRL, TROUTMAN, NC	US
S2-822352586	FMEDICINE.COM	MD, BOWIE, 1500 PICKFORD LANE, NULL	US
S2-822556987	Inc. Supreme Exploration	1026 Grovehill Road, HALLETHORPE CITY, MD	US
S2-822780417	Moriarty Shipping	9 WOODLAND AVE, RENSSELAER, NY	US
S2-822831674	স্টার ইনভেস্টমেন্ট লিমিটেড	47 MANDIR ROAD FLAT NO 4D1 P S DUM DUM, CALCUTTA, KOLKATA, পশ্চিমবঙ্গ	India
S2-822940683	Auran Mae PLLC	3370 CARMAN RD, BINGHAMTON, NY	US
S2-822989674	Urology Peak Specialists [LLC]	606 UPLAND CREEK ROAD, MO, COLUMBIA	US
S2-823495924	NICLARNET	AL, DAPHNE, 513 RIDGEWOOD DR	US
S2-823629319	1449 Sunset Láne Partners, Inc	33-22 FARRINGTON ST, FLUSHING, NY	US
S2-823958682	5mart Robotics Labs LLC	1 MARIE CT, BALLWIN, MO	US
S2-824112869	BORTON SPECIALTY OF HINGHAM CORPORATION	299 ROCKLAND STRSET, HINGHAM, MA	US
S2-824251240	THE PROFESSIONAL WEALTH DIGITAL LLC	02404 THIRD ST, WASHINGTON, DC	US
S2-824336574	PRIMARY CARE	#1487 11B, DICKINSON CENTER, NY	US
S2-824357833	Strategic Talent Dynamics Inc.	6220 CR 862, PEARLAND, TX	US
S2-824443530	Golden Immigration Plret  Limited	F#1, SRI KRISHNA APARTMENTS, 134/66, PILLAIYAR KOIL ST, JAFFERKHANPET, CHENNAI, தமிழ்நாடு	India
S2-824544327	Health Ltd Services	BLOCK G-17 KHAGAUL ROAD, OPPOSITE WATER PARK, DANAPUR, DINAPUR-CUM-KHAGAUL, Bihar	India
S2-824599756	ఏపెక్స్ టెక్ ప్రైవేట్ లిమిటెడ్	HYDERABAD, తెలంగాణ, HYDERABAD, H.NO 10-3-444/120A P S NAGAR	India
S2-824752873	Ariawex	MASON TERRACE LN, CYPRESS, TX	US
S2-824882560	The Community Trust VI LP	055 PINE LN, STILLWATER, NY	US
S2-824950819	स्मार्ट मार्केटिंग प्रा. लि.	महाराष्ट्र, NAGPUR, HOUSE NO 2169/79, DIXIT NAGAR NARI	India
S2-825251260	Namaha Brothers Pvt. Limited	3/25, DHUN BUILDING, OFFICE NO. 102, FIRST FLOOR, JANMABHOOMI MARG, OPP. JANMABHOOMI BHAVA, N, FORT, MUMBAI, महाराष्ट्र	India
S2-825593787	Rovera Sigantture-Allstate	750 LOUDON RD, LATHAM, NY	US
S2-825657399	UCL Consulting  Limited	DOOR NO 24/6 SY #139, SHOP #3&4, GEAR SCHL RD DODDAKANNAHALLI, SARJAPURA MAIN RD, BENGALURU, Karnataka	India
S2-825693098	Classic Mestgage Wórks	12739 Mcdowell Street, LE GRAND, CA	US
S2-825906373	Diversified Wellness Aessociats LLC		US
S2-825953048	Traders Planet Limited	THODUPUZHA, IDUKKI, കേരളം, ANKAMVETTI KAVALA	India
S2-826216473	Signature LLP Corporate		US
S2-826779599	Northern Custom (East,)		US
S2-82692803	Nea1 Inc. Consultants	303 SWETT RD, <NULL>, WINDHAM CITY, ME	US
S2-827118610	Corner Bike Shop LLC	ISLIP, NY, 1314- SMITHTOWN AVE	US
S2-827184953	சவுத் எண்டர்பிரைசஸ் பிரைவேட் லிமிடெட்	H.NO ##3 A ULIYAMPALAYAM ROAD THALIYUR POST, COIMBATORE, Tamil Nadu	India
S2-827404611	Britta Baum,	0911 HUNTCLIFF DRIVE, OWINGS MILLLS, MD	US
S2-827447256	ADHUNIKINDIAART.COM	NO G-41/1 , DASAPPA GARDEN, RT NAGAR POST, BANGALORE, Karnataka	India
S2-827461283	UX GLOBAL  PAE LIMITED	J-1955, CHITTRANJAN PARK, दिल्ली	India
S2-827517632	Peex  LLC	WINTHROP, MA, 17 IRIN STREET	US
S2-827524261	ಗ್ರೇಟ್ ಮಾರ್ಕೆಟಿಂಗ್ ಎಲ್ಎಲ್‌ಪಿ	2818  HEMASUDEEP ARCADE, BANGALORE, 15TH MAIN ROAD, 3RD CROSS, E BLOCK, SAHAKARNAGAR, BANGALORE, Karnataka	India
S2-827571404	Shakti Pioneer Limited Private Technologies	S NO 201, SADABA DADA, TUPE COLONY, AMENORA PARK, PUNE CITY, Maharashtra	India
S2-827738149	Atlantic Desert Nátional PC	CORCORAN CT, SYRACUSE, NY	US
S2-827747308	CENTER RISAUS INC	44C BORDER ST, BOSSTON, MA	US
S2-827814365	COMPASS  LLC	810 MOTT SHUE DR, PMB 2083, CONCORD, NC	US
S2-827905395	Varshika Foundation-Pihtoae Limited	##259 C/O-SUDHANSU SEKHAR SAHOO, SAHADEVKHUNTA, BALESHWAR SADAR, Odisha	India
S2-827950330	Bernier LLC (Service)	7670 QUILL LANE, AZ, SCOTTSDALE	US
S2-828132065	American Guild  Inc	1376 WOOD ST, DUBUQUE, IA	US
S2-828391414	Kronos Lift (Ltd.)	B-1401, MONDEAL HEIGHTS, NR. WDIE ANGLE CINEMA, AHMADABAD CITY, Gujarat	India
S2-828492462	C0RALYN BECEHTT DIAMOND [NORTHLAND]	BETHPAGE, 151 7RD SAINT, NY	US
S2-828706837	Cure Bike Shop Services	613-615 SHEFFORD STREET, WICHITA, KS	US
S2-828929870	Heartland Blue Lng L.L.C.	218-222 CHARLESTON AVE, IL, INCORPORATED	US
S2-82895538	Sri Matchless & Brothers Private	#215, SECOND FLOOR, SOMDATT CHAMBER-II, BHIKAJI CAMA PLACE, 9, NEW DELHI, दिल्ली	India
S2-829375119	Glancy Ridge LLC Pimco	CITY OF EVANSVILLE, 25 SECOND ST, WI	US
S2-829513036	Bangalore  Equip	H.NO 88 , BOREWELL ROAD, DESK NO. 210-T, OPPOSITE TO WHITEFIELD POST OFFICE, BANGALORE, Karnataka	India
S2-82967891	zenithtaxcom	5241 SABLE CT, MENTOR, OH	US
S2-829775943	Romisoft	NULL, 3904 LORI DR, KY, ERLNAGER	US
S2-83057284	Lorenza M Jeffers,	NC, 207 WRENN DR, NULL, CARY	US
S2-830698718	Aggy Trujillo Royal Service	519-D PINEVILLE RD, STATESVILLE, NC	US
S2-83099065	FROG  LTD INDIA	DOOR NO 176 , SECTOR 52, GUTIGAU, GURUGRAM, हरियाणा	India
S2-831089312	રેડ મીડિયા પ્રાઇવેટ લિમિટેડ	PLOT 229, AHMEDABAD, 230 GIDC HANSALPUR, VIRAMGAM, Gujarat	India
S2-831169888	Preferred Peak Enterprises	4512 TEXOMA PLACE, MOORE, OK	US
S2-831291071	*** Vision Crystal Cáre	70B WINDY HILL COURT, BENTONVILLE CITY, VA	US
S2-831293264	vistaarinstitutetechnology.com	501, FLOOR 5, PLOT 345, MILAN LAXMI CO OP HSC SOC LTD, CHANDAVARKAR CROSS ROAD, MATUNGA CR, Maharashtra	India
S2-831361096	Brown Veterinary Clinic	310 ELLA BLVD, HOUSTON, TX	US
S2-831404695	Cascade Center	ROUND ROCK DR WEST, ROUND ROCK, TX	US
S2-831469121	Cheslie Mlilgiken Internet	108- VIDA WAY, NORMAN, OK	US
S2-831772790	Southern Center	SHOP NO. 101/102 FF, SR NO. 4311, 4312 SHOBHA CHAMBERS, ZAVERIWAD, AHMEDABAD, Gujarat	India
S2-831799660	सदर्न इंजीनियरिंग लिमिटेड	NEELKANT CORNER CHS, PLOT NO 2, SECTOR 2, SANPADA, THANE, महाराष्ट्र, OFFICE NO C-1, THANE	India
S2-831892977	>> Ironworkers Lgcaal Union 777	25 WYNSTAY AVE, VALLEY PARK, MO	US
S2-832013166	Builders  Hofrim Engicon Pvt Ltd	NO 1219 A RK PURAM, KOTA, Rajasthan	India
S2-83203538	>> RICCIARDELLI, HILDA C., O.D., PC	21303 SR 81, SPENCERVILLE, OH	US
S2-832065749	#STARINVESTMENTS	AE-16 AVANTIKA, GHAZIABAD, Uttar Pradesh	India
S2-83225130	LEGACY CENTER	3117 MADISON 1427, HUNTSVILLE, AR	US
S2-832345733	Camilla Riddle, L.C.S.W., DDS PC	2649 ARGOLIS WAY, LA RIVIERA, CA	US
S2-832455827	Behavioral Health Center (LLC)	6219 SKYLARK LN, FORT WORTH, TX	US
S2-832971493	Rnk Limited Partners	H.NO 610. , 15TH CROSS, J P NAGAR, 1ST PHASE, BENGALURU SOUTH, BENGALURU, ಕರ್ನಾಟಕ	India
S2-83298080	Mr Southern Logistics LLP	H.NO 101/102 FF, SR NO. 4311, 4312 SHOBHA CHAMBERS, ZAVERIWAD, AHMEDABAD, Gujarat	India
S2-833256899	India 5rínivasa Tiles Pvt.		India
S2-833570549	GL ÍNDIA ÍNDIA LIMITED	தமிழ்நாடு, 43, RAYAPURAM EXTENSION 2ND STREET, TIRUPPUR	India
S2-833716779	Pramod College Private Ltd	ROOM NO. 602, 6TH FLOOR GAIKWAD HEIGHTS, BESIDE BHAGIRATHI, THANE, Maharashtra	India
S2-833795478	SULLIVAN BETTER SONY CORP	00309 LITCHFIELD ST, FRANKFORT, NY	US
S2-833835071	MIRA TURCIOS ROYAL AVALANCHE LLC	7199 KENNETH CT, OKEANA, OH	US
S2-83410438	4448 Seventh  Way Holdings	DC, WASHINGTON, 525  50RD PLACE	US
S2-834197815	Helios-PC	1145 CHURCH ST, JESUP, IA	US
S2-834250549	Tyler Star  Nevada	07796 DAVIS RD, SYRACUSE, NY	US
S2-834304222	Mullins, Th0mas ánd Invesco Shoemaker	AL, BIRMINGHAM, 38 NORMAN DR	US
S2-835450553	Heritage Fued (LLC)	VIRGINIA BEACH CITY, VA, DAVIS ST	US
S2-835576642	Shri Divya Corp Forest	OFFICE NO. 311, SILVER CHAMBER TAGORE ROAD, Gujarat	India
S2-835653830	Ernesta Peeace, O.D., PC	UT, 430 WASATCH BLVD, COTTONWOOD HEIGHTS	US
S2-835689810	NEO ENTREPRENEURS	PLOT 6 OPP. OF EMPLOYMENT EXCHANGE UDITNAGAR, SUNDARGARH, Odisha	India
S2-836028736	Highland Montessori School LP	##2902 18TH STREET, AR, ROGERS	US
S2-836034718	NEW WELFARE  (SOCIETY)	#20-A TIRUPATI BALAJI NAGA, SANGANER THANA, SANGANER, Rajasthan	India
S2-836043600	Fea Inc	00124 EVE ST, PMB 9510, NEVADA, TX	US
S2-836077881	श्री टेक प्रा. लि.	#28, C WING, GROUND FLR MARUTI NIWAS, PLOT NO B-37, SECTOR 6, NEW PANVEL, RAIGARH, महाराष्ट्र	India
S2-836231990	American Catalyst	OR, 15001 1/2 HOWARDS MILL RD, MUINO	US
S2-836441382	Cameron  Fhioilioy	1340 CO RD 8, DILLONVALE, OH	US
S2-836505568	Legacy  Pharmaceuticals LLC	2404 RIO GRANDE DEL SOL CT, ALBUQUERQUE, NM	US
S2-836654823	East Ridge Scuti, Scuti, Inc	205 DIRKS DRIVE, WICHITA FALLS, TX	US
S2-837655809	பாபா ஸ்ரீ டெவலப்பர்ஸ் லிமிடெட்	#A-278/102, CHENNAI, Tamil Nadu	India
S2-838267419	Dermatology Médicine LLC	1051 VAN BUREN AVE, INDIAN TRAIL, NC	US
S2-8382760	Wealth Three Private	501/2, SHAPATH COMPLEX-1, OPP. RAJPATH CLUB, AHMADABAD CITY, Gujarat	India
S2-838499785	South Technology	PLOT 451 UNIT NO 1301, 13TH FLOOR, PENINSULA BUSINESS PARK TOWER B SENAPATI BAPAT MARG, LOWER PARE, L WEST, MUMBAI, महाराष्ट्र	India
S2-838569717	Legacy Electronics Partners (Corp.)		US
S2-838673872	ഈസ്റ്റേൺ ഇൻവെസ്റ്റ്മെന്റ് പ്രൈവറ്റ് ലിമിറ്റഡ്	ROOM NO. 380, THRISSUR, WADAKANCHERRY, കേരളം	India
S2-838752099	Ariadova	1847 35TH ST, PO BOX 1199, FAROG CITY, ND	US
S2-838918504	सूर्य कंस्ट्रक्शंस प्राइवेट लिमिटेड	NO 257, SECTOR 4, SANTNAGAR, MOSHI, PCNTDA, KHED, PUNE, Maharashtra	India
S2-838954784	P 6 O Cómmunities LLC	08 MANHASSET RD, CHARLOTTE, NC	US
S2-83917861	Innovative Canary  L.L.C.	135 MAIN STREET, UPTON, MA	US
S2-839257379	Gerry Bgalbdwn, Ph.D., DDS PC	1638 MILLERS CHAPEL ROAD, GREENEVILLE, TN	US
S2-839303760	COLONIAL  INTERESTS LLC	2379 MIDDLE BELLVILLE RD, MANSFIELD, OH	US
S2-839342783	Z/Z VENDOME INC	2190  STATE RTE 213, TIPTONVILLE, TN	US
S2-839466792	Baramati Healthcare Corporation	SHALON NIWAS, VASANTNAGAR, BARAMATI, Maharashtra	India
S2-839706772	ernesta pearce, o.d., pc	430 WASATCH BOULEVARD, COTTONWOOD HEIGHTS, UT	US
S2-839824103	Lassetter Cion LLC		US
S2-839876436	Khairatabad Ctihs Limited	6-3-596/69, NAVEEN NAGA,R KHAIRATABAD, Andhra Pradesh	India
S2-84023353	REMEDYTRADERS.COM	SHANTAGANGA COMPLEX, SHOP NO.2, SINDAGI ROAD, INDI, ಕರ್ನಾಟಕ	India
S2-840336258	Bushway Potts & Beltran Center	11110 PARK RIDGE ROAD, FREDEERICKSBURG CITY, VA	US
S2-840591741	wadhwamanpower.com	C2, YAMUNA BLOCK, TRIVENI COMPLEX HABSIGUDA CROSS ROADS, HYDERABAD, Telangana	India
S2-841214454	Ne0 Eatreprenehurs Limited	OPP. OF EMPLOYMENT EXCHANGE UDITNAGAR, ROURKELA, SUNDARGARH, ଓଡ଼ିଶା	India
S2-841405712	TELODYNEMANAGEMENT.COM	0160 JEFFERSON ROAD, NY, PITTSFORD	US
S2-841861544	*** Family Medicine, Llc	184 CREEKSIDE CIRCLE, NORTH CANTON, OH	US
S2-842407779	scarboroughglass.com	12 MILLMONT STREET, ROXBURY, MA	US
S2-842417062	Health-Pbrocessign Ltd		India
S2-842531439	HETRICK CLASSIC FORD	55 CLINTON STREET, SENECA FALLS, NY	US
S2-842577883	ఈస్ట్ టెక్ ప్రైవేట్ లిమిటెడ్	INDIS ONE CITY HITECH, BESIDE MALAYSIA TOWNSHIP, TIRUMALAGIRI, HYDERABAD, Telangana	India
S2-842826465	Horizon Ínc	VA, MICHELINE TERRACE, HENRICO COUNTY	US
S2-842875529	LEANNCOLONFEDERAL.COM	9229 106TH WAY, SCOTTSDALE HOPI, AZ	US
S2-842916378	Raj ग्लोबल लिमिटेड	NO 61 - A, TULSIANI CHAMBERS, NARIMAN POINT, MUMBAI, Maharashtra	India
S2-842970431	Services Raleigh Sunshine Corp	119 59TH STREET, SEATTLE, WA	US
S2-843021478	Delpro Services  Limited	DOOR NO 421 B-8, SHRI RAM NAGAR VILLAGE-JAIPURA, POST- JAGATPURA, <NULL>, Rajasthan	India
S2-843028669	privatemohammadbrothers.com	NO 34, GODOWN STREET, MADRAS.1., தமிழ்நாடு	India
S2-843105342	Nixie's Solutions	45 TAYLOR ST, SAUGUS, MA	US
S2-843558420	Dynamic Trusted Software-Inc		US
S2-843821182	Mr TIRUPATI  + BROTHERS PRIVATE LIMITED	SURVEY NO. 313-2, KARDEJ BHAVNAGAR- RAJKOT ROAD, NAVAGAM, BHAVNAGAR, Gujarat	India
S2-844623850	स्वस्तिक मैनेजमेंट	FLAT NO. 1006, DELHI, WEST DELHI, दिल्ली	India
S2-84462712	North Constructions Private	OFFICE NO BW9021, 9TH FLOOR, G BLOCK BHARAT DIAMOND BOURSE, BKC, BANDRA EAST, MUMBAI, Maharashtra	India
S2-845000857	ECTOPYRA	459C GENERAL KERSHAW DR, OLD HICKORY, TN	US
S2-845380404	Partners Industries Commercial	9307 ALCOVE GROVE RD, CHESTERFIELD COUNTY, VA	US
S2-845872236	Ghanshyam Milk Milk	H.NO 005TH FLOOR, 502, MERAKI ARENA, CTS NO. 619/14 619/15 619/21A 21B, V N PURAV MARG, OPP R K STUDIO, CHEMBUR EAST, MUMBAI, Maharashtra	India
S2-846124627	EF Service	7962 NORMANSHIRE CT, ANCHORAGE, AK	US
S2-846455327	Behavioral-Health Center LLC	6219 SKYLARK LN, FORT WORTH, TX	US
S2-846627970	varshikafoundation.com	H.NO ##259 C/O-SUDHANSU SEKHAR SAHOO, SAHADEVKHUNTA, BALESHWAR SADAR, Odisha	India
S2-846950639	classicnutritionnetworks.com	92 ANDESITE RIDGE RD, BIG SKY, MT	US
S2-847167076	Ear Nose and (Throat)	CHERRY CIRCLE, ROCKLAND, MA	US
S2-847406204	Xu Clean Northern Co		US
S2-847510214	VERTEX ESPORTS, L.L.C.	7767 WHITE CHAPEL RD, HEATH TOWNSHIP, OH	US
S2-847593568	Reliable Esmpmtsos (Inc)	204 BRATCH RD, THOMASTON, CT	US
S2-847623484	harbor medical center	8612 SMART AVENUE, KANSAS CITY, MO	US
S2-847732135	East Ridge Scuti, Incorporated		US
S2-847992560	PEDIATRIC DENTISTRY PRECISION CARE [LLC]	1905-D BROOK BOULEVARD, WARSAW, IN	US
S2-84819724	Classic Private Limited Center	BLOCK D-76 OFFICE NO. 7 & 8, SECTOR - 2, PLOT NO. - 2, PHASE - II, NERUL (WEST), NAVI MUMBAI, Maharashtra	India
S2-848225533	Appomattox County Communities LLC	6569 Hollywood Rd, APOPMATTOX, VA	US
S2-848262383	Saraor Incorporated	PINE ST, BIDDEFORD, ME	US
S2-848263338	Raja & Sons	C/O- MD. FARUK UDDIN, BAMUNMURA, BADU, BARASAT, BARASAT - I, West Bengal	India
S2-848350980	ऑल प्रोडक्ट्स प्राइवेट लिमिटेड	M1616- A, 16TH FLOOR THE MAGNOLIAS DLF GOLF LINKS DLF CITY, DLF QE, GURGAON, Haryana	India
S2-848723508	South Developers Private	#D/1 MELA RAM MARKET, 913/17 CHOTTA CHIPPIWARA CHAWRI BZAR, दिल्ली	India
S2-8487397	Smart Limited Service	Delhi, W/O MR. RAJIV JOSHI 44., DEFENCE APARTMENT, SUNDER VIHAR, NEW DELHI	India
S2-848918368	National Ngl [LLC]	23826 NORTHWESTERN PIKE, ROMNEY, WV	US
S2-848928551	Sunshine's Auto	4111 FREEDOM LN, HOPE ILLS, NC	US
S2-849522794	Shook Frontier Newhold		US
S2-849630112	RAYE FORTRESS VANNATTA P.C.	BEAVERTON, 13286. Henry St, OR	US
S2-849740048	শক্তি ইনফ্রা Private Limited	West Bengal, VILL- MIRZAPUR, SETHPUR, NORTH 24 PARGANAS, #51/2 C/O JAGABANDHU MONDAL	India
S2-850046906	Gujarat Energy Ltd	83 SP MUKHERJEE ROAD, 4TH FLOOR KOLKATA, KOLKATA, KOLKATA, West Bengal	India
S2-850068158	ORBOS INSURANCE LLC	426 COUNSELORS WAY, FORT MILL, SC	US
S2-850105723	Halcial [Midmland]	30 DOGWOOD LN, BROOKHAVEN, NY	US
S2-850215448	Obsidian	1934 JODY LN, <NULL>, NORTH MIDDLETON TOWNSHIP, PA	US
S2-8505349	সিলভার ফাইন্যান্স প্রাইভেট লিমিটেড	GARDEN REACH JETTY-2 20 GARDEN REACH ROAD, KOLKATA, HOWRAH, পশ্চিমবঙ্গ	India
S2-850798100	Kestari Ínfinite Inc	UT, 4696 RIVER RD, ST. GEORGE	US
S2-851159882	Custom Nutrition Partners	1447 CHILLINGHAM ROAD, SAN TAN VALLEY, AZ	US
S2-851165631	Noyes Disciplined	AZ, 6955 TETON CIR, MESA	US
S2-851195030	M/s Poly Loistics  Private Limited	CHOUDHARY CHARAN SINGH NAGAR, NAWALGARH ROAD, SIKAR, Rajasthan	India
S2-851254223	HEALTH-FUND	14 RAINTREE RIDGE, LAKE CHAPARRAL, KS	US
S2-851380020	Arnold, Jones and Kle LLC #54530	033565 MATTHEW CIR, LEWES, DE	US
S2-851499190	Mcarthur Aegon óf Lowell Inc	17342 TAPPER STREET, LOWELL, IN	US
S2-851548432	REUS IDAHO CÓMPANY	31 GUILLEMETTE STREET, ME, SANFORD	US
S2-851576052	Shree & LLP Service	SOM SANTI HOUSE, 152 PATPARGANJ INDUSTRIAL ESTATES, दिल्ली	India
S2-851609662	ईस्ट अर्बन इंफ्रा प्राइवेट लिमिटेड	F-45D, EAST DELHI, NORTH EAST DELHI, Delhi	India
S2-8518609	Prairie Inc. Chemical	16772 LAKESHORE ROAD, CHELAN, WA	US
S2-852127544	Allied  Program Clinic Corp	3321 OCEAN DR, PMB 5718, MANHATTAN, KS	US
S2-852382494	Vignesh Micro  Private Limited	KANTI NIKETAN, NEW BUS STAND CHHATAUNI NEAR OF SPORTS CLUB, P.O. MOTIHARI, P.S., -CHHATAUNI, MOTIHARI, Bihar	India
S2-852490278	Unique Mgbe Private Limited	दिल्ली, D-13, SHOPPING CENTRE-II MANSAROVAR GARDEN	India
S2-852633529	Wendell & Stahley Bioscience LLC	#3994 RUTLEDGE RD, CHARLESTON, WV	US
S2-852821507	Smt VIBHA HOSPITAL	Haryana, E-401, SGM NAGAR, NIT, FARIDABAD, FARIDABAD	India
S2-853039326	Owen Fieannccal LLC	1420 ZENO ROAD, APEX, NC	US
S2-853050643	HERITAGE CÓMMUNITY LLC	KENNEBUNK, 14 BEACH AVE, ME	US
S2-853245626	Travis Aimei	RAILROAD STREET, LOVINGTON, IL	US
S2-853325775	BKU Anchor Skin Care	1124D LAKE STREET, OAK PARK, IL	US
S2-853326060	Shakti Píoneer Technologies Private Limited	S NO 201, SADABA DADA, TUPE COLONY, AMENORA PARK, PUNE CITY, Maharashtra	India
S2-853505388	Theadora's Express Center		US
S2-853579960	Dr Surya Business Private-Ltd	FLAT NO 603 BLDG NO 122 B WING BHAKTI HEIGHTS TILAK NAGAR OPP ICICI BANK CHEMBUR MUMB, AI, MUMBAI, महाराष्ट्र	India
S2-853756024	VUE PEDIATRICS, ÍNC	101 CANAL RD, HEBRON, OH	US
S2-853942812	Liberty  Network	PORTSMOUTH CITY, VA, #175 CHOATE ST	US
S2-854387168	@silverpackaging	1706 SEVERN ROAD, SEVERN, MD	US
S2-854972501	Aurium Velos	1199 ROSEWOOD DRIVE, CENTERVILLE, TN	US
S2-854997143	Robinson Equity Partners Córp		US
S2-855495334	BOWES KPET LTD	#1702 ASTER COURT, SEVIERVILLE, TN	US
S2-855849152	Elite Realty	PRIOR LAKE, null, 5199 TRAILHEAD LN, MN	US
S2-856007932	Balaji Engineering		India
S2-856062910	Fahey Dynamic Genesis	15 LICK BRANCH MACES CREEK ROAD, VIPER, KY	US
S2-856483355	Louis, Howard  Mclaughlin &	119 BRAINERD RD, BOSTON, MA	US
S2-856550637	Good It Private	H.NO 7/33 D, VKC TOWER P.O. KOLATHARA, CALICUT, Keralam	India
S2-856662533	Dayton  Family Charities	238 OXFORD AVE, DAYTON, OH	US
S2-85688632	urology care	505. ARAGONA BLVD, VIRGINIA BEACH CDP, VA	US
S2-856957857	Ocoolgy Gróup	1533 COLONIAL DRIVE, PRINCE WILLIAM COUNTY, VA	US
S2-857209130	COASTAL INTERNATIONAL INC.	1803 MYRTLE RD, null, SILVER SPRING, MD	US
S2-857440200	belllowe.com	##128 FAIRMOUNT STREET, CONNERSVILLE, IN	US
S2-85781140	Internal Medicine Hatsh	9038 114TH ST, BLU EGRASS, IA	US
S2-857896467	CARDIOLOGY ASSOCIATES OF	231 WICKSBURG RODA, WICKSBURG, AL	US
S2-858211242	Ironclad-PLLC	181 AUDUBON ROAD, N/A, JACKSONVILLE, NC	US
S2-858316339	Slate P.L.L.C.	SOUTTHBRIDGE, MA, #735 CHARLTON STREET	US
S2-858354524	LLC Vision Associates	3180  129RD LANE, BLAINE, MN	US
S2-858482414	Jerry Jerry Crarhiecrs Ltd	PLOT 488 FLAT NO B-203, 2NDFLOOR, ROYAL CLASSICE CHS, NEW LINK ROAD, ANDHERI WEST, MUMBAI, Maharashtra	India
S2-858660470	Perfect Private Limited  Center	A/7, TRADE WORLD, KAMALA CITY, SENAPATI BAPAT MARG LOWER PAREL (W), MUMBAI, Maharashtra	India
S2-858703515	Choice Inc Center	711 PLEASANT LN, LAGRANGE, IN	US
S2-858911155	GAGANDEEP + [CO]		India
S2-859028958	एसएस टेक्नोलॉजी प्राइवेट लिमिटेड	#01164, Delhi, PVT NO.2, FIRST FLOOR KUCHA MAHAJANI, CHANDNI CHOWK, CENTRAL DELHI	India
S2-85909696	Miller  Independence	872 KENMORE BOULEVARD, AKRON, OH	US
S2-859241836	PROJECTS ONE LTD SERVICE	#561 TATA MILLS HSG. SOCIETY, BUILDING NO. 3, FLAT NO. 32, 7TH FLOOR, P, AREL, MUMBAI, Maharashtra	India
S2-859538155	Yumaveowex (ID: 15677)	125 1/2 WATER OAK DR, SMITHFIELD, NC	US
S2-859657806	RADHAWELFARESOCIETYCOM	RAM VILLA PLOT NO. 23 , 4TH FLOOR BEHIND AURORA THEATRE, MATUNGA, महाराष्ट्र	India
S2-859724756	PUNE SOLUTIONS PRIVATE	NO 824 N28 SNEH PARADISE, MIT COLLEGE ROAD, OFF. PAUD ROAD, KOTHRUD, PUNE, Maharashtra	India
S2-859747961	TIRUMALLA  NAKSHATRA PRIVATE LTD		India
S2-859791748	Pediatric Dentistry Ce	GLADE DR, CHRISTIANSBURG TOWN, VA	US
S2-859847640	LVD Tóuch Ltd		India
S2-860350267	OX KERA PVT LTD	GROUND FLOOR, DOOR NO. 73, THAMARAI STREET, IYYAPAN NAGAR, IYER BUNGALOW, MADURAI, MADURAI NORTH, Tamil Nadu	India
S2-860505120	1338 Highland Plaza	433 WASHINGTON STREET, ROCKY MOUNT, NC	US
S2-860721008	Dr 5pak Brothers Limited	Gujarat, RAJKOT, 304/A, RAJKOT	India
S2-861203099	Skywalk Impex Private-Limited	DOOR NO 730 C/O SH.VEER SINGH, BASAI, NOIDA SEC-70, NEAR M-BLOCK, NOIDA, उत्तर प्रदेश	India
S2-861259394	#RVSTRATEGIC	296 BETHANY RD, FRANKLIN COUNTY, VA	US
S2-861361793	melodysciences.com	##5/588, VIKAS KHAND, LUCKNOW, Uttar Pradesh	India
S2-861367011	Pvt Micro Agro Ltd.	H NO 130/D (1) PANDIT COMPLEX NEAR HORNBILL HOTEL, KANKAVLI, SINDHUDURG, महाराष्ट्र	India
S2-861741380	childrensfederation.com	26445-26447 CROSSWINDS LANDING, PO BOX 9169, SELBYVILLE CITTY, DE	US
S2-861769388	Multitude Tbingd Private Limited	NO 641 RM NO-697 9/2, PIPE LINE, VAIBHAV CHAWL JAWAHAR NGR, BANDRA, महाराष्ट्र	India
S2-861828813	ग्रीन प्रोडक्ट्स प्रा. लि.	H- 36- B F/F GEWA SAMPADA, WEST DELHI, NEW DELHI, Delhi	India
S2-861966993	W+ Mission  Corporation	2841 281, BAIRD, TX	US
S2-861997455	VETECEX lNC	2761 STOCKTON BOULEVARD, PO BOX 1680, SACRAMENTO, CA	US
S2-86251493	ZH ACQUISITI0N INC	30445 1ST PL, FEDERLA WAY, WA	US
S2-862561867	Mr Sun Infratiructcre Limited	#73 SPAZE IT PARK, TOWER B3, 4TH FLOOR, UNIT NO- 442-4, GURGAON, Haryana	India
S2-862601602	TRANSFORMERS & BROTHERS  CARE LLP	PLOT 13  303, HIMLAND HOUSE, D-5, KARAMPURA COMMERCIAL COMPLEX, NEW DELHI, Delhi	India
S2-862669705	Dr Aura Centre Center Services	Telangana, H.NO 8-4-390/A/8 PREM NAGAR ERRAGADDA, HYDERABAD	India
S2-863181586	RAM IMPEX PRIVATE	4-375/2, SAMAYAPURAM, LIONSTOWN 8TH STREET, THOOTHUKKUDI, Tamil Nadu	India
S2-86369149	Diamond-Venture Private	FLAT NO E 704 GRAND AJNARA HERITAGE PLOT NO GH 01 B SECTOR 74, NOIDA, Uttar Pradesh	India
S2-863806703	VALLEZ, CANDRA D., D.C. LLC	836 BARNABY STREET, WASHINGTON, DC	US
S2-864017633	Aim Developers Ltd	1/44 RASHMI KHAND, ELDECO RASHMI KHAND, SHARDA NAGAR, LUCKNOW, Uttar Pradesh	India
S2-864258832	Sri Thirumala [Technologies]	#452 AT WASHI, TAL WASHI, OSMANABAD, Maharashtra	India
S2-8643122	101 Galata		US
S2-864323264	Kanak (cndiia) Pvt. Ltd.	145. KESHAB CHANDRA SEN STREET, KOLKATA, পশ্চিমবঙ্গ	India
S2-864802253	CICILY AGYEMANG, O.D., DDS PC P.L.L.C.	190 GERRISH AVE, DRACUT, MA	US
S2-864871030	Jaina Telecom Ltd	#104 , SHIVNARAYAN PARK, S.NO 223/14, NALEGAON, AHMEDNAGAR, Maharashtra	India
S2-865036829	బ్రైట్ సొల్యూషన్స్ ప్రైవేట్ లిమిటెడ్	H.NO ##801, MEENAKSHI SKYLOUNGE, HITEX ROAD KHANAMET, KONDAPUR, K.V.RANGAREDDY, HYDERABAD, Telangana	India
S2-865153673	FQX Buileers Pvt Ltd	D/223/ 2ND FLOOR, CENTER POINT BUILDING, KOLKATA, KOLKATA, West Bengal	India
S2-866284436	Hughes & Pear1 Associated Corporation		US
S2-866331575	TR Foundations Private Ltd	BUNGALOW NO. 9, GOLDEN BEACH CO - OP HOUSING SOCIETY LIMITED, RUIA PARK, J M MARG, JUHU, महाराष्ट्र	India
S2-866474077	ஷ்யாம் ஃபைனான்ஸ் எல்எல்பி	H.NO G-128 FLAT 2A2 OLYMPIA, JAYANTHIRESIDENCY LB ROAD, CHENNAI CITY CORPORATION, CHENNAI, Tamil Nadu	India
S2-866518535	Preferred Atlantic Minerals,	102 Peace St, RALEIGH, NC	US
S2-866824630	REUS INDUSTRIES INC	637 1/2 8RD STREET, HUNTINGON, WV	US
S2-867089810	XDI Consulting Limited Center	Gujarat, #2 RATANPURA NR AMBICAMATA MANDIR OPP SHIVKUSH NAGAR VASTRAL ROAD, AHMEDABAD	India
S2-867117926	SPEAR  [RMG]		US
S2-867726523	federalpreparatoryacademy.com	1410 TORNWOOD LANE, HOUSTON, TX	US
S2-868051845	Ats Concrete Private (Limited)	FL NO-104., PACIFIC AVENUE, PL NO-12, SR NO-1001, NASHIK, Maharashtra	India
S2-86832950	Rosas, Skinner and Kuecker LLC Center	0205 WHITE RD, MINEOLA, NY	US
S2-868721315	advanced strategic equipment llc	IL, VAIL AVENUE, HARVEY	US
S2-868890712	Mumbai Galvanizing LLP	UNIT NO 6-422, 4TH FLOOR, NEELGIRI INDUSTRIAL ESTATE, 183, TOKERSHI JIVRAJ ROAD, SEWRI (WEST), MUMBAI, Maharashtra	India
S2-868957576	mumbai marketing private limited	272, 274, 276 /F WING, SOLARIS 1, SAKI VIHAR ROAD OPPOSITE L & T GATE NO.6, ANDHERI EAST, MUMBAI, Maharashtra	India
S2-869028410	Rosalind B. Hernandez, DPM LP	15-17 QUINCY CLOSE, RIDGEFIELD, CT	US
S2-869072984	Quirino + Skidmore Mckinley Co	001889 HART ST, RIDGEWOOD, NY	US
S2-869187353	ഹോട്ടൽ കൺസൾട്ടിംഗ് പ്രൈവറ്റ് ലിമിറ്റഡ്	C/O NOUSHAD GULZAR HOUSE, TRIVANDRUM, Keralam	India
S2-869304021	THE OPALINA P. SINGLETON,-DPM P.C.	587 STACIE DRIVE, ROANOKE COUNTY, VA	US
S2-869381573	Pounders Ádvanced Inc Services	1208 JULY CT, FAYETTEVILLE, NC	US
S2-86958012	ಇಂಟರ್‌ನ್ಯಾಷನಲ್ ಇನ್‌ಫ್ರಾ ಪ್ರೈವೇಟ್ ಲಿಮಿಟೆಡ್	NO. #61, BANGALORE, Karnataka, BANGALORE	India
S2-869581219	Juhl Silicon	2729 CARDINAL DR, COSTA MESA, CA	US
S2-869711874	Nadiya's Gulf Physical Thérapy PLLC	7524 GINGERBLOSSOM DRIVE, CITRUS HEIGHTS, CA	US
S2-869737272	atlas square	3163 MAPLE DRIVE, REEDSPORT, OR	US
S2-869754084	Sri Vistar India Center Corp	DOOR NO 2 , GROUND FLOOR, SHOBHANA BLDG., TILAK ROAD, NEAR A SHA PAREKH HOSPITAL, SANTACRUZ (WEST), Maharashtra	India
S2-86984730	CO. TECH RELIGIOUS MAA	PUNE CITY, महाराष्ट्र, GAGAN UNO, PUNE CANTONMENT	India
S2-869970118	SERVICES CREDIT SURLES	77- TRAPPER RIDGE LANE, HEDGESVILLE, WV	US
S2-870032531	OQ CO  PURPOSE	DOOR NO 87 D-7, PHASE III GARDEN HOMES ALKAPURI, GWALIOR, मध्य प्रदेश	India
S2-870034033	Royal Developers Private Ltd	S.F. 19, A.P.M. MALL, NR. PETROL PUMP NR. SHUBHLABH SOC, SUN & STEP CLUB, SOLA, ROAD, AHMEDABAD, Gujarat	India
S2-870187836	National Program III Corporation	2513 DARTFORD DRIVE, CROWLEY, TX	US
S2-870253909	Akshit Ltd Center		India
S2-870465491	EPSTEIN FASHION		US
S2-870576158	Sakthi  Trade Private	PLOT NO A -175 HANUMAN NAGAR KHATIPURA, VAISHALI NAGAR, JAIPUR, Rajasthan	India
S2-870787799	Dana É. Hoffman, D.D.S.	NY, SEARINGTOWN, 33-37 SOLAR LN	US
S2-8708548	CARPENTERS UNION LOCAL NO 961	3620 1/2 OLD BIRDS CREEK RD, SEVIERVILLE, TN	US
S2-870858692	Pvt Melur Engineering Ltd	THIRD FLOOR, FIRST MAIN ROAD, DOMLUR LAYOUT, H.NO 31, Karnataka, BANGALORE	India
S2-871085256	SOLENT SFPDOTT LLC	6610 COLESHIRE DRIVE, DALLAS, TX	US
S2-871325145	डायनामिक इन्वेस्टमेंट प्राइवेट लिमिटेड	HO.NO 671, AT SK. RAJUR PALAM, PARBHANI, PARBHANI, महाराष्ट्र	India
S2-872330815	-- southern kongsberg	OLYMMPIA, WA, 2323 CEDAR PARK LOOP	US
S2-87254152	East School óf Medicine LLC	OH, CLEVELAND, 1875 BRIGHTWOOD ST	US
S2-872675976	PLLC Trame1 Holding Company	300 CHARLES ST, BALTIMORE, MD	US
S2-873213522	Sri Super Foods Private Ltd	H.NO 388/2 UPEN BANERJEE ROAD (NEW 38 UPEN BANERJEE ROA AIRPORT ROAD, 1ST FLOOR, KOLKATA, West Bengal	India
S2-873433740	Peacock Trust Ltd.	2-10-309/2/6 PRASANTHINAG, HANAMKONDA, Andhra Pradesh	India
S2-873437330	Sarg  India LLP	A-104 KRISHNA SHARDHA APT NILEMORE, NALLASOPARA WEST, महाराष्ट्र	India
S2-873479366	XO  Jones L.L.C.	015547 COTTAGE GROVE AVENUE, DOLTON, IL	US
S2-873767988	BUILDERS HARIOM ENGICON		India
S2-873817870	Epstein Fashion	964 GORGAS STREET, MOBLE, AL	US
S2-874392420	Elite Immunpoharam	#4841 SAN JUAN AVE, CARMICHAEL, CA	US
S2-874690320	Urgent Care Keystone Associates Corp	116-D FULTON AVENUE, BALTIMORE, MD	US
S2-875053339	ADVIKA CLINIC		India
S2-875292664	KREBSBACH PACIFIC PRÓSHARES	2842 PASTURE LANE, STAPLETNO, AL	US
S2-875301372	Xu [Clean]	1130 UNDERWOOD AVENUE, CONRAD, IA	US
S2-875304242	ರಾಯಲ್ ಸಾಫ್ಟ್‌ವೇರ್ ಪ್ರೈವೇಟ್ ಲಿಮಿಟೆಡ್	SY NO. 7/2 FLAT NO. 102, BANGALORE, BANGALORE SOUTH, Karnataka	India
S2-875416315	UNK Rea1ty-LLP	LEVEL A-2, A-4/42, PASCHIM VIHAR, NEW DELHI, दिल्ली	India
S2-875998007	Yuvraj  School Center	Kerala, 39/2475-B1, SUITE 419, LR TOWERS SJRRA 104 S JANATHA RD, PALARIVATTOM	India
S2-876034402	Gagandeep &	PLOT 553 UNIT NO. 312, 3RD FLOOR BPS PLAZA, DEVIDAYAL ROAD, MULUND WEST, MUMBAI, महाराष्ट्र	India
S2-876042243	Baney Intelligence	6623. PARK LN, DALLAS, TX	US
S2-876075256	Big Healthcare Private Ltd	6-3RD FLOOR OFFICE NO 300 GALORE TECH, SURVEY NO 22 HISSA NO 2 1 3 1 4 1 1 BAVDHAN KHURD, PUNE CITY, Maharashtra	India
S2-876160768	फॉर्च्यून ट्रेडिंग	हरियाणा, #1ST FLOOR, MAHENDRAGARH, SHREE SHYAM MOTOR, NEAR IOC PETROL PUMP NARNAUL ROAD, MAHENDERGARH	India
S2-876595795	Rodi Youngblood Advertising	201 PICEA DRIVE, AUSTIN, TX	US
S2-876606034	mumbaisecuritygroup.com	FLAT NO 202  PLOT NO 55, GREEN LANE SHER-E-PUNJAB, MUMBAI, Maharashtra	India
S2-876893786	Coraque,-Incorporated	19D STUART AVENUE, WAPPINGERS FALLS, NY	US
S2-877144844	Credent International	NO 25 VENETIAN VILLAS, OPP ANANDNIKETAN SCHOOL VILL: SHILAJ, TALUKA: DSKROI, AHMEDABAD, ગુજરાત	India
S2-877319141	माय लॉजिस्टिक्स प्राइवेट लिमिटेड	A-401, MUMBAI, GOR EGAON (EAST), Maharashtra	India
S2-877902932	FOOT & ANKLE SPECIALISTS OF PARIS	TX, PARIS, 0930 CENTER ST	US
S2-878085475	-- Garciaperez Fusion LLC	345- OAKLAND STREET, MANCEHSTER, CT	US
S2-878232031	335 Main Ave Company Pc	0337 OLD PINSON ROAD, TN, JACKSO CITY	US
S2-878252099	Royal Nutrition Concepts Llc	18185 FORESTBROOK LOOP, NULL, BEND, OR	US
S2-878437489	Matntogr & Co	HN D/388 HOUSE NO: 33 BADAL COLONY, ZIRAKPUR, PATIALA, Punjab	India
S2-878558335	advancedbayteucrium.com	#217 5TH ST, ELLWOOD CITY BOROUGH, PA	US
S2-878795478	लक्ष्मी बाबा इम्पेक्स प्रा. लि.	DOOR NO 8 12TH ROAD CIRCLE, JODHPUR, Rajasthan	India
S2-878974315	Sri easytech india	# 2809, 28TH FL, BLOCK B, LODHA MERIIAN KPHB PHASE, TIRUMALAGIRI, తెలంగాణ	India
S2-879399136	क्रिएटिव इंफ्रा प्राइवेट लिमिटेड	D-301, PLOT NO.1, OM SATYAM APARTMENT SECTOR-IV, DWARKA, NEW DELHI, WEST DELHI, Delhi	India
S2-879432257	Allen 5hore LLC	1403. PLEASANT AVE, ONTARIO, CA	US
S2-879662215	M/s BANGALORE & BROTHER PRIVATE [LIMITED]	NO 00361 , 3RD FLOOR, SRI BHAGAVATHI COMPLEX HMT MAIN ROAD, GOKULA 1ST STAGE, 2ND PHASE, BANGALORE, Karnataka	India
S2-879747468	ਸ਼ਿਵਮ ਕੰਸਲਟੈਂਟਸ ਪ੍ਰਾਈਵੇਟ ਲਿਮਟਿਡ	SCO 124, AMRITSAR, Punjab	India
S2-87977433	Bureau of Públic Works PC	921 MOUNTAIN BRANCH CIR, BIRMNGHAM CITY, AL	US
S2-880155724	Frayda's Specialists	036 CELESTIAL WAY, null, MARSHALL, NC	US
S2-880350419	taprootenterprises.com	#391/6 S/O RAJANNA, NEAR NEW PUBLIC SCHOOL, MUNESWARA NILAYA, ASHWINI EXTENSION, CHINTAMANI, Karnataka	India
S2-880548117	Envaon Sui	83482 STATE HIGHWAY 11, WAKITA, OK	US
S2-880626420	Family  Guild	04399 MONUMENT AVENUE, RICHMOND, VA	US
S2-881235722	LEGACY FIELDS CÓ		US
S2-881439108	Ars Exports Prigvate Limited	VIJAYA RIVER SCAPE APPARTMENT, 1C B. NO. 31/75, VYTTILA, ERNAKULAM, Kerala	India
S2-881446017	E 2 P WEN CENTER INC	15021 ASHWOOD CIR, HUNTSVILLE, AL	US
S2-881512613	SUPERIORCERTIFIEDCOPLEY.COM	7518 CELESTA LANE, OLYMPIA, WA	US
S2-881659552	WILDLIFE ASOIAITIHO OF BREMERTON	OAK SAINT, BREMERTON, WA	US
S2-881695212	SEWELL AP0LLO PEAK	2238 1/2 JERICHO TPKE, NEW HYDE PARK, NY	US
S2-881880651	VÁZQUEZSWANSONBURNS.COM	3316. CONCORD CT, INCORPORATED, IL	US
S2-882047184	ଫର୍ଚୁନ୍ ଫାଉଣ୍ଡେସନ୍ ପ୍ରାଇଭେଟ୍ ଲିମିଟେଡ୍	PLOT NO.-4535/6198 GUDIANALI, DHENKANAL, Orissa	India
S2-882215195	Colonial lnterests Llc	2379 MIDDLE BELLVILLE ROAD, MANSFIELD, OH	US
S2-882571147	Zephiq Aviation, LLC	058 FRANK CAMERON ROAD, BOLTON LANDING, NY	US
S2-882740925	EYE RIDGE ASSOCINTES	20727 HAMPSHIRE CIRCLE, LAKEVILLE, MN	US
S2-883141766	1338 Highland Plaza Partners L.L.C.	WASHINGTON STREET, ROCKY MOUNT, NC	US
S2-883484447	Dermatology Medicine L.L.C.	1051 VAN BUREN AVE, INDIAN TRAIL, NC	US
S2-883593591	@raviyasoftware	FLAT NO.201- , 236/237 RAVIWAR PETH NEAR JAIN MANDIR, PUNE, Maharashtra	India
S2-884374027	The Housing Project	7871 MAJESTIC RIDGE DRIVE, COTTONWOOD HEIGHTS, UT	US
S2-88445784	ਅਲਫ਼ਾ ਕੰਸਲਟੈਂਸੀ ਲਿਮਟਿਡ	OPPOSITE DAWAT RESTAURANT ABOVE INDIAN OVERSEAS BANK NATIONAL HIGHWAY KH, ANNA, KHANNA, PATIALA, Punjab	India
S2-884552066	REDWING CENTER PRIVATE	Delhi, HN 319 K 43 B KALKAJI, NEW DELHI	India
S2-88504976	Penelopa's Delta Brewing	012 2475, OGDEN, UT	US
S2-88515434	Fine  Medical Centre	BLOCK E-621  401, OM KRUPA CHS LTD, LOWER KHARODI, MALAD (W) OPP. MARVE ROAD MALAD (W), MUMBAI, महाराष्ट्र	India
S2-885197357	Pittman Tri-State Antimony Co	15405 35RD AVE, NORTH LYNNWOOD, WA	US
S2-885574157	Jyotiba Adhesives Private	PLOT NO.2, DHANALAKSHMI NAGAR, MOULIVAKKAM, KUNDRATHUR, SRIPERUMBUDUR, Tamil Nadu	India
S2-885649228	(Htsmm) Nursing Vio1a	01, OSHO DRIVE GADAIPUR ROAD, NEW DELHI, दिल्ली	India
S2-885695811	Harbor Complete Láboratoaoes	121 CENTURY STREET, SHEPPARD AFB, TX	US
S2-88584993	ਕਲਾਸਿਕ ਮੈਨੇਜਮੈਂਟ ਪ੍ਰਾਈਵੇਟ ਲਿਮਟਿਡ	9-479/3, HARCHAND MILL ROAD, NEAR BHUMI MARKET, S.A.S.NAGAR (MOHALI), FATEHGARH SAHIB, Punjab	India
S2-886445875	ATLANTIC SOCIETY LLC	3590- SUNRISE BLVD, RANCHO CORDOVA, CA	US
S2-886461076	Prime C0nstruction Industries LLC	N/A, WA, CLARKSTON, 07 SYCAMORE STREET	US
S2-886637478	Morales Runway	5074 LOWELL ST, WASHINGTON, DC	US
S2-886716528	JENNILEE SAUCIER-GEN INC.	3628 SPRUCE SAINT, RACINE, WI	US
S2-886794092	SUPERIOR CERTIFIED COPLEY INCORPORATED - 5343349774	7518 CELESTA LN, WA, OLYMPIA	US
S2-88719508	Chiropractic Rapid Center Incorporated	515-519 SEVENTH ST, INDEPENDENCE, IA	US
S2-887657633	BRAND COINSHARES LLC		US
S2-888013388	Rajasthan Sbthool International	BLOCK F-273 OFFICE NO. 208-211, 2ND FLOOR, GATEWAY PLAZA CO CO-OP. PREMISES SOCIETY LTD, CENTRAL AVENUE ROAD, INDUSIND BANK, HIRANANDANI GARDENS, MUMBAI, महाराष्ट्र	India
S2-888435851	YJV Private Limited  Center	H.NO 443 A, SHANIVAR PETH, HASBNIS BAKHAL, PUNE CITY, महाराष्ट्र	India
S2-888506062	Botsford Classic Telefonica LLC	389 Charles Avenue, SAINT PAUL, MN	US
S2-889209938	... ACCURA PATH [LTD]	ACUMENPAZHAYA NADAKKAVU, TRICHUR, THRISSUR, Kerala	India
S2-889322623	Gangaksh 5ervices		India
S2-889547058	Delta Fellowship	TX, 814  CIRCLE DRIVE, TERRELL	US
S2-889585335	M/s Royal  Constructions Private Limited	H. NO. 7-9/5, 8TH STREET, JSN COLONY HABSIGUDA, HYDERABAD, తెలంగాణ	India
S2-889619707	Frog India	PLOT NO.176, SECTOR 52, GUTIGAU, GURUGRAM, हरियाणा	India
S2-889808207	Environmental Guild LP	TX, 200  CRESTWOOD DRIVE, AVNIGER	US
S2-889809619	Reyes Midwest Sunshine LLC	1737 SHERMAN ST, CAPITOL, AZ	US
S2-889838611	ivenenthawaii.com	#5473 SR 249, HICKSVILLE, OH	US
S2-890026668	यूनिवर्सल इंफोटेक प्राइवेट लिमिटेड	2532, OSWAL SADAN GHEE WALON KA RASTA, JOHARI BAZAR, JAIPUR, Rajasthan	India
S2-890110173	ZONNYA CÚRTIS, DMD,	1580 HARBOR SPRINGS RD, RUSSELL, KY	US
S2-89049593	FERRIFY (VENDOME)	2302 BRANSON LANDING, BRANSON CITY, MO	US
S2-890567305	Bagwe Wafers Private	SNO 672/3A. STATE BANK HSG, SOCY SHOP N0.4 BIBAWEWADI, PUNE CITY, Maharashtra	India
S2-890619428	RISK PLUM	1551 MEADOWLARK GLEN RD, DUFRIES, VA	US
S2-8907679	dental center llc	OAK HILL, 528 GATEWOOD RD, WV	US
S2-890976865	Luise Ggbidfn Allspring, LLC	1753 AUSTINVILLE ROAD, PO BOX 5805, MAX MEADOWS, VA	US
S2-891076862	Education-Guild	428 22ND AVE, MOLINE, IL	US
S2-891203438	BIVUE QUALITY EASTERN INCORPORATED	7556 1050, MILROY, IN	US
S2-891503194	Mr Health Processing Ltd	BLOCK G-17 KHAGAUL ROAD, OPPOSITE WATER PARK, DANAPUR, DINAPUR-CUM-KHAGAUL, Bihar	India
S2-891526111	Duffy Express  Omega LLC	30 LORRAINE AVE, MT. VERNON, NY	US
S2-891547877	OIS Services Límited	NO.8, 1ST FLOOR 5TH MAIN, KULLAPPA CIRCLE, KAMMAN HALLI, Karnataka	India
S2-891593356	Beacon Clough, L.L.C.	3409-3413 CHIHUAHUA ST, <NULL>, DALLAS, TX	US
S2-891689945	PHX Best Meshflow Partners Inc	8542 ROBINHOOD AVENUE, KANSAS CITY, MO	US
S2-891824100	agresorts.com	15-9-262 , GOWLIGUDA, HYDERABAD, Telangana	India
S2-891825275	Panacea Inds (Límited)	062/11/1, ICHAPUR ROAD, KADAMTALA, LP-217/14/4, HOWRAH, West Bengal	India
S2-891918323	Consulting  Cristal Agro Private	MEDICINE TOWER 1ST FLOOR NEAR SAJJAD NURSING HOME HAMIDIA ROAD, BHOPAL, मध्य प्रदेश	India
S2-892028152	CLASS + CO.	407, PUKHRAJ CORPORATE, OPP. NAWLAKHA BUS STAND NEAR PRASHANT HOTEL, INDORE, Madhya Pradesh	India
S2-892039074	TECH RICHIE MEDIA  PRIVATE LIMITED	423/2, WARD NO 32, BALPURWA TEH SOHAGPUR, SHAHDOL, Madhya Pradesh	India
S2-892247814	SHORT ADVANCED  MITSUI	11926-11930 LOIS LANE DRIVE, PINEUHRST, TX	US
S2-892309908	Proper, Carlile	COLMUBIANA, OH, 1229 COLUMBIANA LISBON RD	US
S2-892370320	Signature Corpooaet LLP	HOBBBS, 001630 MARQUIS LANE, NM	US
S2-892404705	Private Bhubaneswar Network [Limited]	PLOT NO. - 590, KEUTASAHI CHHAK, KAPILESWAR OLD TOWN, BHUBANESWAR, DIST - KHURDA, OD, ISHA, KHORDHA, BHUBANESWAR, Odisha	India
S2-893011827	Fresh Optimal (Mellon)	3680 PAULDING AVENUE, NY, BRONX	US
S2-893294792	Shiva Developenrs  Limited	FB3/2 SKYLINE RANCH VILLAS, MARKET ROAD, THRIPUNITHURA, ERNAKULAM, ERNAKULAM, Kerala	India
S2-893818903	*** Classic Networks Nutrition	92 ANDESITE RIDGE ROAD, BIG SKY, MT	US
S2-893820946	@barbsbright	3475 FALLING CREEK RD, KINSTON, NC	US
S2-893907046	गुड इंडो इन्वेस्टमेंट लिमिटेड	PANCHAMRUT BUILDING NO E/204, KAVESAR WAGHBILL, G B ROAD, THANE, MUMBAI THANE, Maharashtra	India
S2-894053990	Interstate Services	3433 CAMPBELL AVENUE, ARCADIA, AZ	US
S2-894591666	ROSSER MUNICIPALS CÓRP	ENTERPRISE CITTY, 2869 BENCH ROAD, UT	US
S2-894758520	Jodhpur Mushrooms  Limited		India
S2-894761114	Ankita  Medical Centre	9-4-62, NIZAM COLONY, TOLICHOWKI, HYDERABAD, Andhra Pradesh	India
S2-894790939	Saroornagar Private Technologies Limited	PLOTNOA-165 TEACHERS COLONY, VIGNANPURI COLONY ROAD 3, SAROORNAGAR, తెలంగాణ	India
S2-894949100	arnold, jones and kyle llc	033565 MATTHEW CIRCLE, LEWES, DE	US
S2-895140326	Mr yashsolutioncare.com	D.NO: 20-1201/3, INDRA KILADRI NAGAR, VIJAYAWADA (RURAL), Andhra Pradesh	India
S2-895505638	Mr blackbusiness.com	FIRST FLOOR B-4 HARI BHUVAN, ZAVER ROAD, MULUND WEST, MUMBAI, Maharashtra	India
S2-895593447	Mialofck, Isahella Mining LLC	101 BUSINESS, ASTORIA, OR	US
S2-895660460	SPEAR RMG CORPORATION	2856 SPRING PLACE RD, CLEVELAND, TN	US
S2-895941351	Royal Royal Concepts Nutrition LLC	OR, 18185 FORESTBROOK LOOP, NULL, BEND	US
S2-896024828	BEUM EDISON LLC	CAMBRIDGE, MA, 19 PETERS ST	US
S2-896093554	குளோபல் கன்சல்டிங்	38/5, NEW NO.73, CORAL MERCHANT STREET, MANNADY, CHENNAI -, 600 001., CHENNAI, Tamil Nadu	India
S2-896131179	Smart-Pharmaceuticags	368 BLACKHAWK DR, PARK FOREST, IL	US
S2-89685361	Peyton's-Mountain	5401 GROVESIDE LN, ROLLING MEADOWS, IL	US
S2-897016646	consolidated apparel concepts l.l.c.	379 PICKARD ROAD, SANFORD, NC	US
S2-897130762	JULIANN ROCKWELL	1205 SPAULDING AVE, CHICAGO, IL	US
S2-897691258	White Solutions  Ltd	दिल्ली, 185, AKASH DARSHAN APARTM-, ENT, MAYUR VIHAR PHASE-1, EAST DELHI	India
S2-897700073	INTERSTATE FUND	216 PRENTICE ST, CITY OF STEVENS POINT, WI	US
S2-897859049	Bombay Trading [Private]	FLAT NO B-1 , PLOT NO 7, SECOTR 5, NEAR RAKHMA BHAWAN BUILDING, SANPADA, NAVI MUMBAI, THANE, Maharashtra	India
S2-897874116	CLEAN CLEAR LAMB	NC, 311 LASALLE STREET, DURHAM	US
S2-89793122	The Suellen T. Perez, M.D.	668 MERRIMONT CIR, BIRMINGHAM, AL	US
S2-898343154	Kumaran Private Limited Partners	GAT NO 605/1 PIRANGUTMULSI, PUNE, Maharashtra	India
S2-898554621	Pierrette Pierrette Deboer Elite, L.L.C.	14010 MOON RD, OH, STOKES TWP	US
S2-898630805	Bronson, Kolb & Jacobs Best LP	25246 COURT STREET, SAN BERNARDINO, CA	US
S2-898716801	Hotel Logistics  Limited Private		India
S2-898748309	Sunshine's Pinnacle Solutions LLC	223 MARLBORO ROAD, LOWER MERION TOWNSHIP, PA	US
S2-898950576	ಬ್ಲ್ಯಾಕ್ ಇನ್‌ಫ್ರಾ ಪ್ರೈವೇಟ್ ಲಿಮಿಟೆಡ್	PLOT 412 OPP.OLD BPCL PETROL BUNK ROAD NEAR KSRTC BUS STAND SHIDLAGHATTA, CHIKKABALLAPURA, ಕರ್ನಾಟಕ	India
S2-899146711	M/s Life Tech Private Ltd	#405, MEHTA COURT ANNEX, 13, GILDER LANE, Maharashtra	India
S2-899345775	Bucher Innovative Tax Service (Incorporated)	816 GREENLAND DRIVE, FAYETTEVILLE, NC	US
S2-899557202	Leonore Reyes	8926B LIVENSHIRE DRIVE, DALLAS, TX	US
S2-899773712	Ambica Consultancy	DOOR NO 11/20 , 10TH AVENUE, ASHOK NAGAR, CHENNAI-83., Tamil Nadu	India
S2-900239073	KOCH CHARTER	MO, SAINT LOUIS, 8906 MARCELLA AVE	US
S2-900805264	ZHACQUISITION.COM	30445 1ST PLACE, FEDERLA WAY, WA	US
S2-901027530	Delhi Delhi Ssf Private Limited	#4-14 , PLOT NO.26, UPPER GROUND FLOOR, VIAKS ROYAL ARCADE ROAD NO.44 COMMUNITY CENTER, PITAMPURA, DELHI, Delhi	India
S2-901195507	Schier, Finke and Fowler Gladstone Corporation	2000 ARAPAHO RD, RICHARDSON, TX	US
S2-901223558	Kirbie's Creative Transport Ltd	#17200 BELL RD, SURPRISE, AZ	US
S2-901532309	BARABANI BUILDERS PRIVATE-(LIMITED)	C/O VARSHA AGARWAL, F-7-1 A, SHREE HL APPT TAGORE ROAD, BARABANI, N/A, West Bengal	India
S2-901784462	Roblero Tri-State Enbridge,	2 1/2 MONSIGNOR ALBERT A. JACOBBE RD, BOSTON, MA	US
S2-901898079	premiermachines.com	615 MANI ST, WHITEWATER, KS	US
S2-90195571	Mumbai Marketing Private Limited #27781	272, 274, 276 /F WING, SOLARIS 1, SAKI VIHAR ROAD OPPOSITE L & T GATE NO.6, ANDHERI EAST, MUMBAI, महाराष्ट्र	India
S2-90219465	Metro Family Practice	7490 TACONIC STATE PARKWAY, PINE PLAINS, NY	US
S2-902268239	Anubhuti Center	H.NO 222 , H NO 14-1-90/222, JAYALAKSHMI VILLA, ANDHRA BANK STREET, GAYATRI NAGAR, BORABONDA, HYDERABAD, BALANAGAR, Andhra Pradesh	India
S2-90229890	विजय ट्रेडिंग प्राइवेट लिमिटेड	VILLAGE PAVESARA, GUDERA, MATHURA, Uttar Pradesh	India
S2-902401508	Smt Armour Áhmedabad of Exports	8-10-G, TITANIUMCITYCENTER, 293/1/P, T.P-03. 100FT.ROAD, NR.SACHINTOWER, ANANDNAGAR, AHMEDABAD, ગુજરાત	India
S2-902428501	Tri-State Complete  City	AZ, SCOTTSDALE, 9259 RAINREE DR	US
S2-902564552	The Dent LP Pub!	4846 WAVELAND AVENUE, CHICAGO, IL	US
S2-902844225	SQUARE PRIVATE LIMITED CENTER	24, HEMANTA BASU SARANI, MANGLAM, A- BLOCK, R. NO. 201, KOLKATA, West Bengal	India
S2-902956877	Ogle Open  Service	6743 HIGHWAY 56, CHAUVIN, LA	US
S2-903060443	The Western Beacon Defense LLC	1519 32ND ST, FARGO, ND	US
S2-903233145	FARICA PIHA SECURE FIDELITY CORP	1031 YOSEMITE AVE, MERCEED, CA	US
S2-903579554	Standard Advis0rs, Cargo LLC	##8329 BLOOMINGTON AVENUE, BLOOMINGTON, MN	US
S2-903630131	Rice and Kennison Siddhi		US
S2-903664407	Howard Holdings (ID: 58720)	6318 RAVEN ST, CHICAGO, IL	US
S2-903667452	Mr New  Software Private	H.NO 245 MEGHDOOT BUILDING NO B-2, FLAT 35 113A SV ROAD, BORIVALI WEST, महाराष्ट्र	India
S2-904040196	Journey Choice Foods	##8421 WEYBRIDGE, JOHNSTON, IA	US
S2-904188636	Lee, Stock & King Mitsubishi Inc Inc	NY, 15 Old Liverpool Road, SALINA	US
S2-904347956	ಲೋಟಸ್ ಬಿಸಿನೆಸ್ ಪ್ರೈವೇಟ್ ಲಿಮಿಟೆಡ್	BANASWADI ROAD EXTENSION M.S NAGAR, #35/3, BANGALORE, ಕರ್ನಾಟಕ	India
S2-904402020	Hasslcn LLC	5314C Casa Grande Drive, TOPOCK OWNSHIP, AZ	US
S2-904412198	PLLC Pediatric Medirine	4850-C 20, OTISCO, NY	US
S2-904544751	Lee Twnan LLC	2 ALBERT DR, MONSEY, NY	US
S2-90458208	LLC Alvarado Dillon & Marshall Odyssey	00215 CALHOUN LN, BILILNGS, MT	US
S2-904610177	arth educational society	404 S. S. ENCLAVE, ASHIANA DIGHA ROAD, PHULWARI, Bihar	India
S2-904699646	barrientoskim.com	6793 95ST ST, TULSA, OK	US
S2-904751962	Metropolitan Fund Inc	108 LAVAL STREET, WATERBURY, CT	US
S2-904769834	Ka Reliable Sky Sky		US
S2-905428491	माय फाउंडेशन प्राइवेट लिमिटेड	PLOT NO-A-15A, FARIDABAD, हरियाणा	India
S2-90561846	Pediatric Dental Group of Lenoir	2625 COLLETTSVILLE ROAD, LENOIR, NC	US
S2-905662417	International Sotmhwre Digital-LLC		US
S2-905677039	Halodrex	CROWN POINT, 1200 MAXWELL ST, IN	US
S2-905897637	Sweet Tavern	1175 LOST TRAIL DR, PULMAN, WA	US
S2-906091656	Zhu Safe Drive L1c	2500 WATERMARK TER, ELGIN, IL	US
S2-906201306	EAR NOSE & THROAT HEALTH INC SOCIETY SOCIETY	7 CHERRY CIRCLE, ROCKLAND, MA	US
S2-906691656	Majewski, Edita Education LLC	GALLLIPOLIS, 351 PAXTON RD, OH	US
S2-906733202	Harbor-Complete Laboratories	SHEPPARD AFB, 121 CENTURY STREET, TX	US
S2-906926745	frontierpatriotmolecular.com	0240 CEDAR LANE, KNOXVILLE, AR	US
S2-906933992	Lotus Private Limited Services	217/8, BANASWADI ROAD EXTENSION M.S NAGAR, BANGALORE, Karnataka	India
S2-906942728	The Interstate Ministries	3433 CAMPBELL AVE, PHOENIX, AZ	US
S2-906997898	orthopedicfreshpartnerscom	ALBANY, ##508 2ND STREET, NY	US
S2-907048069	Rivera Valley  Epr LLC	##492 MCLEAN AVE, YONKERS, NY	US
S2-907378021	ഹോട്ടൽ കൺസൾട്ടിംഗ് പ്രൈവറ്റ് ലിമിറ്റഡ്	TRIVANDRUM, C/O NOUSHAD GULZAR HOUSE, Keralam	India
S2-907548123	CAMERON FIDELITY	1340 CO RD 8, DILLONVALE, OH	US
S2-907636929	Raviya Infra of Konnagar	99/A INDIRA GANDHI ROAD PRASANNA VILA, GROUND FLOOR FLAT NO-13, KONNAGAR, West Bengal	India
S2-907804452	335 MAIN AVE CÓMPANY PC	0337 OLD PINSON RD, JACKSO CITY, TN	US
S2-907820272	Cardiology LLC Medicine	WASHINGTON, DC, RHODE ISLAND AVENUE	US
S2-90782816	#TWISTEDYOGA	EASTON, ##10 Park St, MA	US
S2-908401810	E 2 P Wen Cenraer	15001 ASHWOOD CIR, HUNTSVILLE CDP, AL	US
S2-908433932	fxproducer.com	C1-2/1125, PALAKKAD, കേരളം	India
S2-908651346	Meor LLC	3107 WALGUT CREEK DRIVE, WILSON, NC	US
S2-909653095	Jordana Castro Midwest Bce Partners Inc.	1124 Grand Avenue, TOLEDO, OH	US
S2-909656388	HOME NURSING GTA	C-715, AHMEDABAD, Gujarat	India
S2-909751215	Division of	105 COX ST, MORGANTON, NC	US
S2-909863156	ELITE SECURITY	0610 SR 762, LOCKBOURNE, OH	US
S2-910082736	Lotus  Global	007/13, NARKEL DANGA MAIN ROAD, KOLKATA, West Bengal	India
S2-910315990	Piedmont  Superior Nano	TERRITORIAL ROAD, VENETA, OR	US
S2-910529923	परफेक्ट फाइनेंस प्रा. लि.	BARSHI ROAD, महाराष्ट्र, OSMANABAD, PLOT 519 SHRI KRUSHAN NAGAR, UPLA	India
S2-910837367	ਪਾਇਨੀਅਰ ਫਾਊਂਡੇਸ਼ਨ ਪ੍ਰਾਈਵੇਟ ਲਿਮਟਿਡ	B-XX-550 GHUMAR MANDI, LUDHIANA, Punjab	India
S2-911099042	Digital Logimtics Private Limited	A-32/1 PARIJAT APART WESTA ENCLAVE PITAMPURA, DELHI, दिल्ली	India
S2-911217245	Quality Media Inc-Center		US
S2-911978044	Community Alliance Inc	1810 MOORPARK PLACE, TUCSON  CDP, AZ	US
S2-911994188	Smt >> Green Infra Private	HN 534 BHAIYASAHEB AMBEDKAR NAGA, THANE, KALYAN, Maharashtra	India
S2-912054598	aura medical centre center	8-4-390/A/8 PERM NAGAR ERRAGADDA, HYDERABAD, Telangana	India
S2-912240607	Columbus Vision Custom (Physícians)	5357  BRANSCOM BOULEVARD, COLUMBUS, OH	US
S2-912532342	बालाजी टेक प्राइवेट लिमिटेड	KUSHALPURA, CHANWAJI, JAIPUR, Rajasthan	India
S2-912567976	ईस्टर्न फ्यूचर मीडिया प्राइवेट लिमिटेड	H.NO 58 E2, PARADISE TOWERS, OPP. SAPPHIRE CHAMBERS, BANER ROAD, PUNE, महाराष्ट्र	India
S2-912995593	DELIBLUE.COM	57 OLD COUNTRY RD, WESTBURY, NY	US
S2-913044138	3963 SIXTH BLVD REALTY (LLC)	484 TALLADEGA STREET, LINEVILLE, AL	US
S2-913095810	Marlo Nguyen Oaktree,	072 COUNTRY RUN DR, JACKSON, TN	US
S2-913101766	ब्लू स्काई टेक्नोलॉजी एलएलपी	FL N 8, 2FL, 288 TUNGEKAR, TH KATARIYA RD MATUNGA W, UBI, MUMBAI, Maharashtra	India
S2-913364073	Concepts First-Golden LLC	36 BARSTOW ROAD, GREAT NECK PLAZA, NY	US
S2-913615044	Tavern Maurise's Services	335A TELFORD RD, TELFORD, TN	US
S2-913946536	Orbisol	##110 750, BOUNTIFUL, UT	US
S2-914308752	ಹೈ ಕನ್‌ಸ್ಟ್ರಕ್ಷನ್ಸ್ ಪ್ರೈವೇಟ್ ಲಿಮಿಟೆಡ್	9-313 VAASTU HILL, VIEW 3 APARTMENT, BANGALORE, Karnataka	India
S2-914840273	लाइफ सूर्य फाउंडेशन प्राइवेट लिमिटेड	FLAT NO: 201, PATNA, बिहार	India
S2-914849378	PERSON AND TRÁN CENTER	AUSTIN, N/A, 12516 CAPITOL SADDLERY TRAIL, TX	US
S2-915252626	Private Phase-V Dlf City Projects Limited	SUB-125, GURGAON, Haryana	India
S2-915448664	MINNY P. DURAN M.D.	10 18- NIKOS WAY, NGALES TOWNSHIP, AZ	US
S2-91548195	Shyam  Agro	25/A, MIDC MAROL INDUSTRIAL EST IND AREA RD NO 3, MAROL IND ESTATE, ANDHERI EAST, MUMBAI, Maharashtra	India
S2-915624183	Curtice's Signs LLC	0016 GRASSLANDS CIRCLE, MOUNTSINAI CDP, NY	US
S2-915707084	ETHEL BBATD  OPEN LLC		US
S2-9158370	Global Jas Technologies Private Ltd	Rajasthan, A-40, KRISHNA NAGAR - II, LAL KOTHI TONK ROAD	India
S2-916280192	meeksleecorreia.com	269 MAIN ST, WEST SPRINGFIELD, MA	US
S2-916361596	बेस्ट इंटरनेशनल एलएलपी	AURANGABAD, Maharashtra, PLOTNO.7, SECTORN-7-J, NEARFUSECALLCENTRE, CIDCO, BLOCK A-C-192 GUPTABHAVAN	India
S2-917729622	GAGANDEEP & (CO.)	PLOT 553 UNIT NO. 312, 3RD FLOOR BPS PLAZA, DEVIDAYAL ROAD, MULUND WEST, MUMBAI, Maharashtra	India
S2-918382864	wpprivate.com	OFFICE NO. 39, FOURTH FLOOR, BANDAL DHANKUDE PLAZA RIGHT BHUSARI COLONY, KOTHRUD, PUNE, Maharashtra	India
S2-918473326	Corner Hair Studio Inc	536 CIHCAGO AVE, IL, HIGHLAND PARK	US
S2-918682208	Barb Fortson Select  Trading	0138 LAUDERBACK ROAD, TN, NULL, ROGERSVILLE	US
S2-918820386	Bright Foundation Limited Private	Maharashtra, H.NO 4, NAGZARI, TAL MALEGOAN, MALEGAON	India
S2-918897565	*** Cube Services	SY NO 161, PREVIOUSLY PRANAVA SCHOOL NEAR ROYAL FUNCTION HALL, MANCHIREVULA V, ILLAGE, D.NO 7-107/A, HYDERABAD, Andhra Pradesh, HYDERABAD	India
S2-918915091	Hanson School Of Medicine	TOWN OF ELDORADO, WI, W8950 N	US
S2-919220369	Elder & Harnnecss LLC	116 FOLEY LN, FOLSOM, CA	US
S2-919500367	Merralee Bárnes, D.C.	TX, 6201 SOUTHWEST FREEWAY, HOUSTON	US
S2-91963005	Kolkata Your Clinic Co	NO. 35 2ND-FR, FL: B1, 27, KALIDAS SINGHEE LANE, AMHERST STREET, KOLKATA, পশ্চিমবঙ্গ	India
S2-919913096	ALL TECHNOLOGIES PRIVATE LIMITED	FLAT NO 508. SRI GAYATRI CLASSIC APARTMENTS LINGAMPALLY, HYDERABAD, తెలంగాణ	India
S2-920063574	Seven Marketming Private Limited	NO. 209, B.D. CHAMBERS, 10/54, DESH BANDHU ROAD, KAROL BAGH, NEW DELHI, Delhi	India
S2-920224969	Federal-Hyperliquid, Inc	16 WERKING ST, SOUTHINGTON, CT	US
S2-920398532	SANGAMESHWAR  BROTHERS CARE	PRESTIGE TRADE TOWERNO.46, 23RD FLOOR PALACE ROAD, BANGALORE NORTH, Karnataka	India
S2-920866545	SIOUXIE PETERSON LEGACY ADVISORS LLC	UT, 900, PLEASANT GROVE	US
S2-92087070	>> FIRST PRODUCTS PRIVATE  LIMITED	NO 91/13/1 KAUSHIK ENCLAVE BURARI, NEW DELHI, NORTH EAST, दिल्ली	India
S2-9209243	Service A Credit Inc	Par Dr, MARION, AR	US
S2-920993775	Preferred Mortgage Industries Co - 2136899271	620 SUMMER PLACE, NASHVILLE, TN	US
S2-921187374	redwood.com	7384 STOUT ROAD, GERMANTON CDP, TN	US
S2-92131211	QUALITY MEDIA PÁRTNERS, INC	730 MOZART ST, CHICAGO, IL	US
S2-921599532	Indore Devcon Ltd	201, SECOND FLOOR 79, RADHIKA PALACE GRAM KHAJRANA, INDORE, मध्य प्रदेश	India
S2-921645598	Urology Physícians (LLC)		US
S2-922613198	Cozy Coffee Services	1014 7th Street, FARGO, ND	US
S2-922712876	BLUE CONSTRUCTION	C-6/298, C BLOCK YAMUNA VIHAR, DELHI, दिल्ली	India
S2-922855650	Poidce Banner Farm Limited	D/770 NISHIT DIAMOND COMPLEX 5/1129-30, GUJJAR FALIYA CONTRACTOR NO KHOCHO, MAHIDHARPURA, HARIPU, RA, SURAT, ગુજરાત	India
S2-923164499	FM Ifsc	NO. D/15 , SHOP NO. 3 AND 4, 1ST A CROSS TELECOM LAYOUT, JAKKUR POST, BANGALORE, ಕರ್ನಾಟಕ	India
S2-923400156	tristatesaul.com	407 STATE ST, WILLIAMSTON, NC	US
S2-923434810	VBO Atlantic Slftinwe, Inc.	62 RANIA WAY, WEST FARGO, ND	US
S2-923449243	The Cleopatra Horta Premium Inc	KINGS CREEK LOOP, BREVARD, NC	US
S2-923572803	DIA TRADERS-PRIVATE	#961. SHED NO. 3, KRUPA INDUSTRIAL ESTATE, GAT NO. 349, AP. BHARE, NEAR PIRANGUT, TAL-MULSHI, DIST. PUNE, MULSHI, Maharashtra	India
S2-923785025	Mr GAJ ASSURACCE [(INDIA)]	#033/4 , 2ND FLOOR, MADIPAKKAM KOOT ROAD, SAIDAPET, Tamil Nadu	India
S2-924309076	Vaayuora Solutions Premt Limited	Gujarat, 7TH FLOOR-719, SHIVALIK, SHILP, ISCON CROSS ROAD, AHMADABAD CITY	India
S2-924412925	Shrinidhi	F, NO-810 & 811, 8TH FLOOR, MANJEERATRINITYCORPORATE, TIRUMALAGIRI, Andhra Pradesh	India
S2-924640867	Chandrendra Breweriesprivate  Limited Center	DOOR NO 33A , KHASRA NO.7/17 HARI VIHAR(KAKROLA), NEW DELHI, दिल्ली	India
S2-924708653	Family L.L.C. Associates		US
S2-924916579	Bombay Engineering Private	Kerala, BHAGAVATHI AYYATHU FORT PLAZA, BUILDING NO.A-541-A, PALAMEL, MAVELIKARA	India
S2-924998226	SPRINGS STÚDIO PRIVATE LIMITED	ಕರ್ನಾಟಕ, #7/2 , NOVEL OFFICE CENTRE, ULSOOR ROAD, BANGALORE 42, BANGALORE NORTH	India
S2-925076068	Suvidha Technosoft Private	H.NO 116 206, WARD NO 27, SOUTH KUMRAKHALI PASCHIM PARA, KAMAL GAZI, NARENDRA PUR, KOLKATA, KOLKATA, N/A, West Bengal	India
S2-925220019	WHITE GROUP INC	GOODWINDS DR, ORIENTAL, NC	US
S2-925668631	Urology Care  Asocinets	2279 JOHNSARBOR DRIVE, ROCHESTER, NY	US
S2-925749503	Lyons Strategic Iron		US
S2-925947037	Finance Prastuti Securities Private	PLOT NO. 360, KH.NO.143/360, FIRST FLOOR EXTENDED LAL DORA VILLAGE, KANJHAWALA, DELHI, दिल्ली	India
S2-926286422	BRIXFAYE	#8390 GREEN RETIREMENT LN, HANOVER COUNTY, VA	US
S2-926788796	Jordana Castro Midwest Bcé Partners	1124 GRAND AVENUE, TOLEDO, OH	US
S2-926847333	Shri Unique  Sangh	HATZAN BAZAR MADRASAPALLY, SURI, West Bengal	India
S2-926874499	Sudershan & Brothers Limited	Telangana, AASHREYA 7-1-34 F N AMEERPET, HYDERABAD	India
S2-926902571	माय फाउंडेशन प्राइवेट लिमिटेड	Haryana, NEW TOWNSHIP, PLOT NO-A-15A, FARIDABAD	India
S2-927030238	Graham's Solutions	450 THOMPSON RD, OAK CREEK CANYON, AZ	US
S2-927101879	6atiman Law Chambers Limited Limited	H.NO.-9-69/5, ALBONY LODGE, BAHRAICH, Uttar Pradesh	India
S2-927226374	VB0 Atlantic Software, Inc.	62 RANIA WAY, WEST FARGO, ND	US
S2-927345730	U 3 K		US
S2-927687234	ఆల్ఫా టెక్ ప్రైవేట్ లిమిటెడ్	HYDERABAD, Telangana, SY NO. 4-49/E	India
S2-927829469	I/W Ithax Corporation	555 1ND STREET, CA, BENICIA	US
S2-928114823	Dental Center PLLC PLLC	2035 SWANSON MEADOWS RD, BONNER, MT	US
S2-928217474	Dental-Green Clinic	655 MESA DR, MESA, AZ	US
S2-928669276	Luthra Solutions Ltd	F.NO.-G-2 P.NO.- 36 DHARAM NAGAR GOPALPURA BYPAS, JAIPUR, Rajasthan	India
S2-928825005	BEHAVIORAL HEALTH	1489 11800, LEWISTON, UT	US
S2-928954639	FU, ERMRT & PERKINS OAKTREE	1708 MOUNT HOOD ST, THE DALLES, OR	US
S2-929006627	Urgent Care Keystone	116-D FULTON AVENUE, BALTIMORE, MD	US
S2-929194288	Bronson, Kolb + Jacobs Best LP	25246 COURT STREET, SAN BERNARDINO, CA	US
S2-929322462	रेड प्रोड्यूसर लिमिटेड	OLD BHANGROLA ROAD, SECTOR 8, NEAR AIRTEL BUILDING, IMT MANESAR, GURGAON, GURUGRAM, Haryana	India
S2-929396166	Professional Wealth Digital		US
S2-929451855	Banks & Shaheen Services	118. I STREET, RICHMOND, IN	US
S2-92946079	Shelton Déntal Associates LLC	1501  NORTH AVENUE, MELROSE PARK, IL	US
S2-929888436	Tivodyne  Irnfmternatinal LLC	37-D WILLIAMSTOWNE CT, CHEEKTOWAGA, NY	US
S2-929914226	>> COMMISSION ON  PARKS AND	675 READ STREET, SEEKONK, MA	US
S2-929936455	Empire Committee	1403 1/2 ROOSEVELT ROAD, LITTLE ROCK, AR	US
S2-929973616	Projects  One	#561 TATA MILLS HSG. SOCIETY, BUILDING NO. 3, FLAT NO. 32, 7TH FLOOR, P, AREL, MUMBAI, महाराष्ट्र	India
S2-930249454	Allbritton, Rici Starry Inc	37990 Hardesty Rd, OK, BETHEL ACRES	US
S2-930678566	Grace Church Presbyterian	15510D THOMPSON RIDGE DR, CYPRESS, TX	US
S2-930822949	SUNRAY QUALITY PRIVATE LTD	MI NO:463 A/P LAUL TAL:MADHA DIST:SOLAPUR, LAUL, Maharashtra	India
S2-930896111	SECUNDERABAD (INDIA) [PVT.]	6-1-284/4/103, DINESH APARTMENTS PADMARAO NAGAR, SECUNDERABAD, Telangana	India
S2-93090505	SERVICES HERITAGE GLOBAL LLC	RIO BRAVO CIR, SACRAMENTO, CA	US
S2-930928373	Dorothee Roy, Ph.D. LLC		US
S2-930977422	রেড আদিত্য আইটি প্রাইভেট লিমিটেড	West Bengal, MURSHIDABAD, PLOT 293 COLLEGE PARA, MURSHIDABAD	India
S2-931198230	Creative Biomedical Union (Incorporated)	1217 FORUMS CT, WHEEILNG, IL	US
S2-931622017	Tavoverakelo	5205-5207 CORNELIAS PROSPECT DR, BOWIE, MD	US
S2-931714381	Vivan Ventures Co	DOOR NO G-7-CROSS COMPLEX SHOP NO 107, NR KHAMDHROL FATAK, JUNAGADH, Gujarat	India
S2-931963433	Rice Kennison & Siddhi [LLC]	16 COLLEGE LANE, NORTHAMPTON, MA	US
S2-932303398	#101galata	1034 ALBION MEADOW WAY, PO BOX 6806, RIVERTON, UT	US
S2-932348349	फर्स्ट फूड प्राइवेट लिमिटेड	DADRI, Uttar Pradesh, 201  FIRST FLOOR, GAUTAM BUDDHA NAGAR	India
S2-932400894	Elladine's Partners	#1350 Van Buren Street, PHOENIX, AZ	US
S2-932603757	YWH Convertible	6220 HARVEST ST, SPRINGFIELD, OH	US
S2-9326306	Inc Hernandez Crystal Enhanced	9492  DEBROUX COURT, TOWN OF GARDNER, WI	US
S2-932707839	Smt Viola Nursing Hoem	01 , OSHO DRIVE GADAIPUR ROAD, NEW DELHI, Delhi	India
S2-933052337	Horizon Printing International Llc	AL, ##49 REDLAND ROAD, WETUMPKA	US
S2-933345792	20/20-Vision  Center LLC	1348 HERITAGE HILLS WAY, WAKE FOREST, NC	US
S2-933509123	Kost & Wélsh	27 PARK TOWNE DRIVE, null, GRANITE CITY, IL	US
S2-933573431	Meenendra Ventures	231 MASJID MOTH, NEW DELHI, Delhi	India
S2-933710746	Bangalore Realtors Limited  Service	DOOR NO ##158 , 22ND A MAIN, 1ST CROSS, PADMANABHANAGAR, BSK 2ND STAGE, BANGALORE, Karnataka	India
S2-933732670	बेस्ट इंटरनेशनल एलएलपी	BLOCK A-C-192 GUPTABHAVAN, PLOTNO.7, SECTORN-7-J, NEARFUSECALLCENTRE, CIDCO, AURANGABAD, Maharashtra	India
S2-934015676	VERRON FRÁNKLIN, LLC	358 FALAISE DRIVE, SAINT LOUIS, MO	US
S2-934214932	SWAMI WELFARE SOCIETY - 7411418862	55/ 4, NEW PALASIA, INDORE, मध्य प्रदेश	India
S2-934395926	PAINTERS LOCAL UNION 158 LLC	0027 108ST STREET, EVERETT, WA	US
S2-934398537	Smt Shantaram Isutte of Technology	D-38/A, ASHOK MARG C-SCHEME, NEAR AHINSA CIRCLE, Rajasthan	India
S2-934400868	Aparna Industries	INAYAT NAGAR, 5. NAMBAR, MILKIPUR, Uttar Pradesh	India
S2-934473249	Workman Intermediate Ltd	44684- NEWSOM RD, VINTON, OH	US
S2-93453226	శివం సొల్యూషన్స్ ఎల్‌ఎల్‌పీ	SYNO. 77, RANGAREDDY, Telangana	India
S2-934556302	diamond 6 w virginia	3122 CHATEAU AVENUE, ROSEBURG, OR	US
S2-934719773	Jennilee  Saucier Gen	SPRUCE STREET, CITY OF RACINE, WI	US
S2-934987433	Media Solutions	SHRI MISHRI, P NO.5, GF, KH285, ASOLA, FATEHPURI BER, SOUTH WEST DELHI, Delhi	India
S2-935213094	VUE PEDIATRICS, INCORPORATED	CANAL ROAD, HEBRON, OH	US
S2-935249725	Anchor Live LLC Center	3678 LAUREN CT, PO BOX 9952, CRISFIELD, MD	US
S2-935347509	Royal Logistics-Pvt  Ltd	3RD FLOOR, 184/3, GOPAL LAL TAGORE ROAD, KOLKATA, KOLKATA, West Bengal	India
S2-935677414	Sader Foundation Private Limited	H. NO. 422, BADGO, SADER, उत्तर प्रदेश	India
S2-935964298	Global Program Enterprises		US
S2-936165908	VALUE  CREATIVE TECHNOLOGIES	2311 GARNET DRIVE, AMARILLO, TX	US
S2-936287283	LLC Volk First Lnrdb,s	TULSA, 261 29TH PLACE, OK	US
S2-936841398	Hamaker American Alibaba	1803 WINDING RUN BLVD, DAYTON, OH	US
S2-937303585	Wood, Dawn, D.C. Co	811 FOURTH ST, WASHINGTON, DC	US
S2-937371555	Padam Makers Private Ltd	STREET NO G-1, BUILDING, 9 SEC 66, MAMURA, NOIDA, Uttar Pradesh	India
S2-937892947	Frontier Patriot Molecular	0240 CEDAR LANE, CLARKSVILLE, AR	US
S2-938134046	CORONADO PACIFIC  ABADHOU	213. 15ND STREET, ELLENDALE, ND	US
S2-938775996	MAM INDIA LIMITED CENTER	DOOR NO. XV/34., U BROTHERS BUILDING GURUVAYOOR ROAD, KUNNAMKULAM POST, THRISSUR DISTRICT, Keralam	India
S2-938788648	L.L.C. PHYSlCAL THERAPY PLATINUM PARTNERS OF HOUSTON	LOS ANGELES STREET, HOUSTON, TX	US
S2-938952817	DIDO JOHNSON AFFILIATED LLC	0012 MEETING HOUSE LN, null, SCITUATE, MA	US
S2-93908298	Colonial  Initiative	58 JEFFREY ALAN DRIVE, MANCHESTER, CT	US
S2-939478555	sada klose origin	9650 PRGIRIE AVE, CHICAO, IL	US
S2-939602801	PEDIATRICDENTISTRYAMERICAN.COM	255D DOUGLASS ST, BROOKLYN, NY	US
S2-939655471	Dugan-Rocky  Mid	941 HESTERS CROSSING ROAD, ROUND ROCK, TX	US
S2-939692207	Phoenix Surgical Express	LYDIA LN, PHOENIX, AZ	US
S2-939750325	Barabani Burilcers Private Limited	C/O VARSHA AGARWAL, F-7-1 A, SHREE HL APPT TAGORE ROAD, BARABANI, N/A, পশ্চিমবঙ্গ	India
S2-939893104	Ear Nose and Throat Pioneer	4431 SHELBYVILLE RD, BEECHWOOD VILLAGE, KY	US
S2-940042592	LILLY AND MCNALLY INC	247 ROYAL PKAY, FRANKFORT, KY	US
S2-940155859	zhacquisition.com	FIRST PL, FEDERLA WAY, WA	US
S2-940517995	सन सिस्टम्स प्राइवेट लिमिटेड	PLOT NO.-62/8, BLOCK-C, GOVERDHAN KUNJ, BHONDSI, GURGAON, Haryana	India
S2-940722803	Nutriti0n C1assic (Networks)	92 ANDESITE RIDGE RD, BIG SKY, MT	US
S2-940771150	Daon Continental Music	7667C 136, TERRELL, TX	US
S2-94103391	Casimiro Dynamic  Airport		US
S2-941068402	Fresh Biomedical Brands  LLC	50 ARDMORE AVE, VILLA PARK TOWNSHIP, IL	US
S2-941095079	Family Medicine-Corporation	1500 PICKFORD LN, NULL, BOWIE, MD	US
S2-941352668	LAWSON & HOANG CONSUMER	5829 FORT ROAD, NULL, GREENWOOD, FL	US
S2-941440121	MUNOZ &  KAUFMAN	408 HANCOCK ST, RICHMOND CITY, VA	US
S2-941519832	गैलेक्सी ब्लू वेंचर्स प्राइवेट लिमिटेड	G NO 204 SINNAR SHIVAR, SINNAR SINNAR, NASHIK, Maharashtra	India
S2-941774179	Smart Management	FLATNO.201, D.NO.562/2-12, H I G HOUSE, BANGALORE NORTH, Karnataka	India
S2-942242671	seplinstitutetechnology.com	B-0045 HARYHUR SOCIETY VILLAGE KHAMBHAT TALUKA KHAMBHAT DISTRICT ANAND, KHAMBHAT, ગુજરાત	India
S2-942505262	ੴ ਫੂਡਜ਼ ਪ੍ਰਾਈਵੇਟ ਲਿਮਟਿਡ	Punjab, RUPNAGAR, H.NO 142 59, ANANDPUR SAHIB	India
S2-942723966	Smt OLIVIA CSOLSULTANATS PRIVATE (LIMITED)	Karnataka, 39/2 , BANNERGHATTA ROAD, BENGALURU	India
S2-943187654	Eastern Cell, Inc Services	TEME, 1145  KELLY LANE, AZ	US
S2-943289934	Rahul Chemicals (Igia) #82660	H.NO 13/82 LGF, VIKRAM VIHAR, LAJPAT NAGAR - IV, NEW DELHI, Delhi	India
S2-943709574	Wilkinson, Strong & Smith Smith Soulpower	NICOLE CT, IMPERIAL, MO	US
S2-943983176	Oncology-Care	#2388 COUNTY ROAD 1212, BLUM, TX	US
S2-944017037	Eadie Torres Frontier Apollo	3910 OLEANDER DR, WILMINGTON, NC	US
S2-94415499	स्काई सर्विसेज प्राइवेट लिमिटेड	BHANDUP, महाराष्ट्र, FLAT- 2A, 702 HEMA PARK CHS.LTD, H.NO 476 C/O POONAM KISHOR PATKAR, MUMBAI CITY	India
S2-944218671	legacy electronics partners corp	1019 HUGH ST, FRONTENAC, KS	US
S2-944398820	SHRINATH AGRO (INDIA) [PARTNERS]	A 8, ST ANNS CGHS LTD., PLOT NO 8A, SECTOR 7, NEW DELHI, Delhi	India
S2-944418659	Smt SAI ADVISORS  CENTER	NO.3, PERUMAL KOIL 1ST STREET, KOTTURPURAM, CHENNAI, தமிழ்நாடு	India
S2-944425352	Bright  Odyssey	906-D WASHINGTON AVE, WAGONER, OK	US
S2-944428013	Dorena's Apparel,  LLC	6563 COZART AVE, PEMBROKE TOWNSHIP, IL	US
S2-944539117	Ectoyumaveo	##78 Summer St, <NULL>, NATICK, MA	US
S2-944837170	Children's Summit-Alliance Inc.	CATALPA LN, HEMPSTEAD, NY	US
S2-94497003	Association Baptist Sunderland	248-252 AMHERST RD, SUNDERLAND, MA	US
S2-945128057	coastal capital partners	200 CLINTON AEENUE, DALLAS, TX	US
S2-945178830	Ganpati & Co.	LEVEL 7, DNYANVATSAL COMPLEX, OPP. VANDEVI MANDIR, KARVE NAGAR, PUNE, Maharashtra	India
S2-9454718	JXW LLC Partners	AR, 3209 11TH AVE, PINE BLUFF	US
S2-945576273	Anne Evans Rogers LLC	4137 POLKVILLE RD, SHELBY TONSHIP, NC	US
S2-945977726	cozycleaningservice.com	4485 PINE BLUFF RD, MORRIS, IL	US
S2-946024273	American Metro Blockchain	3150 GLEN OAKS AVENUE, WHITE BEAR LAKE, MN	US
S2-946195239	New Delhi  Finance Private	#816  E-441 GREATER KAILASH-II, NEW DELHI, Delhi	India
S2-946214768	PRIVATE GOLD ENERGY LIMITED	DOOR NO 502/1, VADODARA, GURGAON, Haryana	India
S2-946309159	PRIMACY [TBT]	C-04 SHRI SUNDER APPT MEDICAL COLLEGE ROAD NEAR T B WARD SQUARE WANJARI NAGAR, NGPUR, Maharashtra	India
S2-946498302	SOUTHERN BANK PRIVATE-LTD	DOOR NO 007 B BLOCK VASU LAYOUT B1 DATTAGALLY, MYSORE, Karnataka	India
S2-94667719	Perl Wilson,	3537 RAINBOW BOULEVARD, KANSAS CITY, KS	US
S2-946876207	Perkins Owl-Inc.	33430 FM 506, LA FERIA, TX	US
S2-947156719	814-815 SOUTH OWNERS CORP.	21 LOVELACE ROAD, FOREST CITY, NC	US
S2-947183399	Kacey Pcery Desert Rush LLC		US
S2-947213702	polar movers private limited	701/6 ROYAL LAKEVIEW, NR GOTA LAKE, DASKROI, Gujarat	India
S2-947432222	KIRTIKA  SOLAR LIMITED	ಕರ್ನಾಟಕ, NO 301- , 3RD CROSS, RUSTUM BAGH MAIN ROAD, BANGALORE NORTH	India
S2-947609056	MAGUIRE DISTRIBUTION  LLC		US
S2-947658907	>> Urology Interstate Care Inc Associates	5508 KIZZIE LN, GALES CREEK, OR	US
S2-94769147	HEALTH PROCESSING	BLOCK G-17 KHAGAUL ROAD, OPPOSITE WATER PARK, DANAPUR, DINAPUR-CUM-KHAGAUL, Bihar	India
S2-947950779	>> KIRBIE'S CREATIVE CENTER	#17200 BELL RD, SURPRISE, AZ	US
S2-948014991	Temple Fellowship	404 TWENTIETH AVE, MIOT, ND	US
S2-948225940	Vision Associates	292 Left Hand Ditch Rd, ARAPAHOE, WY	US
S2-948261120	G & X Trável	002621 VERMONT VIEW DRIVE, COLONIE, NY	US
S2-94835421	ಶಿವ್ ಎನರ್ಜಿ ಪ್ರೈವೇಟ್ ಲಿಮಿಟೆಡ್	PLOT NO 115 (HUDCO) 6TH MAIN 2ND CROSS STREETINDUSTRIAL AREA, MANIPAL, DAK. KANNADA, Karnataka	India
S2-948383856	Kamalalaya Sangh Limited	NO G-2313 SAPTAGHIRI PADMI, 15TH CROSS 2ND CROSS HAL, BANGALORE NORTH, ಕರ್ನಾಟಕ	India
S2-948887322	NEW DELHI SERVICE PRIVATE LIMITED	F-0/3C OKLHA INDUSTRIALAREA PH 1, NEW DELHI, दिल्ली	India
S2-94888764	6-CORNERS LTD	12788 177TH AVE, GOODYEAR, AZ	US
S2-949102909	Mumbai Marketing Private Ltd	272, 274, 276 /F WING, SOLARIS 1, SAKI VIHAR ROAD OPPOSITE L & T GATE NO.6, ANDHERI EAST, MUMBAI, Maharashtra	India
S2-949398415	Anchor Chemical	2 SOUTH STREET, BEACON, NY	US
S2-949464450	Brown, Kaey, D.D.S.	BRIARMANOR DR, LAKE SAINT LUIS, MO	US
S2-949532624	Morris, Obannon and Jaffe Inc	27ND AVENUE, ANCHORAGE, AK	US
S2-949724056	ब्राइट टेक प्राइवेट लिमिटेड	S.C.O 191, 3RD FLOOR, HUDA GROUND, JIND, Haryana	India
S2-950205374	Rivera Valley Epr #9197	##492 MCLEAN AVE, YONKERS, NY	US
S2-950411295	localunion.com	0027 108st St, EVERETT, WA	US
S2-9506668	Amarnath-Trders Private Limited	DOOR NO 535 OFFICE NO.8 F/FCHANDERMAL, PLOT9 DHARAMBIR MARKET, NEW DELHI, Delhi	India
S2-950995604	Apex Private Constructions (Limited)	B-7/31/1, BLOCK B-7 SAFDARJUNG ENCLAVE, DELHI, Delhi	India
S2-951004133	Eye Poarltineis Inc	3402 RICHMOND ST, CITY OF APPLETON, WI	US
S2-951317162	Prairie At (Inc)	1655 BRIGADOON TRL, GULF SHORES, AL	US
S2-951414308	Pllc Btb Spade	6425 Wilkinson Blvd, BELMONT, NC	US
S2-951487367	LLC Sdte	24 TURNING MILL RD, LEXINGTON, MA	US
S2-951553277	Fetech National	19034 WOODBURN ROAD, WOODBURN, IN	US
S2-951798784	Golden Auto Body-Clinic	IL, CHICAGO HEIGHTS, 184 7TH PL	US
S2-951845918	జై సాఫ్ట్‌వేర్ ప్రైవేట్ లిమిటెడ్	HN 896 8-3-228/96/2/1, HYDERABAD, Andhra Pradesh	India
S2-952262136	Bowes Kpet		US
S2-952522373	ஷ்யாம் ஃபைனான்ஸ் எல்எல்பி	H.NO G-128 FLAT 2A2 OLYMPIA, CHENNAI CITY CORPORATION, CHENNAI, Tamil Nadu	India
S2-953197343	Foot & Ankle Calssci Group	AZ, APACHE JUNCTION, 1065 SAN MARCOS DRIVE	US
S2-953732029	सूर्या बिजनेस प्राइवेट लिमिटेड	FLAT NO 603 BLDG NO 122 B WING BHAKTI HEIGHTS TILAK NAGAR OPP ICICI BANK CHEMBUR MUMB, AI, BOMBAY, MUMBAI CITY, Maharashtra	India
S2-953857311	Allied  Prorgm Clinic	KS, MANHATTAN, 3321 OCEAN DRIVE	US
S2-953890782	ऑल बिल्डर्स एलएलपी	NO. 380 205, FLR-2ND, PLOT 66-F, STEEL CENTER, SANT TUKDOJI MAHARAJ ROAD, TATA POWER CARNAC BUNDER, CH, INCHBUNDER, Maharashtra, MUMBAI, MUMBAI CITY	India
S2-953946744	L.L.C. Classic Newbridge	5043 Kingbird Street, AZ, TUCSON	US
S2-954123972	RIOS-PBC INC	7746 WAGNER WAY, CHELTENHAM TOWNSHIP, PA	US
S2-954273446	Gonzalez Btswieges	00942 HANK AARON DRIVE, ATL, GA	US
S2-954357070	HB SOLUTIONS LIMITED	E-181, NEHRU NAGAR-3 BLOCK, GHAZIABAD, Uttar Pradesh	India
S2-954709173	Guinn Gulf Mercury Incorporated	WINDING OAK LANE, BURLESON, TX	US
S2-954747351	Kent Límited LLC	4678 HARLEM RD, PMB 8508, BUFFALO, NY	US
S2-954749787	Big Solution	33A, RABINDRA SARANI, 1ST FLOOR, KOLKATA, KLKATA, West Bengal	India
S2-955000389	REV IT UP  NAILS	CITY OF EL PASO, TX, 840 SUNSET PARK DRIVE	US
S2-955174524	Shantaram of Service Technology	D-38/A, ASHOK MARG C-SCHEME, NEAR AHINSA CIRCLE, Rajasthan	India
S2-955479758	Surya  Business Private Ltd		India
S2-955721512	ഹോട്ടൽ കൺസൾട്ടിംഗ് പ്രൈവറ്റ് ലിമിറ്റഡ്	C/O NOUSHAD GULZAR HOUSE, TRIVANDRUM, Keralam	India
S2-956087491	CORNERSTONE SUMMIT MERCHANTS P.C.	IL, MINOOKA, 24035 TIMBERWOOD DRIVE	US
S2-956107214	Internal Internal Medicine Clínic Inc	706 Edgewater Ridge Ct, APEX CTY, NC	US
S2-956241979	CABRAL ÁCCONLAING CORP	26 CYPRESS CREEK DR, CALVERT CITY, KY	US
S2-956285839	I  5 Preferred Communities Inc.	19179 11ST AVE, POULSBO, WA	US
S2-956301422	Cornerstone Cross LLC	5641 Harry St, WICHITA TOWNSHIP, KS	US
S2-956474455	*** 93/59 Flagstar	9372 LANKFORD HIGHWAY, NORTHAMPTON COUNTY, VA	US
S2-956540179	Sri Ssk Beverages  Co	RZ S-7-5- A G/F, NANDA BLOCK, MAHAVIR ENCLAVE, Delhi	India
S2-956584957	सूर्या मार्केटिंग प्राइवेट लिमिटेड	DOOR NO 586 R.S NO 87/2, RAM NAGAR VADGAON, HATKANAGALE, KOLHAPUR, Maharashtra	India
S2-956607497	लक्ष्मी इंटरनेशनल प्रा. लि.	1322/89 HEMKUNT CHAMBER 13TH FLOOR NEHRU PLACE, DELHI, NEW DELHI, Delhi	India
S2-95670065	मॉडर्न एनर्जी प्राइवेट लिमिटेड	0032, KEMAPUR, SITAMARHI, GYANPUR, SANT RAVIDAS NAGAR, Uttar Pradesh	India
S2-956809272	THE VICK, DUFFY & VANDERWERFF ROYCE INC	13289 CASEY RD, MARION, IL	US
S2-956941579	Orthopedic Center Incorporated	4225 1/2 ALABAMA ST, HOUSTON, TX	US
S2-957213140	CHOICE BIOMEDICAL INC		US
S2-957263226	फॉर्च्यून फाइनेंस प्राइवेट लिमिटेड	RS NO D/226, KOLHAPUR, महाराष्ट्र	India
S2-95752927	Nerita Rogers Value Rocky	CHIVALRY DR, LAFAYETTE, IN	US
S2-957562492	Legacy C1eaning [LLC]	1305 UNIVERSITY AVENUE, WAUKEE, IA	US
S2-957609289	Orient Exports Private	HN 899 B-4/123, EKTA GARDENS CGHS, INDRA PRASTHA EXTN., DELHI, Delhi	India
S2-957678779	Vrb Services Pvt Ltd Service	7, MILL OFFICER COLONY, B/H. RESERVE BARK, ASHRAM ROAD, AHMEDABAD, Gujarat	India
S2-957686084	AGRO GWALIOR LIMITED  CENTER	D.NO 15-9-262, GOWLIGUDA, HYDERABAD, Telangana	India
S2-95774315	International Transmissions	H.NO 1 , MUSKAN SOCIETY, PANDAV NAGAR WADALA PATHARDI ROAD, NASHIK, महाराष्ट्र	India
S2-957786221	Clear Diagnostic  Partners	1403 RDLEY RD, PHELPS, NY	US
S2-957936048	Kirbie'S Creative Transport	BELL ROAD, SURPRISE, AZ	US
S2-958362662	Regional Clear	2632-D MCDONALD ST, APPLETON, WI	US
S2-958736361	Cardiology Cenesgic (Inc.)	2750 Havenwood Dr, OSHKOSH, WI	US
S2-958794538	Ironworkers Lonnal Union 777	WYNSTAY AVENUE, VALLEY PARK, MO	US
S2-958871214	North News, [LLC]	10256-10260 FRIEDA LN, FORTVILLE, IN	US
S2-959270840	সাউথ ডেভেলপারস প্রাইভেট লিমিটেড	CHANDIGARH MATHPARA POST GANGANAGAR, KOLKATA, PARGANAS NORTH, West Bengal	India
S2-95939264	Pioneer Investments Private Enterprises		India
S2-959497292	CONTINENTAL ROCK [INCORPORATED]	GULLY OVEN RD, LEBANON, ME	US
S2-95966533	1763sunsetblvd.c0m	GORDONSHIRE CT, INDIANAPOLIS, IN	US
S2-959772331	West South	37504 OLIVER DRIVE, SELBYVILLE, DE	US
S2-959822393	Letourneau Neurosciences		US
S2-959951496	Bhubaneswar Network Private Ltd		India
S2-960097149	गैलेक्सी मैनेजमेंट लिमिटेड	NO. 433 C/O AMBIKA PRASAD, null, BETTIAH, WEST CHAMPARAN, Bihar	India
S2-960216780	Namakkal It Private	DOOR NO ##1ST FLOOR, 01 MAIN MARUTHI, NAGAR, CHANDRA LAYOUT, BANGALORE NORTH, ಕರ್ನಾಟಕ	India
S2-960346977	Rojas Lane	CITY OF WAUKESHA, 41 BIDWELL AVE, WI	US
S2-960545687	Saran India Private	HOUSE NO. 53 BLOCK ROAD EKMA, EKMA, SARAN, Bihar	India
S2-960592960	स्काई डेवलपर्स	NO #1953 GROUND FLOOR SECTOR 16, FARIDABAD, Haryana	India
S2-960730056	M/s SAWANT LIMITED PRIVATE DESIGNERS	FLAT NO. A-102, LA REGENCIA, PANIPAT, Haryana	India
S2-960757175	CB Msarktiolg Private Limited Limited	Tamil Nadu, DOOR NO D/16 SATHIRAM EAST STREET NILAKOTTAI TALUK, DINDIGUL	India
S2-960824228	BR Advanced  Compass LLC	1054 16TH SAINT, <NULL>, COTTONWOOD, AZ	US
S2-961232838	OM UNITED PROJECTS PRIVATE	SUMATI PALACE SHOP NO 501, BORING ROAD, NEW CAPITAL, PHULWARI, बिहार	India
S2-961482694	Bee, Muller and Hirschfeld Telecommunication (LLC)	243-247 NORWOOD HOLLOW RD, <NULL>, BANNER ELK, NC	US
S2-961885875	Cornerstone Summit Merchants		US
S2-961947	Aparna Group Center	INAYAT NAGAR, 5. NAMBAR, MILKIPUR, Uttar Pradesh	India
S2-961949166	Amaravati Acadeym	NO 109 D-301 SECTOR-7 SUNCITY, S.P. RING ROAD, DASKROI, Gujarat	India
S2-962179552	Mcgee Platinum Signs	459C GENERAL KERSHAW DR, NASHVILLE, TN	US
S2-962247469	Happy-Travels Private Limited	Delhi, NO 3641GALI LOHEWALI CHAWRI BAZAR, NEW DELHI	India
S2-96258376	Golden Producer Private	OFFICE NO-9/3, C-38 F/F, GALI NO-13 MADHU VIHAR, NEAR HANUMAN MANDIR, NEW DELHI, Delhi	India
S2-962675020	Robinson Equity Partners Corp	2333. WEST BROADWAY, LOUISVILLE, KY	US
S2-962941240	JYI Prmoie Inc	COLUMBIA, #1227 LA RAIL DR, MO	US
S2-962996802	DIGITAL LOGISTICS PRIVATE (LIMITED)	A-32/1 PARIJAT APART WESTA ENCLAVE PITAMPURA, DELHI, दिल्ली	India
S2-963010721	Developers Real Fashions  Private Limited	FLAT NO 5 NO 25 VANTAGE SHOREPAARI STREET KALAKSHETRA COLONY, BESANT NAGAR CHENNAI, Tamil Nadu	India
S2-963200635	York Spacsphere Co	875 SPRUCE STREET, WAUKEE, IA	US
S2-963278400	Theadora's Express	NC, 6316- HAMPTON RIDGE ROAD, RALEIGH	US
S2-963314172	Allied  Cornerstone Tax	VANDERBILT COURT, GRAHAM, NC	US
S2-963457819	BROWN, RIVERA AMADOR & ALLOCATION PARTNERS	16 113TH STREET, CHICAGO, IL	US
S2-96377146	MACHINISTS UNION LOCAL NO 202	123 DAY HILL ROAD, WINDSOR, CT	US
S2-963981988	বিজয় ফাউন্ডেশন প্রাইভেট লিমিটেড	PLOT 67 C/O PRADIP KUMAR MITRA, S.M PALLY NORTH, ENGLISHBAZAR, MALDA, West Bengal	India
S2-964338873	Harris and  King Pulley Inc	1012 HAYES ST, PMB 1583, FAIRFIELD ICTY, CA	US
S2-964899229	Urgent Care Clinic Inc.	1409 CLAY ST, MOUNTAIN HOME, AR	US
S2-965053021	Dental LLC (Services)		US
S2-965115459	Skytech Cehts-Pvt Ltd		India
S2-965235353	goodson and scott seas llc	GLENMEADOW DRIVE, BALLWIN, MO	US
S2-965299261	குஜராத் லாஜிஸ்டிக்ஸ் பிரைவேட் லிமிடெட்	Tamil Nadu, OLD NO56 3RD MAIN ROAD, KASTHURIBAI NAGAR ADYAR, CHENNAI CITY CORPORATION, CHENNAI, 40	India
S2-965431294	New Delhi Systems Private Ltd	M16, SECOND FLOOR, VEER SAVARKARMARG, LAJPAT NAGAR, LAJPAT NAGAR II, NEW DELHI, Delhi	India
S2-965648748	Summers,, Kalli (Service)	365 CAMINO AL BARRANCO, PMB 6209, LA SELVA BCH, CA	US
S2-96577363	Mr Classic Trading Private Ltd	BLOCK D-76 OFFICE NO. 7 & 8, SECTOR - 2, PLOT NO. - 2, PHASE - II, NERUL (WEST), NAVI MUMBAI, Maharashtra	India
S2-966141861	SEWELL  PEAK APOLLO	2238 1/2 JERICHO TURNPIKE, NY, NORTH HEMPSTEAD	US
S2-966386143	Imojean Bóyd Signature China Incorporated	WEST CHICAGO, 29W 270 Forest Ave, IL	US
S2-966500811	Dryden Innovative Fortunex LLC	TONTO BASIN, AZ, 198 Park Way Drive	US
S2-966536752	ASSOCIATED ENVIRONMENTAL-SYSTEMS	2324 44, OSHOKSH CITY, WI	US
S2-966551526	The Valley Sterling Intercontinental Partners	13119 72ND PL, BIXBY, OK	US
S2-967249485	INDUSTRIES VARDAN FRESH LIMITED	705, ANSAL VIKAS DEEP BUILDING LAXMI NAGAR DISTRICT CENTRE, VIKAS MARG, DELHI, दिल्ली	India
S2-967307623	സൂര്യ സ്കൈ ഇൻഫോടെക് പ്രൈവറ്റ് ലിമിറ്റഡ്	T C 2/1934 GRA 22KUMAR BHAVAN GOWREESAPATTOM PATTOM P O, TRIVANDRUM, PALAKKAD, Keralam	India
S2-967700098	The Elspeth Smith  Frontier Gsr LLC	379 FM 369, IOWA PARK, TX	US
S2-968059846	Sandhi Fashion Limited Private (India)	H.NO 3001 , RATNA PUNIT APARTMENT, STREET NO.8, MYLARGADDA, SEETHAPHALMANDI, SECUNDERAAD, Andhra Pradesh	India
S2-968498842	Lisa's Coffee	501-B AUGUSTA DR, WAUNAKEE, WI	US
S2-968652756	యూనివర్సల్ రియల్ ఇంటర్నేషనల్ ప్రైవేట్ లిమిటెడ్	#401, 8-3-231/W/9, YOUSUFGUDA, KHAIRATABAD, HYDERABAD, తెలంగాణ	India
S2-969072732	C-Scheme (india)-Limited Services	D/4, VIVEKANAND MARG, C-SCHEME, Rajasthan	India
S2-969110010	स्काई टेक्नोलॉजीज प्रा. लि.	8, 2ND FLOOR SECTOR 14, OPPOSITE KRISHAN MANDIR, KURUKSHETRA, KARNAL, हरियाणा	India
S2-96911602	Solutions Grace  Network	H.NO 4TH FLOOR, THE KODE BUILDING S.NO.134/1/38, C.T.S NO.2265 TO 2273 PASHAN BANER LINK ROAD, HAVELI, महाराष्ट्र	India
S2-969272795	[P.C.] 5i1ver Pinnacle Shreya	92 OGDEN FALLS BLVD, OSWEGO, IL	US
S2-969622354	Digital Logistics Digital Llc	5624. 104TH ST, OMAHA, NE	US
S2-969680747	Ars Limited Private Exports		India
S2-969880193	Jai Solutions Corp	H.NO 175 , 176 & 177, SWAMY AYYAPA SOCIETY, GUTTALA, BEGUMPET, KAVURI HILLS, SHAIKPET, Telangana	India
S2-970000048	Family (Group)	002735 WAGNER STREET, CINCINNATI, OH	US
S2-970066129	Wortham Sciengtifec LLC	CLAYBOURNE AVE, SOUTH SALT LAKE CITY, UT	US
S2-971391405	Planet  Traders Limited	ANKAMVETTI KAVALA, PUTHUPARIYARAM P.O, MANAKKADU, THODUPUZHA, THODUPUZHA, Kerala	India
S2-971544031	KJP FUTURECORP  PIEDMONT	1016 PRAIRIE SMOKE STREET, WAKE FOREST, NC	US
S2-971627134	Zee  Services		India
S2-971768566	साउथ डेवलपर्स प्राइवेट लिमिटेड	DELHI, दिल्ली, 913/17 CHOTTA CHIPPIWARA CHAWRI BAZAR, DOOR NO D/1 MELA RAM MARKET	India
S2-971775101	Equinox LLC	6055 TIMBER RIDGE DR, PROSPECT, KY	US
S2-971786365	dellysdata.com	316 BLACKBURN BAY DR, CITY OF VERONA, WI	US
S2-97191004	Agro Gwalior Resorts Ltd	D.NO 15-9-262, GOWLIGUDA, HYDERABAD, తెలంగాణ	India
S2-971942525	M/s Apex  C0nstructions Private Limited	B-7/31/1, BLOCK B-7 SAFDARJUNG ENCLAVE, DELHI, दिल्ली	India
S2-972346853	Laxmi കൺസൾട്ടിംഗ് Private Limited	13/288, 1ST FLOOR, IRUMBAN BUILDING, SREEKRISHNAPURAM (POST), PALAKKAD, <NULL>, കേരളം	India
S2-972355704	Twigg Oraall J. P.A.	4226 ELY AVENUE, BRONX, NY	US
S2-972431822	XDI Consulting Private	SHOP NO.2 RATANPURA NR AMBICAMATA MANDIR OPP SHIVKUSH NAGAR VASTRAL ROAD, AHMEDABAD, Gujarat	India
S2-972487412	Natassia's Cleaning Service Inc	818 STH 42, TOWN OF LIBERTY GROVE, WI	US
S2-972812415	मां सदर्न कंसल्टेंट्स प्राइवेट लिमिटेड	502 FORTUNE A LODHA PARADISE MAJIWADA, MUMBAI, THANE, Maharashtra	India
S2-972895314	Shri Royal Engineering  LLP	LEVEL - 2/3, ELEGANCE TOWER DISTRICT CENTER, JASOLA, NEW DELHI, Delhi	India
S2-973201092	Goshen Pediatric Dental Care Ássociates	1 HAMPTON HILLS DR, GOSHEN, NY	US
S2-973232185	Arora Business Private-Limited		India
S2-973316855	ഹൈ ശ്യാം ബിൽഡേഴ്സ് പ്രൈവറ്റ് ലിമിറ്റഡ്	KOZHIKODE, 62/1963/B12, KOZHIKODE, Kerala	India
S2-973618083	Cecelia  T. Smkeem, DDS	1626 Shady Cir, LEBANON, TN	US
S2-973829165	Triplett School Center	2600  CABIN CREEK ROAD, ALEXANDRIA CITY, VA	US
S2-974211708	Bombay Engineering പ്രൈവറ്റ് ലിമിറ്റഡ്	Kerala, BHAGAVATHI AYYATHU FORT PLAZA, BUILDING NO.A-541-A, PALAMEL, MAVELIKARA	India
S2-974253904	REAL INTERNATIONAL PRIVATE	B-45, VRINDAVAN APARTMENT, SECTOR-6, DWARKA, NEW DELHI, Delhi	India
S2-974530474	Temple Zn	145 GREMAR DRIVE, HOLLY SPRINGS, NC	US
S2-974533367	THE ZASOFT RAMACO LLC	CA, IRIS ST, CITY OF OXNARD	US
S2-974643076	PWP	OFFICE NO. 39, PUNE, Maharashtra	India
S2-974698805	Gonzalez Iintesatte Resilience LLC	519 NASHUA ROAD, EL PASO COUNTY, TX	US
S2-974735869	M/s My Foundation Pribiate Limited	PLOT NO-A-15A, NEW TOWNSHIP, FARIDABAD, हरियाणा	India
S2-974987008	M/s zeeservices.com - 5378642959	PLOT NO. 1599, GROUND FLOOR SECTOR - 82, MOHALI, Punjab	India
S2-975293667	Dermatology National Center Ltd	303 Main Street, HANOVER, ME	US
S2-975535993	Environmental Council Care Corp		US
S2-975673504	Kaup  Alpex Inc	3641 1/2 ELDER OAKS BOULEVARD, BOWIE, MD	US
S2-976236968	Cancer Guhid Inc	##2402 93RD TRAIL, BROOKLYN PARK, MN	US
S2-976577942	Envaon Sui Inc	83482 STATE HIGHWAY 11, WAKITA, OK	US
S2-976668697	साउथ डेवलपर्स प्राइवेट लिमिटेड	NO D/1 MELA RAM MARKET, 913/17 CHOTTA CHIPPIWARA CHAWRI BAZAR, DELHI	India
S2-977274062	MIRA TURCIOS  ROYAL	KENNETH COURT, OKEANA, OH	US
S2-977668308	DESIGN GRAND DOE	0453 Hite St, MORGANOTWN CDP, WV	US
S2-977720807	Drayial-Irenic Inc	911 THIRD ST, TACOMA, WA	US
S2-977759409	*** #pediatricmedicine	87-59 86 SAINT, NY, WOODHAVEN	US
S2-977811485	MOSELEY METRO	OH, 2368 ANSLEY STREET, ALLIANCE	US
S2-97782342	hopkinshorizonbluerock.com	OH, CINCINNATI, PMB 2585, 2468 DOWNING DRIVE	US
S2-978157066	Federal Payment	8853 AHMED AVENUE, ELK GROVE, CA	US
S2-978171371	FEDERAL-FLOATING	AR, 20 TERRY AVE, SPRINGDALE	US
S2-978192362	Dovaxylo	NC, 935 3TH AVE, HICKORY	US
S2-978565028	Harmony & Sons Cómpany		India
S2-978640932	Pedrosa Resource, Incorporated	51 FAIRVIEW AVENUE, WEST SPRINGFIELD, MA	US
S2-978727978	Plumbers Local Inc. (Services)		US
S2-978877003	FLYINGCOMPANIES.COM	NO 7 GANESH CHANDRA AVENUEP.S. BOWBAZAR, KOL, পশ্চিমবঙ্গ	India
S2-978971631	UX-GLOBAL	J-1955, NEW DELHI, CHITTRANJAN PARK, Delhi	India
S2-979081504	Alpha Lotus Consulting Prívate Limited	0058, FLOOR-1, WORLD TRADE CENTRE, SADHU T L VASWANI MARG, CUFFE PARADE, MUMBAI, Maharashtra	India
S2-979134871	Esteem  Trust	DOOR NO 2 KAIBARTAPARA BABURANI PARA PART BHATAPADA JAGADDAL, PARGANAS NORTH, West Bengal	India
S2-979148634	York Spasipsee	875 SPRUCE STRET, WAUKEE, IA	US
S2-979287320	ONCOLOGY ÁSSOCIATES LLC	310 IRIS DR, SIERRA VISTA, AZ	US
S2-979310766	WYQ Services Pvt Limited Limited	380 ASWINI DUTTA NAGARHINDMOTOR, HOOGHLY, West Bengal	India
S2-979694849	COLUMBUS VISION CUSTOM PHYSICIANS - 7961045830	OH, 5357  BRANSCOM BLVD, COLUMBUS	US
S2-980198703	Golden-Yoga	4029 OLYMPIC WAY, SALT LAKE CITY, UT	US
S2-980284676	ഗുഡ് ഐടി പ്രൈവറ്റ് ലിമിറ്റഡ്	NO 7/33 D, KOZHIKODE, Keralam	India
S2-980807298	Raj Consultancy	KRM PLAZA, REGUS NO.2, HARRINGTON ROAD. CHOTPET, 8TH FLOOR, CHENNAI, Tamil Nadu	India
S2-981531199	M/s Ss Construction Privte Limited	#904 , 'A' WNIG, PRISTINE FONTANA BUILDING S. NO. 22, BEHIND MARATHA MANDIR, BAVDHA, N KHURD, PUNE, Maharashtra	India
S2-981704816	fea inc	00124 Eve Street, NEVADA, TX	US
S2-981952661	Vava Vava Stocne	17607 24TH AVENUE COURT, TACOMA, WA	US
S2-982074734	Legacy Staffing Partners [Ltd]	32-36 DEERFIELD LANE, MONRROE, CT	US
S2-982615303	mutualeducationconcepts.com	78 DUTCH HOLLOW DRIVE, ORANGETOWN, NY	US
S2-982780815	partnersrockford.com	ROCKFORD, IL, Grant Ave	US
S2-98296923	Primary Care Medicine P.L.L.C.	#1487 11B, DICKINSON, NY	US
S2-983301727	mcgee platinum signs llc	459C GENERAL KERSHAW DRIVE, OLD HICKORY, TN	US
S2-983379341	Machinists Local 697 LLC	120-D JACKSON ST, GREENFIELD TOWNNSHIP, IA	US
S2-983479632	METROPOLITAN FUND	108 LAVAL ST, WATERBURY, CT	US
S2-983594036	Ltd Keya Pvt Services	NO 470 MARVEL CASCADA, PUNE, Maharashtra	India
S2-984226971	Taylor Harbor Partners		US
S2-984236088	Tapia Custom Co Services	4417 1/2 20, DEVILS LAKE, ND	US
S2-984365715	Uptown Deli (ID: 25990)	7231. LORALEA DR, HANOVER COUNTY, VA	US
S2-984571934	Fidela's Seafood Partners	7367  CENTRAL AVE, HIGHLAND, CA	US
S2-984857463	Taraesh Products Limited		India
S2-98487827	Cornerstone Aofposacce Ventures LLC	47 Elizabeth Street, NEW HAVEN, CT	US
S2-985065420	THANE OPTION CORP	OFFICE NO 208, KAMDHENU 23 WEST, PI -A-10/2, A-11, MITHANE, THANE, NAVI MUMBAI, THANE, Maharashtra	India
S2-985193882	Niranjan Apparels Pvt. Ltd	NO.143, 3RD MAIN, AVALAHALLI, BDA LAYOUT, BSK 3RD STAGE, BANGALORE, BANGALORE SOUTH, ಕರ್ನಾಟಕ	India
S2-985326144	macgregor biracilik associates	2481 ELIZABETH ANN LN, ATLANTA, GA	US
S2-98583414	V 5 D  Collective	OH, 2651 CREEKWOOD CIRCLE, MORAINE	US
S2-986102204	PRIME  LLC SERVICES	##6089 FORK HWY, CABINS, WV	US
S2-986399192	ସ୍କାଇ ସଲ୍ୟୁସନ୍ସ୍ ପ୍ରାଇଭେଟ୍ ଲିମିଟେଡ୍	ROOM NO. TI 109, FTBI, NIT, SUNDERGARH, SUNDARGARH, Odisha	India
S2-986420260	Nodyne	45  ASHINGTON LN, NASHVILLE, TN	US
S2-986623822	OQ Purpose Co.	H.NO 87 D-7, PHASE III GARDEN HOMES ALKAPURI, GWALIOR, Madhya Pradesh	India
S2-986705579	UNITED CHARTER SCHOOL CORP		US
S2-986946240	oqservices.com	5/8AJMAL KHAN ROAD KAROL BAGH, NEW DELHI, CENTRAL DELHI, Delhi	India
S2-98733305	Shri Raj Foods Pvt Limited	PLOT 416 611, RATNANJALI SQUARE, NR. GLORIYA RESTAURANT, AHMADABAD CITY, Gujarat	India
S2-987682612	ST BIOTECH PUBLIC LIMITED	101 GROUND FLOOR PLOT NUMBER B7 DEV PARI SHOPPING PLAZA NEAR NTPC GATE NUMBER 3 BADARPUR, NEW DELHI, Delhi	India
S2-987807449	PLEMMONS PATTANA INCORPORATED	AL, BUTLER ROAD, ALBASTER	US
S2-987905400	689 Mountain Mountain View	4112 MAPLE STREET, WEST DES MOINES, IA	US
S2-987962635	Interstate Alibaba Incorporated	407 CENTER ST, MERIDEN CITY, CT	US
S2-988032991	SOLUTIONSAECONSTRUCTION.COM	OFFICE NO. 0506, AKSHAR SQUARE, NEAR PAGE ONE HOTEL, SANDESH PRESS ROAD, VASTRAPUR, AHMADABAD CITY, Gujarat	India
S2-988085664	WEST CLEAN JOHNSON	12839 1/2 MILL ROAD, FREDERICKSBUR GCDP, VA	US
S2-988150592	DIGITAL LOGISTICS DÍGITAL LLC #34572	5624. 104TH STREET, OMAHA, NE	US
S2-988201646	Choice Investment  Technologies	12015 182ND AVE, BRISTOL, WI	US
S2-988216360	rudraindiaenergy.com	274 , 27TH MAIN, 15TH CROSS, HSR LAYOUT - 1ST SECTOR, BANGALORE SOUTH, ಕರ್ನಾಟಕ	India
S2-988324866	premierkeystonepacific.com	41 BULFINCH ST, LYNN, MA	US
S2-988482740	Perl Wilson, CPA,	3537 RAINBOW BLVD, KANSAS CITY, KS	US
S2-988534810	FARICA PARRA SECURE FIDELITY CORP	1031 Yosemite Ave, MERCEED, CA	US
S2-988829431	திருப்பதி இன்ஃப்ராஸ்ட்ரக்சர் பிரைவேட் லிமிடெட்	233/6/52F, ARUMUGAM STREET, DHARMAPURI, Tamil Nadu	India
S2-98886752	Pvt Macro Sakri Ltd	371, YAVATMAL, Maharashtra	India
S2-989014134	Pediatric Detnial Health LLC	101 YORK STREET, ELMHURST, IL	US
S2-989068026	ಗುರು ಸರ್ವಿಸಸ್ ಪ್ರೈವೇಟ್ ಲಿಮಿಟೆಡ್	BLOCK E-71 18, RAMASHREE ARCADEII FLOOR, M.G. ROAD, BANGALORE, ಕರ್ನಾಟಕ	India
S2-989076315	CAPITAL TITAN CORP	0545 York St, VALLEJO, CA	US
S2-989163903	Ortega  Ventures LLC	201A MONTANA WELLS RD, RIO RANCHO, NM	US
S2-989352271	LLC Keify Premier Machines	615 MAIN SAINT, WHITEWATER, KS	US
S2-989446757	Rk Ptocuts Limited	PL.NO.9, SY.NO.17, 2 FLOOR, HIMAGIRINAGAR, GANDHAMGUDA, RAJENDRA NAGAR, Telangana	India
S2-989572336	The Pacific Guild LLC	3405 TRYON ST, CHARLOTTE, NC	US
S2-989942045	Majestic  Center	B-111, SUMEL BUSINESS PARK 7, NEAR SONI NI CHALI, RAKHIAL ROAD, AHMADABAD CITY, Gujarat	India
S2-990185516	GATIMAN-LAW CHMBERS LIMITED	H.NO.-9-69/5, POLICE LINE ROAD, ALBONY LODGE, उत्तर प्रदेश	India
S2-99032502	QON-Osprey	1421 KENSINGTON BVLD, BOWLING  GREEN CITY, OH	US
S2-990847867	VOP  Etf	104 ASHWOOD RD, PO BOX 5197, PRINCE EDWARD COUNTY, VA	US
S2-991085653	cranfordmitchell.com	904 LAKESHORE DRIVE, KELLEYS ISLAND, OH	US
S2-991227428	Ash1ey Íii	UNION AVENUE, PMB 9085, LAKEWOOD, WA	US
S2-991923139	WILLIAMS-COMPANIES	112 STONER DRIVE, MECHANICSBURG, PA	US
S2-991925876	Cecile M. Roberts,	196 RESERVOIR AVE, WESTFIELD, MA	US
S2-991992397	ନର୍ଥ ବିଲଡର୍ସ୍ ଲିମିଟେଡ୍	MARKET BUILDING, KENDRAPARA, Odisha	India
S2-992160407	Benett, Coralyn Northland Center	151 SEVENTH ST, OYSTER BAY, NY	US
S2-992163939	Value Telecom Gtobal	6505 1/2 LITTLE DOVE DR, PO BOX 1187, PINE BLUFF, AR	US
S2-992251572	Brown, Rivera & Amador Allocation Partners Ltd	16 113TH STREET, CHICAGO, IL	US
S2-992285252	Highland [Charities]	77 MONTAUK HWY, BLUE POINT, NY	US
S2-992350911	VOLK LABS, FIRST LLC (ID: 31144)	261 29TH PL, TULSA, OK	US
S2-992497532	Patino Capital of Winston-salem LLC	NC, WINSTON-SALEM, 2007 FRONTIS PLAZA BOULEVARD	US
S2-992532092	भारत फूड प्राइवेट लिमिटेड	H.NO 701, MULUND (E), MUMBAI, Maharashtra	India
S2-992565768	Smt KPR INFO PRIVATE LIMITED	4524/2 , PHASE IV, GIDC ESTATE, MEMDABAD ROAD, DASKROI, Gujarat	India
S2-993240138	તિરુપતિ માર્કેટિંગ પ્રા. લિ.	PLOT-ES0014, 14/1, 15, 15/1, 16, ELECTRONIC EST GIDC SEC26, GANDHI NAGAR, GANDHINAGAR, ગુજરાત	India
S2-993498227	बिग हेल्थकेयर प्राइवेट लिमिटेड	6-3RD FLOOR OFFICE NO 300 GALORE TECH, SURVEY NO 22 HISSA NO 2 1 3 1 4 1 1 BAVDHAN KHURD, PUNE CITY, PUNE, महाराष्ट्र	India
S2-99354847	A Crystal Credit Inc	00553 PAR DRIVE, MARION, AR	US
S2-993633388	Red Seafood, Ínc	312 COLLEGE SAINT, COVINGTON, TN	US
S2-993695809	Complete Total Flag L.L.C.	PMB 4919, SCHAUMBURG, IL, #800 DIGHTON LN	US
S2-993815983	The Northern Hamilton Inc	NEW PHILADELPHIA, OH, 146 TWELFTH ST	US
S2-993830432	UROLOGY CARE ASSOCIATES LTD	4851C KOKOMO DRIVE, SACRAMENTO, CA	US
S2-99386463	Creative Fortune Construction  Private	H.NO #5 SULTANPURESTATE MEHRAULI, NEW DELHI, दिल्ली	India
S2-994144235	Human  Rights Institute	AL, 1961-A WOODRIDGE ROAD, TUSCALOOSA	US
S2-994168459	Capital Group PC	0927 WILLOW SPRINGS DR, LYNDON, KY	US
S2-994370228	Surat  City Pharmaceutical Private Limited	H.NO. 12/837 GR. FLOOR, BHAVNAGRI SHERI, SURAT CITY, Gujarat	India
S2-99444040	जैन लॉजिस्टिक्स लिमिटेड	SHOP NO-13, SURVEY NO-690/1 PURANDHAR CO-OP HOUSING SOCIETY, MAHARSHI, NAGAR, PUNE, POONA, Maharashtra	India
S2-994459155	CEDILLO OCEANHAWK CORPORATION	COTTONWOOD ST, PMB 5070, KETCHUM CDP, ID	US
S2-994491779	Limited Span Measaia	D- 298, C-4 , JANAK PURI, NEW DELHI, Delhi	India
S2-994664828	EXIM MARKETING PRIVATE	NO. 25, 1ST FLOOR, 4TH MAIN ROAD, INBETWEEN 2ND & 3RD CROSS, CHAMARAJPET, BANGALORE, Karnataka	India
S2-994700759	>> Foot & Ankle Clinic Inc.	##9 BLUE WATER CIR, SACRAMENTO, CA	US
S2-994802710	Brown Veterinary	TX, HOUSTON, 310 ELLA BOULEVARD	US
S2-994846618	Hawkins, Overstreet & Cantrell Copley	COTTNOWOOD, AL, 249 TRAPPER RIDGE	US
S2-995667092	twisted auto body llc	Yorkshire St, FT WORTH, TX	US
S2-995836248	Sanchez Lending	MILLERS WAY, IL, ORLAND PARK	US
S2-995896315	LT Saree	DOOR NO 22/1 T.B ROD, BHARATHIDASAN SALAI, MADURAI, <NULL>, Tamil Nadu	India
S2-996457755	URGENT CARE PARTNERS CORP SERVICES	3771 PALOMA DRIVE, VENTURA, CA	US
S2-996620656	Delhi Communications Pvt. Ltd.	NO 652 FIRST FLOOR PHATAK DUPTY SULTAN CHURIWALAN, DELHI, दिल्ली	India
S2-996643096	Precision National Central	DOVES YARD, MISSOURI CITY, TX	US
S2-997623076	Certified Security	0738 UNIVERSITY WAY, ELLENSBURG, WA	US
S2-997750951	Fide1a's-Elite	7367  CENTRAL AVENUE, HIGHLAND, CA	US
S2-997756846	Harbor Féderation	511 CEDAR SHREET, OTTAWA, KS	US
S2-99777232	Ballou, Sorum and Matos Services		US
S2-997826504	Patino Capital of Center	2007 FRONTIS PLAZA BLVD, WINSTON-SALEM, NC	US
S2-997838077	B0GLE ÍNVESTMENTS LLC	2209 CARONIA ST, CHARLOTTE, NC	US
S2-997924870	Kent Límíted LLC	4678 HARLEM ROAD, AMHERST, NY	US
S2-997975063	Dr Green  Developers Private Limited	DOOR NO 04B , FIRST FLOOR, CHOKKALINGANAGAR MAIN RD, MADURAI SOUTH, Tamil Nadu	India
S2-998213271	PRIVATE ACE TECH TECH LIMITED	Delhi, WEST DELHI, 8, NEW DELHI	India
S2-998229517	Private lnfra Cybernet Estates Limited	D/1247/8, FARIDABAD, हरियाणा	India
S2-998258833	Arrow Media Private	#1ST- & 2ND FLOOR NO, 4, THIMMAIAH ROAD, QUEENS ROAD CROSS, NEAR CONGRESS COMMITTE, BANGALORE, Karnataka	India
S2-99840220	Iso Prívate Limited Service	R.S.NO.366/1-B, EAST STREET, THIRUVALANZULI, Tamil Nadu	India
S2-998420561	India Tethys Convention [Limited]	KADIR LODGE, BAZAR STREET, SATHYAMANGALAM, தமிழ்நாடு	India
S2-998792549	THE  E 2 P WEN CENTER	15001 ASHWOOD CIRCLE, HUNTSVILLE CDP, AL	US
S2-998866703	Bharat Enxhrs Pvt Ltd	401SRIVENKATESWARAENCLAV, ROAD NO. 10/B, MANIKONDA, RANGARDEDY, Telangana	India
S2-998916192	>> Edita Majewski LLC Center	351 PAXTON RD, GALLLIPOLIS, OH	US
S2-999281875	Lyra Fast Inc.	25210B MIRRORMONT BOULEVARD, ISSAQUAH, WA	US
S2-99948078	RIDGE  MONTESSORI SOLO	15588 MERRILL AVE, FONTANA, CA	US
