source1_entity_id	matched_entity_ids
S1-100399179	S2-259915755,S2-943289934
S1-100511071	S2-510160152,S2-166791746,S2-63397266,S2-849740048,S3-350589366,S3-376271072,S3-309177259
S1-100953104	S2-614827638,S3-694515315,S3-68682399
S1-101762377	
S1-102539463	S2-699297849,S2-785887849,S2-715944218
S1-103306793	S2-844623850,S2-186650811,S3-658852159,S3-569625706
S1-103669468	S2-342909868,S2-556210403
S1-104386090	S2-388805055,S2-29513677,S2-646930594,S2-102248549,S3-859252463,S3-543585520,S3-638742530
S1-104517174	S2-531821661,S3-371987795,S3-415046644,S3-257664045,S3-390756099,S3-284039613
S1-104594645	S2-167074341,S2-418022881,S2-877144844,S3-369438690,S3-337212539
S1-104820451	S2-502003054,S2-438218609,S3-544880688,S3-752521487
S1-104944987	S2-695186971
S1-105559761	S3-747716918
S1-105693693	S2-475463708,S3-177253480,S3-682251820
S1-105750285	S2-834304222,S3-889821947,S3-346467789
S1-10580196	S2-806153030,S2-34357118,S3-736117903,S3-449154622
S1-106138150	S2-215477233,S2-421304860
S1-106307602	S2-559719590,S2-928217474,S3-721394838
S1-106898123	S2-337451042,S3-775048482,S3-788080675
S1-106966123	S2-236522713,S2-224711873,S2-278888692,S2-619602212,S3-560100668
S1-107296667	S2-768452898,S2-771379814,S2-983379341,S2-158694816,S3-656145404,S3-175933599,S3-39554913,S3-899343587,S3-310967004
S1-10745149	S2-785654979,S2-126801931,S3-283050562
S1-107757375	S2-727159296,S2-86369149,S3-233500525,S3-153974761
S1-10802286	S2-947156719,S2-439059133,S2-42078860,S2-190163962,S3-455820655,S3-35273010,S3-624125246
S1-108573058	S3-775817300
S1-108709725	S2-28595597,S3-516453835,S3-784763723
S1-108874063	S2-345654753,S2-411979603,S3-822665668,S3-966135739
S1-109396190	S2-498322747,S2-842970431,S3-486283136,S3-998513627,S3-990886801,S3-791205322
S1-109450074	S2-590754336,S3-805634465
S1-109666175	S2-523332136,S3-918679344
S1-110461692	S2-684753990,S3-718438375,S3-278546901,S3-95025438,S3-491672015
S1-111004357	S3-54424857,S3-366986772
S1-111609632	S2-888013388,S2-249853706,S2-233376985,S2-260618466,S3-652613333,S3-559612665
S1-111617836	S2-90219465,S3-487418026,S3-710291475
S1-11200670	S2-177604414,S2-25447874,S2-738200287,S2-369084871,S3-71207220,S3-244281758
S1-112265255	S2-670618631,S2-133822814,S3-72154396,S3-798571116
S1-112604796	S2-26445198,S2-893011827,S3-671340387,S3-267260919
S1-112998882	S2-683423806,S2-117547978,S3-107221991,S3-650253746,S3-864464833
S1-113800133	S2-938775996,S2-358248714,S2-133718192,S3-517692803,S3-420816204,S3-221466509
S1-113906569	S2-219333879
S1-113946951	S2-444058342,S2-743654809,S2-147442636,S3-270274320,S3-865998876
S1-114032603	S3-337381470
S1-114144410	S2-46323170,S3-980141555,S3-281576467
S1-114307063	S2-345419606,S3-886699862
S1-114346855	S2-484487270,S2-140642556,S3-138734399
S1-11510001	S3-446043486,S3-618003271
S1-115178263	S2-795820235,S2-366745531,S3-400700085
S1-115854912	S2-410537182,S2-200246023,S3-987504231,S3-762776331,S3-854670162,S3-189521913
S1-115957309	S2-310514898,S3-623134313
S1-116176160	S2-761464090,S3-61168343
S1-116177	S2-4050615,S2-802463380
S1-116338782	
S1-116838967	S2-730916708
S1-116900265	S2-598829388,S2-12457390,S3-289546062,S3-252944210,S3-41270146
S1-117047297	S2-72804007,S3-782456081,S3-436977034,S3-123086714
S1-117048649	S2-147952313,S2-167153547,S3-962136230
S1-117321831	S2-229268750,S2-822044097,S2-352623382,S3-715615431
S1-117584702	S2-516163035,S2-806717103,S3-751379420,S3-912101830,S3-762948763
S1-118144180	S2-481800300,S2-421992766,S2-229651499,S2-132861814,S3-879016721
S1-118462061	S3-239292076,S3-666745229,S3-250239332
S1-118477314	S2-987962635,S3-462395734,S3-408585017
S1-118502154	S2-570840006,S2-84462712,S2-576729383,S2-315738138,S3-592354415,S3-896803713
S1-118773253	S2-991085653,S3-76154686,S3-71499084,S3-106858818
S1-118784559	S2-675014776,S2-198690304,S2-543265573,S3-210918980,S3-895920986,S3-893116809
S1-119008218	S2-574746488,S3-169664067
S1-119033930	S2-218144725,S3-745743078,S3-45249084
S1-119666499	
S1-12075135	S2-886461076
S1-120775250	S2-105058030,S2-891203438,S2-352607441,S2-459038369,S3-658260238,S3-61217742,S3-738328936
S1-12093078	S2-510120358,S3-144338647,S3-371745608,S3-820452052
S1-121009264	S2-931622017,S3-251642036,S3-916603689,S3-911794354
S1-121332262	S3-226620680,S3-327152351,S3-148053658
S1-121717159	S2-581361414,S3-234375408,S3-975316492
S1-121818990	S2-447582427,S3-711156558,S3-695886444
S1-121953695	S2-692938791,S3-43602801,S3-275077561,S3-89218331
S1-12240557	S2-262548013,S3-454073329
S1-123130491	S2-721029678,S3-809459492
S1-123330682	S2-8518609,S2-152311009,S3-289481789,S3-786618059,S3-465098617
S1-123375455	S2-120518207,S2-616889820,S2-320934823,S2-683555989,S3-143214262,S3-886005244,S3-700902829
S1-123555068	S3-812637249,S3-645148460,S3-741682529
S1-123636921	S2-199346578,S2-132285992,S3-156243891
S1-123862687	S2-978640932,S2-248918679,S3-754096613,S3-425576510
S1-124236812	S2-572147159,S3-453970550,S3-200303827,S3-583669966
S1-124237025	S2-177380889
S1-124461485	S2-152971069,S2-287705183,S2-956285839,S2-223735303,S3-610687054
S1-124664286	
S1-125627390	S2-209176813,S3-641376499,S3-634832082
S1-125905322	S2-500847490,S2-511784550,S2-766959067,S3-994766010,S3-229436504,S3-998610575,S3-889904422
S1-126022071	S2-689638893,S2-256743409,S2-75132969,S3-285643585,S3-41744905
S1-126290320	S2-95966533,S3-364308234
S1-128032366	S2-988150592,S2-969622354,S3-14291072,S3-881433976,S3-786261969
S1-128350097	S2-522197637,S2-928954639,S2-121897499,S2-268413508,S3-171876122,S3-541751359,S3-789545794
S1-128595370	S2-995896315,S2-530154398,S2-42528949,S3-505407504
S1-128777239	S2-541493234,S3-597241168,S3-812276599
S1-129391126	S2-925076068,S2-201054206,S3-667305692,S3-597384503
S1-129985911	
S1-130345826	S2-248029871,S3-645038980,S3-46003470
S1-130957177	S2-408866262,S3-506259467,S3-585852181,S3-923212746,S3-537445841
S1-13194029	S2-876893786,S2-224561182,S3-777046737
S1-132449362	S2-737533548,S3-740677107,S3-417150594,S3-890956063,S3-43403457,S3-199994911,S3-953333893
S1-132586451	S2-722956795,S3-966071880
S1-132912629	S2-120490083,S2-621165917,S3-78696606
S1-133050338	S2-210899844,S2-978171371,S3-491438751,S3-283192436,S3-604998008
S1-133393847	S2-134940740,S2-246996991,S2-199161930,S2-783421333,S2-812047498,S3-967600497,S3-79161126
S1-133479118	S2-922712876,S3-709185163,S3-602673612,S3-493415409,S3-403644134
S1-133571899	S2-46380040,S3-394603475,S3-613068215,S3-242870199
S1-133902932	S2-763470160,S3-743717620,S3-702219540,S3-323523450
S1-133908979	S2-689997891,S3-815188606,S3-22321313,S3-604350729,S3-468508289,S3-218053805
S1-134316565	S2-970066129,S2-508663879,S2-432217514,S3-959370295,S3-25969919,S3-195558906
S1-13511214	S2-25215681,S2-388063934,S2-677020800,S2-180119584,S3-715968332
S1-135222686	S2-796039826,S2-678124351,S3-627844153,S3-581491729
S1-135251474	S2-29839348,S2-181184985,S3-924378606,S3-428216887,S3-559960795
S1-135636981	
S1-136157050	S2-990847867,S2-50574296,S3-413960506,S3-232692325,S3-480686306,S3-763267856,S3-791994794
S1-136645993	S2-969110010,S2-726380708,S3-457562215,S3-285756860,S3-702966733,S3-872820774
S1-136933096	S2-866518535,S2-398021126,S2-207870499,S3-417307748,S3-83826747
S1-13756671	S2-80091544
S1-137573948	S3-676771052
S1-138006264	S2-777383258,S3-114725247,S3-938908672
S1-138256304	S2-653413228,S3-179719493,S3-153517200
S1-138351920	S2-537264428,S2-807475812,S2-128273531,S3-569863137,S3-965010941,S3-820323500
S1-138353866	S2-475615069,S2-453666489,S3-899269237
S1-138419700	S2-526773465,S2-514031004,S2-560002132,S3-245145629
S1-139000701	S2-338354439,S3-920027285,S3-437426916,S3-12050249
S1-139063364	S2-110042743,S3-162878027
S1-139235239	S2-145520211,S2-505101886,S2-980807298,S3-105717819,S3-32591577
S1-139401572	S2-546649066,S2-4195066,S3-298983021,S3-950867925,S3-741971330
S1-139619805	S2-800233585,S2-307706648,S2-61253037,S3-924358017,S3-103564473,S3-320100714
S1-139707378	S2-504459617,S2-733469786,S3-116690744
S1-13979681	S2-667437916,S3-182961272,S3-582970491,S3-224700639,S3-370107246
S1-139998995	S2-851576052,S2-176688481,S3-692303561,S3-68347334,S3-241913054,S3-220594416
S1-140018104	S2-929451855,S3-732621261,S3-182249565
S1-140176981	S2-603186246
S1-140546152	S2-66500934
S1-140655586	S2-251037086,S2-60875597,S2-502706205,S3-693134020
S1-140915305	S3-131579096,S3-922634740
S1-141683936	S2-815837877,S2-885574157,S2-51704406,S3-575536882,S3-609656929,S3-550874191,S3-639365964
S1-141784862	S2-442397226,S3-483398348
S1-14181542	S2-909656388,S3-777577489,S3-361173159
S1-141941354	S2-74007998,S2-307833066
S1-142161944	
S1-142228333	S2-439610554,S2-667799453,S3-499510425
S1-142550690	S2-978565028,S3-972100558
S1-142553519	S2-852633529,S2-617761847,S3-362159465,S3-445970061
S1-142832040	S2-154782356,S2-833795478,S2-716794091,S3-845174745,S3-593700131
S1-143155407	S2-22369935,S3-786734092,S3-299386778,S3-784386525,S3-662478950
S1-144223421	S3-277737449,S3-843705653
S1-144296491	S2-714151888,S2-59914339,S3-690290511
S1-144329304	
S1-144406637	S2-210284764,S2-102942862,S3-711709706,S3-299831760
S1-144525073	S2-776849644,S3-162022375
S1-144659903	S2-481459118,S2-975293667,S2-745659713,S2-268329963,S3-113686227
S1-144726395	S2-134005632,S2-957609289
S1-144748187	S2-921645598
S1-14503478	S2-160246266,S2-296181512,S3-563331909
S1-14516084	S2-134650115,S2-122537832,S2-318969298,S3-342694025
S1-145276542	S2-593468467,S2-45513845,S3-185468998
S1-145480834	S2-388087152,S2-178832093,S3-234070776
S1-145485432	S2-13808676,S2-634532139,S2-488475367,S3-363174297,S3-546652758
S1-145490067	S2-542369725,S2-386430024,S3-230421305,S3-345085995
S1-145562720	S2-206802660,S2-428458146,S2-649199587,S3-172008014,S3-753207574
S1-146140598	S2-951798784
S1-146307722	S2-453490122,S2-930249454,S2-13478272,S3-444817997,S3-240124568,S3-937946101
S1-146312018	S2-80272729,S2-674092319,S2-33125209,S2-903060443,S3-800549082
S1-146795545	S2-146819157,S3-962706095
S1-146798100	S2-924640867,S3-690033740,S3-37279591
S1-147212186	S2-848918368
S1-14722979	S2-437471800,S3-432068849
S1-147273928	S2-960097149,S2-488233906,S3-661464306
S1-147366289	S2-142141403,S3-891208668,S3-545912885
S1-147967017	S2-890026668,S2-326401989,S3-454848985
S1-148055400	S2-791622996,S2-690533894,S3-220732265
S1-148320332	S2-334699467
S1-148546092	
S1-149175191	S2-655306966,S3-4580463
S1-149498539	S2-655294221,S2-152497146,S2-141460586,S3-860918447
S1-149615573	S2-853942812,S2-434738293,S2-755076324,S3-67895914,S3-999522480,S3-490096245
S1-149756625	
S1-149898575	S2-219498817,S2-887657633,S3-933183664
S1-150089224	S2-949724056,S3-655070981,S3-400790586
S1-150792804	
S1-151025970	S2-525784164,S3-346135097
S1-15105893	S2-331353744,S3-902049188,S3-186654634
S1-15133345	S2-759531304,S2-363951325,S2-534878690,S3-82383033,S3-606761254,S3-292732657
S1-151798010	S2-548106148,S3-341328731,S3-702172369,S3-226465878
S1-152016818	S2-493903024,S3-922469770,S3-931037016
S1-152106212	S3-251485763,S3-314676892
S1-152672519	S2-40333680,S3-381544741,S3-983010097,S3-881927691,S3-844891644
S1-152731297	S2-377938746,S2-493051152,S2-902844225,S3-399978436,S3-641648111,S3-891372463
S1-152751171	S2-732682077,S2-161955181,S2-139797065,S3-565867187,S3-470852070
S1-152896439	S2-378446158,S2-783176260,S3-929764787
S1-153485613	S2-392610613,S2-459338571
S1-153594731	S2-209658522,S2-499747271,S3-677554199,S3-465972250,S3-461953148
S1-153609913	S2-355579218,S2-463135355,S3-292098750,S3-221664304,S3-509638887
S1-15403568	
S1-154167572	S2-729527194,S3-922448418
S1-154182001	S2-253314738,S2-230033349,S2-247485274,S2-818625585,S3-441084163
S1-154854825	S2-535646005,S3-279281452,S3-906774224
S1-155033161	S2-740918574,S2-108148444,S3-380699791,S3-758241684,S3-347575702
S1-155344653	S2-642219787,S3-497839388
S1-155365106	S2-582301410,S3-493403891
S1-155714047	S2-944837170,S3-870561286,S3-569030469
S1-15576435	S3-56400796,S3-127354316,S3-666528741,S3-595733963
S1-155799136	S2-639934596,S2-456416966,S2-810027578,S3-344150764,S3-952412839
S1-155840225	S2-640883675,S3-523530588,S3-430146803,S3-531151141,S3-45917131,S3-115915832
S1-156341291	S2-574747249,S2-526900093,S3-723440682
S1-157030035	S2-202498493,S2-735129969,S2-509426356,S3-42841321
S1-157075971	S2-88445784,S2-211121716,S3-308729184
S1-157731220	S2-755819310,S3-34073840,S3-235867354,S3-55984273
S1-157863931	S2-420331928,S2-383138470,S3-896507352
S1-158009900	S2-16329366,S3-151739011,S3-686861456,S3-125070393
S1-158196518	S2-196432798,S3-657814078,S3-277676897,S3-111013241
S1-158409228	S2-591929534,S2-289636573,S2-438243225,S2-935677414,S3-241428461,S3-882252107,S3-286244424,S3-286615172
S1-158534901	
S1-158753049	S2-350396364,S2-787565878,S2-988324866,S2-604264016,S3-620804920,S3-460996033
S1-159104980	S2-779507242,S3-216175149
S1-159431942	S2-499432564,S2-488837006
S1-159641046	S2-264454826,S3-471339326,S3-589342278
S1-159745385	S2-889809619,S3-559842015,S3-127715999
S1-159871837	
S1-159913926	S2-348187600,S3-570652341,S3-655188335
S1-160393706	S2-869711874,S3-534513182,S3-528894740
S1-160812869	S2-77516376,S3-108068657,S3-842837153
S1-161473715	S2-240837558,S3-618499123
S1-161921922	S2-613834773,S2-754877481,S3-4015217,S3-311440245
S1-162026563	S2-959772331,S3-137486842,S3-291064210
S1-1621510	S2-40677644,S2-314337419,S3-434940063,S3-893005957
S1-162510200	S2-224165014,S3-377042153,S3-27927131,S3-846986651
S1-162947724	S2-747629538,S2-88504976,S3-628934622
S1-163249957	S2-31859358,S3-317047386,S3-404613688,S3-869674570
S1-163908522	S2-614456505,S2-593284431,S3-190809662,S3-812887478
S1-164081713	S2-86251493,S2-320022558,S2-900805264,S2-353412345,S2-940155859,S3-947621347,S3-293482044
S1-164236538	S2-372227455,S3-12262859,S3-288089967
S1-164245960	S2-520191875,S2-545777853,S3-153532515
S1-164586919	S2-196833241,S2-863806703,S2-792014671,S3-311020666
S1-164615504	S3-852534575
S1-164960342	S2-27940112,S2-109787201,S2-957786221,S3-750010337,S3-981760309
S1-165492357	S2-382173035,S3-11233050,S3-761805529
S1-165879099	S2-327347383,S2-400493204,S3-225128055,S3-441779672
S1-166141123	
S1-166187937	S2-723136052,S2-455371513,S3-225490877,S3-524857219,S3-808000666,S3-850800755
S1-166440928	S2-157507310,S2-696672788,S3-212466187
S1-166567943	S2-784068694,S3-673342043,S3-991162658,S3-612098144
S1-166822891	S2-510427497,S2-934556302,S2-230692249,S3-825002976
S1-167098629	S2-681518764,S2-153823849,S3-296084531,S3-227962487
S1-16731525	S3-336629874
S1-167866604	S2-929973616,S2-859241836,S2-139906359,S3-626475208
S1-168276702	S2-180595148,S2-313568623,S3-111154851,S3-798863423,S3-401352753,S3-785191039,S3-308291657
S1-168599179	S2-334609718,S3-166981825,S3-827105745
S1-169094796	S2-314044844,S3-315100850,S3-18614329
S1-169164639	S3-698921924,S3-333113488,S3-461269482
S1-169338169	S2-626887099,S2-851548432,S2-519047819,S3-345350625,S3-295452308
S1-169564442	S2-896093554,S2-267060219,S3-809168811
S1-169612171	
S1-169634580	S2-254208520,S3-413804205,S3-858655723,S3-431939661
S1-170142243	S2-288111971,S3-578523134,S3-902600024
S1-171226928	S2-92946079,S2-518443780,S2-632375397,S3-564493388,S3-30327252,S3-983818106
S1-171679630	S2-572337224,S2-851254223,S2-226341273,S3-882840048,S3-97473035
S1-172453620	S2-318703039,S3-606680300,S3-861658093,S3-302405551
S1-172627624	S3-525263783
S1-173123445	S2-16843435,S3-122480302,S3-642790147
S1-173485321	S2-120313486,S3-999526016
S1-174146241	S2-906926745,S2-937892947,S2-311455014,S3-531792619
S1-174234108	S2-537574794,S3-999001990,S3-822360802
S1-174290728	S3-383468836,S3-334495956
S1-174434806	
S1-174502099	
S1-174575092	S2-456479780,S2-49696550,S2-842531439,S3-107506795,S3-532501824,S3-453685454,S3-54342666,S3-949018687
S1-17463957	S2-956607497,S2-399261475,S3-827363192,S3-835462857
S1-174657	S3-218448202,S3-128008293
S1-175111461	S2-429308620,S2-883484447,S2-838267419,S3-473343865
S1-175157350	S2-35990836,S2-770737964,S2-70843907,S2-873479366,S3-62487358
S1-175168450	S2-855849152,S2-610031891,S3-746860581
S1-175389879	S2-316849021,S2-759264960,S2-891593356,S3-722464448,S3-427380869
S1-175441667	S2-502921707,S2-144238007,S3-721589633,S3-516899383
S1-175691750	S2-864323264,S2-708900572,S2-452533681,S3-940067798,S3-661230846,S3-76820376
S1-175958699	S2-795938382,S2-289876754,S2-523040570,S3-767027537,S3-963639772
S1-176336021	S2-80509161,S3-225888889,S3-893893792,S3-122034320
S1-176616076	S2-679266499,S3-841073006,S3-717822860
S1-176895558	S3-172218616,S3-869823559
S1-176944060	S3-906590818,S3-970010054,S3-137232069,S3-872336426
S1-177548932	
S1-177622378	S2-48866632,S2-242869206,S2-713143473,S3-669703680
S1-177669122	S2-436763530,S3-785645002,S3-789633012
S1-178139149	
S1-178294692	S2-425527496
S1-178656456	S2-471284169,S3-103827885,S3-558261193,S3-597286025
S1-179003866	S2-206863770,S3-733537355,S3-442662985
S1-179030333	S2-500537857,S3-725568733,S3-914056373
S1-179271772	S2-436481063,S2-315694684,S3-838479455
S1-17937860	S2-139994175,S2-183837214,S2-948014991,S3-774600435,S3-845770750
S1-179526359	S2-198942029,S2-409800989,S2-10061984,S2-918820386,S3-69942990
S1-180372325	S3-8030971,S3-195093887
S1-180557072	S2-148667222,S3-223450999,S3-6830911,S3-632381750,S3-620448635
S1-180923763	S2-765215458,S3-140566609,S3-317616865,S3-383058167
S1-180936752	S2-244905091,S3-733775351,S3-60886413,S3-599966432
S1-181105164	S2-126952128,S2-899345775,S3-504251534,S3-573523825
S1-181252930	S2-277335667,S2-460203928,S2-540735970,S2-954749787,S3-275666919,S3-703137056,S3-445653459
S1-181342679	S2-808256195,S2-948383856,S3-952227304,S3-794475039,S3-445263155
S1-181497142	S2-225058122,S3-14814318,S3-693496874
S1-182026676	S2-692541918,S3-994031823
S1-182472925	S2-207485628,S3-725129384,S3-654550984
S1-183038220	S2-580817025
S1-183143792	S2-847406204,S2-875301372,S3-980388287,S3-811470093
S1-183145941	S2-73727121,S2-631667999,S3-538197070
S1-1838589	S2-302601328,S2-582511298,S3-549577193
S1-183878283	S2-789226248,S2-8382760,S3-606973969,S3-796640923,S3-479556783
S1-18393760	S2-809881525,S2-228548622,S3-491775658,S3-3504721
S1-184112563	S2-654343662,S2-889585335,S3-331899040,S3-996874380
S1-184137996	S2-261336053,S2-604887916,S3-710622639,S3-398386668,S3-673093972
S1-184958491	S2-871325145,S2-596872653,S3-18911493
S1-185502834	S2-337275476,S2-446557062,S3-545244572
S1-185836464	S3-410904792
S1-185859119	S2-446592022,S3-911148338,S3-75089990,S3-398274836
S1-185918861	S2-520918725,S3-863361504
S1-187193171	S2-400696346,S2-711014162,S3-830623064
S1-187387873	S2-418415548,S2-741488075,S3-842250142
S1-187570412	S3-883958554,S3-199474833,S3-897857258
S1-187580275	
S1-187759653	S2-442046877,S2-929888436
S1-188134909	S3-139997234,S3-476847136,S3-135506976
S1-189282375	S2-335072963,S2-402721508,S3-5793915,S3-649391004,S3-586169200
S1-189583682	S2-708053816,S2-58404947,S3-805549477,S3-595103519
S1-189661882	S2-99840220,S3-313923291
S1-189867735	S2-805635192,S2-479874350,S2-607085475,S3-482238758
S1-190207937	S2-217872098,S3-244146766,S3-579900423
S1-190567859	S2-537701395,S2-674348773,S3-432857555
S1-191076207	S2-154798287,S3-954224944
S1-191209328	S2-565620456,S3-584137725,S3-99060690
S1-191406032	S2-808920042,S2-997975063,S3-488955310
S1-191490925	S2-219704771,S2-913615044,S2-729961171,S2-178445092,S3-93153052,S3-843951522
S1-191502	S3-791805853,S3-144704370,S3-472808991
S1-191510054	S2-879662215,S3-713391404
S1-191589302	S2-286290040,S2-570389051,S2-598356152,S3-258923029
S1-191612861	S3-398276111
S1-192037859	S2-270377240,S2-317686587,S3-789158740
S1-192066115	S2-142190454,S2-292025329,S3-18096391,S3-341494805
S1-192464263	
S1-192652606	S3-259837296,S3-111087522
S1-193577408	S2-601789983,S3-788045302,S3-678414323,S3-152515064
S1-193618187	S2-932603757,S2-641725400,S3-106454164,S3-942460482
S1-19445849	S2-457916502,S2-38243802,S3-697911492,S3-408031476
S1-195080397	S2-697800349,S2-261132122,S3-221786955,S3-885176570,S3-427100407
S1-195306212	
S1-195657416	S2-4171965,S2-564634614,S2-337580412,S3-774483537
S1-195659370	S2-68815643,S3-262859400,S3-774824867,S3-509992700,S3-980478653
S1-195839862	S2-344984473,S2-232134153
S1-195880082	S2-455340020,S2-419854416,S3-620297324,S3-449317669
S1-196016267	S3-610437410
S1-196124805	S2-521967779,S2-485936525,S2-862601602,S3-528767013
S1-196692460	S2-982615303,S3-483736577,S3-296083105,S3-307603223
S1-196860345	S2-760730678,S3-430987733
S1-196931737	S2-663917701
S1-197040995	S2-625376758,S2-684988232,S3-720863211,S3-872653492
S1-197531064	S2-422789141,S2-913095810,S2-388471861,S3-537111206,S3-148966530,S3-933108115
S1-197973049	S3-30159779,S3-694866766
S1-198675986	S2-215620421,S2-337672180,S2-957213140,S3-358091796,S3-971948820
S1-198739579	
S1-198841366	S2-264172545,S2-361825718,S3-433098719,S3-287756305,S3-328628579,S3-221405273
S1-198981444	S2-117212308,S2-911978044,S3-908296755,S3-584336928,S3-775043988
S1-199048795	S2-702881696,S3-13608450
S1-199080590	S2-749938832,S3-921846188,S3-662192819,S3-297796901
S1-199322081	S2-342838574,S3-401903678,S3-899357325
S1-19937151	S2-994664828,S2-55280690,S2-518097892,S3-156765328,S3-954846777,S3-457340542
S1-199702910	S2-750934992,S3-49154213
S1-199752364	S2-789129714,S2-52490238,S2-978727978,S3-641654539
S1-199923119	S2-627158185,S2-642520176,S2-439973702,S3-9004723,S3-269230299
S1-200125864	S2-406514859,S2-694302302
S1-200332639	S2-723735383,S3-863717766,S3-988699529,S3-578457144,S3-203804323
S1-200453197	S2-824544327,S2-842417062,S2-94769147,S2-891503194,S2-285784463,S3-772485615
S1-201570205	S2-113643742,S2-344117765,S3-320429670,S3-962341145
S1-202025302	S2-979287320,S2-775859231,S2-655457717,S3-285987646,S3-877768928
S1-202359521	S2-796056399,S3-14054909,S3-147711174
S1-202442008	S2-80056537,S2-533448274,S3-832983780,S3-659080786
S1-202503754	S2-830698718,S2-514444327,S2-410213908,S2-340146945,S2-253976027,S3-680689290,S3-389460829,S3-185853560,S3-280940689
S1-202578176	S2-621330435,S3-722014919,S3-869257198
S1-202618983	S2-741933157,S3-242878872,S3-470664676
S1-203284471	S2-4045213,S2-750161158,S2-154258976,S2-519362021,S3-469362667
S1-203772241	S2-537317398,S2-861997455,S2-30874922,S2-619184087,S3-810179605,S3-209197328
S1-203955016	S2-242114245,S2-396085677,S2-242193740,S2-911994188,S3-26196282,S3-296037036
S1-204351485	S2-564601054,S2-757741831,S3-899534815
S1-204431055	S2-120839022,S2-960824228,S2-369320705,S3-585458306,S3-878759218,S3-907664101
S1-205140592	
S1-205197806	S2-202284798,S3-865958022
S1-205348400	S3-528118977,S3-674775484
S1-205806884	S2-416410178,S2-481046975,S3-591317149,S3-261504242,S3-321758949
S1-206530017	
S1-206973671	S2-928825005,S3-2142984,S3-499485641
S1-207084028	
S1-207329319	S2-938952817,S2-696233561,S2-653613388,S3-358187913,S3-886772558
S1-20760503	S2-448113183,S2-770443175,S3-79536799
S1-208148903	S2-832971493,S3-881446618
S1-208682389	S2-824336574,S2-98296923,S2-13335367,S3-401976049
S1-20876055	S2-73444334,S2-317481128,S2-124172060
S1-208825334	S2-375649650,S2-628200834,S3-621370934,S3-118617406,S3-718888168,S3-654555013,S3-274497334
S1-208831154	S2-956241979,S2-600974031,S2-289436444,S3-894165708,S3-687684601
S1-209008446	S2-37848567,S2-464453661,S2-992532092,S3-353524462,S3-126144852
S1-209260214	S2-690657372,S3-547732956,S3-540215358,S3-123081077
S1-209364779	S2-851609662,S2-688278357,S3-705426035
S1-20960301	S2-548638935,S2-26018375,S3-238588179
S1-209655918	S2-547206995,S3-108884203,S3-321771782,S3-998771146,S3-464812285,S3-866245357
S1-209902848	
S1-210700579	S2-701424206,S2-956301422,S2-745023535,S2-192443816,S2-765845300,S3-236822143,S3-921138095,S3-658090168
S1-210935903	S2-657153982,S2-388023430,S2-154679414,S2-704632322,S2-842875529,S3-121609463
S1-211383900	S2-986102204,S2-422838826,S2-797549721,S3-733113697,S3-765822586,S3-442229774
S1-211517658	S2-2822251,S2-720034698,S2-660987981,S3-389785545,S3-43460541
S1-211535546	S2-1838652,S3-419719124
S1-21164424	S2-260357546,S2-580671099,S2-13606653,S3-247752040
S1-212190647	S2-130257014,S3-978927029
S1-212310311	S2-893294792,S2-161690317,S3-425298311
S1-212923073	
S1-213018937	S2-567428338,S2-769475421,S2-176806622,S2-736559544,S3-308117434,S3-71553162
S1-213733425	S2-536341305
S1-213755230	S3-327099463,S3-983604741,S3-237258334
S1-213892203	S2-37619142,S3-436043170,S3-89549110,S3-585994089
S1-213935895	S2-334005096,S2-262762836,S3-108925965
S1-214121848	S2-333263491,S2-926847333,S2-355410206,S3-153453727,S3-277384933,S3-386998082
S1-214131574	S2-847510214,S2-291984710,S2-5930054,S3-385303427,S3-156353642,S3-703881920
S1-214346352	
S1-214436767	S2-989352271,S2-901898079,S3-337777095,S3-212121152,S3-228411825
S1-214443273	S2-954357070,S3-477430018,S3-89025155,S3-631187513
S1-214642590	S2-210425021,S3-464414426,S3-360463644
S1-214884127	S2-714063931,S3-851678404
S1-215012656	
S1-215077056	S2-791309614,S3-881865064
S1-215328816	S2-99948078,S2-447467378,S3-896453517
S1-215683534	S2-859657806
S1-215958440	S2-526218184,S3-939697009
S1-216733182	S2-403025276,S2-860721008,S3-221870645,S3-83822646,S3-328673495
S1-216872097	S2-567961311,S2-575295048
S1-216969439	S2-379829925,S2-530030380,S3-12440513
S1-217911777	S3-602152094,S3-884549493
S1-218058354	
S1-219055946	
S1-219386036	S3-220033600,S3-737508475,S3-898578101
S1-219437524	S2-233253572,S3-673711694,S3-959903191
S1-219732879	S2-891547877,S2-582261003,S3-501279927
S1-219765772	S2-73475891,S2-359968183,S3-363685397,S3-985947781
S1-220062526	S2-876034402,S2-858911155,S2-917729622
S1-221020563	S2-338116139,S2-951845918,S2-743870592,S3-919275367
S1-22110427	S2-831293264,S3-638360623,S3-675623824,S3-587226018,S3-356070868
S1-221756656	S2-580609242,S2-51555053,S2-908433932,S3-830351025
S1-221941373	S2-971768566,S2-976668697,S2-848723508,S2-372140072,S3-853901115
S1-221963103	S3-749434807
S1-222212786	S2-231053383,S2-641562792,S2-371455229,S2-800988568,S3-685248022,S3-721062076
S1-222238684	S2-44323907,S3-808697220,S3-844839420
S1-222335156	S2-776771843,S2-857896467,S2-101631611,S2-49925078,S3-669403211
S1-222606235	S2-122923810,S3-851277886
S1-222790248	S3-809109208
S1-223166567	S2-918915091,S2-386943518,S3-461024874,S3-277122276,S3-470980091
S1-223404776	S2-104707989,S3-860262430,S3-532304714,S3-134062377,S3-487826712
S1-224096874	S2-57485716,S2-928114823,S2-710381516,S3-452777913
S1-224232599	S2-314791675,S3-346887974,S3-161671320,S3-783764522,S3-471919990
S1-224424402	S3-444261584
S1-224507173	S2-239001905,S3-81239856
S1-225015652	S2-315432336,S2-151952707,S3-378808623
S1-225738018	S3-221024319
S1-226090714	S2-38619156,S3-732345507,S3-796332798,S3-868321467
S1-226163817	S2-793213702,S2-26192982,S3-927390710,S3-167350066
S1-226182978	S2-619730277,S3-420132522
S1-226577000	S2-96377146,S2-120256320,S3-471406258,S3-286366713,S3-435104966,S3-50414644,S3-703747401
S1-226980027	S2-40706942,S3-297268275,S3-188608240
S1-227222958	S2-378127033,S3-158000931,S3-935325046
S1-227517182	S2-98487827,S2-789052051,S2-288562393,S3-294119502
S1-227764656	S2-968652756,S2-333187132,S2-148247766,S2-73502404,S3-578647571,S3-433755103
S1-227771883	S2-515165255,S2-78891451,S2-101399137,S3-398942599,S3-665571636
S1-227988433	S2-297195184,S3-489963499,S3-495927302,S3-365836036
S1-228084002	S2-205454087,S2-211496234,S3-226975583,S3-707030903
S1-228398068	S2-725697999,S3-841336357
S1-228653601	S2-328815826,S3-696916480,S3-355030069,S3-89100901,S3-433957485,S3-60044945
S1-228806910	
S1-228884127	
S1-229036658	S2-852127544,S2-250168979,S2-953857311,S3-340140608,S3-400410906
S1-229992726	S2-415697105,S3-620377273
S1-230308182	S2-432506550,S3-33708227,S3-769340752
S1-230557301	S2-840336258,S2-721193573,S2-748367563,S3-156242375,S3-963682778
S1-231098202	S3-132436099
S1-231527440	S2-407038317,S2-758018612,S3-204810001
S1-231998783	S2-672348767,S2-556847098,S2-191773765,S2-502644457,S3-332437882,S3-964210882
S1-23204173	S2-273826204,S2-570651829,S3-478122565,S3-13927832,S3-116744061,S3-139404511
S1-232165664	S2-894591666,S2-143650423,S3-519019752,S3-717399507,S3-458119639
S1-233007363	S2-989942045,S2-562420269,S3-449936632
S1-233025802	S2-453444842,S2-702747240,S2-548774345,S3-844027210
S1-233112957	S2-122876908,S3-660962904
S1-233316635	S2-628597238,S2-769385729,S3-532157697,S3-295896909
S1-23347444	S2-918682208,S2-18963029,S3-115477799
S1-233578344	S2-312914942,S3-814533832,S3-954198404
S1-233590245	S2-109169405,S2-592705527,S3-625054334
S1-233708496	S2-805235797,S3-707967031
S1-23379815	S2-65738138,S2-535897578,S3-512269991,S3-607852237,S3-355006769
S1-233822786	S2-430525634,S2-526138420,S3-924532861,S3-772921451,S3-458756383
S1-234073732	S2-45300190,S2-724384288,S2-884374027,S2-458690814,S3-794644611
S1-234478198	S2-116944637,S2-902268239,S3-198020998
S1-236048105	S2-263787016,S2-796081032,S3-136800035,S3-169137908
S1-236380353	S2-330418506,S3-79314478,S3-229147261
S1-236648665	S3-184458504,S3-843948895,S3-211012600,S3-633238425
S1-236871158	S2-935249725,S2-178632688,S3-703670196,S3-133705918
S1-236909503	S2-614955104,S3-234441977
S1-23697347	S2-395166999,S2-286513136,S2-20319600,S3-137266029,S3-897991685,S3-153965669
S1-237198889	S2-593342750,S2-25128708,S2-843021478,S3-712051680
S1-237349399	S3-727677120,S3-752350413,S3-5913767
S1-237539441	S3-709766062,S3-270619946
S1-237957646	S2-339607062,S2-753470837,S3-762987888
S1-239085040	S2-359364213,S2-757381363,S3-409847568,S3-546793705
S1-240637747	S2-153943935
S1-240670780	S2-658645938,S3-213202382
S1-240916563	S2-605185837,S2-260470505,S3-575933477
S1-24115094	S2-435892221,S2-31424651,S3-218732115
S1-241389619	S2-670119851,S2-201857567,S3-472806882,S3-486567268
S1-24195381	S2-672242056,S3-230301627
S1-242173296	S2-778410077,S2-205076604,S3-537176280,S3-256261594
S1-243237899	S2-114863267,S2-327416094,S3-743590709,S3-824467566,S3-768869180
S1-243418626	
S1-243732195	S2-118798004,S3-842214075
S1-243964430	S2-352204337
S1-24424354	S2-265988328,S2-817827446,S3-628495258,S3-862089762
S1-245023930	S2-129457197,S2-889619707,S2-83099065,S2-637111758,S3-345912159,S3-919954258
S1-245215825	S2-587350985
S1-245259144	S3-428975465,S3-112557276
S1-245358131	
S1-24539049	S3-978486583,S3-634937221
S1-246025488	S2-412801091,S3-85133569,S3-230537570
S1-246225268	S2-719794829,S3-272395505
S1-246283519	S2-211137462,S2-828706837,S3-332004269
S1-246355278	S2-79831208,S3-637923998,S3-905620378,S3-809286716,S3-989953
S1-246724659	S2-20094751,S3-594830662,S3-191571350
S1-247267200	S2-399323341,S2-515628895,S3-117967737,S3-28688511
S1-247273599	S3-840445600,S3-385403853,S3-90396954
S1-247284513	S2-213354246,S2-185907762,S3-748392598
S1-247532095	S2-43185739,S2-520803507,S2-764256076,S3-997227833,S3-160960490,S3-324556510
S1-248050840	S2-114270776,S2-849630112,S3-232328968
S1-248161353	S2-599700381,S2-109825473,S3-632105150,S3-886273758,S3-926555529
S1-248568460	S2-936841398,S3-835328659
S1-24892513	S3-470811997
S1-250070625	S2-977759409,S3-878543151,S3-520298562,S3-789143446
S1-250810347	S2-595844832,S2-316942619,S3-671251635,S3-8459068
S1-251057654	S3-902123532,S3-518071932
S1-251242475	S3-199758733
S1-251458621	S2-825906373,S3-674546790
S1-251644083	S2-64452232,S3-930263670,S3-464544245
S1-251815069	S3-345226477,S3-124981948,S3-716716240,S3-703095638,S3-951571738
S1-251910741	S2-930977422,S3-830309493
S1-252570434	S2-997838077,S3-788042948,S3-780395818
S1-252757889	S2-700910207,S2-689303943,S3-869192648,S3-803178377
S1-252968531	S2-17629671,S2-989446757,S3-748038715
S1-253063520	S2-161427919,S2-834197815,S2-514469485,S3-942991938,S3-10984029
S1-253227957	S2-801647785,S3-635356810,S3-335967923
S1-25495248	
S1-255217115	S2-798805961,S2-708269998,S2-276744196,S3-505263408,S3-530772058,S3-662542111
S1-255452144	S2-596846096,S2-795118962,S3-419907584,S3-757144980
S1-255499373	S2-530795636,S2-885649228,S2-932707839
S1-255555674	S2-479065796,S2-582517184,S3-56110232,S3-245465421,S3-971048417
S1-255644168	S2-504886282,S2-3516093,S2-675715244,S2-239936208,S3-595849156,S3-76784779
S1-255766183	S2-419996429,S3-950856337,S3-310404933,S3-961132561
S1-25645575	S2-388548021,S2-274484233,S3-237742944,S3-384057145
S1-256473352	S2-945977726,S2-299767486,S3-756872425,S3-696343967
S1-25666003	S3-217048423,S3-560461891
S1-256667363	S2-660025296,S2-861966993,S3-514111912,S3-561573408
S1-256795949	S2-546349204,S3-298359339
S1-257007466	S3-676823934
S1-257911549	S2-322663727,S2-335083620,S3-817926120,S3-110564350,S3-792214036
S1-258060279	S3-183426289,S3-643716368
S1-258356187	S2-369824596,S2-706906301
S1-258608264	S2-147351634,S3-227155621,S3-99318454
S1-258969920	S2-796352072,S2-359037077,S3-240757396,S3-752472641,S3-354457674,S3-989821180
S1-25922331	S2-239236632,S2-971942525,S2-261106760,S2-950995604,S2-678260387,S3-858280535,S3-590496459
S1-259613196	S2-250590963,S3-177652536,S3-503647469,S3-506512805,S3-83433391
S1-259620754	S2-923400156,S2-622124481,S2-418151432,S3-323748130,S3-533927774,S3-723941639,S3-574856367
S1-259687087	S2-894053990,S2-906942728,S2-748418314,S3-765432043,S3-969460734
S1-259841007	S2-65362385,S2-481366303,S3-207447074,S3-372778420
S1-260162043	S2-934473249,S2-280260703,S3-491205627,S3-847787903,S3-709434136,S3-325906196,S3-832411235
S1-260171466	S2-410785330,S3-563409449,S3-35529413,S3-445602796
S1-260261988	S2-945576273,S3-464368280,S3-121979776,S3-457916243
S1-260309710	S2-636677467,S2-750548774,S3-273123074
S1-261169281	S2-927345730,S2-170426853,S2-76198865,S3-773417879
S1-261506576	S2-462826352,S3-271256399,S3-60915635
S1-261599095	S2-982074734,S2-213848210
S1-26257270	S2-902564552,S2-607322546,S3-211210772,S3-360227409
S1-262613671	S2-45601642,S3-923444043
S1-26328906	S2-588546731,S3-830159945
S1-263545313	S2-209802148,S2-466354707,S2-850215448,S3-452596996,S3-469240398
S1-263753520	S2-171637668,S3-119522484,S3-334931219
S1-264272851	S2-133347548,S2-604943557,S3-345338933
S1-264626712	S2-468481302,S2-719601946,S3-353641299,S3-673504143,S3-878470354
S1-26469428	S2-931714381,S3-620558974,S3-47785665,S3-91408312,S3-252169044
S1-264869509	S2-260819641,S3-582236949,S3-265259148,S3-773294505
S1-26511140	S2-998229517,S3-388325830,S3-631645277
S1-265528835	S2-174658535,S3-87612137,S3-451736640,S3-680331504
S1-265707414	
S1-266878753	S2-600176914,S2-750032259,S3-113868853
S1-267372211	S2-521753185,S3-532459164,S3-465842790
S1-267433852	S2-644002932,S2-489975561,S3-786365418
S1-268581045	S2-211106281,S3-109505025,S3-610446810,S3-564056798,S3-701012115,S3-552160210
S1-268651992	
S1-268699253	S2-968059846,S3-875896478,S3-751501010
S1-268709477	S2-876606034,S2-651843716,S3-346824940,S3-850630297,S3-513916505
S1-268721187	S2-546992198,S2-934214932,S3-898470442,S3-694882763,S3-638697571,S3-702746744
S1-26895703	S3-160266941,S3-783412388,S3-265226738
S1-268959255	S3-214991017,S3-377949029,S3-171630642
S1-26969687	S2-301730435,S3-768176433,S3-449345466
S1-269770838	S2-166871057,S2-937303585,S3-24573458,S3-19801856
S1-269898915	S2-149235366,S3-955761869,S3-645089329,S3-192723724
S1-270462238	S2-169361848,S2-906997898,S3-375326641
S1-270587511	S2-14411898,S2-821431553,S3-19954425,S3-148952273
S1-270643653	S2-579322369,S2-818051125,S2-389429882,S2-989572336,S3-380996309
S1-270886539	
S1-271048276	S2-534918266,S2-622299048,S3-617363362,S3-215179569,S3-630368857
S1-271049848	S3-915377057
S1-27176332	S2-698887947,S2-718318568,S2-723448267,S3-772527730,S3-998743421,S3-937095666
S1-271817074	S2-7470083,S3-354287361,S3-570259660,S3-125997147
S1-272254334	S2-806245277,S3-649403553,S3-107362621
S1-272384681	S2-552455873,S2-139165286,S3-294708759,S3-400716514
S1-273971652	S2-569957444,S2-907820272,S2-480194426,S3-798864580,S3-578634463
S1-274659648	S2-772983988,S2-778291045,S3-218749853,S3-2537869,S3-211856633,S3-304749447,S3-173727206
S1-275002421	S3-793026370,S3-264528735
S1-277675102	S2-427765753,S3-78423873
S1-277743177	S2-594873304,S3-217533456,S3-961848194,S3-714974839
S1-277796692	S2-783812745,S3-285396785,S3-282301003,S3-931387448
S1-278132753	S2-583307475,S2-202836803,S3-761297562,S3-875649930
S1-27817521	S2-260663222,S3-964848226,S3-271744300
S1-278907918	S2-541187171,S2-267732908,S2-151818859,S2-752927729,S2-386282961,S3-416703740,S3-697563812
S1-279142402	S2-127168212,S3-132367997,S3-554751031
S1-279297066	S2-714351405,S2-476336867,S3-168338756
S1-279900868	S2-357684907,S2-276548848,S3-934312947
S1-280570359	S2-28842278
S1-281408668	S2-23692283,S2-8708548,S3-512340800,S3-417634278
S1-281569207	S2-158818962,S2-781447259,S2-461693500,S3-975921478,S3-416342971
S1-283749539	S2-462816573,S3-144033207,S3-864442786,S3-663339747
S1-283806184	S3-850721431,S3-38134376
S1-284185233	S2-823495924,S3-939590212
S1-284216091	S2-110208719,S2-13751944,S2-197099886,S3-186774101
S1-284357691	S2-224914982,S2-957678779,S3-236267356,S3-908962293
S1-284516393	S2-266197882,S2-249455107,S2-101145583,S2-17380666,S3-213234540,S3-710903268
S1-284559871	S2-821171431,S2-386125843,S3-72781804,S3-765571060
S1-284747519	S2-719661590,S3-733982654
S1-285097507	S2-650023664,S3-522727954,S3-770199340,S3-891366228
S1-285325876	S2-535397462,S3-14135513,S3-577675069
S1-285451793	S2-441216250,S2-152166487,S3-120585447,S3-799729676
S1-28578244	S2-77583624,S3-687143551
S1-285936990	
S1-286101444	S2-478435478,S2-79917819,S2-982780815,S3-800957565
S1-286272499	S2-462454521,S3-853588158,S3-849106285
S1-287054505	S2-387835753,S2-645081203,S3-581173831,S3-86015745,S3-358798455
S1-287698956	S2-38968009,S3-155948552
S1-288143358	S2-754934483,S2-392636252,S2-839876436,S3-52298530,S3-572966455,S3-846912110,S3-274927598,S3-382909824
S1-288282737	S2-442291403,S3-76050749,S3-180530441
S1-288786162	S2-244746627,S2-910082736,S3-974285783,S3-702810893
S1-288950673	S2-379229740,S2-196811028,S3-565723389
S1-290452420	S2-686458437,S2-77666247,S3-692098996,S3-931117544
S1-29108056	
S1-291109440	S2-794460251
S1-291316802	S2-605950832,S2-329380478,S3-278198336,S3-616343503,S3-536493908
S1-291421724	S2-801756905,S3-262315135
S1-291654549	S2-454835742,S3-90360043
S1-291831548	S2-169993054,S3-773765035
S1-291922534	S2-745482202,S2-594008761
S1-292161838	
S1-292267545	S2-507795851,S2-81795981,S2-913364073,S3-749559295
S1-292333888	S2-755858567,S3-389542709,S3-911464482,S3-167690186
S1-292425300	S2-836034718,S2-801291548,S3-19838357,S3-956217441
S1-292684571	S2-76303055,S2-627958031
S1-292741345	S2-714694801,S2-793380952,S3-157615679
S1-293269519	S2-365550961,S3-139115636
S1-29349535	S3-592390368
S1-293970681	S2-933710746,S3-379233957
S1-294048548	S2-594454926,S2-456656509,S2-268865748,S2-747331183,S3-951165162,S3-768211622,S3-758946484
S1-294128479	S2-740342349,S2-546502538,S2-451707263,S3-586179545,S3-538991460
S1-294256612	S2-782152405,S3-25382976
S1-294321565	S2-229819698,S3-837548855,S3-805614339
S1-294500958	S2-471418271,S2-349224392,S3-111330943
S1-294675541	S2-492323667,S2-609497404,S2-799932242,S3-407676062,S3-820379693,S3-699404519
S1-295068151	S2-791026639,S2-139806471,S3-847283819,S3-971388227
S1-295295975	S2-552987042,S2-529370845,S2-146779545,S2-774939201,S3-285246752,S3-924544429
S1-295434714	S2-85781140,S3-692037198,S3-324635697,S3-668741869,S3-890194276
S1-296015030	S2-762867084,S3-469916613
S1-296223975	S2-505472362,S3-220088124,S3-762122381,S3-688654283
S1-296237987	S2-153307795,S2-116503479,S2-641484158,S3-811620250,S3-739124653
S1-296275047	S3-775937311
S1-296416408	S2-127106558,S2-147922412,S3-188551640,S3-588175833,S3-481168873,S3-562025620
S1-29673951	S2-261109256,S2-792828691,S2-656029966,S3-245289873,S3-816541575
S1-296741919	S2-880626420,S2-332926173,S3-818449256,S3-360882189
S1-297066241	S2-239490728,S2-361196328,S3-694476250
S1-298578196	S2-895593447,S2-11544163,S3-76514670,S3-970265969
S1-29880047	S2-512569908,S3-14527076
S1-299748202	S2-525249842,S2-436844992,S3-159636646,S3-530397638,S3-865555337,S3-848526598
S1-300005414	S3-538065866,S3-89162576,S3-449026397
S1-300292914	S2-695837826,S2-206995238,S2-941519832,S3-855043139,S3-815130888
S1-300337615	S2-641617171,S2-134438973,S3-986878478,S3-496121133,S3-926774456
S1-300703873	S2-245819314,S2-417953899,S2-136004507,S2-70655200,S2-784446477,S3-578122262
S1-30076236	S2-96911602,S2-495486053,S3-181262122,S3-987535403
S1-300818091	S2-123661263,S2-691485157,S3-551343615,S3-33926272
S1-300869734	S2-971544031,S2-439844706,S2-692950296,S3-351681685
S1-300912906	S2-368760782,S3-238164062,S3-789361783
S1-301092232	S3-227915658,S3-411622013
S1-301149309	S2-892028152,S2-479284940,S3-910381537
S1-302247650	S2-640267097,S3-739689314,S3-289282855
S1-302460878	S2-606478303,S2-474866215,S3-153042506,S3-206803247,S3-298197253
S1-302558001	S2-621960749,S2-221689670,S3-451208408
S1-303213003	S2-936287283,S2-992350911,S2-800084063,S3-60794510,S3-896404476
S1-303388340	S2-671626097,S2-764078185,S3-873680098,S3-250791773
S1-303431879	S2-987682612,S3-279742168
S1-303638435	S2-665865187,S2-94415499,S3-727431276
S1-303689924	S2-361334241,S3-86953762
S1-304692609	S2-987905400,S3-405661587,S3-506126508
S1-305556231	S2-135905825,S2-871085256,S3-426349350
S1-305879453	S2-108267226,S2-66759591,S3-892157732
S1-306666043	S2-273451963,S2-283551641,S3-992328886,S3-961079714,S3-486814370,S3-388623498
S1-306947086	S2-598193722,S2-316848382,S2-996643096,S2-173579125,S3-847153408
S1-30752064	S2-525997652,S3-347913674,S3-997789709
S1-307581912	S2-805252835,S3-901277278,S3-8720081
S1-307661923	S2-858482414,S2-43330025,S2-817612910,S3-283153207
S1-308958530	S3-114646363,S3-273915655
S1-309650476	S2-67382386,S3-30423847,S3-697655500
S1-310278174	S2-147249259,S3-102277272
S1-310478083	S2-65814982,S2-319224436,S3-434669686,S3-954053529,S3-2425715
S1-310630315	S2-904402020,S3-916379142,S3-117131502,S3-243473927
S1-310826441	S2-832065749,S3-683844121,S3-607578506,S3-716742366,S3-747714877,S3-898047937
S1-310945402	S2-744716202,S2-380001137,S2-823958682,S3-6502413,S3-553830363
S1-311051134	S3-494150086,S3-746581894
S1-311387663	S2-76814973,S3-210520006,S3-325767450,S3-101847360
S1-311831862	S2-340516319,S2-839303760,S2-882215195,S3-332359208,S3-966709490,S3-588912200
S1-311937192	
S1-312379994	S2-321442233,S2-282731103,S2-100068944,S2-705889282,S2-897859049,S3-978501136,S3-324862192,S3-478913886
S1-312454031	S2-962247469,S2-113212578,S2-222812464,S2-460183190,S3-91225516,S3-705827597
S1-312454806	S2-739106848,S3-767697344,S3-308716108,S3-790991591
S1-312677351	S2-463523896,S2-211807217,S2-408994894,S3-420917708
S1-31271939	S2-168060268,S3-721303641,S3-342489506
S1-313448121	S3-159666196,S3-461845328,S3-830195342,S3-667053896
S1-313764026	S2-922613198,S2-462965693,S3-890823580
S1-314253341	S2-172340635,S3-595797173,S3-795201726
S1-314303471	S2-437566307,S2-193738575,S2-933509123,S2-678206277,S3-351567742,S3-162129103,S3-352394641
S1-314703917	S2-371021528,S2-732670864,S3-548438684
S1-31505100	S2-241349919,S2-518180138,S2-992285252,S3-321037673,S3-137936234,S3-640278991,S3-262063563
S1-315244635	S2-508510723,S3-41786908,S3-644184619
S1-315679803	S2-69086837,S2-583454017,S3-874374352
S1-315686019	S2-611044515,S3-488438283
S1-315840301	S3-960195966,S3-894206805,S3-587439452,S3-901442277
S1-316021079	S2-162024554,S3-354285826
S1-316507703	S2-905897637,S3-915808596
S1-317776099	S2-509580574,S3-876638792,S3-811718513,S3-421845319
S1-317992973	
S1-318096834	S2-285337739,S2-203511838
S1-318221358	S2-585922220,S3-820541370
S1-318683929	
S1-318739926	S2-252428801,S2-155148331,S3-489538660,S3-771333254,S3-373035268,S3-899963959
S1-318862606	S2-631485860,S3-708261179,S3-747398297
S1-318944374	S2-988216360,S2-131707466,S3-460633555,S3-866654388
S1-319105003	S2-864017633,S2-213115884,S3-68053067,S3-134940450,S3-813233330
S1-319998043	S2-194741763,S3-152654301,S3-120821165
S1-320133494	S2-299739866,S3-735994693,S3-169074849,S3-702293784
S1-320151505	S2-230628758,S2-951553277,S3-975397820
S1-320209096	S2-942505262,S2-498172900,S3-632642881,S3-903422293
S1-320454471	S2-130880679,S3-297757160,S3-489859587,S3-646994827
S1-320583870	S2-630400131,S2-548949805,S3-788033697
S1-320620476	S2-773162096,S2-86984730,S2-728269425,S3-771925293,S3-185622081
S1-320670331	S2-585489904,S2-414548667,S2-804555267,S3-802752740,S3-164461247
S1-321285349	S2-350464129,S2-603216500,S3-688376926,S3-480765401
S1-321306005	S2-825693098,S3-749042616,S3-143985594
S1-3214632	
S1-321494836	S2-353998289,S2-689090268,S2-625101544,S3-788820267
S1-321818285	S2-971391405,S2-125937692,S2-155464190,S2-221477896,S2-825953048,S3-276543174,S3-363043711,S3-890269573
S1-322066165	S2-634792347,S3-173543094,S3-274394925,S3-505045156,S3-546040219
S1-322655550	S3-192503740,S3-252624874
S1-322670554	S2-64693025,S2-308602208,S2-915707084,S3-266787162
S1-322870263	
S1-323520196	S2-603324206,S3-415178158
S1-323853106	S3-52377957
S1-324694091	S2-93908298,S2-684254216,S2-793303577,S3-516495615,S3-616796602,S3-204171770
S1-324704727	S2-593580304,S2-4097610,S2-986623822,S2-870032531,S3-829364176,S3-843618513
S1-325243184	S2-675073155,S2-146198659,S3-479972241
S1-32551850	S3-615355244
S1-326265989	S2-462774938,S2-245725310,S2-183656184,S3-158096574
S1-326794764	S2-659220721,S3-155268729
S1-326937840	S2-937371555,S2-366468837,S2-64365150,S3-808498128
S1-327066467	S2-790247726,S3-322386930,S3-799716154
S1-327077722	S2-819214411,S3-471444406,S3-740905925
S1-327510317	S2-365864753,S2-660397628,S3-601905154,S3-262469207
S1-327962609	
S1-328828277	S2-571164874,S2-350086796,S3-761215046,S3-304478476
S1-328833833	S2-416316,S2-40404573,S2-343400095,S3-413294408,S3-571823862,S3-507987961
S1-328875820	S2-326520804,S2-831772790,S2-663383586,S2-83298080,S3-390924743
S1-329026161	S2-80967361,S3-158077522,S3-396521727,S3-28962331
S1-329132834	S2-211614940,S2-404651185,S3-692583820,S3-325721980
S1-329138290	S2-288854294,S3-742474965
S1-330042716	S2-513539427,S3-965071737,S3-648863690
S1-330427971	S3-677085216,S3-285481739
S1-330645946	S2-608057125,S2-621372521,S3-120498859,S3-646191992
S1-330704463	S2-441743802,S2-689524589,S3-75445050,S3-574257263
S1-330878120	S2-307124061,S2-598244045
S1-33110448	S2-942723966,S3-14707277,S3-670374264,S3-751294679
S1-331488652	S2-59566249,S2-966551526,S3-149535932
S1-331714707	S2-647840742,S2-853756024,S2-935213094,S2-444646415
S1-331873768	S3-355618840,S3-281429709
S1-33315303	S2-730066871,S3-344169205
S1-333262606	S2-703015865,S2-700507319,S3-725275016
S1-333384059	S2-348645634,S3-127733918,S3-783505503
S1-33429719	S2-842577883,S3-821395373,S3-485544133,S3-533726647
S1-334373405	S2-857209130,S2-65627214,S3-355530730
S1-334733674	S2-469255368,S3-882433048
S1-334800733	S2-592854058,S3-965499963,S3-571794330
S1-335301031	S2-448236984,S2-211145788,S3-794706278,S3-693616346
S1-33537044	S2-703571182,S2-439782541,S3-96795992
S1-335569976	S2-287913620,S2-534558740,S3-430713354,S3-816903734,S3-821934099
S1-335985576	S2-618176597,S3-561559677,S3-219701242
S1-336044801	S2-152074753,S3-237226075
S1-336713437	S2-680507036,S2-444713926,S3-460725413,S3-433049048,S3-785285082
S1-337417350	S2-522587500,S2-47363985,S3-81459054,S3-274470992,S3-695814423,S3-13093145,S3-258664380,S3-944785870
S1-337537721	S2-151553545,S2-240650419,S3-858790869
S1-337644278	S2-746510597,S3-48924651
S1-338339821	S2-729319141,S3-169946918,S3-291078322
S1-338748376	S2-938134046,S2-365521004,S3-40671721,S3-19685252
S1-338864090	S3-292215346,S3-879563953,S3-615640829
S1-338877097	S2-303369905,S3-424348541
S1-339725837	S2-79761072,S2-876042243,S3-854461449,S3-895992039
S1-33984562	S2-858316339,S3-688680940,S3-874541953,S3-128384129,S3-851328079
S1-340323269	S3-545869643,S3-610298893,S3-810645775,S3-952685370
S1-340781155	S2-389438141,S2-247010165,S3-871710005,S3-611301831
S1-34081350	S2-635656666,S2-19031834,S2-901532309,S2-939750325,S3-800508294
S1-341475409	S2-416266384,S3-179745767,S3-243721076,S3-589832210,S3-425002410,S3-905149744
S1-341545488	S2-934400868,S2-224927951,S2-124600273,S2-961947,S3-78269404,S3-909176069
S1-341564472	S2-907636929,S3-716551395,S3-143931248
S1-341638714	S2-880155724,S3-749185961,S3-343938408,S3-157148638
S1-341726181	S2-762719020,S3-784562211,S3-884994534
S1-34181833	S3-244796689
S1-341892772	S2-211526233,S2-947213702,S3-400831177,S3-260079429,S3-892701413
S1-342223702	S2-912995593,S2-674769801,S2-601304093
S1-342344172	S2-130834849,S3-159112003
S1-342750841	S2-498105879,S2-778643640,S3-561972533
S1-342807694	S3-808732887
S1-343226247	S2-946214768,S2-184196058,S2-780696801,S3-463772652,S3-538597075
S1-343340671	S2-659078314,S2-355136487,S2-514131258,S3-134805820
S1-343753883	S2-864258832,S3-815974584,S3-806781586
S1-343891447	S2-689434556,S2-18073361,S3-582810686,S3-434947206,S3-811804958
S1-344152319	S2-25350937,S3-613342865,S3-952342593
S1-344381735	S2-530607683
S1-345259097	S3-86801692,S3-195094009,S3-716007185
S1-345521170	S2-577259402,S3-796822216,S3-281120443,S3-630004786,S3-524548311,S3-918101954
S1-345575972	S2-93453226,S3-245246195
S1-34586594	S2-552606873,S2-193258958,S3-993102003,S3-533371276
S1-345875957	S2-918897565,S3-985484965,S3-238038753,S3-853945010
S1-34603018	S3-438405137,S3-162199234
S1-346681735	S2-421049955,S2-370056126
S1-347000383	S2-389980705,S3-738674810,S3-804323871,S3-311691124
S1-34703985	S2-406825588,S2-259476734,S2-668519172,S3-415577310,S3-781312709,S3-189780697
S1-347383673	S2-730693848,S2-530281151,S2-802821445,S3-126059605,S3-933095389,S3-94316263
S1-347452328	S2-639848536
S1-34781644	S2-265332908,S2-248408042,S3-649265007,S3-815295001,S3-47904056,S3-238816620
S1-348343236	S2-241167772,S2-23019578,S3-929553399,S3-681970195,S3-795277282
S1-348424826	S2-925749503,S2-774960077,S2-166639338,S2-303285797,S3-188114856,S3-362607927,S3-45154827,S3-378483040,S3-197888194
S1-348459651	S3-471036686,S3-609713746,S3-95350927
S1-349550100	S2-695711560,S2-521365226,S3-696360594
S1-349763244	S3-832506712,S3-345730243,S3-521973574,S3-228324036,S3-856488537
S1-350132104	S2-869187353,S2-907378021,S2-955721512,S3-68924249,S3-502891710
S1-350243012	S2-257287297,S3-893741992,S3-540593284
S1-350850589	S3-674789301,S3-529821241
S1-350911260	S2-743000090,S3-46344383
S1-35091896	S2-705834840,S2-941352668,S3-351304374
S1-351093285	S2-670587577,S2-653026364,S3-34847135
S1-351106191	S2-131275777,S3-416693816
S1-351397229	S2-960730056,S3-133689594,S3-372769834,S3-660103955,S3-649177624
S1-352050814	S2-506595509,S2-307399932,S2-132774066,S3-87684848
S1-352234396	S2-67484817,S2-372367990,S2-511669179,S2-391163477,S3-627896862,S3-947376945
S1-353411751	S3-823764893
S1-35357200	S2-427933781,S3-687650267,S3-721462680
S1-354074844	S2-422262505,S2-592265228,S2-615044634,S3-648472711,S3-360300667,S3-935470630
S1-354565193	S2-638649367,S2-700041819,S3-838920298,S3-579748778,S3-663383336
S1-354580627	S2-954123972,S3-483232206
S1-354973856	S2-878558335,S2-28899836
S1-355236049	S2-983479632,S2-266937,S2-904751962,S2-657316690,S3-685504745,S3-767292440
S1-355343805	
S1-355671854	S2-23467153,S2-552884076,S2-627938324,S2-869381573,S3-695738325,S3-38134731,S3-297422828,S3-636763899
S1-356272103	S2-306492852,S2-158782343,S3-887173981
S1-356575341	S2-898748309,S3-194611471,S3-121040654
S1-356842693	S2-774562917,S3-954262620
S1-356968386	S2-649333859,S2-721837129,S2-748307777,S3-612363361
S1-357295155	S3-287910045
S1-357792520	S3-603127864,S3-529253577,S3-114668581,S3-498899707
S1-358500669	S2-391870916,S2-715804224,S2-37824669,S3-214125577
S1-35908111	S2-392006261,S3-809113811,S3-272846089,S3-76647500
S1-359389192	S2-292514192,S2-179137984,S3-745065773
S1-359440945	S2-683352932,S2-940771150,S3-75226047,S3-137202105,S3-20852064
S1-359892659	S2-292005787,S2-21058226,S3-222732190
S1-359931067	S2-768618180,S2-493737057,S2-539185150,S3-197923160
S1-360503863	S3-358711159,S3-124216815,S3-245459673,S3-697099534
S1-360834742	S2-861203099,S2-503908074,S3-341145792,S3-538731244
S1-360877297	S2-418968185,S2-9454718,S3-332824886,S3-628056015
S1-361048423	S2-831169888,S2-506731445,S3-502448593
S1-361278004	S2-180872792,S2-363218104,S3-556976842
S1-361301675	S2-992163939,S2-198225844,S3-260535121,S3-475329580,S3-601629850,S3-197833285
S1-361859792	S2-573726039,S2-810585553,S3-938952505,S3-45324372,S3-135249363
S1-36216088	S2-735272154,S2-418857877,S2-578207235
S1-362524142	S2-145322696,S3-236507933,S3-542188406,S3-94466200
S1-362542076	S2-619002672,S2-425506089,S2-692365774,S3-666179440
S1-363682780	S2-223626552,S2-527154008,S2-661503048,S3-874976716,S3-505629773
S1-363881648	S2-22664626,S3-835748978
S1-364479937	S2-22460399,S3-188490337
S1-364609105	S2-587365873,S2-382412875,S3-296449238,S3-865291363
S1-365227711	S2-965115459,S3-431057189
S1-365396425	S2-797146183,S2-235104006,S3-130267472
S1-365450541	S2-584225526,S2-17056769,S3-622592002,S3-586870219,S3-656521208
S1-366004857	S2-41031181,S2-749620863,S3-232091326
S1-366191116	S2-779639800,S2-154653209,S2-864802253,S3-431247717,S3-945568478
S1-366310100	
S1-366927546	S3-804083188,S3-669013841,S3-132161545,S3-449378800
S1-367030244	S2-103476765,S3-779659262,S3-486502866
S1-367291716	S3-135476577
S1-36841639	S2-309378212,S3-479133445,S3-239535005
S1-368767037	S2-229791392,S2-892247814,S3-407260704,S3-728306111,S3-736433857
S1-369198632	S2-598158430,S2-282745196,S3-469240895,S3-871488044
S1-370419392	S2-696897428,S2-692660861,S2-280234582,S3-631859282,S3-807229780,S3-543379345,S3-548580459
S1-370712658	S2-510938652,S2-406613999,S3-21931624
S1-371733566	S2-372118633,S3-153541941,S3-171239213
S1-372567687	S2-43012492,S3-292741223,S3-667411686
S1-372675685	S2-356226953
S1-373334447	S2-67420382,S3-166545594
S1-373446305	S2-408064417,S2-646190744,S2-105914370,S3-513325766
S1-373541788	S2-62545799,S2-349728871,S2-744786897,S3-242981505,S3-403649184
S1-373635517	S3-947694541
S1-37388827	S3-825947548,S3-277821506,S3-368210811
S1-373896077	S2-116572044,S2-613600660,S3-105954325,S3-291502909
S1-373940784	S2-597637704,S2-652525193
S1-373989211	S2-912240607,S2-979694849,S3-263814989,S3-807314931
S1-374766299	S2-861828813,S3-442564934
S1-375190672	S2-75895511,S2-247900788,S3-550767084,S3-868653355
S1-375360311	S2-89793122,S2-334541227,S2-158990521,S3-47519364,S3-559798282
S1-375621255	S2-199630450,S3-855593814,S3-756426123
S1-375777792	S2-994459155,S3-965873476
S1-376563089	S2-363932959,S3-813405622,S3-769956447,S3-771984700,S3-710856441
S1-376857040	S2-950205374,S2-907048069,S3-129004961
S1-376985246	S2-572614298,S2-579973851,S3-166890726
S1-377014380	S2-124639004,S2-335872723,S3-908894849
S1-377186602	S2-996457755,S2-440612475,S3-502003609
S1-377309209	S2-545617299,S2-645633135
S1-377390065	S2-417879306,S2-90561846,S3-868282182
S1-377912796	S2-174749893,S2-924309076,S3-404913044,S3-107968680
S1-377966619	S2-810737942,S3-160747785
S1-377982562	S2-893820946,S2-573549147
S1-378028484	S3-725846744,S3-523985632,S3-179594534
S1-378193513	
S1-378502980	S2-634072085,S3-548747400,S3-191222740
S1-378992164	S2-66526566,S2-277192806
S1-379182528	S2-821477859
S1-379288100	S2-477566063,S2-620497533,S2-994144235,S3-661907747,S3-374531480,S3-425535062
S1-379301216	S2-232449077
S1-379654996	S2-327161308,S2-68943153,S2-858211242,S3-890422694,S3-781071125,S3-163029054
S1-381341639	S2-317889492,S2-653034603,S3-401540575,S3-838341751,S3-560646560
S1-381729340	S2-894758520,S2-799484142,S2-253641682,S3-753870442
S1-381941696	S2-716697103
S1-382106800	S2-722573246,S3-888487050
S1-382237627	S2-160527912,S3-797686049,S3-518520495,S3-373499500
S1-382264455	S2-839257379,S2-475291985,S3-556632519
S1-382861164	S2-957263226,S2-676596968,S3-17495277,S3-754679139,S3-374363503
S1-383115155	S2-210345224,S2-315587749,S3-620034237,S3-950293694
S1-383136037	S2-471516390,S2-869072984,S2-496557831,S2-400936747,S3-545022863,S3-168271921,S3-400901023
S1-383252307	S2-335257755,S2-912054598,S2-166600801,S2-862669705,S3-888549190,S3-226239783
S1-383557821	S3-990520076,S3-307392191
S1-383592058	S2-785092094,S3-31303661,S3-966306052,S3-1815508
S1-383737004	S2-350202349,S3-980877971
S1-384396621	S2-681847073,S2-250406328,S3-714847380,S3-246244568,S3-53997183
S1-384915150	S2-108422085,S2-157358394,S3-507102499
S1-385307649	S2-963314172,S3-336724227,S3-75751157
S1-385338827	S2-88719508,S2-392444219,S3-81909861,S3-625478659,S3-97693410
S1-386550076	S2-287343500,S3-214660836
S1-386601124	S2-674639677,S2-705504637,S3-660179965,S3-594893391
S1-386616083	S2-327621393,S2-34841867,S3-305755845
S1-386951554	S2-875416315,S2-492165030,S2-639993890,S3-391150010,S3-45894313
S1-387211283	S2-610548732,S2-562053250,S2-972895314,S3-624697545
S1-387476804	S2-69680762
S1-387548686	S2-895140326,S3-507279662,S3-558508735
S1-387636300	S2-277765137,S2-759392207,S2-598380483,S2-536984874,S3-862631588,S3-561717804,S3-952666905
S1-387942393	S2-993633388,S3-807079063
S1-388065298	
S1-388208370	S2-138861847,S3-515819014,S3-783202288
S1-388253939	S2-889838611,S2-637244284,S2-594816816,S3-763752163
S1-389061762	S2-514004063,S2-85688632,S2-384479925,S3-47173868
S1-389198170	S2-483427215,S2-600362635,S3-622599146
S1-389546786	S3-847363643,S3-851109695
S1-389551746	S2-160659874
S1-389624737	S2-487365381,S3-421866937,S3-2248264,S3-907309455
S1-389979959	S2-389268894,S2-533545280,S2-809561765,S3-627701426,S3-345229084
S1-390616880	S2-838954784,S2-496380591,S3-373533724,S3-272941894,S3-409577402
S1-390872819	S2-539266338,S2-352623889,S2-462510815,S3-748335272
S1-39113532	S3-467386492,S3-398898051,S3-523734211
S1-391683240	
S1-391814388	S2-121271277,S3-53709772
S1-392417866	S2-685515868,S2-770103531,S2-41519359,S2-22726394,S3-176181204,S3-890454919
S1-392605449	S2-799784979,S2-332814297,S2-528841962,S3-944534190,S3-469951713,S3-455360313
S1-393194393	S2-224235563,S2-450787266,S2-55285207,S3-884166548
S1-393240482	S2-474390649,S2-382298853,S2-705247434,S3-969123865,S3-981138261
S1-393259793	
S1-393345405	S2-978192362,S2-60509983,S3-935613341,S3-971534523
S1-393893683	S2-858660470,S2-806548925,S2-29702641,S3-617528981
S1-393899874	S2-814781083,S3-969963136,S3-651928284
S1-393903055	S2-304655498,S2-54308139,S3-859477543,S3-867011668
S1-39399252	S2-421120355,S3-141374394,S3-246445265,S3-204216977
S1-394064735	S2-679387227,S2-890567305,S3-336256833,S3-12375700,S3-431980550,S3-992260794,S3-213741099
S1-394093741	S2-602056412,S2-587870747,S3-506876525,S3-560980939
S1-394418075	S2-230969985,S2-760512872,S2-610281718,S3-829587156,S3-45450557
S1-394475192	S2-135882503,S3-657547132,S3-766673291
S1-394531291	S2-902428501,S2-43158936,S3-950262439
S1-394705639	S2-135005185,S3-597078852
S1-394836603	S2-396207833,S2-506823028,S3-553132331,S3-730172530
S1-394912287	S2-131096223,S2-944539117,S2-130268372,S3-794445685,S3-868330645
S1-395392795	
S1-396548246	S2-366093755,S2-123927649,S3-297192346,S3-240058340
S1-396923246	S2-55463095,S3-722311611,S3-721218343
S1-396928826	S2-827950330,S3-279625031,S3-176027893,S3-790739130
S1-397106589	S2-276146448,S2-90229890,S3-541150088,S3-3631543
S1-397274285	S2-535624502,S2-8487397,S3-96540038,S3-267304710
S1-397557408	S2-538720631,S2-371036792,S2-812954772,S3-637743366,S3-606525751,S3-817797203
S1-398237725	S2-986399192,S3-952290222
S1-398467928	S2-456094352,S3-465649730,S3-935963554,S3-398470181,S3-543961060
S1-398469911	S2-803608580,S3-132247477
S1-398819664	S3-427809874,S3-916411888,S3-826944917
S1-3988382	S2-745221237,S2-312491650,S3-604586389,S3-725673660,S3-200895433
S1-399632864	S2-501697596,S2-626478740,S3-933531165
S1-400071544	S3-594198215,S3-749617016
S1-400139873	S2-242532537,S3-643577727,S3-936162002
S1-400281816	S2-152119056,S2-9506668,S3-732632153
S1-400576010	S2-131409529,S3-518945240,S3-652077428
S1-400898759	S2-561199584,S3-112210786
S1-401153469	S2-836028736,S2-2400848,S2-152010346
S1-401952529	S2-721622047
S1-402272627	S2-733943092,S3-831581600,S3-590995040
S1-402312207	S2-383034737,S2-971775101,S2-580086706,S2-125879349,S3-243353043,S3-37982767
S1-402478112	S2-512638913,S2-152171719,S3-223035167,S3-49082834,S3-634437981,S3-410667784
S1-402860122	S2-362804159,S3-454352686,S3-672251436,S3-265205819
S1-402965427	S2-648404217,S3-54093255,S3-770986740,S3-56240680,S3-687498930
S1-403614753	S2-684789434,S3-677098468,S3-156936093,S3-91779875,S3-397014350
S1-404079969	S2-672526973,S3-209918859
S1-404252243	S2-492412167,S2-723785804,S3-655328989
S1-404678575	S2-276205658
S1-404777375	S2-240674369,S3-521177134,S3-76889919
S1-404993188	S3-839785739,S3-536514467
S1-404995167	S2-878974315,S2-692204351,S2-784386291,S3-977252999
S1-40508795	S2-694672248,S2-114177474,S2-303541169,S3-761871191,S3-999788629
S1-405283092	S2-178328688,S2-814182227,S2-408844759,S3-221220347
S1-405437770	S2-149466102,S2-796893813,S2-944398820,S3-176034356
S1-405518824	S2-585034509,S2-20840394,S2-644921940,S3-917340909,S3-201712443,S3-273604953
S1-405520008	S2-733571442,S2-923785025,S3-460400982
S1-405521342	S2-298737486,S2-921599532,S2-716592306,S3-495160595
S1-405659542	
S1-405792862	S3-175257215,S3-231601299
S1-406265194	S2-805134539,S3-475415592,S3-692028072,S3-790665337,S3-678565628,S3-219762667
S1-406932020	S2-511904113,S3-874553993,S3-864550341
S1-407086915	S2-154573990,S2-14746504,S3-932612678,S3-818670964
S1-407432406	S2-97191004,S2-220231252,S2-957686084,S2-891824100,S3-74898938,S3-256200346,S3-195918970
S1-407542251	S2-721025894,S2-751003448
S1-407546990	S2-238694212,S2-668479738,S3-161568472
S1-407760885	S2-879747468,S3-614001622,S3-580599699,S3-267462473,S3-934623561,S3-948706858
S1-40778942	S2-240317656,S2-196963676,S3-453776613,S3-533811662
S1-408063271	S2-891825275,S2-75511490,S3-709713072,S3-725289504,S3-380895037
S1-408078837	S2-724977951,S3-624130351,S3-173406800
S1-408870056	S2-707431008,S2-283733615,S3-743550734
S1-408941682	S2-400262516,S2-314317780,S2-737762637,S3-547926341
S1-410346353	S2-757769109,S3-908592665,S3-592230454
S1-410668413	S2-507190615,S2-737132769,S3-386196127,S3-493517158,S3-551388423
S1-411111192	S2-648012884,S2-470537881,S3-768611541
S1-41154520	S2-124872978,S2-618087746,S2-386520435,S2-627238111,S3-956233840,S3-684353416
S1-412024822	
S1-412124814	S2-474406393,S3-353531025,S3-557960677,S3-432036190
S1-412551600	S2-408635852,S3-195035786,S3-709152819,S3-169882318,S3-451798909
S1-41261675	S2-112909029,S2-849522794,S2-1991586,S3-905583106,S3-670469055
S1-412717563	S2-645927563,S3-555494668,S3-783976663
S1-412879852	
S1-413177570	S2-439648984,S3-770904135,S3-970573732,S3-428761576
S1-413252093	S2-399982857,S3-780116219
S1-413260555	S2-973232185,S3-248852740
S1-413526081	S2-24676637,S2-224241815,S2-128168006,S2-400578089,S2-699366573,S3-601398287
S1-413962509	S2-373779619,S3-206031335
S1-414089898	S2-752271101,S2-113840824
S1-414371382	S2-673678386,S2-397525808,S3-675926786,S3-91811478,S3-198551542
S1-414912302	S2-368207193,S2-470166361,S3-578444610,S3-50997154,S3-59250381
S1-415628732	S2-758308282,S3-320564168,S3-351152963
S1-41580779	S2-202067388,S3-245885917
S1-416197754	S3-276976568
S1-416760655	S2-585632610,S2-27743812,S3-894311097,S3-981978783,S3-65041025,S3-388765485
S1-417777542	S2-722199212,S3-142047535,S3-364053902,S3-263235595
S1-418185631	S2-378236379,S2-286053340,S3-525770229
S1-41843797	S2-934987433,S3-455841462,S3-750578843,S3-259209156
S1-418672738	S2-934395926,S2-950411295,S3-707066864,S3-601197066,S3-796313018,S3-345804323
S1-419167253	S2-101902970,S2-428717747,S3-214801883,S3-734299305
S1-419249483	S2-528984513,S2-603246634,S3-669584914
S1-419625791	
S1-419922883	S2-748151670,S3-519134920,S3-474237833
S1-420260214	S2-547256240,S2-994802710,S2-831361096,S3-271308654,S3-308404158
S1-420763337	S2-824752873,S3-239185471,S3-10674037,S3-281265771
S1-421140629	S2-94497003,S3-125287699,S3-379138037,S3-188489616
S1-421418713	S2-226752033,S2-588266592,S3-305757979
S1-421435439	S2-682282106,S2-533978208,S2-11331417,S3-677606957,S3-210139414
S1-421513240	
S1-421634986	S2-691165117,S3-906840336,S3-482092212
S1-422237198	S2-635968531,S3-886984399,S3-15538015,S3-416046132
S1-42246345	S2-819580568,S2-112471943,S3-541130211
S1-422492231	
S1-422646941	S2-310172888,S2-795920077,S3-285901337,S3-254697112
S1-423276114	S2-314232378,S2-828391414,S2-806295417,S3-19192086,S3-398593920,S3-406372108,S3-858438260
S1-423880917	S2-947432222,S3-313676282,S3-138800454,S3-909358706,S3-785367528
S1-423973106	S2-762614150
S1-42402348	S2-134131481,S2-941774179,S2-501907327,S3-464443424,S3-139894630,S3-548317717
S1-424158750	S2-567418524,S3-382878313,S3-412802247
S1-424550021	S2-369072335
S1-425029735	S2-747698604,S2-236190743,S3-90910928,S3-382987341,S3-156430990
S1-425087749	S2-52169617,S2-477328884,S3-69937943
S1-425098743	S2-65771778,S3-264427149,S3-143121763,S3-168367210,S3-647464536
S1-425165797	S2-128002559,S3-812359371
S1-425530773	S2-170386690,S2-273868272,S3-133503710,S3-613672953
S1-425569447	S2-10734256,S3-17462469
S1-425693286	S3-242418215
S1-426137654	S3-517135813,S3-321244810
S1-426438818	S2-416337782,S2-119615741,S3-907893405,S3-684253535
S1-426628985	S2-729704425,S3-815506134,S3-266621090,S3-19702432
S1-426702569	S2-367489307,S2-985193882
S1-426953208	S2-346970078,S3-255726763,S3-721846607,S3-330819499
S1-426972643	S2-940042592,S3-32136352,S3-163357592
S1-427602960	S3-710742516,S3-803763513
S1-428622363	S2-850068158,S2-342718417,S2-370601468,S3-9936635
S1-428779552	S2-505391741,S3-744108445,S3-958101276
S1-429266588	S2-777032501,S2-376468231,S2-298862610,S2-956584957,S3-191239740,S3-829228230
S1-429900267	S2-867726523,S2-2517597,S2-785239799,S2-554640007,S3-260949818
S1-430162043	S2-831291071,S3-435906091
S1-430368184	S2-374007428,S3-242859242,S3-315347592
S1-430428350	S2-629681850,S3-24634243,S3-746869910
S1-430513984	S2-245891108,S2-820388259,S2-860350267,S3-325132240,S3-587486578
S1-430639396	S3-710016946,S3-194887837,S3-346236019
S1-430980477	S2-7690284,S2-86958012,S2-257748384,S2-379578867,S3-689660602
S1-431301283	S2-43635241,S2-641622991,S3-646468606
S1-431442616	S2-244539887,S3-598348652
S1-431624584	S2-161034657,S3-438333475
S1-43171728	S2-319854264,S2-792228997,S2-561707201,S3-452100652,S3-674634432
S1-43179162	S2-120023144,S2-815974424,S3-390487584,S3-801248360
S1-431867032	S2-548731261,S2-224492061,S2-760367787,S3-865084108,S3-698507983
S1-431990060	S2-554609104,S2-20551819,S2-685984901,S3-41041759,S3-516115120
S1-432538447	S2-203339352,S3-617673854,S3-32780269
S1-432543874	S2-522175020,S3-248443615,S3-243090426,S3-312643187
S1-432690816	S2-459530016,S3-726652006
S1-433225698	S2-638831369,S3-750248302,S3-677112404
S1-433673030	S2-763980201,S3-726697574
S1-433727669	S2-553763737,S2-244493283,S3-61092511
S1-433756312	S2-875998007,S2-5993881,S3-782283705,S3-681453294
S1-433766724	S2-113356826,S2-361416372,S2-75775674,S3-714677548,S3-854632323
S1-434607086	S3-363354607,S3-952040915
S1-434719296	S2-859747961,S2-701891242,S3-636927809
S1-434956269	
S1-435159240	S3-101811194,S3-747804890,S3-208692427,S3-19762633
S1-435586996	S3-998331090
S1-436269183	S2-150625741,S3-947831240,S3-861408522,S3-904203756
S1-436436807	
S1-437332190	S2-473552783,S3-906712461,S3-833382640
S1-437585950	S3-152422323,S3-72577827,S3-637229469
S1-438029307	S2-59682445,S2-569053927,S2-395530013,S3-841876706,S3-730384891
S1-438115387	S2-574617437,S2-576749365,S2-340593119,S3-564841594,S3-532784674,S3-8037418
S1-438307294	S3-970085721,S3-411325346,S3-693874238,S3-654711138
S1-43838517	
S1-438388049	S2-385537652,S2-227652963,S2-948887322,S2-20724484,S3-548057134,S3-504872769,S3-129074341
S1-438476284	S3-61147410
S1-43856225	S2-110842996,S2-444765466,S3-615209997,S3-717272672
S1-438777523	
S1-438834768	S2-793042095,S3-168741085,S3-97363590
S1-439117512	S2-526895027,S2-96258376,S2-44069402,S3-167057593
S1-439203736	S2-21514581,S3-805439682
S1-440383221	S2-789245894,S2-80844007,S2-107998199,S3-23752318
S1-440783542	S2-24075485,S2-69190788,S3-993986392
S1-441023683	S2-433819177,S2-800718657,S3-587092994,S3-46713055
S1-441643727	
S1-442262521	S3-268675162
S1-442809021	S2-332956096,S2-398233214,S3-222385080,S3-644696108
S1-442867091	S2-288839789
S1-443154384	S2-994491779,S2-781289854,S3-12964700,S3-62940186,S3-637551365
S1-443229916	S2-641764981,S2-974253904,S3-45230116,S3-668333833
S1-443264302	S2-157878890,S2-356669636,S3-912351493,S3-547639613
S1-443405762	S2-409439712,S2-752339594,S3-430090495,S3-79950172
S1-443452580	
S1-443605421	S2-655911704,S3-545102627,S3-273778002
S1-443897230	S3-515848573,S3-570816788,S3-654358010
S1-444321851	S2-459337352,S2-580859504,S2-896024828,S3-469519864,S3-687026900
S1-444779444	S2-563276054,S2-247993696,S3-792132191,S3-597054368,S3-743279062,S3-769242479
S1-444858095	S2-564484372,S2-961949166
S1-445075595	S2-624007789,S2-389320395,S3-105444830,S3-686743946
S1-445742098	S2-959822393,S3-11752980,S3-960862503,S3-625688924,S3-509812384
S1-445886042	S2-981704816,S2-836043600,S3-498171237
S1-446225826	S2-54053377,S2-843558420,S2-207294263,S3-352324784,S3-220186083,S3-79486964
S1-446256122	S2-135978561,S2-902956877,S3-125030122,S3-258950980
S1-446442890	S2-398586515,S2-408831827,S2-23793272
S1-446596565	S2-4292772,S2-775338078,S3-907158528
S1-44682741	S2-614584084,S2-348977082,S2-339372730,S3-677827762
S1-447199310	
S1-447521690	S2-536816939
S1-447531347	S2-624680013,S3-647074839
S1-447681107	S2-453192035,S3-284107943
S1-44785280	S2-925668631,S2-63149135
S1-448061431	S2-927101879,S2-470763133,S2-646996147,S2-990185516,S2-766521368,S3-123171495,S3-680020756,S3-913820436
S1-448291320	S2-245901527,S2-302323060,S2-380211955,S3-635368177
S1-448345019	S2-670549181,S3-462678740,S3-452820751,S3-245412518
S1-448367080	S2-722589032,S3-536033420
S1-448653123	S2-256043546,S2-321553383,S3-781923734
S1-449387618	S2-72346167,S2-400895768
S1-449397951	S2-673912478,S2-9158370,S3-206078520,S3-356643720,S3-575136050
S1-449790619	S2-919220369,S3-792143524,S3-22609629
S1-449838181	S3-253265851
S1-450618700	S2-488046128,S3-81937983,S3-999092654,S3-361833418
S1-450636499	S3-373544816
S1-451119317	S2-21502080,S3-237141577,S3-19815285,S3-711000375,S3-804233376
S1-451496142	S2-369727829,S2-822989674,S3-951264668,S3-576681460
S1-45252741	S2-391248156,S2-418222556,S3-189098914,S3-517276128,S3-573324446,S3-104517610,S3-886802183
S1-452543865	S2-704028601,S2-134560137,S3-935569716
S1-45257038	S3-215010021,S3-410400124
S1-452657790	S3-726728521,S3-969116194,S3-605690072
S1-45275723	S2-130718985,S2-466114429
S1-454847258	
S1-455385190	S2-597655278,S2-845380404,S3-884880323
S1-455565134	S2-479672062,S3-780315611,S3-854887663,S3-551575520,S3-792519134
S1-45563729	S3-679552690
S1-45575585	S2-724349201,S2-361945156,S3-975257382,S3-813096391,S3-205117549
S1-455886423	S2-401166227,S3-788721488
S1-456085328	S2-778160556,S2-70184259,S3-280591626,S3-13888208
S1-456146873	S3-513082626
S1-456243021	S2-701797224,S2-744476006,S3-255135038
S1-456299450	S2-398378381,S2-768245610,S3-971876496,S3-898082812,S3-707846546
S1-456378342	S2-415166705,S2-126159778,S3-314377473
S1-456427404	S2-345725843,S3-928215963,S3-718976159,S3-442326482,S3-922003653
S1-456624929	S2-497798673,S3-18030743,S3-305024835,S3-481230476
S1-456943523	S2-388043850,S2-944425352,S3-641184993,S3-890386441,S3-456175859
S1-457241467	S2-174194033,S3-736361542
S1-457381309	S2-929006627,S2-874690320
S1-45782158	S2-640602291,S2-434096972,S2-763487360,S2-827524261,S3-422040335
S1-457882370	
S1-458207036	S2-850105723,S2-434317423,S3-419916773,S3-78057376,S3-18004186
S1-458392278	S2-354335611,S2-287405229,S3-22670799,S3-70149229,S3-753682665
S1-458919664	
S1-459297936	S2-392101686,S2-564766778
S1-459361794	S2-490989437,S3-543524920,S3-738247381
S1-460386929	S2-341825270
S1-460626113	S2-651637392,S3-902432481,S3-515967358
S1-460658692	S2-72271114,S2-855495334,S2-952262136,S3-610927353,S3-374084651
S1-460718306	S2-891689945,S2-169777024,S3-664601597,S3-998005988,S3-827676518
S1-460943174	
S1-461222117	S2-497549106,S2-224731399,S2-427370911
S1-461462917	S2-493624048,S2-326582224,S2-586815125,S3-775202212,S3-3336714,S3-365252656,S3-186066121
S1-461741774	S2-425686241,S2-777239677
S1-461821835	S2-315236304,S2-148088147,S2-890110173,S3-938403289,S3-963508125
S1-462499569	S2-960346977,S2-814058306,S2-154533312,S2-476887773,S3-606102251,S3-565349804,S3-574004149,S3-642883714,S3-78702161
S1-462720339	S2-174385570,S2-869304021,S3-550729549
S1-463630507	S2-236160617,S2-28002551,S2-489500341,S2-144654815,S3-580008916,S3-708517618
S1-464095516	S2-80487795,S2-80666529,S3-49996510,S3-678656076,S3-359509730
S1-464455049	S2-256272676,S3-469039417,S3-373128144
S1-464679420	S2-359897550,S2-620641441,S3-857633380,S3-329870174,S3-646291094
S1-464958840	S2-29605338,S3-610650867,S3-704539981
S1-464962649	
S1-465007516	S2-94667719,S2-279419784,S2-988482740,S3-807766003,S3-773129949
S1-465062093	S3-755533951,S3-370796297,S3-397212481
S1-46506909	S2-973316855,S3-69478476,S3-900110842
S1-46543345	S2-11626036
S1-465483754	S2-869754084,S3-75558002,S3-545301434,S3-19657102
S1-465739288	S2-586371985,S3-435599270,S3-431096672
S1-466369301	S2-968498842,S2-434489515,S3-501208658,S3-884372426
S1-466668920	S2-630399297,S3-643607727,S3-594971383,S3-467864077
S1-466876326	S2-31102419,S2-98733305,S2-345653186,S2-254649541,S2-567495332,S3-239490078
S1-466955044	S2-750582171,S2-284052643,S3-680573445,S3-749399310
S1-46732045	S2-188446683
S1-46775767	
S1-467896167	S2-838752099,S2-593604326,S2-594136038,S3-82285540,S3-979495172
S1-467934267	S2-446562050,S3-253994302,S3-132435881,S3-343399668
S1-467934474	S2-144182143,S3-352880525,S3-212362333
S1-468272359	S2-930928373,S2-13213781,S2-718717397,S3-600020142,S3-227433197
S1-468461684	S2-429045520,S2-165987917,S3-322247857,S3-165362667,S3-331791236
S1-469762410	
S1-469978997	
S1-470502238	S2-284436985,S2-19343107,S3-985502412
S1-470696549	S2-235054223,S2-658260285,S2-724314141,S3-168532584
S1-471121926	
S1-471409765	S2-566789039,S3-363411394,S3-633750297
S1-471448906	S2-441489169,S3-658086357,S3-783836684,S3-334327920,S3-350874278
S1-47157678	S2-233858633,S2-383338430,S2-569302648,S3-589571035
S1-471700224	S2-827461283,S2-978971631,S3-799568899,S3-916380547,S3-514031002
S1-472045820	S2-551592407,S2-615197053,S2-673303728,S2-771902620,S2-683565821,S3-575104727
S1-472323567	S2-177070685,S2-91548195,S3-486996970
S1-472358366	S2-29887445,S2-434809923,S2-497587957
S1-472380791	S2-943187654,S2-424368225,S2-15294087,S3-331982185,S3-680054315
S1-472695874	S2-333705569,S3-262277726,S3-502569268
S1-472872032	S2-284837701,S3-344625492,S3-292287572,S3-98377200
S1-47313775	S2-465157439,S3-605416013
S1-473657464	S2-502263154,S3-43932876
S1-474532322	S2-586715886,S3-460598788
S1-475183963	S2-678168181
S1-476097182	S2-263574919,S3-721965677
S1-476979751	S2-696436049,S2-606169333,S3-665340122
S1-477016494	S2-181194655,S2-564574196,S2-773150558,S3-921223984,S3-130421599
S1-477484556	S2-109690861,S2-83917861,S2-635483151,S3-939847000
S1-478018521	S2-428217517,S2-651173879,S2-75062028,S2-739576321,S3-867682638
S1-478020202	S2-492825310,S2-453772743,S3-756798729
S1-478021884	S2-832013166,S2-873767988,S3-483366021,S3-191777537
S1-478264034	S2-602799165,S3-432721278,S3-802103468,S3-443224397,S3-158009967,S3-875080686
S1-478922381	S2-433187224,S2-779873934,S2-330895829,S3-493527781,S3-370505315,S3-285011973
S1-479161107	S2-49850640,S2-13132039,S3-39451796
S1-480109307	S2-783886203,S2-509536025,S3-484275089,S3-98879134
S1-480450270	S2-760509478,S2-897691258,S3-799378592,S3-42980756
S1-48068006	S3-590418668
S1-481493147	S2-196019908,S3-159879945,S3-145812716,S3-2091411
S1-482245935	
S1-482402023	S2-454840643,S2-331920000,S2-725442602,S2-183462722,S3-427553520,S3-561997245,S3-549972271,S3-405384244
S1-482632930	S2-447041363,S2-466036489,S3-521304055,S3-335022110,S3-426126889
S1-4826541	S2-499049904,S3-587163471
S1-482974012	S2-850798100,S2-446837256
S1-483254223	S2-199578310,S2-414110502,S3-749797851,S3-416873943
S1-484009094	S2-222991116,S2-232252754,S3-974180312
S1-48470732	S2-994846618,S2-4111318
S1-484753372	S2-407233156,S3-525369090,S3-489308499
S1-485746878	
S1-486380508	S2-524216088,S3-206546943,S3-143156429,S3-845795910,S3-786352077
S1-487014673	S2-179933097,S3-401561151
S1-487231713	S2-821508340,S2-724332899,S3-669162020
S1-487534078	S2-748566024,S2-62256489,S2-106660514,S3-778158001
S1-488324653	S2-520067336,S2-672482412,S2-993695809,S3-983223225,S3-750220851
S1-488492940	
S1-488702780	S2-496079756,S3-589242848,S3-790983010,S3-428742731
S1-489003121	S2-235127383,S2-450123215,S2-706239589,S3-607453290,S3-569522318
S1-489003698	
S1-489543846	S2-138426743,S3-966650162,S3-924726929
S1-489834584	S2-497318031,S2-758939378,S3-45856176,S3-802003637,S3-665377898
S1-489844228	S2-364113291,S2-104360838,S3-66911035,S3-427495920
S1-490390736	S3-124127536,S3-327944186,S3-684558215
S1-490868047	S2-595819422,S2-353193916,S3-462157282
S1-491036425	S2-679140983,S3-824154616,S3-876097943,S3-12484751
S1-491138472	S2-788106715,S2-197200716,S3-43710305,S3-67035158,S3-928683234,S3-726933950
S1-49129368	S2-800947923,S2-413103330,S3-931515172,S3-288345540,S3-849905337
S1-491611009	S2-949398415,S3-957300057,S3-133062970
S1-491907552	S2-853039326,S3-966665838,S3-997059065,S3-556515977
S1-492146489	
S1-492453158	S2-846124627
S1-493500111	S2-231549062,S3-738911141,S3-999781603,S3-956571494,S3-848618361
S1-495551624	S2-467602358,S3-509147535,S3-630125731
S1-49581873	S3-807113693,S3-332944425
S1-495839809	S2-904347956,S2-7179008,S2-405083104,S2-906933992,S3-589218934
S1-49584394	S2-153767532,S3-224494923
S1-496592466	S2-326457046,S2-701727670,S3-197000044
S1-496751988	
S1-496780343	S2-701019903,S3-36834067
S1-496802315	S2-371087906,S2-915252626,S3-418757166
S1-497294767	S2-302452163,S2-352913055,S2-943983176,S2-400160527
S1-497494073	S2-683204992,S2-717906681,S2-480032794,S3-632478565
S1-497842827	S2-174208047,S3-119604517
S1-498143089	S2-331675071,S3-441740486,S3-374488803,S3-872045065,S3-815606235,S3-86268308
S1-498567090	S2-221123001,S3-612982424
S1-498976806	S2-194713447,S3-495661913
S1-499068091	S2-688370998,S2-705144353,S3-516872313
S1-49929103	
S1-499777510	S2-753205658,S3-260201275
S1-500755346	S2-194545285,S2-790921898,S3-339381661
S1-501425080	S2-588807921,S2-891076862,S3-618849100
S1-501627799	S2-379072302,S2-496938068,S2-271449782,S2-329974529,S3-925607977,S3-91797453
S1-502039482	S2-797257199,S2-884552066,S2-708364396,S3-870150585,S3-689635019,S3-68237486
S1-502055237	S3-705460022,S3-474774954,S3-665266374
S1-50216702	S2-637861222,S3-296114799,S3-270452974,S3-817482980
S1-502187379	S2-78162027,S2-164274812,S2-406129754,S2-363393183,S3-230938952,S3-815258028
S1-502381766	S2-28551384,S3-385023726,S3-615188365
S1-502781798	S2-238722533,S2-277904545,S3-563795183
S1-502792973	S3-870339876,S3-148568829
S1-502826134	S2-175568452,S2-804154211,S3-720901885,S3-390834193,S3-372820458
S1-503227865	S2-636899330,S3-212064464
S1-503271306	S2-197605790
S1-503306856	S3-766314654
S1-503452250	S2-654382534,S2-961885875,S2-956087491,S2-191356012,S3-371047656,S3-429349452
S1-503885567	S3-896592941,S3-726903495,S3-233843295
S1-504261681	S2-155056488,S2-79285582,S2-944428013,S3-98429597,S3-32527493,S3-400442937,S3-594124389
S1-504627734	S2-898343154,S3-565677589,S3-145308507
S1-504730603	S2-560401144,S2-562558651,S2-848262383,S3-315070351,S3-211591548,S3-151061089,S3-842416389
S1-504862013	S2-643765455,S2-505186857,S3-257517051
S1-504933019	S2-69219149
S1-505475964	
S1-505611155	S2-254299542,S3-364447390,S3-310557605
S1-505704449	S2-848263338,S2-197455938,S2-271722806,S2-677014697,S3-207063431
S1-505753870	S2-711776087,S3-929063348,S3-230234288
S1-50588991	S2-74537265,S2-898716801,S2-375516397,S3-747731484
S1-506616855	S2-763242816,S2-616546129,S3-553018477,S3-554312555,S3-90871336,S3-156785651
S1-506629756	S3-524869575,S3-38472022,S3-727915354,S3-503955286
S1-50664386	S2-460821430,S2-597436998,S3-922288067
S1-50673223	S2-541495170,S2-184847407,S3-795674317
S1-507340426	S2-732891554,S2-744676367,S2-763160955,S2-236225791,S3-36818832,S3-185005250,S3-888015732,S3-560136832
S1-50749491	S2-535234616,S3-392056578
S1-507543346	S2-854972501,S2-58866749,S2-532233182,S3-511527618
S1-508675986	S2-874392420,S2-273794569,S3-699762887,S3-569136160
S1-508769599	S2-106663013,S2-724561023
S1-508866197	S2-184285990,S2-678147340,S2-719977105,S3-989664934
S1-509346614	S2-321252130,S3-629764864,S3-109459561
S1-509859051	S2-242916969,S2-889547058,S3-435423320,S3-69146257
S1-510006375	S2-542754890,S3-215285860,S3-832315266
S1-510615559	S2-288277707,S2-79796249,S2-323390561,S3-413976362
S1-51067386	S2-235094417,S2-391932992,S2-409877704,S3-782943107,S3-677661134
S1-510688610	S2-949464450,S2-169852354
S1-511076246	S2-100727491,S2-752334650,S3-460884632
S1-511336221	S2-587005574,S2-241964937,S3-49861841
S1-511646965	S3-341487941,S3-936442721
S1-511876979	
S1-512287160	S2-34458544,S2-105895280,S2-708017531,S3-688471134,S3-375778428
S1-512305382	S2-997750951,S2-299747925,S2-984571934
S1-51279149	S2-534279441,S2-5356410,S3-610056135,S3-633472822,S3-500452745
S1-513202089	S2-10128667,S2-188075589,S3-205044005,S3-167737417
S1-513407139	S2-712565474,S2-630586931,S3-812671546,S3-124122399,S3-147742565,S3-250902997
S1-514059871	S2-857440200,S3-617126829,S3-448637357
S1-514444026	S2-65837570,S2-579197774,S2-723119802,S3-452941833,S3-763047849
S1-514557658	S2-998916192,S2-394457952,S2-906691656,S3-42297653,S3-176571348,S3-561331890
S1-514596900	S2-648337490,S2-958362662,S3-853517362,S3-413892126,S3-448904889
S1-515086445	S2-467466272,S2-526839294,S2-355483125,S3-285339651,S3-834630992,S3-757833150
S1-516134508	S2-944418659,S3-77462123
S1-516208132	S2-614562368,S3-75067723
S1-516734255	S3-797992142,S3-159238066
S1-517683305	S2-258719094,S2-870253909,S3-475029927,S3-538952673,S3-919275552
S1-5186327	S2-548915782,S3-795805024
S1-518745913	S2-551682674,S2-432533911,S3-490882883,S3-270919236,S3-923346866,S3-881429194
S1-518839389	S2-763006226,S2-270196890,S3-317765335,S3-740558509,S3-419353795
S1-518942171	S2-511643961,S3-429373712,S3-803085509
S1-520027791	S2-262629705,S2-719582544,S3-261795938,S3-876679255
S1-52005849	
S1-52007524	
S1-52054281	S2-690041411,S2-927030238,S3-256000545,S3-1336350
S1-520679444	S2-944017037,S3-896558845,S3-706590760
S1-520686987	S2-565139482,S2-707184630,S2-337001549,S2-411110069,S3-776343839,S3-938465794,S3-808252297,S3-680860144
S1-520722573	S2-998420561,S3-805470021
S1-521084426	S2-472050021,S2-265867205,S3-172317902,S3-919310924,S3-646557666
S1-521336346	S2-140915486,S3-996774084
S1-521458401	S2-389947983,S2-720708120,S3-550844652,S3-546652805,S3-215725909,S3-846939423
S1-521683395	S2-193624241,S3-491409139,S3-249778978,S3-797931775
S1-521713985	
S1-521751148	S2-124361604,S2-633782412,S3-17438966,S3-460174061
S1-521782533	S2-285761233,S3-734272775
S1-522242210	S2-529876207,S3-239261135
S1-522608106	S2-731714285,S2-974533367,S3-612661684,S3-490847834,S3-264395577
S1-522668889	S2-89049593,S2-493290276,S2-628331506,S3-966339815,S3-129845560
S1-522995114	S2-662095840,S3-914834449
S1-523188737	S2-105952884,S2-162040581,S3-367090159,S3-28082400
S1-523368208	S2-608149969,S2-209456276,S3-752103864,S3-999874978
S1-523753175	S2-87254152,S2-138585087,S2-201625272,S2-650669901
S1-524084751	S2-762430078,S2-930822949,S3-95939324
S1-524269445	S2-217192442,S3-561918764,S3-698283192
S1-524347427	S2-754052979,S2-46880115,S3-861922066,S3-303550858
S1-524655338	
S1-524840144	S3-146689487
S1-524887516	S2-61165185,S2-897016646,S2-667563940,S3-93938272
S1-524928786	S2-525784117,S2-946498302,S3-215482020,S3-765775604,S3-821035232,S3-348478540
S1-525094023	S2-909653095,S2-736941983,S2-926788796,S3-259578593
S1-525096876	S2-522952035,S2-826779599,S3-433755974,S3-860531453
S1-5261369	S3-988778674,S3-605924478,S3-935638728
S1-526536568	S2-616259281,S2-943709574,S3-654550161,S3-745172562
S1-526590712	S2-326240428,S2-365415421,S2-279210416,S3-28984059
S1-52701010	S2-924412925,S2-497277606,S3-23835236
S1-527328101	
S1-527497541	S2-119862819,S2-285577649,S2-295208809,S3-101683680,S3-548056203
S1-529216273	S2-302040484,S2-613013082
S1-529307976	S3-642444713,S3-250823548
S1-530068562	S2-7502582,S2-370434064,S2-719516098,S2-715002939,S3-332782801,S3-668076003,S3-858570623
S1-530087827	S2-208801361,S3-867858752
S1-530496673	S2-929396166,S2-486549862,S2-824251240,S3-551193816
S1-530544910	S2-137671220,S2-552789269,S3-944871297,S3-398630095
S1-530552317	S2-932348349,S3-140112858,S3-576144582
S1-530617747	S2-29383509,S3-581692144,S3-531460836,S3-392951773
S1-530628821	S2-378208431,S2-843105342,S3-493419877,S3-598945825
S1-530639460	S2-765282118,S2-160221902,S3-619230254,S3-81271385,S3-116575160
S1-530966759	S2-16703479,S2-909863156,S3-232760534
S1-531107896	S2-577089889,S3-707603412,S3-245654318,S3-79513128,S3-951268820
S1-531429114	
S1-531678758	S2-416451269,S2-851159882
S1-531837855	S2-402689406,S2-632323311,S2-804048321,S2-336884453,S2-410214465,S3-798644208
S1-532195683	S3-435235567,S3-145000481
S1-532282131	S2-911217245,S2-92131211,S2-345657944,S3-921368944,S3-904280983
S1-532325191	
S1-533013989	S2-396344823,S3-819826490
S1-533419421	S2-428375790,S3-324849460,S3-924062635,S3-373346664
S1-533520548	S2-47705533,S2-641557771,S3-877907506,S3-845540641,S3-42620481
S1-53356671	S2-453334141,S2-904412198,S2-256033433,S3-468658814,S3-996978203
S1-53374274	S2-642181874,S3-870239805,S3-4814579,S3-280857945,S3-554315449,S3-324069320
S1-533831012	S2-200063531,S3-893191740,S3-527535028,S3-106314371
S1-534154706	S2-589713758,S2-977668308
S1-534618241	S2-122833808,S2-61884332,S3-930528130,S3-774768978,S3-693643298
S1-534799627	S2-914849378,S2-569407312,S3-23921995,S3-22575463
S1-535340304	S2-386482950,S2-720765888,S3-416157231,S3-70206570,S3-509859224
S1-535729178	S3-387390021,S3-187646272,S3-782495680
S1-535802318	S2-671426539,S3-765136724,S3-361532053
S1-535840870	S2-532448975,S3-70344709
S1-535875486	S2-680962756,S2-684188945,S2-215118935,S3-410613603
S1-536101922	S2-679900714,S2-375332463,S2-792999082,S3-894932954,S3-842334233
S1-536435138	S2-673195186,S3-262384901,S3-671909315
S1-536475371	S2-986946240,S3-442311026,S3-350185694
S1-537191216	S2-993498227,S2-876075256,S3-920878650,S3-541475807
S1-537410650	S2-394590932,S2-639844702,S2-6182325,S2-585519925,S2-381830694,S3-364817782,S3-45333811,S3-871471218
S1-538332147	S2-453574978,S2-901027530,S3-770330195,S3-840948817
S1-538689048	
S1-539009314	S2-490344105,S2-933052337,S2-110453159,S3-633925408
S1-539360652	S2-419628755,S2-540940810,S2-984857463
S1-539955901	S2-300215923,S3-741583179,S3-294458161,S3-692748180
S1-54036499	S2-530156492,S2-53755935,S3-512004288,S3-246572318,S3-517875362
S1-540365786	S2-967307623,S2-575934057,S3-284314343
S1-540672860	S2-626204944,S3-912108715
S1-540897787	S2-228055150
S1-541241346	S3-956173893,S3-931731258
S1-541260963	
S1-541564331	S2-806307778,S2-927829469,S3-618580700,S3-635065272
S1-541652796	S2-773814500,S3-377484195,S3-962839251
S1-541770027	
S1-542100901	S2-506661238,S2-23857704,S3-240777956
S1-542362386	S3-998017573,S3-909337052,S3-859540000
S1-543725881	S2-958794538,S2-831892977,S3-855594711,S3-780223416
S1-543921061	S2-421336102,S3-270026908
S1-544019441	S2-742004627,S2-958736361,S3-788798267,S3-177906458,S3-84023392
S1-544234524	S2-58976957,S2-45016263,S2-705193873,S2-720577772,S2-71681150,S3-597872814,S3-840456528
S1-544294706	S3-87347373,S3-690456791
S1-544342798	S2-436807197,S3-418878587
S1-544555328	
S1-545028787	S2-723073109,S3-592854960,S3-679221494,S3-698001501,S3-933613208
S1-545194664	S2-875292664,S3-357651507
S1-545392608	S2-593617514,S2-627436783,S3-764440395
S1-545789017	S2-786900870,S2-487620017
S1-54589569	S2-480806723,S2-960757175,S3-169000650,S3-553998510
S1-546713125	S2-321798343,S3-947336299,S3-396830798
S1-546733860	
S1-54680434	S2-939692207,S2-637071142,S3-448874739,S3-570966796
S1-547062323	
S1-548405427	S2-932303398,S2-178011358,S2-8643122,S3-341213453
S1-548790292	S3-437325633,S3-956557093,S3-918126506
S1-548791759	S2-973201092,S3-524673493,S3-182770463,S3-470839242
S1-548936776	S2-449583842,S2-371768304,S3-207977137,S3-292779200
S1-549461626	S2-102049237,S3-301075203,S3-943369747
S1-549815345	S2-804590895,S3-390556129
S1-549963411	S2-578408526,S2-771721901,S3-363467005,S3-755437996,S3-499944000,S3-772418215,S3-373446092
S1-550428647	S2-392746639,S3-457768320,S3-788432517,S3-652512826
S1-551015860	S2-158313022,S3-292204568,S3-478731355
S1-55102023	S2-26769586,S2-342693229,S2-678252225,S3-268574725,S3-740133508
S1-55120945	S2-840591741,S3-583278097,S3-941686559,S3-679177433
S1-551615800	S2-22476218,S2-215703608,S2-296702818,S3-518989322,S3-968806559,S3-546998874,S3-563157578
S1-551897263	S2-818108715,S2-600508751,S2-755298269,S3-602487572,S3-703809258
S1-552611163	S2-505027039
S1-55330790	S2-509907798,S2-992565768,S2-768746784,S3-896367662,S3-669957805
S1-553533042	S2-570054064,S2-132314322,S3-533194548,S3-235958774
S1-554633440	S2-985326144,S3-928449189,S3-479031396,S3-895605096
S1-554981898	S3-842303189,S3-835161472,S3-841441971
S1-5549868	S2-927226374,S2-766967246,S2-501612987,S2-923434810,S3-908305368,S3-353474033
S1-555331810	S2-244548978,S2-927687234,S2-458703934,S3-960742546,S3-155250976,S3-816779763
S1-555388048	S2-560732759,S2-405435509
S1-555507211	S3-936751003,S3-740926425
S1-555548772	S2-940722803,S2-846950639,S2-893818903,S2-717243601,S3-479784599,S3-338229801
S1-556943217	S2-816745920,S2-481491752,S2-234893686
S1-557017789	S2-501532384,S2-621441078,S3-675363019,S3-990011519
S1-557182088	S2-549413959,S3-448205614,S3-260526660,S3-677679839
S1-557339930	S2-283823416,S3-770273612
S1-557529591	S2-227746393,S2-287282200,S2-443032344,S3-456620262,S3-423053984,S3-540612128,S3-448947577
S1-557716936	S2-513582646,S3-422557056,S3-157723808
S1-557732888	S3-982486206,S3-551924161,S3-605275924,S3-51434313
S1-558077075	
S1-558219253	S2-894761114,S3-166949745,S3-72999449
S1-558254120	S2-662577349,S3-750382722,S3-390354526
S1-55827188	S2-199928569,S3-390550333,S3-708203587
S1-558506358	S2-716037189,S2-78578908,S3-333687466,S3-365785410
S1-558794180	
S1-559388448	S2-75027487,S2-591148884
S1-559395449	S2-324409229,S3-21736943
S1-559507599	S2-781939073,S2-109403164,S2-588554707,S3-588351494
S1-559563624	S2-103136730,S3-655589957,S3-143138365
S1-559727470	S2-940517995,S3-126956196,S3-882601144
S1-560575702	S2-196346378,S2-573351653,S3-195619936,S3-692157630,S3-646197669,S3-390827341
S1-560839264	S2-145955818,S2-465726675,S3-809803918,S3-409735078,S3-45975007
S1-561036116	S2-327412575,S2-224448983,S2-237957834,S3-400729578,S3-991034799
S1-561118340	S2-980284676,S2-856550637,S3-685119355
S1-561355903	S2-897874116,S3-937743205,S3-941520766
S1-561366941	S2-698358818,S2-956941579,S3-81732366,S3-718110537,S3-229478033,S3-901828542
S1-56182119	S2-3030193,S3-770259261
S1-561927605	S2-558206809,S3-158718068,S3-608841692,S3-592932974
S1-5624645	S2-350403548,S3-856000415,S3-609901996
S1-563260368	S2-179933565,S3-593720600,S3-101613543,S3-60124360
S1-563365732	S2-221718516,S3-87566567
S1-563566710	S2-929322462,S3-15836225,S3-535955096
S1-563768791	S2-601478884,S2-997623076,S2-152751557,S2-349426144,S3-253848184,S3-597044857,S3-692478426,S3-561475319
S1-563844373	S2-487033969,S3-599134250
S1-564556684	S2-856062910,S3-142684195
S1-564930729	S2-222405093,S2-45487499,S3-422179121,S3-300954704,S3-278310719
S1-56536350	S2-620888293,S2-485125889,S2-415209467,S2-726822102,S3-671898905,S3-907233119,S3-333827236,S3-303506640
S1-565415924	S2-753484016,S2-998258833,S3-746828380,S3-670037933
S1-56556913	S2-129238611,S3-266026719,S3-487427006
S1-56591462	S2-866331575,S2-266712959,S3-967350578,S3-299290019,S3-299086504
S1-566103091	S2-318615197,S2-397712648,S3-441820824,S3-142206754,S3-141295514
S1-56622125	S2-305266914,S2-633381170,S2-644437072,S3-279812093
S1-566494341	S2-186446441,S2-253470023,S2-438629493,S2-274221636,S3-568033945
S1-566557608	S2-946195239,S3-270317569
S1-568104900	S2-825251260,S3-327559435
S1-568299358	S2-601281735,S3-58030355,S3-138183509
S1-568352323	S2-250058738,S2-302140231,S3-915800950,S3-857906400,S3-143001190
S1-568435122	S2-149427969,S2-266408102,S2-231275263,S3-959117679
S1-568546215	S2-245631206,S2-728165215,S3-192212207,S3-719445262
S1-568565453	S2-41943099,S3-924672069,S3-628599815,S3-555098324
S1-569126046	S2-242610113,S3-26200270,S3-812062219,S3-258388829
S1-569265391	S2-100589240,S2-510115580,S3-41140946
S1-569268640	S2-347278420,S2-969880193,S3-835053798,S3-23545782
S1-569363022	S2-235258834,S2-237049626,S3-687592530
S1-569592374	S2-322489896,S3-341632221
S1-56989020	S2-52372336,S2-219682463,S2-192857282,S2-853245626,S3-142867134
S1-570080359	S2-491846677,S3-722388879
S1-570624954	S2-103127290,S2-67137409,S2-892039074,S2-372553458,S2-553647206,S3-679041488
S1-570678038	S2-144473418,S2-762231301,S3-949360846
S1-571298929	S2-878085475,S2-445579110,S2-501359150
S1-571857758	S2-563556565,S2-719240861,S3-330497418,S3-868623778
S1-572069678	S2-141205683,S3-194434612,S3-636370299
S1-572302194	S2-722111831,S3-114378979
S1-572881070	S2-422870027
S1-573207724	S2-767888565,S2-228086961,S3-679646011,S3-49818288
S1-57328953	S3-168948,S3-915725003,S3-53446548,S3-798425927
S1-573427830	S2-140481620,S3-309315952
S1-573513140	
S1-573601358	S2-763831839,S2-658151176,S2-716878563,S3-733768789
S1-574597330	S2-353486049,S3-745396525,S3-619531009,S3-580335535
S1-574959068	S2-555893480,S3-505201989,S3-504366718,S3-333067761
S1-574964449	S2-42921634,S3-945044329
S1-575642900	S2-729234998,S3-150291009
S1-576393711	S2-817374918,S3-30005277,S3-497227706,S3-165452142
S1-576399398	S2-171441141,S2-384166215,S3-572073146,S3-135863660
S1-576884583	S2-69954254
S1-57692338	S2-929914226,S3-789020230,S3-161706573,S3-525689812,S3-693918133,S3-568033726
S1-57693310	S2-150232100,S2-571846710,S3-169898620
S1-577018897	S2-450611443,S2-197540596,S3-927529142,S3-176178476,S3-423178749
S1-57720049	S2-778566440,S3-688127754,S3-649113779
S1-577222608	S2-817843525,S2-215448464,S2-656459981,S2-77786627,S3-708011838,S3-424335247
S1-577633788	S2-908651346,S2-367211974,S2-412569369,S3-116965329
S1-577676560	S2-472638175,S2-305675881,S3-737550057
S1-57780742	S2-520545633,S2-99032502,S3-410657710
S1-577851772	S2-685037457,S2-178235417,S3-727729826,S3-870289314
S1-578174893	S2-655862106,S3-955399846,S3-24164531
S1-578353639	S2-605501962,S3-947637879
S1-579314410	S2-126230309,S3-741222361,S3-939233594,S3-806206859
S1-579996157	S2-930896111,S3-593524067,S3-932923135,S3-690341042,S3-477056112
S1-580099825	S2-678976121,S2-727332872,S3-997150569,S3-862253347,S3-533034328
S1-580379341	S2-211535992,S2-881659552,S2-430332176,S2-622952902,S3-344641523,S3-31662325,S3-998211678,S3-188129705
S1-580584358	S2-824112869,S2-290583117,S2-616373038,S3-888372019,S3-832888050
S1-580893806	S2-553181905,S3-771260029,S3-750093551
S1-581088143	S2-685574633,S2-247550762,S2-323802851,S2-735148041,S3-902946857
S1-581169009	S2-473280780,S2-802063325,S2-161558142,S3-395250899,S3-398255581
S1-581606301	S2-116799176,S3-573066542,S3-345947515,S3-511523251,S3-929770206
S1-581837101	
S1-582055058	S2-961232838,S3-511278983,S3-183464000,S3-741350229,S3-754898115
S1-582057159	S3-878449960,S3-365222263,S3-824789165
S1-582673649	S2-848225533,S2-736331626,S3-743014621,S3-782906387
S1-582710895	S2-258372317
S1-582733437	S2-318811948,S2-415686278,S3-68999863,S3-188923749,S3-108916772,S3-504298489
S1-582824483	S2-401958074,S3-500130522
S1-583094024	S2-269224248,S2-687057839,S3-148950695,S3-748402326,S3-695226866,S3-553170067
S1-58310747	S2-194617073,S2-816369855,S3-61540439
S1-583963539	S2-383456432,S2-434595318,S3-897245044
S1-584121250	S2-833835071,S2-977274062,S3-805963150,S3-174936848
S1-584164456	S2-473005494,S2-532541174,S2-369022413,S3-69058435,S3-815730569,S3-96759990,S3-52356875,S3-953910280
S1-585107938	S2-162466262,S2-468881596,S2-444412919,S3-644100647
S1-585186987	S2-456374589,S3-398213020,S3-310027318,S3-809254586
S1-585527898	S2-822780417,S2-535155632,S2-408437595,S2-710725182,S2-652366986,S3-394684549
S1-585559117	S2-346589632,S3-747068282
S1-585883008	S2-351772613,S3-784664991,S3-789774880,S3-850453447
S1-586108049	S2-649977241,S2-316511244,S3-345120975
S1-586172272	S2-115376155,S2-762119244,S2-284132288,S3-156588948,S3-476760931,S3-245510192
S1-586452023	S3-744322569
S1-58659558	S2-79661652,S3-852689428
S1-586802916	S2-463583099,S3-677994013,S3-178727963,S3-876317807
S1-587254698	S2-694146601,S3-83012815,S3-702066652,S3-475452824
S1-587336001	S2-905662417,S3-910731661
S1-588225957	S2-747575632,S3-459613034,S3-381837220,S3-171910255,S3-453259107
S1-58845326	S2-872330815,S3-40935887,S3-234693000
S1-588668770	S2-595748024,S2-133151491,S3-12346318
S1-589146327	S2-859538155,S3-763063338,S3-414540153
S1-589298046	S2-477009838,S2-986420260,S2-132408883,S3-360695819,S3-9144763
S1-589302928	S2-941440121,S3-662229299,S3-621332247
S1-589512581	S2-292530643,S2-686617937,S3-908368622,S3-395707877,S3-860033657
S1-589897012	S2-939655471,S2-139857514,S3-845860200,S3-386092715,S3-722585203
S1-590041452	S2-624884266,S2-870576158,S3-832965754
S1-590773946	S2-861367011,S3-724938879,S3-874472735
S1-590916075	S2-590959479,S2-340876090,S2-675679111,S3-247351783
S1-59097545	S2-257682674,S2-979081504,S2-220971295,S3-357137520
S1-590984670	S2-804333818,S2-915448664,S3-752669342
S1-593565451	S2-101734060,S2-394956324,S3-32168972,S3-918923760
S1-593879269	S2-526623966,S2-456711689,S3-207758425,S3-633581117
S1-594278973	S2-969272795,S3-172091879,S3-841641783,S3-365890480
S1-594559549	S2-470262564,S2-571585757,S3-703937841,S3-301206769
S1-594942226	S2-768552033,S2-576245318,S2-257283762
S1-595374997	S2-876595795,S2-293208831,S3-129082904,S3-254800941,S3-253835378
S1-595475905	
S1-595528482	S2-897700073,S3-789669465,S3-714712507,S3-356441967
S1-595558619	S2-460847085,S3-711664808,S3-84758919,S3-756979148
S1-596665846	S2-76762829,S3-557619767
S1-597059294	S2-217655815,S3-412675635,S3-533601960
S1-597079008	S2-795274572,S3-509436145,S3-386233034
S1-597096405	S2-643386673,S3-854346042,S3-555405995
S1-597460622	S2-264939701,S3-99530999
S1-5974875	S2-497689768,S3-420381198,S3-714823926,S3-742960553,S3-34152919
S1-597655654	S2-219974924,S3-599368309,S3-472648820,S3-89178126
S1-597769288	
S1-597908585	S2-565726797,S2-439681721,S3-84227129
S1-59915191	S3-893019704,S3-960894763,S3-982360526,S3-758905085
S1-599310463	S2-184453112,S2-924708653,S3-679184843
S1-599743648	S2-298846571,S3-870019596,S3-985593975
S1-599939691	S2-803563700,S3-743077233
S1-600198554	S2-733983546,S3-303795989
S1-600526776	S2-483300875,S2-957562492,S2-170289426,S3-770808282,S3-149054551
S1-600678953	S2-784290103,S2-91963005,S2-616540962,S3-460508523
S1-600758856	
S1-601922964	S2-781288770,S3-247889089,S3-834248782,S3-925709661
S1-602397206	S2-175858676,S3-487317374
S1-602430416	S3-586577482
S1-602458726	S2-679422997,S2-99386463,S2-302648171,S2-126067707,S3-211069939,S3-87938673,S3-982414529
S1-60309256	S2-114281834,S3-228813251
S1-603195721	S2-901195507,S3-852648544
S1-603550112	S2-866284436,S3-525551541,S3-806073863
S1-604240541	
S1-604403095	S2-492071416,S2-498288097,S3-144245757,S3-461563611,S3-271101116
S1-604514530	S2-946309159,S2-766286432,S3-727714190,S3-201888063,S3-119206755,S3-657210275
S1-604613471	S2-72109356,S3-840172637
S1-605100650	S2-815723444,S2-7032765,S3-740474524,S3-220057908
S1-605340665	S2-488316674,S3-774264294,S3-835696575,S3-167093983
S1-605603664	S2-330394293,S3-805538277,S3-360333983
S1-606291083	S3-19469119
S1-606417048	S2-469646534,S2-617695400,S2-326894716,S3-715170245,S3-178592236,S3-608992581,S3-497590895
S1-606541764	S2-58428358,S2-301085351,S3-970850240,S3-996867278,S3-78349716,S3-290151609,S3-268387314
S1-606568823	S2-882571147,S3-499315506,S3-340647469,S3-25476728,S3-576530163,S3-343436361
S1-606938203	S2-510783646,S2-775398177,S3-646837932
S1-607280488	S2-929936455,S3-617907207
S1-607312695	S3-558439466
S1-60760702	S2-846455327,S2-832455827,S3-814438640
S1-607735851	S2-470933977,S2-490663192,S3-133165377,S3-400206257,S3-183552696,S3-61176446
S1-607933705	S2-48775726,S2-694603082,S2-536318594
S1-60823411	S2-260026808,S2-486098610,S2-52265545,S3-357344248,S3-223742508,S3-952640420,S3-601941917
S1-608369126	S2-941068402,S3-367414779
S1-60889636	S2-568672826,S2-327785594,S2-386874693
S1-609144004	S2-465402249,S2-292065170,S2-903667452,S2-34287809,S3-617884806,S3-987481073,S3-993001345
S1-609146900	S2-412711831,S2-551668059,S2-278558340,S3-828931529,S3-957212623,S3-978811646,S3-212730905
S1-609167497	S2-48120151,S3-830004537
S1-609730619	S2-20353082,S3-749599438
S1-60980827	S2-553077983,S2-719386833,S2-167820016,S3-314408388
S1-610896472	S3-939281501
S1-610913484	S3-942661821,S3-668897902,S3-692598374
S1-611182218	S2-346736217,S2-353809916,S3-337523703,S3-867234917,S3-557248952
S1-611800581	S2-100653672,S3-353223137,S3-779816333,S3-45656546
S1-612342775	S2-193952876,S2-10119839,S3-33480972,S3-484534511,S3-635806702
S1-612610333	S2-205673773,S3-322781775,S3-786247717,S3-888110277,S3-665694421
S1-612950538	S2-75882467,S3-40972739
S1-613071411	S2-688061730
S1-613316968	S2-114535787,S2-154458952,S3-54750816,S3-331890357
S1-614013818	S2-236853424,S3-977141681,S3-303939088
S1-61408376	S2-779204069,S3-745783922
S1-614166735	S2-836231990,S2-25291679,S3-609578756,S3-244407822,S3-974804011,S3-84053529
S1-615265325	S2-524051596,S2-52423327,S3-960639433,S3-606384253,S3-513548155
S1-615954597	S2-756966786,S2-904544751,S3-869110690,S3-876780801,S3-949015383
S1-616475804	S2-697305117,S2-976236968,S2-579645614
S1-616995300	S2-880350419,S3-290434047
S1-61829385	S2-606523464,S3-196764206
S1-618571743	S2-713235202,S3-283742535,S3-989791912
S1-618704174	S2-629206912,S3-2388650,S3-456151183
S1-618837936	S2-451321933,S3-366370138
S1-618997236	S2-903630131,S2-756053030,S2-931963433,S3-295405725
S1-61939087	S2-421905325,S2-383609200,S3-230100035,S3-522899841
S1-619552943	S2-960216780,S3-352399690,S3-143273381
S1-6196517	S2-965299261,S2-162907714,S3-866209422,S3-877474578,S3-170433338
S1-619956812	S2-656843184,S2-202370238,S2-632444705,S3-97180360
S1-620787839	S2-780515242,S2-939893104,S3-105063195,S3-323515499
S1-621085351	S2-832345733,S2-550949675,S2-30145440,S3-437021658
S1-621207870	S2-633065101,S2-226553410,S2-838673872,S2-291615624,S3-142908372,S3-143802519,S3-574449603,S3-328568381
S1-621208988	S2-682448909,S2-900239073,S3-813502551,S3-719006744,S3-722698281
S1-621241096	S2-771090528,S2-527565372,S2-674262201,S3-700958179,S3-166402364
S1-621577396	S2-146930995,S3-946318503,S3-936252012,S3-126366503
S1-622183692	S2-712217107,S3-95865373,S3-543521209
S1-622802949	S2-19975235,S2-570715630,S3-378145761
S1-623115224	S2-970000048,S2-809941179,S2-110354210,S3-910880935,S3-375487017,S3-267566198
S1-623177460	
S1-623452738	S2-923164499,S3-341675461
S1-623475769	S2-521267627,S2-461264956,S3-639010776,S3-269194036
S1-623762053	S2-678587304,S3-158851482,S3-756041349
S1-623821600	S3-924191082
S1-623858923	S2-953732029,S2-955479758,S2-853579960,S3-321682015
S1-623993543	S2-358855638,S3-155968076
S1-624656570	S2-80844616,S2-611277765,S3-534427968
S1-624714972	S3-206141879,S3-618219116,S3-987685972,S3-988234112
S1-624983672	S2-66196373,S2-880548117,S2-467840850,S2-976577942,S3-363585027,S3-931804603,S3-845097458
S1-626837857	
S1-626949347	S2-328243888,S2-967700098
S1-626976426	S2-269571804,S2-574130666,S3-31466193
S1-627754038	S2-580185317,S2-114507442,S2-463040366,S3-371491886,S3-300332251,S3-453478096,S3-2195600,S3-199169745
S1-627975754	S2-450766897,S3-713556426,S3-571731962,S3-181595855,S3-743333234
S1-627999780	S2-357468066,S3-728752108
S1-628241119	S3-238294489,S3-600089858
S1-628245995	S2-841405712,S2-36617327,S3-240614916,S3-876569759,S3-321866549
S1-628407801	S2-847732135,S2-836654823,S3-106633966
S1-628791405	S2-926286422,S3-28261890,S3-538543413
S1-629090802	S2-566443303,S2-427094862,S2-14340589,S3-71941271,S3-995359172
S1-629270773	S2-763543894,S3-391515107,S3-656061378,S3-602898833
S1-630149953	S2-115238959,S2-138839775,S2-981531199,S2-229301244,S3-518479504,S3-728742174
S1-630257849	S2-891918323,S2-820492235,S3-130399752,S3-700165534,S3-675465231,S3-961331087,S3-916884023
S1-630494536	S2-951317162,S2-605458161,S3-78735580,S3-117524287
S1-630594079	S2-343089856,S2-873437330,S2-440574437,S3-116923928,S3-291311905,S3-973178467
S1-630822944	S2-347052598
S1-631569262	S3-446499334
S1-631621013	S2-869737272,S2-194434937,S3-418443526,S3-359143386,S3-433241808,S3-665795961
S1-631690612	S2-668811814,S2-989014134,S3-19144056,S3-638199910
S1-631845594	S2-847167076,S2-906201306,S2-613315517,S3-322384799,S3-544494097
S1-632088756	S2-461454382,S2-515963441,S2-180876391,S3-581108700,S3-668907666,S3-44171274,S3-891701181,S3-326643597
S1-632165053	S2-947609056,S3-164283251,S3-172767565
S1-633223855	S2-611908154,S3-242938678,S3-664564733
S1-633338206	S2-62159057,S2-148604891,S3-12601663
S1-634088131	S2-920224969,S2-473013579,S2-762719006
S1-634246764	S2-903664407,S2-573624350,S2-522891341,S3-30800438,S3-197968601,S3-37877993
S1-634319666	S2-232549652,S2-141856533,S2-868051845,S2-368255082,S3-8741429
S1-635481769	S2-264720910,S3-194384041,S3-863773329,S3-594639667
S1-636697059	S2-546573675,S2-683403436,S2-972346853,S3-16692499,S3-739258091,S3-499853609,S3-897989804
S1-637128353	S2-922855650,S2-789849399,S2-119412113,S2-464293082,S3-186749058,S3-729102601
S1-63735802	S3-217957888,S3-620029768
S1-637409276	S2-912567976,S2-624731218,S3-375300553
S1-637427281	S2-236096156,S2-566287972,S2-122524155,S3-645919703,S3-424230325,S3-830964311
S1-637622185	S2-391502671,S3-907287816,S3-316008266
S1-637685044	S2-282755275,S3-549057080,S3-356734271
S1-6387036	S2-607036862,S2-631929522,S3-911708918,S3-765569418,S3-394997463
S1-639448087	S2-965648748,S3-153151250,S3-199577159,S3-258046542
S1-639523020	
S1-639548592	S2-23259609,S2-98886752,S3-877754604,S3-650289407
S1-639617247	S2-939478555,S2-550430120,S3-653835902
S1-639647297	S2-827747308,S3-917332790
S1-640044387	S2-415415592,S2-920866545,S3-237162289
S1-641243686	S2-753388081,S2-435700073,S3-835130301,S3-649852880
S1-641634328	S2-22140586,S2-45808637,S2-111970177,S3-437532288,S3-787798477
S1-642004710	S3-279917847
S1-642282198	S2-629833070,S3-740999591,S3-652848543,S3-605500107,S3-106333970
S1-642488269	S2-498910744,S2-216050037,S3-341159746
S1-64262138	S2-371390481,S2-235421039,S3-946798921
S1-64285241	S2-90782816,S2-58433036,S3-436694060,S3-377868334
S1-643245576	S2-845000857,S2-983301727,S2-962179552,S3-413116203
S1-64345142	S2-350739011,S2-168131577,S2-468039922,S3-233442645,S3-872703649,S3-858304260
S1-643898887	S2-214819746,S2-984226971,S2-297738889,S3-949801856,S3-471072489,S3-760840873
S1-644155092	S2-530455006,S2-774543773,S2-514237288,S2-625797360,S3-987033562,S3-904866792,S3-389775316,S3-544982980
S1-644192996	S2-361469826,S2-387267007,S3-614817421,S3-154366608,S3-206960436
S1-644746522	S2-22535378,S3-138608340
S1-64517585	S2-529433358,S3-342513969
S1-645504157	S2-328990123,S3-877187347,S3-285276607
S1-647072167	S2-642232023,S2-224087352,S2-522052970,S3-958920797,S3-550600723,S3-539491698
S1-649238538	S2-389881931,S2-109380656,S2-241271291,S3-168733158,S3-804472385
S1-649524968	S2-312004153,S2-220805556,S3-831459505,S3-2406751
S1-65033837	S2-142403196,S2-898554621,S3-362836331
S1-650414540	S2-712065276,S2-629643625,S2-108205092,S3-554329044,S3-146082519
S1-650696290	
S1-650879900	S3-918664470,S3-416229334,S3-475076627,S3-878515090
S1-650938641	S2-2984671,S3-738838681,S3-958256072,S3-326924916
S1-651100599	S2-848350980,S3-521256970
S1-651483834	S2-453351217,S3-424949927,S3-836599150,S3-809549272
S1-651994278	
S1-652185060	S2-548788584,S2-516723593,S3-974721406
S1-652343462	S2-165302226,S3-185824825,S3-762761921,S3-971134838
S1-653053845	S2-774248919,S2-746453927,S2-88515434,S3-616988754
S1-653766547	S2-111224937,S2-243945518,S3-149268343,S3-389961903,S3-331717660
S1-654914146	S2-670489612,S2-904699646
S1-655046555	S2-113600604,S2-73156901
S1-655433571	S2-72685009,S2-310113193,S2-276514830,S2-716919850,S2-352839313,S3-211990991
S1-655505077	S2-468887161,S2-939602801,S3-300576582,S3-741944187
S1-655668963	S2-407692499,S3-242053090
S1-655855201	S2-54342429,S2-211490968,S2-746467028
S1-656898988	S2-267844540,S2-947183399,S3-407810504,S3-924611187
S1-657512652	S2-544101059
S1-657519036	S2-544458156,S2-95774315,S2-331920032,S3-264563120
S1-657556498	S2-903579554,S2-656556488,S3-256545009
S1-657765374	S2-359755166,S2-587169616,S3-440336756
S1-65784613	S2-870858692,S2-430843013,S3-366308608,S3-374081180
S1-658264296	S2-112141727,S3-208130562
S1-658332645	S2-842407779,S2-342339765,S2-333648314,S3-184262424,S3-281437355
S1-658441988	S2-981952661,S3-833010579
S1-659663175	S2-70833969,S3-607528535,S3-967089409
S1-659677987	S2-117113954,S3-543395617,S3-734300821,S3-996902173,S3-117365780
S1-659761244	S2-339699305,S2-865153673,S3-223768612,S3-553582142
S1-659972029	S2-45496379,S3-467794784,S3-435330345
S1-660351749	S2-656615624,S2-856662533,S3-332523932,S3-427463590,S3-896116242
S1-660980751	S2-933732670,S2-730801105,S2-916361596,S3-25378956,S3-429696523,S3-131667507
S1-661546405	S2-584423858,S2-719801437,S3-370440733,S3-534432126
S1-661675873	S2-451440712
S1-661755093	S2-391089191,S2-434973658,S3-920456406
S1-662088078	S2-903233145,S2-988534810,S2-180190676,S3-829065604,S3-644502726,S3-507147456,S3-82762569,S3-504792541
S1-662467047	S2-515535985,S3-731631754,S3-319443017
S1-662862687	S2-243887786,S2-40464762,S3-507556235,S3-142999592
S1-663067533	S2-143937181,S2-112495836,S3-613211288
S1-663521636	S2-272770945,S2-564389991,S2-11492040,S2-802148296,S3-662614144,S3-290366873
S1-663563711	S2-975673504,S3-333899092
S1-663565958	S2-395479629,S2-192656141,S3-461610873,S3-168910800
S1-66427628	S3-710281574
S1-665174875	S3-931306030,S3-648811726,S3-115889404
S1-66521471	S2-467678357,S2-37948874,S3-576246957,S3-369626098,S3-242611697
S1-665426910	S2-81737680,S3-623895208
S1-665516269	S2-954273446,S2-485592522,S3-302265130
S1-665731002	S2-561400892,S3-701580748,S3-953825515
S1-665978240	S2-124974543,S2-172354527
S1-666365068	S2-696775892,S3-791060436,S3-100113285,S3-611656757,S3-64300662
S1-666934040	S2-890976865,S2-420912419,S3-361232527,S3-280883006,S3-999564706
S1-667017397	
S1-667264941	S2-754564101,S3-11054457,S3-87887761,S3-810666500
S1-667265043	S2-763151755,S3-192483774
S1-66746049	S2-244085699,S2-118943971,S2-391935611,S3-583531687
S1-667757390	S2-680096131,S2-549624237,S3-529384128
S1-667852528	S2-39132037,S2-161740345,S3-974699636,S3-272045574
S1-668135507	S2-75512311,S3-503557246,S3-920390689,S3-88647348
S1-669312620	S2-538737318,S2-344470616,S2-519496063,S3-346140386,S3-706740554,S3-471956305
S1-669638688	S2-380051803,S2-592880634,S2-241788197,S3-594613696,S3-884790295
S1-670137434	S2-764089767
S1-670428341	S2-178669047,S2-375524025,S3-21888242,S3-559659794
S1-671071076	S2-440443694,S2-991227428,S2-174511934,S3-340715606,S3-383776336
S1-671589138	S2-618598117,S2-403641951,S3-74807906,S3-477416386
S1-672056791	S2-824599756,S3-787728037,S3-989400632,S3-209103626,S3-521241339
S1-67212931	S2-791311461,S2-868721315,S3-405808554
S1-672531425	S2-550246246,S2-409223967,S3-765856804,S3-532320118,S3-372082211
S1-673320160	S2-710364890,S3-819266522,S3-199251320,S3-39321622,S3-80786373,S3-882918349
S1-673686433	S2-869581219,S3-161083555,S3-480159282
S1-673693814	S2-429173801,S3-162965942,S3-457405560
S1-673947617	S2-797609256,S2-761144254,S3-471561421
S1-673974853	
S1-674583713	S2-391041148,S2-66231733,S3-457595901,S3-584668731,S3-801599206
S1-674882976	S2-473237574,S2-595529733,S3-398835478
S1-67490113	S2-289261959,S2-906091656,S3-688285022
S1-675018190	S2-485368708,S2-200820419,S3-372240649,S3-205719659
S1-675447424	S2-562632013,S2-809986000,S2-549769160
S1-676349283	
S1-677168024	S3-62678777,S3-196471806
S1-677693056	S2-649568956,S2-660025494,S3-319023201
S1-677906740	S2-165928042,S3-353708451
S1-677935743	S2-713880206,S2-895505638,S2-578448963,S2-496283299,S3-436821178,S3-78286800
S1-678707462	S2-433382908,S3-415814237,S3-735741632
S1-678898601	S2-201273498,S2-467095467,S2-432574433
S1-679035414	S2-38967060,S2-117034153,S2-708276928,S3-355426466
S1-679340480	S2-572867652,S2-38290987,S2-95939264,S3-563058369,S3-920344864,S3-496843840
S1-679395886	S2-255148519,S2-161225556,S2-213550124,S2-369992716
S1-679713048	S2-739670459,S3-325343968,S3-546457242
S1-680247081	S2-90458208,S3-732322635
S1-680356898	S3-321821996
S1-680416224	S2-192452091,S2-157721942,S2-316092476,S2-25466737,S2-211421430,S3-919031316,S3-861958082,S3-924824386,S3-524426555,S3-215120097
S1-680479441	S2-146466586,S2-447180861,S2-720981742,S3-562831024,S3-396481070,S3-236731379,S3-809391910,S3-298183159
S1-680655630	S2-489004366,S3-30974419
S1-681098662	S2-972487412,S3-946742405,S3-643448803,S3-185836145,S3-690117229
S1-68161416	
S1-68170645	S2-773927630,S2-538586895,S2-89685361,S3-905748682,S3-257996729,S3-601699640
S1-681710657	S2-369721054,S2-548824908,S3-696500536,S3-426231102
S1-6819617	S2-702303429,S2-233243343,S2-553899499,S3-219407266,S3-90173947
S1-682076324	S2-386726092,S3-727855790
S1-682350775	S2-336171933,S3-32182840,S3-562609460
S1-682382012	S2-708380048,S2-502812597,S3-976618039,S3-177835579,S3-873608096
S1-682811460	S2-55354660,S3-695283631
S1-682844169	S2-971786365,S2-614739100,S3-311772041,S3-863172260
S1-683148514	S2-737123387,S2-138543047,S2-213035417,S3-782687128
S1-683164864	S2-386846911,S2-87977433,S2-184997775,S3-65759820,S3-974516169
S1-683239030	S2-923449243,S2-214941160,S3-606994481
S1-683788263	S2-779063504,S3-501078612
S1-684375003	S2-524554486,S3-263459230,S3-831741188
S1-684607059	S2-756862093,S2-728240350,S3-892983076
S1-685048543	S2-845872236,S2-658083417,S3-975683365
S1-685106343	S2-114784823,S2-533100810,S3-372844836,S3-836822657
S1-685387446	S2-822940683,S3-46755798
S1-685565924	S3-380538234,S3-377472753
S1-685713145	S2-579465337,S3-772062439,S3-325149265,S3-805249,S3-753550106
S1-68575982	S2-969680747,S2-881439108,S3-980234190
S1-686120950	S2-993830432,S3-539240283
S1-68620982	S2-293298896,S2-669105094,S2-501107506,S3-741972858,S3-516816873
S1-686222356	S2-549964799
S1-686578911	S2-101047094,S2-451809298,S2-26117333,S3-177940184,S3-517498989,S3-781763420
S1-687053526	S2-775580908,S3-961163041,S3-870925053
S1-68764297	S2-553266993,S3-638732165
S1-687742312	S3-180371859,S3-215286719
S1-688083761	S2-767881310,S2-690810935,S2-904769834,S2-395095612,S3-297713204,S3-547630693,S3-981588692
S1-688184036	S2-736194001
S1-688588036	S2-885197357,S2-400624231,S3-447807754,S3-776804773
S1-688842109	S2-506941805,S3-280533118
S1-689456352	S2-174440337
S1-689725225	S2-661343369,S3-108993353
S1-689977390	S2-109599074,S3-848835491,S3-830410585
S1-690051769	S2-989163903,S2-357005012,S3-142486674,S3-166248042,S3-622206124
S1-690151152	S2-228559678,S3-900607781,S3-150805296,S3-105209173
S1-690175609	S3-863972558
S1-69069569	S2-268765765,S2-577255727
S1-69136938	S2-39339556,S3-290562127,S3-755784596,S3-857864107,S3-804586383
S1-691616670	S2-229208967,S3-806305714
S1-691701111	S3-962564393,S3-992513718
S1-692274887	S2-851195030,S3-4765844,S3-421829516,S3-431388311,S3-497628430
S1-692421008	S2-899773712,S2-168053725,S3-940627970,S3-776290597
S1-693364394	S2-668021,S2-714297903,S3-674535690,S3-89797682,S3-589476892
S1-69346744	S2-886445875
S1-694493047	S2-144609145,S3-614944568
S1-694530971	S2-865036829,S2-21249719,S3-168205354,S3-55832374
S1-694737938	
S1-694830809	S2-409001265,S2-960545687,S2-729615137,S2-548592444,S3-156666432
S1-695252025	S2-888506062,S2-172610745,S2-424677335,S2-245092043,S3-546809904
S1-695606943	S2-953890782,S3-666638357,S3-194584052,S3-555696251,S3-552051944
S1-695940996	S2-991923139,S3-859978135
S1-696420965	S2-861741380,S2-373815328,S2-168954241
S1-697138545	S2-583581365,S2-243239635,S3-176929729
S1-699154812	S2-287766501,S3-926932080,S3-611744857,S3-662106218
S1-699460640	S2-690890088,S3-55848313
S1-69952960	S2-736471381,S2-217469811
S1-699551455	S2-153647290,S3-184039521,S3-548812029
S1-6995546	S2-755610167,S2-438011450,S2-563892296,S2-323579019,S2-838499785,S3-153552671
S1-700207404	S2-266768735,S3-378091246,S3-403703678
S1-700383051	S2-460986271,S2-996620656,S3-192725946,S3-662987550
S1-700703528	S2-576362750,S3-967372656
S1-700910866	S2-276911414,S2-575359001,S3-997481241
S1-701583396	S2-482400830,S2-343152285,S2-550622607,S3-327922333,S3-193946989
S1-70196606	S2-817589216,S2-515356085,S3-255274826,S3-698753632
S1-702257342	S2-338108468,S2-827517632,S2-408422837,S2-595696083,S3-703943119,S3-58911290
S1-702491441	S2-655836583,S3-914276507,S3-79936502,S3-576168062
S1-70249854	S2-698869266,S3-348001007
S1-702568540	S2-260459748,S3-45493171
S1-702623830	S2-591093417,S3-829447981,S3-332219915
S1-702724995	S3-18714279,S3-571784462
S1-703289878	S2-955000389,S2-757715503,S3-990971743
S1-704010386	S2-710715630,S3-746562682
S1-704018652	S2-516118253,S3-931720898
S1-704129543	S3-815345723,S3-721727699
S1-70415339	S2-506878557,S3-453684535
S1-704422081	S2-808114481,S3-503466532,S3-631163048,S3-800340524,S3-169003647
S1-704592953	S2-381785587,S3-622229953,S3-613849148
S1-705048374	S2-886794092,S2-881512613,S2-814689684,S3-573553097,S3-535933616
S1-705247568	S2-869970118
S1-705906271	S2-951004133,S2-37772896
S1-70598180	S2-612129452,S2-866824630,S3-767873410
S1-706039440	S3-345386702
S1-706970785	S2-102031558,S2-738912095,S2-919913096,S2-315460492,S3-585352325
S1-707400711	S2-773717022,S3-7154943,S3-411271386,S3-726212806
S1-707412941	S2-340141239,S2-367258821,S3-31134626
S1-707916403	S2-663381482,S2-578195413,S2-781180829,S3-740918157
S1-708213658	S2-658272761,S2-641438059,S3-405139568
S1-708263196	S2-56206234,S2-232390165,S3-188809676,S3-828350151,S3-552451800
S1-708650047	S3-836283243
S1-708740394	S2-231223268,S3-849445463,S3-418417540,S3-292033114,S3-780126102
S1-709075265	S3-481324419,S3-692959054
S1-709401	
S1-709597729	
S1-709917118	S2-9326306,S2-758490818,S3-15083122
S1-709960468	S2-351050869,S2-519500095,S2-783218448,S3-89755169,S3-347400419
S1-710139409	
S1-710558824	S2-82895538,S2-361173142
S1-710565396	S2-6237833,S3-449017993,S3-748922087,S3-419294389,S3-267296727
S1-710891317	S2-86832950,S2-740411661,S3-412256519
S1-710927111	S2-345045045
S1-71093974	S2-57117558,S3-789586490,S3-291376780,S3-516071106
S1-711813257	S2-466836826,S2-106811322,S3-915857261,S3-540909767,S3-117370661
S1-71184815	S2-169503815,S2-434897211,S3-953045012,S3-121313897,S3-883422015
S1-712235440	S3-355552542
S1-71284994	S2-554485628,S3-169422534,S3-946195194
S1-713283744	S2-792984369,S3-21962216
S1-713416149	S2-21493091,S2-647338340,S2-951487367,S3-387563114,S3-245442044,S3-569900257,S3-744986958
S1-713978293	S2-141721491,S2-925947037,S3-720113443
S1-714374058	S2-451408957,S3-583474263,S3-955781690
S1-714440011	S2-505459302,S3-970744474,S3-399524528
S1-714522366	S2-618106667,S2-827404611,S3-489208840,S3-671292898
S1-714614693	S2-241036499,S3-975068240,S3-682382938,S3-1034244
S1-714642946	
S1-714744262	S2-530044417,S2-463897136,S3-72630521
S1-715529697	S2-829375119,S2-433660330,S3-205617724
S1-715888147	S2-615018618,S3-304799102
S1-716024722	S2-785881581,S3-97586276
S1-716043904	S2-309185915,S3-218083408,S3-963643040,S3-832813727
S1-716080061	S2-813246029,S2-52938642,S2-308187284,S3-559387084
S1-716520707	S2-210235997,S3-470644227
S1-717223466	S2-217547702,S2-661190061,S3-933156173
S1-717384750	S2-728261217,S2-585048475,S3-505173697,S3-851585511
S1-717843167	S2-378511617,S2-747723658,S2-185889193,S3-750195769,S3-431323688
S1-717921191	S2-346393084,S2-627244679,S2-240034173,S2-777583088,S3-486716648
S1-717996570	S2-644557130,S3-335275355,S3-169905071
S1-718773450	S2-500315890,S2-731954306,S3-994408477,S3-366300702
S1-718773890	S2-476067585,S3-181507799
S1-718946143	S2-953197343,S2-395335229,S2-483119961,S3-825410184,S3-363063459
S1-719693602	S2-856007932,S3-570765955
S1-719785427	S2-898630805,S2-929194288,S3-779369054,S3-906800381,S3-294422979
S1-719875326	S3-91974392,S3-114218815
S1-720025982	S2-666552651,S3-804360428
S1-720267109	S2-149896595,S3-462713136,S3-693977379
S1-72045433	S3-812254840
S1-7205383	S2-745316458,S3-480076306,S3-951794151
S1-720812004	S2-177124233,S3-263528154
S1-721084684	S2-448504754,S2-988032991,S3-532028814,S3-37985957
S1-721240600	S2-253330725,S2-293462847,S2-8907679,S3-293632864
S1-72130895	S2-358057926,S3-780140460
S1-721469485	S2-453647532,S2-194034279,S3-285139890
S1-721702167	S2-291328609,S2-618890181,S3-719573088,S3-305943958
S1-72218349	S2-883593591,S2-691452538,S2-203947723,S2-369242820,S3-168621088
S1-722437756	S2-723917312,S2-833570549,S2-78178154,S2-302943175,S2-302562700
S1-722771976	S2-257368733,S3-751830116,S3-735706929
S1-72281536	S2-292254072,S3-904319926
S1-723496429	
S1-723532322	S2-273971803,S2-125281503
S1-723666298	S2-701990556,S2-666764957,S2-98583414,S3-375241612
S1-723720736	S2-792002261,S2-548773307,S3-60628239,S3-990312891
S1-724608342	S2-587748873,S3-868149099
S1-724970812	S2-918382864,S2-974643076,S2-57319272,S3-234882594,S3-863793742,S3-213835616,S3-842154250
S1-725150587	S2-273826442,S2-105013721,S2-197115311,S3-742073903,S3-2391537,S3-733467042
S1-725284847	
S1-725540710	S2-657902660,S2-671195116,S3-874832190
S1-725652039	S2-531004162,S3-476461751,S3-561628065,S3-354140547
S1-725763022	
S1-726365524	S2-168981801,S2-84819724,S2-554119899,S2-96577363,S3-913119857
S1-727292749	S2-173884657,S2-856957857,S2-188747718,S3-454697448,S3-238046816,S3-370952101
S1-727589600	S2-893907046
S1-727807753	S2-278420319,S2-417020449,S2-980198703,S2-774962412
S1-72794316	S2-966141861,S2-756925792,S2-881695212,S3-332159816,S3-426553973,S3-331425267
S1-728011176	S2-611465361,S2-858703515,S3-949643807,S3-929855251,S3-78735767
S1-728270873	S3-798095387,S3-453582678,S3-80700506,S3-505952521
S1-728508650	S2-106542564,S3-721805304,S3-102943062
S1-728807709	
S1-728836336	S2-291862093,S2-13995392,S2-489971959,S3-150588674,S3-829617899
S1-729933964	S2-27581448,S2-745866415,S3-393712190,S3-646632811,S3-806904934,S3-180771577
S1-730053046	S3-964616326,S3-501434847,S3-819118465
S1-73042441	S2-458498856
S1-730715729	S2-28677390,S3-536785906,S3-629673279
S1-731410268	S2-753827209,S2-451944562,S3-408072107
S1-731844507	S2-493205975,S3-405273779,S3-162110097,S3-758793513
S1-731936293	S2-688549196,S2-294829735
S1-732008692	S2-535877147,S3-19356617
S1-733032595	S3-755109987,S3-310832525,S3-18761059
S1-733363215	S3-702371572,S3-570199283
S1-733371127	S2-568981868,S2-252698327,S3-209469104,S3-539490541
S1-733382831	
S1-734170310	S2-861769388,S3-146547507,S3-36630237
S1-734475733	S2-163768752,S3-445245176,S3-281881400
S1-734851410	S2-151308060,S2-983594036,S3-158304607,S3-557176192
S1-735267320	S2-287881236,S3-279385849,S3-922358548,S3-52194566
S1-735574718	S2-902401508,S2-502994045,S2-744597756,S2-16091054,S2-815455910,S3-233895378,S3-57381672,S3-737304400
S1-73567746	S2-551397248,S3-379024927,S3-766981365
S1-736269271	S3-39492578
S1-736969873	S2-920398532,S2-510042048,S2-695759722,S3-618524114,S3-910481787,S3-69609194
S1-737198187	S3-422601031,S3-861615404
S1-737651217	S2-838918504,S3-584334849,S3-32343899
S1-737768510	S2-805521819,S3-511625778,S3-659237429
S1-738203185	S2-602763425,S2-715773823,S2-727313208,S2-169007811,S3-649074748,S3-44401346,S3-22437747
S1-738426048	S2-233439656,S2-82692803,S3-626875294
S1-738879762	S2-560089006,S3-684623963,S3-468804700,S3-607995564,S3-297090539
S1-739377112	S2-554265438,S3-923120329,S3-593495493
S1-739429454	S2-650330400,S2-507404002,S3-593845391,S3-355696140,S3-510393955,S3-940465385,S3-796673341,S3-651226938
S1-739708548	
S1-739760170	S2-572884238,S3-863850182
S1-739775071	S2-64815057,S3-224938812,S3-188657047,S3-595434168,S3-555504729
S1-740059678	S2-945128057,S3-23293897,S3-20044143
S1-740377287	S2-973829165,S3-407056204,S3-212532054
S1-740565737	S2-648099488,S2-551297196,S3-379525799,S3-81825891,S3-679017231
S1-741105843	S2-506544694,S2-759909124,S3-626634961
S1-741472825	S2-739152556,S3-633014900,S3-433861474,S3-745684606,S3-97803351
S1-742300610	S2-650372756,S2-424903760,S3-584917012
S1-742670242	S2-486855874,S2-966536752,S2-356462084
S1-743485548	S2-452376154,S2-288976453,S3-193154350,S3-358409177
S1-743717387	S2-178418825,S3-571531937,S3-617911770
S1-743728565	S2-246243512,S2-810704772,S2-799683074,S3-170119480,S3-47882218
S1-743842828	S2-162840285,S3-307443730,S3-317125176
S1-745232404	S2-407851116,S2-59456776,S3-973097813
S1-745478909	S2-609176450,S2-390800881,S3-540352934
S1-745738595	S2-746582059,S2-833256899,S2-320670540,S2-787404353,S3-598823337,S3-207418140
S1-746691693	S2-518407282,S2-416200825
S1-74712169	S2-752098277,S3-181937292,S3-887441763
S1-747562440	S2-354893435,S3-264325008,S3-529860066,S3-501957753
S1-748240635	S2-2562172,S3-3742928
S1-748276705	S2-63712382,S2-511871895,S3-93139722,S3-944686875,S3-84737753,S3-77133386
S1-74849781	S2-310955862,S3-51546904,S3-454450582
S1-748747790	S2-776331072,S2-119018892,S3-324568744,S3-868269714,S3-421763750
S1-748801724	S2-698956471,S2-995836248,S2-371466552,S3-452100535,S3-706986404,S3-378477890
S1-748867572	S2-150090208,S2-573190638,S2-631220695,S3-726962279,S3-179178329
S1-749067273	S2-737523787,S2-147597700,S2-967249485,S3-774132357,S3-185086847,S3-569341847
S1-749509166	S2-931198230,S2-408662585,S2-412598896,S3-210416480
S1-749700652	S2-94103391,S2-586444771,S2-620262970,S3-867864008
S1-749879091	S2-69245191,S2-427062954,S3-964678437,S3-136025145
S1-750009570	S2-199021946,S3-8739771
S1-750184720	S2-196253491,S3-9295409,S3-605775065,S3-515243867
S1-750331541	S2-119100080,S2-988201646,S3-918436032,S3-121085378
S1-750574139	S2-604378691,S2-875304242,S2-637766925,S3-429640990,S3-493498134,S3-475975140
S1-751724860	S2-605497584,S2-312371064,S2-29628731,S3-708913303
S1-751781295	S3-170503890
S1-751794372	S2-610072493,S2-61622663,S3-11719912,S3-858590974,S3-42148346,S3-672157324
S1-751810712	S2-97782342,S2-351740165,S3-875543920,S3-862843506
S1-752379599	
S1-752529804	S2-225231449,S2-263670015,S2-604011507,S3-294790170
S1-752578023	S2-836505568,S2-304149748,S3-570273831
S1-752839022	
S1-753165522	
S1-753419143	S2-941095079,S2-822352586,S3-871746773
S1-753550034	S2-544795644,S3-499969125,S3-548532187
S1-754067009	S2-953946744,S3-900972191,S3-380466971
S1-754263423	S2-70678227,S2-533382419,S3-373053179
S1-754479588	S2-340719567,S2-94835421,S3-266134986,S3-811883462
S1-754857741	S2-679054284,S2-665614545,S2-815021964,S2-851499190,S3-172713559,S3-330603979,S3-526702042
S1-754938907	S2-112934836,S3-273979089
S1-754983222	
S1-75528756	S2-674511012,S3-629025573,S3-641413908,S3-309783995,S3-996104673
S1-755679808	S2-959270840,S2-511519416,S2-320373827,S3-983684912
S1-756211099	S2-910315990,S2-237358082,S3-470338573,S3-260783404
S1-756237839	S2-354497163,S3-147985479,S3-717044373
S1-756532295	S2-291052369,S2-660432026,S2-220702891,S2-643237415,S3-870310984,S3-838888736
S1-757078074	S2-765988822,S2-308074507,S3-834343867
S1-75762876	S2-59326140,S2-669074651,S3-35168866,S3-313157124
S1-757666986	S3-668940681,S3-583108301,S3-820184886,S3-163495015
S1-757741582	S2-303485767,S3-197883457,S3-276241889,S3-400812964
S1-758070915	S3-980653264,S3-121597783
S1-758796994	S2-876160768,S3-42554827,S3-196252682,S3-636952350
S1-75923599	S2-991992397,S2-44312769,S3-139270367,S3-881554920
S1-75954230	S2-948225940
S1-760467417	S2-583606191,S2-786577970,S3-761078857,S3-713286136,S3-213376645,S3-959047130
S1-761192021	S2-417846210,S2-456123193,S2-654773126,S3-123911694,S3-121402607,S3-956188831
S1-76146608	S3-611398337,S3-987921206
S1-761643903	S2-717809662,S3-577387748
S1-762410295	S2-324243499,S2-964899229,S3-415221739
S1-763450941	S2-58842938,S3-958094787
S1-764114843	S2-335456808,S2-226483266
S1-76427580	S2-501217318,S2-581867874,S3-463331089,S3-564407220
S1-7646325	S2-109579023,S2-992160407,S2-808464735,S2-828492462
S1-764726689	S2-212940261,S2-395653740,S2-32633855,S2-810421188,S3-759799134,S3-981690122,S3-698519941
S1-76507658	S2-208015340,S2-192196269,S2-199917633
S1-765690318	S2-800664104,S2-203429538,S3-215155033,S3-465782777,S3-734020216,S3-466696473
S1-766065023	S2-155017593,S3-749813412,S3-389196434
S1-766278627	S2-572506212,S3-637521983
S1-766589828	S2-331501199,S2-722722970,S3-395460553,S3-569891621,S3-158683954
S1-767934955	S2-222939040,S3-788159926
S1-768015158	S2-114282129,S3-495891586,S3-723991522
S1-768558896	S2-875053339,S2-267339500,S3-360063824,S3-145428330,S3-302549331
S1-769201218	S3-674276274,S3-523555747,S3-453860679,S3-376351802
S1-769453592	S2-935347509,S3-644589287,S3-192678983
S1-769557971	S2-788939541,S2-308435748,S2-332444191,S2-671910180,S3-261514236,S3-562670371,S3-668091884,S3-954912425
S1-769559180	S2-498196063,S2-385130784,S2-237881215,S3-27127555
S1-769619488	S2-137951905,S3-983711437
S1-769639906	
S1-769832601	S2-928669276,S2-742234184,S3-916177260,S3-498063951
S1-769842088	S2-975535993,S2-422690330,S3-69069994,S3-126770398,S3-223351016
S1-770861340	S2-609338607,S2-644711210,S3-918016674
S1-771021108	S2-906733202,S2-403135359,S2-885695811,S3-184302399
S1-771573745	S3-693753716,S3-484308032,S3-127446116,S3-947953741,S3-307572065
S1-77179764	S2-745284701,S3-965692471,S3-211276605
S1-77242710	S2-142708346,S3-579611758,S3-368456951
S1-772529270	S3-418396555
S1-772670078	S3-917424926
S1-772821878	S3-572117906,S3-763931501
S1-773684229	S2-750183871,S2-518215235,S3-492320242
S1-774249108	S2-450721474,S2-942242671,S2-659008083,S3-751644206,S3-488346839
S1-774886240	S2-354824363,S3-27688295
S1-775105256	S3-187558512,S3-27221360
S1-775627331	S2-805144319,S2-626899937,S2-775386616,S3-795070600,S3-901961809,S3-203746245,S3-873529361,S3-374625624
S1-775803070	S2-682214945,S2-464320557,S3-610385758
S1-775889398	S2-620027920,S2-623347108,S2-14480944,S3-597572013,S3-372010271,S3-950204307
S1-775935177	S2-93090505,S2-437548540,S3-114621767,S3-200068645
S1-776954181	S2-757621935,S2-611935473,S3-488237354,S3-516491500
S1-777971914	S2-112351878,S3-986826965,S3-275749468
S1-778412557	S2-461317036,S2-148974008,S3-69525281,S3-309225150,S3-406827404
S1-778726773	S2-634541090,S3-877073382
S1-778930127	S2-578763761,S2-132978910,S2-649517800,S3-240405347,S3-307922142,S3-368011417
S1-779780884	S2-963981988,S2-437677853,S3-514518405
S1-779954871	S2-317665841,S2-812505364
S1-780092080	S2-439680832,S2-300477230,S3-629435241,S3-580182283
S1-780189346	S2-582090526,S3-825532605,S3-258463183
S1-780804859	S2-824950819,S3-820881663
S1-781048233	S2-383624316,S2-486325875,S3-592262902
S1-781103531	S3-371387949,S3-124985388
S1-781264920	S2-329213774,S2-847623484,S3-36824892
S1-782527730	S2-511887996,S3-628888339,S3-874075047
S1-782879077	
S1-78362278	S2-441369548,S3-708312671,S3-76099992,S3-618642985
S1-783699662	S2-453268549,S2-822831674,S2-650394364,S2-178516446,S3-891033883,S3-207234517,S3-761344806
S1-784006004	S2-374434184,S3-96388313
S1-784144577	S2-248363578,S2-989068026,S3-865162688,S3-156308394
S1-784327453	S2-633848675,S2-692329443,S3-233177777
S1-784435931	S2-462583013,S3-94812651,S3-47315576
S1-784474965	S2-503278727,S2-70783683,S3-605632940,S3-82444353,S3-128460522
S1-784555375	
S1-784973933	S2-508973032,S2-154348047,S3-901586764,S3-744867054,S3-999005331
S1-785045662	S2-674367397,S2-962941240,S3-22848829,S3-472701425
S1-785596927	S2-945178830,S2-647664053,S3-207472608,S3-39781502,S3-110844528
S1-785731389	S2-621065636,S2-450719228,S2-756901515,S3-360245584
S1-786394724	S2-787416921,S2-877902932,S2-776278638,S3-513058449,S3-859831933
S1-786913296	S2-802279370,S2-207732214,S2-83410438,S3-59790215,S3-989984158,S3-152704099
S1-786940733	S2-425122641,S2-747917583,S2-835450553,S2-769449726
S1-786985867	
S1-786987838	S2-624875831
S1-787009435	S2-613271094,S3-106697507,S3-850950911,S3-94741484
S1-787719241	S2-858354524,S3-703197377
S1-787776209	S2-853050643,S2-41922818,S2-327481681,S3-27419945,S3-112060410
S1-788224716	S2-966500811,S3-61950744
S1-788303618	S2-552478307,S3-724005512,S3-506202222,S3-157889911,S3-372874178
S1-789288478	S2-745250456,S2-184546156,S2-959497292,S2-567331621
S1-790068274	S2-26805339,S2-198879589,S3-278518013,S3-807769181
S1-790108889	S2-734183474,S3-807007721
S1-790598760	S2-749113346,S2-984236088,S3-237380605,S3-47043354
S1-791219581	S3-517132792
S1-792174639	S2-222551370,S2-779821012,S2-800318557,S3-977455618,S3-379199445
S1-792481942	S2-843821182,S3-592090106,S3-722810593
S1-792705717	S2-105866597,S2-603915580,S3-750701606,S3-252526966,S3-887582565
S1-792872528	S2-537622018,S3-386494024
S1-792896996	S2-332313561,S3-752590254,S3-755276261,S3-246043699
S1-794060112	S2-126992026,S2-25829092,S3-587151779,S3-781420623
S1-795093736	S2-6573103,S2-445783914,S2-114456936,S3-326775102,S3-72033713
S1-796234929	
S1-796421498	S2-216890887,S2-602057050,S3-14934788,S3-327045131
S1-79664859	
S1-796744920	S2-80900756,S3-246462488
S1-797073110	S2-532347678,S3-920238950
S1-79721927	
S1-797337525	S2-775898493,S2-918473326,S2-197488254,S3-464059539
S1-797443313	S2-387062411,S2-465778517,S3-479726788
S1-797453242	S2-542190910,S2-814147029,S3-786914043,S3-865263494,S3-40377827,S3-276412206
S1-797816408	S2-935964298,S2-295839525,S3-793195542
S1-79836286	
S1-798705024	S2-700116064,S3-563181024
S1-799097253	S2-633151184
S1-800159218	S2-812573948,S2-112494848,S2-27900343,S2-239575076,S3-902354300,S3-107527711
S1-800301400	S2-721685553,S2-476753419
S1-800766628	S2-631100383,S3-788883776,S3-93223835
S1-801289176	S2-115544728,S3-699672063,S3-761267408,S3-64785079
S1-802535179	S2-112894591,S3-770184671,S3-415785756,S3-802505729,S3-867493275
S1-802842698	S2-578745332
S1-8030498	S2-216665247,S2-358514596,S2-227297774,S3-36956281
S1-803160097	S2-734685354,S2-399026414,S3-557276971,S3-164793220
S1-803297813	S2-318486847,S3-547830535
S1-80386057	S2-420806371,S3-948477587,S3-864454032
S1-805270858	S2-228020186,S2-502732787,S2-255747426,S3-344082990
S1-805319803	S2-780112789,S2-533735008,S2-134516401,S3-667879692
S1-805372569	S2-562573034,S2-812682431,S3-427242675,S3-405030790
S1-805465027	S2-293488780,S3-273994143,S3-145598473
S1-805836305	
S1-806032435	S2-638825769,S2-627638258,S3-985223860,S3-673392834,S3-967353955,S3-685621601
S1-806485693	S2-764286034,S3-104773719
S1-806813364	S2-609994357,S2-47473437,S3-28782899
S1-807049666	S2-343269869,S3-154452558,S3-427839106
S1-807131356	S2-72123739,S2-429981902,S3-139232892,S3-494893775
S1-807921690	S2-692498505,S3-429309134,S3-26104709,S3-356535504
S1-807990988	S2-109410959,S3-378195972,S3-359179503
S1-808229884	S2-393731467,S2-240844966,S2-424936061,S3-973629095,S3-47514686,S3-955342617
S1-808981190	S2-699967288,S2-889808207,S2-558170456,S3-887495482,S3-209978757,S3-100029474,S3-849284834
S1-809138928	S2-708587149,S3-488714099,S3-700960689,S3-850274613
S1-809240291	S2-176793659,S2-998866703,S3-158846260,S3-450271183,S3-665830064
S1-809282469	S2-88584993,S2-290477429,S2-813146822,S3-246491035
S1-80983688	S2-337028542,S2-497280540,S2-373967240,S3-941220829,S3-615975009
S1-809883172	S3-276312038,S3-492766841
S1-809884762	S2-121128245,S2-639620899,S3-386906086,S3-218866317
S1-810086292	S2-977811485,S2-616033211,S2-684965383,S2-475599354,S3-667802512
S1-810150027	S3-197087738,S3-696931712
S1-81039617	S3-294515171
S1-810734839	S2-119011500,S3-867569716,S3-244783304
S1-810776573	S2-335211962,S2-852490278,S3-125689054,S3-237702539,S3-38769884
S1-810919651	S2-635115096,S2-491159600,S2-518079811,S3-444930138
S1-810962623	S2-210381624,S2-571700196,S3-890718422,S3-581048467,S3-625469386
S1-811364114	S2-719914304,S2-751114576,S3-43843035,S3-308400357,S3-792203040
S1-811600560	S2-767882936,S3-448362519,S3-920996654,S3-144509313
S1-811904920	S2-684810181,S2-181063137,S2-65214894,S3-72575721,S3-268892150
S1-812149828	S2-550806779,S3-445489875
S1-812274502	S2-587004569,S2-802250107,S2-679670109,S3-373743304
S1-812739621	S2-77460929,S3-221106393,S3-716500687,S3-225971819
S1-813025320	S2-485802307,S2-256587572,S3-473009123,S3-836184904,S3-721419505
S1-813170327	S2-574606516,S3-951679223
S1-813313819	S2-29061213,S2-122571934,S3-971220964,S3-480835936
S1-813635296	S2-826216473,S2-892370320,S3-618299271,S3-727275457,S3-840673739
S1-814226008	S2-780551598,S3-261469038
S1-814379016	S2-755960626,S2-135397180,S2-126342161,S2-55268367,S3-996857985
S1-814453621	S2-529399902,S2-724040262,S3-615288442
S1-815311884	S2-614252260,S2-750173254,S3-882568270,S3-268475809
S1-815859580	S2-944218671,S2-304485776,S2-838569717,S3-653729434,S3-826061618,S3-146925744
S1-816276493	S2-12142227,S3-744044534,S3-10253337,S3-479142569
S1-816603992	S2-332192401,S2-311459046,S2-750921719,S2-206295379,S3-756599047
S1-817145938	S2-868890712,S2-623383145,S3-190523386
S1-817528443	S2-26225500,S2-396641393,S3-115176721
S1-818320211	
S1-818562010	S2-879432257,S3-576769002,S3-374862975,S3-751063626,S3-975155347
S1-818654914	S2-994700759,S2-542214245,S3-571886954,S3-448626983,S3-405614190,S3-802002715,S3-31454136
S1-818888308	S2-721486333,S3-384522406,S3-530477995,S3-642599190,S3-912492395
S1-819219648	
S1-819320296	S2-978157066,S3-881089743,S3-485534086,S3-24940906
S1-819543364	S2-681113457,S2-698566187,S3-395811222,S3-77329533
S1-819980199	S2-946024273,S3-761303907,S3-626618436
S1-820932784	S3-788075538,S3-820340289
S1-82116945	S2-122445707,S2-24170980,S2-318999135,S3-80610829
S1-821224291	S2-403506738,S3-803724907,S3-94785252
S1-821305941	S2-247621649,S2-899146711,S2-242367827,S3-877794307,S3-842747004,S3-129229237,S3-288507763
S1-821974326	S2-632637273,S2-801655569,S3-594936134,S3-497800583,S3-181802317,S3-370698448
S1-822087158	S2-420347037,S2-609281890,S3-776441597
S1-822243995	S2-853325775,S3-983490974,S3-310852934
S1-822548240	S2-311952042,S3-278089488,S3-788054641
S1-823691936	S2-362017970,S3-386417737
S1-823741381	S2-721918476,S2-58990080,S3-559310547,S3-741560270
S1-823862117	S2-191289880,S2-323253468
S1-82389662	S2-123047957,S2-15857579,S2-286131180,S3-746494338,S3-939939893,S3-892029670
S1-824514388	S2-699677626,S2-61432988,S3-593553698,S3-906273391,S3-777240933
S1-824593688	S2-74520408,S3-848722920
S1-824750735	S2-904610177
S1-825385187	S3-674583547,S3-48546368
S1-825411169	S2-557996746,S2-549273139,S3-694044969,S3-696894033
S1-825527650	S3-543902227,S3-500507302,S3-577458674
S1-825683224	S2-886637478,S2-704890556,S3-722768074,S3-860421839,S3-134314470,S3-476484520,S3-2590445
S1-825828879	S3-57966439
S1-826880522	S2-129185477,S3-176899673
S1-827023077	S2-74072076,S3-357531250
S1-827088167	S2-41973808,S2-626107575,S2-423063025,S2-829513036,S2-477219771,S3-871383455,S3-535386585
S1-827404843	S2-915624183,S3-918035374
S1-827502630	S2-714881280,S2-652594539,S2-17259492,S3-758026588,S3-497838985
S1-828081772	S2-409234157,S3-407969490,S3-592037078
S1-828114451	S2-513887841,S2-232007917,S3-35318328
S1-828621597	S2-712657109,S2-479378836,S3-777125389,S3-450060883
S1-829050368	S2-813301668,S3-165297369,S3-409927318,S3-817864615
S1-829629377	S2-856483355,S2-464570451,S3-414743149
S1-830650781	S2-352189198,S3-622834834
S1-8306734	S2-252854639,S2-827905395,S2-846627970,S2-638342275,S3-510459934,S3-890883648,S3-903381073
S1-830776667	S2-700717343,S2-824357833,S3-51066195,S3-342033400,S3-985901686
S1-830900508	S2-121268555,S3-291558617
S1-831117469	S2-822556987,S2-39463678,S3-365366870
S1-831381976	S2-851380020,S2-536929015,S2-439715372,S2-894949100,S3-42382256,S3-329531652,S3-291217979
S1-831407036	S2-762858172,S3-804786640,S3-779205248,S3-465050822
S1-831456529	S2-383835776,S3-329776460,S3-93939404,S3-894138821,S3-212295443
S1-831727591	S2-979148634,S2-963200635,S3-20878953,S3-341081856
S1-832639493	S2-556250683,S3-67246076,S3-859129736,S3-683084359,S3-817901827
S1-832809894	S2-517737342,S2-822290139,S3-454269972
S1-833195011	S2-58303877,S3-967856082,S3-418828084,S3-144576601
S1-833268125	S2-882047184,S2-81113534,S2-167701545
S1-833899481	S2-932400894,S3-353582639,S3-383865732,S3-64061591
S1-833904625	S2-397797935,S2-572451939,S2-52522929,S3-323111361,S3-499043255,S3-254756275
S1-833953203	S3-658800003,S3-283385605
S1-83402127	S2-66250431,S2-272290151,S2-634293946,S2-842916378,S3-608771162,S3-932443946
S1-834741452	S3-930520511,S3-268467736,S3-551333270
S1-83476125	
S1-834864420	S2-439776720,S2-503381842,S2-873433740,S2-651524412,S3-857179791,S3-692422930,S3-412507701,S3-89638034
S1-834902868	S2-480239938,S3-836790724,S3-385444934,S3-29537311,S3-411025324
S1-834925961	S2-7755580,S3-464154119,S3-241987131
S1-83534470	S2-293156537,S3-917342907
S1-835727132	S2-910837367,S3-76635255
S1-835747291	S2-661564098,S2-897130762,S2-229145917,S3-932295144
S1-836296604	S2-589881795,S3-286106440,S3-785125427,S3-357515885
S1-836720513	S2-309579138,S2-919500367,S2-54944062,S3-558122737,S3-670037219
S1-83679816	S2-912532342,S2-779517126,S2-730273661,S3-463288800,S3-405978591,S3-86915556
S1-837458454	S2-914308752,S3-977580957
S1-837523160	S2-625381503,S2-573481806,S3-456585991
S1-837542024	S2-628363363,S2-99354847,S2-9209243,S3-404575689
S1-837569907	S2-448320752,S2-645647395,S3-590245039
S1-837652863	S2-79410728,S3-548232818,S3-187667100,S3-708590293
S1-837967059	S2-16238459,S2-385282626,S3-757675188,S3-240353148
S1-838131493	S2-566289589,S2-102878068,S2-870787799,S3-517959551,S3-748797246,S3-521747762,S3-262620640
S1-838440848	S2-999281875,S3-413087318
S1-838870863	S2-423365706,S2-2065988,S3-779858601,S3-658367585,S3-786605790,S3-801184026
S1-838913747	S2-891526111,S2-556897190,S3-708881960,S3-206913276,S3-618373076,S3-345616281
S1-839027913	S2-501866869,S3-818830238,S3-323018721
S1-839132383	S2-755517043,S2-654625655,S2-189428245,S2-820114399
S1-839132496	S2-135902629,S2-302388709,S3-840812804,S3-623393251
S1-839336653	S2-60561143,S3-775670348,S3-886455424
S1-839348084	S2-691979440,S3-4255718,S3-114150597
S1-839441458	S2-827118610,S3-672539496,S3-351499481,S3-818981234,S3-388687406
S1-839680533	S2-794999316,S2-267062728,S2-166266175,S2-752175640,S3-998317620,S3-959662523,S3-892087197,S3-723503170
S1-840021103	S3-870229489,S3-150512306,S3-555989566,S3-787797948,S3-969028035
S1-84017783	S2-34527223,S2-603838695,S3-333038457,S3-905055899,S3-206996267,S3-790261978,S3-297325539
S1-840985760	S2-969072732,S2-122356299,S3-256347452,S3-544919748
S1-841262640	S2-12974842,S3-334244367,S3-880181351
S1-841516809	S2-785819744,S3-713973839,S3-595165259
S1-841818002	S2-546593904,S2-169994855,S3-11050411
S1-841824519	S2-708330202,S2-412558470,S3-362025829,S3-307845599
S1-842019434	S2-161097838,S3-979700446,S3-151921058
S1-842996937	S2-614593857,S3-539631228,S3-703393271
S1-843179540	S2-474099966,S2-991925876,S2-437941242,S3-411927854,S3-775857408
S1-843199788	S2-629466393,S2-659469104,S2-955174524,S2-934398537,S3-162843413
S1-843207570	S2-391145901,S2-43081645,S2-375149411,S3-394415378,S3-881446605
S1-843288007	S2-570131310,S2-815876096,S3-854644248,S3-897019038
S1-843338624	
S1-843365595	S2-851165631,S3-965971109,S3-528004184
S1-843400203	S2-265735629,S2-586185516,S2-589599657,S2-159429581,S3-227768476,S3-233432275,S3-162104419
S1-843414379	S2-831404695,S3-654256733,S3-533877578
S1-844770393	S2-577251835,S3-479953326,S3-232558403
S1-845355596	S2-297355571,S2-470970688,S3-965409243,S3-450519696
S1-84540973	S2-167124257,S3-636020631,S3-840703614,S3-185929397
S1-845429639	S2-75830124,S2-203239164,S3-873072638,S3-420758671,S3-612683285,S3-882421800
S1-845522274	S2-250512226,S2-319049444,S3-205467537,S3-127091046,S3-310770759,S3-972593387
S1-846265901	S3-493593268
S1-846409834	S3-87984761,S3-821505836
S1-84668021	S2-706975881
S1-846905115	S2-783759362,S2-974987008,S2-971627134,S3-838016140
S1-847347269	S2-681334894,S2-869028410,S2-257762746,S2-534332374,S3-535116618,S3-227455433,S3-107576086
S1-847783698	S2-934719773,S2-340635388,S2-886716528,S3-848853819,S3-154148380,S3-553813877
S1-848269777	S2-211347014,S2-244516275,S3-734791574,S3-40116436,S3-157474807
S1-848624571	S2-142576020
S1-848967441	S3-748035818,S3-569750090,S3-644563866,S3-961217715
S1-849023530	
S1-849268824	S2-327046770,S2-4447119,S3-761577436,S3-952308592
S1-84953270	S2-244098330,S3-144959840,S3-505615638
S1-849751400	S2-523113512,S3-448921985,S3-914349131,S3-374638049
S1-849886484	S2-797712442,S2-342148922,S3-279365748
S1-851051313	S2-102743925,S2-616064436,S3-590110449,S3-863114139,S3-60530210,S3-853781828
S1-851561727	S2-58648379,S2-591957648,S2-817576541,S3-894399054,S3-771504499
S1-852416933	S2-867117926,S2-895660460,S3-199941860,S3-444613247
S1-8527176	S2-275328984,S2-409872551,S3-945014001,S3-333081451,S3-370338836
S1-852814239	S2-825593787
S1-853515629	S2-978877003,S2-650648581,S2-767290837,S3-960692911,S3-300634460
S1-853519891	S2-214035823,S2-265965115,S3-112834985,S3-601446770,S3-524991145
S1-853829630	S2-192165102,S2-548450721,S2-199320615,S3-578200430
S1-854054479	
S1-854063113	S2-314605924,S3-274133370
S1-854087923	S2-715870395,S2-412155055,S2-198613424,S2-189779746,S3-996303980,S3-855426972,S3-369963516,S3-631557371
S1-854477765	S2-964338873,S2-437862720,S2-35929414,S3-978477103
S1-854479723	S2-391336185,S3-667106263,S3-940974316
S1-855777661	S2-470912673,S2-519718887,S2-35327393,S3-979956009,S3-994585491
S1-85595248	S2-426625753,S3-539460844,S3-617121459
S1-856054544	S2-2337362,S3-497590689,S3-913566942
S1-856168670	S2-647179457,S3-779451178,S3-223975181
S1-856211419	S2-224725818,S2-5304756,S2-13330346,S2-282720221,S3-721017005,S3-776523861
S1-856455595	S2-696688624,S2-550959858,S3-790898954,S3-507243341
S1-856522775	S2-269803983,S2-776365599,S3-37729489,S3-870160908
S1-856630745	S2-230228787,S2-901784462,S3-196354912
S1-856682525	S2-566232174,S2-229037590,S2-262611417,S3-364985468,S3-903948259
S1-856896940	S2-789110666,S2-364231883,S3-47072592,S3-266810409
S1-857232066	
S1-857258432	S2-587159483,S3-697289354
S1-858227616	S2-660302087,S2-841214454,S2-835689810,S3-431060597,S3-659543809
S1-858399873	S2-203648455,S3-985704153,S3-400810306
S1-858598167	S2-599574684,S3-109147973,S3-98061682
S1-858859994	
S1-859087027	
S1-859149139	S2-536428345,S2-315913975,S3-662639978
S1-859649679	S3-398927335,S3-929487580
S1-859755952	S2-715197909,S3-487391172,S3-569005500
S1-859846452	S2-547367536,S2-127544002,S3-943746989,S3-843000731,S3-212154961
S1-860418255	S2-35748681,S2-986705579,S2-117975400,S3-99625301,S3-827718285,S3-121672349
S1-860698976	S2-954747351,S2-997924870,S3-589833855
S1-860787094	S2-48817210,S3-274156141
S1-861009388	S3-151327758
S1-861551698	
S1-8618003	S2-827571404,S2-782268889,S2-853326060
S1-86193757	S2-873213522,S2-549003928,S3-15613185,S3-464768072
S1-86238158	S2-143882982,S2-256128343,S3-431919812
S1-862712171	S2-905428491,S2-206209826,S2-974735869,S2-926902571,S3-345210508,S3-793258563,S3-877969825
S1-863873241	S2-257167232,S3-131721676,S3-346407755,S3-879674866,S3-894401000
S1-863956904	S2-883141766,S2-860505120,S3-993272001,S3-857558643,S3-487491487
S1-863997012	S2-228675726,S2-298130348,S2-292633614,S3-625988849
S1-86431758	S2-521770382,S3-549099816,S3-447497751
S1-86441125	S2-581061201,S2-425523866,S2-548486958,S3-363640650,S3-168671974,S3-95863556,S3-413464455
S1-864524700	S2-605002699,S2-619430326,S3-977992171
S1-86515448	
S1-865704860	S2-425840854,S2-938788648,S3-868649926,S3-313047310,S3-355650906,S3-792938654
S1-865781907	S2-558434759,S2-34879381,S2-583397842,S3-220782585
S1-865801460	S2-974530474,S2-708930791
S1-865816013	S3-485151156,S3-514143521
S1-866741616	S2-585650677,S3-673388311
S1-867117724	S2-111990908,S2-99777232,S2-120423309
S1-867212465	S2-249271409,S3-895130740,S3-771404980,S3-322958314
S1-867564996	S2-63602820,S2-705119065,S2-542010154,S2-732787654,S2-275769264,S3-205778486,S3-829356887
S1-867672249	S2-71609308,S3-43010272,S3-632096639
S1-867942611	S2-373316191,S3-344838458
S1-867998778	S2-648058432,S2-126598464,S3-807085228,S3-218494948
S1-86827498	S2-237173828,S3-376274076,S3-279478878,S3-196966604,S3-490730489
S1-86843521	S2-848928551,S2-440154835,S3-702949791
S1-868534636	S2-102009837,S3-828041254,S3-816866891,S3-701467166
S1-869233568	S2-454780592,S2-963278400,S2-853505388,S3-640031762
S1-869319064	S3-790191261
S1-869738580	S2-188981984,S2-847593568,S3-599096510
S1-870157197	S2-757069892,S2-617998790,S3-383043852
S1-871380077	S2-839466792,S2-639481062,S3-214287859,S3-112746484,S3-426826515,S3-430060456
S1-871785372	S3-461504388,S3-196362105
S1-872398160	S2-578029732,S2-73733731,S3-723390970,S3-388265487,S3-992989471
S1-873753008	S2-90195571,S2-121685326,S2-868957576,S2-949102909
S1-873774367	S2-280766428,S3-564158077,S3-531522292,S3-377266751
S1-873926976	S2-960592960
S1-87468421	S2-733404434,S2-601414637,S3-655528314,S3-783099856,S3-839866897
S1-874808541	S2-693799896,S2-369598468,S2-146265770,S3-275214725,S3-439442470,S3-257871610
S1-874835917	S2-709925225,S2-616046662,S2-66425781,S2-956474455,S3-184231149,S3-448100807
S1-875055228	S2-74536262,S2-71826401,S3-2862242,S3-311548305,S3-9213199
S1-875191914	S2-997756846,S2-730386403,S2-30774651,S3-941251931,S3-464017257,S3-17125433
S1-87528960	S2-724840879,S3-616431002,S3-76445043
S1-875452933	S2-236982501,S3-330505084,S3-847194701,S3-323166798
S1-875565655	S2-889209938,S3-364775125
S1-875918918	S2-584779158,S2-965053021,S2-273505714,S2-255067087,S2-395270903,S3-596994696,S3-754626416,S3-967195838,S3-773217236
S1-875966477	S2-802102314,S3-835120961
S1-876109868	S2-956809272,S3-431994956,S3-379604192,S3-585391791,S3-671202939,S3-497078838
S1-876163303	S2-657019590,S2-48107088,S2-232590123,S3-984952530
S1-876382213	
S1-876506471	
S1-87673236	S2-473281503,S2-956540179,S2-228913483,S3-435717051,S3-459424346,S3-197111707
S1-876907974	S2-431541070,S2-185253486,S3-972231128
S1-876916368	S2-994168459,S3-877739558
S1-877123595	S2-831469121,S2-652273828,S3-463402863,S3-402727371
S1-877250577	S2-780578205,S2-165232913,S3-820830441,S3-777455192
S1-877371536	S2-264587667,S2-717631183,S2-674600236,S3-362922408
S1-877521245	S2-194112727,S2-972355704,S2-620079584,S3-48259375,S3-180354467,S3-268024356
S1-877792801	S2-987807449,S3-349250100
S1-878217034	S2-675254935,S2-14589744,S3-182528496,S3-763838739
S1-878533471	S2-793533943,S3-521488495,S3-277913303
S1-878786813	
S1-880384829	S3-322748497,S3-637560385
S1-880390836	S3-993103047
S1-880561678	S2-130875855,S3-58751681,S3-143280710,S3-906013436
S1-880597982	S2-301909329,S2-198148317,S2-61921418,S3-125420906,S3-348598808,S3-908504328
S1-880798252	
S1-881023547	S2-360633734,S2-690227057,S2-455953929,S3-446379890,S3-54164818,S3-457543564
S1-881299166	S2-148608766,S2-714855270,S3-640952762,S3-800459668,S3-368069135,S3-129121239
S1-881307893	
S1-881479733	S2-427613199,S2-946876207,S3-317678714,S3-591853542,S3-655428015
S1-881597990	S2-447517242,S3-59527790,S3-744730971,S3-969050972
S1-882286956	S2-389442129,S2-606691458,S3-583753596,S3-881900553,S3-732300308
S1-882544780	S2-33364696,S3-979833501,S3-473310064,S3-208405017
S1-88259379	S2-401528231,S3-509824105,S3-747989983
S1-88307124	S2-610048427,S2-933345792,S2-357582639,S3-979326327
S1-883293945	S2-798039672,S2-323321366,S3-20731005,S3-163271648,S3-950633779
S1-883367844	S2-356238942,S2-873817870,S2-191776745,S2-870465491,S3-800534082
S1-883760053	S2-619267810
S1-883825532	S2-685074324
S1-884275601	S3-318981526
S1-884348868	S2-654281048,S2-764598618,S2-548832581,S3-350598949,S3-64943800,S3-17379925,S3-98205257
S1-884351482	S2-393692597,S2-405969718,S3-130229744,S3-894358799,S3-662705663
S1-884526854	S2-27523791,S2-739464260,S3-800432422
S1-884571086	S3-630291161
S1-885746969	S2-589541871,S2-333540913,S3-958157275,S3-878510945
S1-885988979	S2-55989037,S2-439326583,S2-44330691,S3-52818672
S1-886373239	S2-803298761,S2-284718833,S3-289702707,S3-928920096
S1-886381285	S2-930678566,S2-361019153,S2-814405422,S3-408286960
S1-886440634	S2-411253879,S3-122324004
S1-886534800	S2-319306554,S3-623680231,S3-447199008,S3-781206851
S1-886551786	S2-64446552,S2-4142539
S1-886701315	S3-120955522,S3-150054676,S3-458014581
S1-887529676	S3-978500574,S3-386970864,S3-719258029
S1-887644675	S2-831089312,S2-325484754,S3-33904695,S3-920866762
S1-888168806	S2-317463800,S2-282771324,S3-898121176,S3-554209354
S1-888480952	S3-336892737,S3-646322066
S1-888728503	S2-956107214,S2-684996088,S3-109760215
S1-889372471	S2-714679232,S2-349484706
S1-889892920	S2-287569488,S2-128133003,S2-536254830,S3-772213140
S1-890064969	S2-834250549,S2-389472840,S2-710707076,S3-752294701
S1-890237042	S2-243586118,S3-886603461
S1-890815658	S3-144497243
S1-890823887	S2-223216806,S3-521290915
S1-891495594	S2-141681315,S3-313210978,S3-895340746
S1-892236833	S2-371079433,S2-736348556,S3-433939171,S3-798281261
S1-892275036	S2-528764040,S2-188430888,S3-754937207
S1-892324295	S3-514971547,S3-320226641
S1-8924690	S2-22170883,S3-410415658,S3-993224562
S1-892718533	S2-963457819,S2-992251572,S2-707953662,S3-486123603
S1-892739871	S2-487802918,S3-521282332,S3-362197035
S1-892903013	S2-144169620,S3-707351514
S1-892952625	S2-314971829,S2-249655095,S2-494615324,S3-272930521,S3-860164513
S1-893452805	S2-806611408,S3-813122915
S1-893763030	
S1-893975055	S2-593658621,S3-223304619,S3-614873326
S1-894269774	S2-369535625,S3-573723665,S3-372466094,S3-134557927,S3-633158653
S1-894306869	S2-121599850,S3-767540291,S3-405463674,S3-929645968
S1-894940798	
S1-895531389	S2-461083137,S2-155647822,S3-206401112,S3-546138393,S3-287471998
S1-895602816	S2-795167029,S2-495815235,S2-102285263,S3-118656129
S1-895859577	S2-148496167,S2-483859660,S3-317961271,S3-430001989,S3-91741797,S3-801221662
S1-896507413	S2-220447747,S2-505379864,S3-597887235,S3-20014743
S1-896888838	S2-796639991,S3-704900238,S3-316458862
S1-897587678	S2-541267192,S2-824443530
S1-897867237	S2-920993775,S3-106766489
S1-898345403	S3-154585554,S3-312038537
S1-898352747	
S1-898367677	S2-882740925
S1-898931841	S2-318375968,S2-615701821,S2-168698311,S3-73965673
S1-899883051	S2-827184953,S3-388460873,S3-848419959,S3-831772950
S1-900266870	S2-494407778,S2-367315504
S1-900353540	S2-504924278,S2-319015736,S3-170195323
S1-900817625	S2-257282924,S2-750439811,S2-63988745,S2-133148977,S3-189773454,S3-784910890,S3-772786324,S3-301743389
S1-90117352	S2-12719867,S2-752099654,S2-764621995,S3-465350021
S1-901201783	S3-599902438,S3-942670808
S1-901286612	S2-910529923,S3-85820406
S1-901635270	S2-347822698,S3-441314929
S1-902175732	S2-158087815,S2-224041343,S3-295451702
S1-902212841	S2-587547195,S2-732845460,S3-570396210,S3-105714046,S3-791462026
S1-902419943	S2-743633240,S3-335902169
S1-902589656	S2-905677039,S2-362613237,S3-974447703,S3-620453736
S1-902720960	S2-617128524,S2-262824841,S3-230011961
S1-902829449	S2-783020394,S2-421579400,S3-715061360,S3-470838240,S3-647338374,S3-753093343
S1-902835502	S2-205853598,S3-927744978,S3-901516052,S3-803545325,S3-505968765
S1-902926281	S2-155816868,S3-752680533,S3-640678011,S3-590705581
S1-903065271	S2-284919547,S2-669272561,S2-867089810,S2-972431822,S3-297365434,S3-492880947,S3-948715117
S1-904113010	S2-145026357,S3-586326385
S1-904229556	
S1-904306643	S2-827738149
S1-904427575	S3-535981180,S3-839660473,S3-237423468
S1-904474730	S2-179569933,S2-158590835,S3-608861940,S3-631989629,S3-807064205
S1-904877068	S2-176640664,S2-647497204,S3-672332416,S3-671602422,S3-827858879,S3-442180129
S1-905068683	S2-7826398,S3-337709335
S1-905106256	S3-235644811,S3-493282980,S3-468668668
S1-905407945	S3-827044353,S3-279537626,S3-710469907,S3-344254693
S1-907000928	S2-105209540,S3-441034294,S3-678440918
S1-907002252	S2-582989162,S2-229790784,S2-58664509,S2-735030550,S2-481044955,S3-698631251
S1-907491220	S2-219040650,S2-65810203,S2-755095565,S2-505105179,S3-407749588
S1-908044271	
S1-908287291	
S1-908507613	S2-672009184,S3-647190469,S3-650760152,S3-583496868
S1-908800416	S2-168118183,S2-993815983,S3-506993631,S3-473341447
S1-909000833	S2-606471707,S3-656330624,S3-649751925,S3-735127267
S1-9095205	S3-527308411
S1-909865811	S2-26475862,S3-649663444,S3-551559998
S1-909908101	S2-933573431,S2-677144100,S3-262924298,S3-685711589,S3-191595378
S1-910304460	S2-843028669,S3-472183393
S1-910659520	S2-934015676,S2-475074856,S3-240344162,S3-662518335,S3-376539061
S1-910696326	S2-924998226,S2-268521296,S3-465415817,S3-743914325
S1-910862153	S2-222581102,S3-743239017
S1-910894563	S2-460089968,S2-819961249,S3-831663535
S1-910995242	S2-592650010,S2-230428579,S2-828132065,S3-971376087
S1-911146384	S2-162690815,S2-427585017,S3-119672792,S3-206968612
S1-911666848	S2-379497074,S2-988085664,S2-513686624,S3-712349480,S3-432347023
S1-912114336	S2-241737906,S3-267392929,S3-820111364,S3-623673269
S1-912545520	
S1-912991887	S2-29312169,S2-604090922,S3-993991292
S1-913044245	S2-404129791,S2-911099042,S2-962996802,S3-41174790
S1-913304074	S2-786160808,S3-725798660
S1-91334694	
S1-913479291	S3-141832724,S3-667843586
S1-91376895	S2-221008466,S3-900851657
S1-914199557	S2-185023182,S2-783046182,S2-836441382,S2-907548123,S3-421825651
S1-914355031	S2-632055489,S2-678673237,S3-423505688
S1-91439684	S3-394775952,S3-354641616
S1-914501024	S2-878437489
S1-915107118	S2-913044138,S3-578194559,S3-388446874
S1-915122603	S2-972812415,S3-505219346
S1-915149493	S2-925220019,S2-313621431,S3-821809320,S3-551316266
S1-915540133	S2-327039717,S2-301017229,S2-82967891,S3-926917633,S3-549070126,S3-464012311
S1-91560764	S2-554568494,S3-262482921,S3-257099703,S3-856092543
S1-915653405	S2-258411654,S2-543546326,S3-148518737,S3-908943520,S3-869105599
S1-915796316	S2-542976329,S3-979344123
S1-915983478	S2-720429286,S2-963010721,S2-779807793,S3-260311321
S1-916271211	S2-909751215,S3-693392872,S3-355233384,S3-966266002
S1-916370214	S2-890619428,S2-742937238,S3-184484203,S3-763960815
S1-91646506	S2-30125547,S2-509013322,S3-950384603,S3-881324999,S3-186651762,S3-327808564
S1-916679619	S2-126328730,S2-872675976,S3-677979213,S3-43178981,S3-699909838,S3-689927115
S1-916778156	S2-727609776,S3-593161752
S1-917282654	S2-210406803,S2-384507772,S2-345306249,S3-337984670
S1-91767815	S2-278765906,S2-736780263,S2-660695731
S1-917985531	S2-436129079,S2-542266008,S2-133092612,S2-576976518,S2-691559167,S3-781966984,S3-254754506
S1-918056794	S2-16730173,S3-818192111,S3-638106002
S1-918127060	S2-738463284,S2-801608659
S1-918333130	S2-193453855,S2-335412387,S2-433822172,S2-253484685,S3-126560737,S3-642152002
S1-918368145	S2-648346180,S2-825657399,S3-971686579,S3-984340352
S1-918636900	S2-329961324,S2-192479083
S1-918713810	S2-736137170,S2-83057284,S2-561824231
S1-918990522	S3-37447706
S1-919017414	S2-224597122,S3-896662106,S3-643387125
S1-919165160	S2-109414699,S2-173741606,S2-816719529,S3-32866218,S3-946877808,S3-936599683
S1-919289384	S2-293991392,S3-635342549
S1-919479193	S2-805169114,S2-204652618,S2-3616250,S3-705718696,S3-464721680,S3-334634720,S3-872601955
S1-919481540	S2-313867127,S2-745588137,S3-245802598,S3-251790777
S1-919750282	S2-951414308,S2-214837895,S3-363435812,S3-516417565,S3-46484309
S1-919856265	S2-510314780,S3-953239724,S3-300099091,S3-622551073
S1-919926451	S2-827447256,S3-673232331,S3-924356864,S3-871200945
S1-920346567	S2-240652440,S2-763174972,S3-951344251,S3-787100319,S3-573108688
S1-920346809	S2-62290692,S2-836077881,S3-787035613
S1-92120993	S2-430605888,S2-490821141,S2-533054080,S3-294886213,S3-974592399
S1-921400989	S2-363434055,S2-654750898,S3-4763008,S3-811889019,S3-467260632
S1-921946760	S2-327967022,S3-67561124
S1-922124776	S2-48070460,S3-236517876,S3-350004861
S1-922341463	S2-904040196,S3-353641337,S3-848280667,S3-562299597
S1-922364403	S2-881880651,S3-137608904
S1-923107281	S2-506377313,S2-477533029,S3-672034518,S3-341800641
S1-923260582	S2-224400190,S3-350131246,S3-788977560,S3-380081044
S1-924302858	S2-652313008,S3-956975734,S3-611193392
S1-925242946	S2-545777476,S3-885326906
S1-925425921	S2-85909696,S3-476583742,S3-486666662,S3-498486114
S1-925715075	S2-252482324,S3-64804084,S3-141335411
S1-925840718	S2-315563123,S2-94888764,S3-679652465,S3-810104532,S3-415842997
S1-925859038	
S1-926177460	S2-958871214,S3-299083942,S3-468884357
S1-926272031	S2-947658907,S3-375194263,S3-496875213
S1-926298718	S3-148548369
S1-926345296	S2-720311119,S3-342225554,S3-727160413
S1-926692452	S2-218801871,S3-745979024,S3-312738614,S3-893574283
S1-927050231	S2-198607490,S3-608509462,S3-626806149
S1-927121205	S2-988829431,S3-690841133,S3-638667454
S1-927470261	S2-861361793,S2-322053301,S3-741911317
S1-927513065	S2-959951496,S2-892404705,S2-625126804,S2-228829351,S2-622930852,S3-555185069,S3-53575522
S1-927745296	S2-523287186,S2-16226755,S2-61006635,S2-345025523,S3-781573127,S3-103331717,S3-897153829,S3-770133094
S1-927854073	S2-424536463,S2-144083048,S3-739581430,S3-66999576,S3-852279613
S1-927939529	S2-787307553,S3-495436603
S1-928144773	S2-54316203,S2-358899632,S3-611741141
S1-928317799	S2-859724756,S3-288219760,S3-551284339,S3-93994323
S1-928345802	S2-509634775,S2-529671730,S2-527670990,S3-976235979,S3-454978830
S1-929565562	S2-921187374,S3-16923308,S3-822416158,S3-940793859
S1-929729599	S2-593434149,S2-456821249,S2-852382494,S3-537942989,S3-331694343,S3-472780251,S3-814077647,S3-212066139
S1-930148210	S3-170026143
S1-930158144	S2-564143998,S2-985065420,S3-391726044,S3-632092105
S1-9306136	S2-974698805,S3-443109061,S3-77975299,S3-784338339
S1-931073229	S2-617762754,S3-820006529,S3-880821809,S3-288913992
S1-931701726	S2-419132780,S3-307801910,S3-309298144,S3-922628364
S1-932804647	S2-749112394,S2-596320466,S2-807682901,S3-815947062,S3-244961263
S1-932808595	S2-375833631,S3-84687992
S1-933033274	S2-592366139,S3-637792648,S3-58527988,S3-476239994
S1-933415827	S2-18093694,S2-802784142,S3-139614569,S3-505824016
S1-933589924	
S1-934003476	S2-852821507,S2-468966787,S3-894103431
S1-934366401	S2-864871030,S2-375162972,S3-798152863
S1-934706080	S2-728326356,S2-539797174,S3-477999931
S1-934827282	S2-622552475,S3-920704479,S3-724410749
S1-935481995	S2-344887666,S2-680829171,S2-433200298,S3-231276244,S3-736351358
S1-93570523	S2-745881384,S3-47514973
S1-935726971	S2-936165908,S2-112135834,S2-718376814,S2-532210494,S3-654755347,S3-968526472
S1-936115324	S2-926874499,S2-263688085,S2-235324443,S3-973173239,S3-522310195
S1-936206114	S2-923572803,S3-319828793,S3-647641997
S1-936432552	S2-241859982,S3-372223053
S1-937822241	S2-898950576,S2-25671971,S2-809720179,S2-759759864,S3-486237414
S1-937889575	S2-107328570,S2-108012694,S3-440743063,S3-698006124
S1-937935548	S2-881446017,S2-505685597,S2-908401810,S2-998792549,S2-804774274,S3-644432843
S1-938036749	S2-758506900,S2-924916579,S2-974211708,S3-594911380,S3-636062016,S3-535515588
S1-938092819	S3-860723114,S3-142479434,S3-109671600
S1-938168520	S2-264734759,S3-127198618,S3-712602559,S3-667391594
S1-938180046	S2-659887383,S2-53603175,S3-649908877,S3-958738783,S3-185830354,S3-887255272
S1-938220224	S2-528549843,S2-892309908,S2-202655897,S3-664756518,S3-756951665,S3-178415999,S3-751676658
S1-93843316	S2-839706772,S2-641570604,S2-835653830,S2-563073,S3-446557194,S3-807887946
S1-938469204	S2-198106293,S3-624922357,S3-698191427
S1-938848060	S2-8505349,S3-196600168,S3-341995220
S1-938924631	S2-574780231,S2-745921510,S3-63137344,S3-110991076,S3-597567965
S1-938947364	S2-159830603,S3-544960509,S3-268060208
S1-939019335	S2-209119157,S2-746446029,S3-813558782
S1-939101313	S2-61445246,S3-105621455,S3-954360491,S3-456112123
S1-939272137	S2-502229368,S2-80246501,S3-831408824,S3-349547757
S1-939445258	S2-805167102,S2-142992369,S3-241469361,S3-632916220
S1-939457926	S2-139840230,S2-859791748,S2-387259737,S2-435442025
S1-939490688	S2-510278810,S3-942354631,S3-940133236
S1-940151781	
S1-940169277	S2-670416036,S2-765562924,S3-796149383
S1-940484043	S2-804462461,S2-842826465,S3-783317988,S3-430246156,S3-141078543,S3-867305404
S1-941002124	S2-952522373,S2-638358881,S2-866474077,S3-290723657,S3-505084288
S1-941108817	S2-524514857,S2-455871992,S2-148325253,S3-130183293,S3-962950016
S1-941261133	S2-83203538,S3-738953043,S3-192129105
S1-941624670	S2-615813370,S3-28426329
S1-942384126	S2-324934680,S2-365894137,S3-110868255
S1-942747562	S2-588628346,S3-821666556
S1-94437047	S2-954709173,S2-619333701,S3-860440520
S1-944463422	S2-197268657,S2-511952059,S2-701704815,S3-783210269,S3-337650118,S3-649440288
S1-94463182	S3-432287606
S1-944986698	S2-718158929,S3-619965492,S3-50964635,S3-406492738
S1-945037506	S2-861259394,S3-163000717
S1-945163293	S2-194037265,S2-735170428,S3-586549413,S3-792139989,S3-549747077,S3-793887036
S1-945253422	S2-267333196,S2-356332679,S2-839342783,S3-284580066,S3-132452585,S3-795570110
S1-945381654	S2-336235726,S3-731454267,S3-139233218
S1-945774035	S2-183785988,S2-294019458,S2-680467806,S2-870187836,S3-518366938,S3-701496714,S3-108633741
S1-945887435	S2-591835674
S1-945924704	S2-752395454,S2-630911392,S3-65071031,S3-136097792
S1-946261562	S2-419321170,S2-661084762,S2-147208635,S2-393447334,S3-256066355,S3-103468400,S3-216745998
S1-946372996	S2-637799796,S2-684087508
S1-946746404	S2-599824795,S3-809265622
S1-946780862	S2-677389313,S2-455420084,S2-500051383,S3-542004037
S1-94703561	S2-833716779,S2-156981301,S3-30164381,S3-768916154,S3-385935703
S1-947563235	S2-646891361,S3-51759537,S3-151348292,S3-631477158,S3-222537562
S1-94816449	S2-452728171,S2-788970928,S3-241280708,S3-822434069
S1-948342376	
S1-948387568	S2-949532624,S3-477151963,S3-380995991
S1-949002960	
S1-949050538	S2-569448794,S2-786472208,S2-405531401,S2-406810865,S3-485150334,S3-492426669
S1-949674979	S2-726561522,S2-821692117,S2-877319141,S3-670907870,S3-289466778,S3-380052396
S1-950328068	S2-783654262,S3-604575230
S1-950459000	S2-309113779,S3-47277660
S1-951433056	S2-398388666,S2-553635389,S2-491675548,S3-99746792
S1-951550016	S2-351865113,S2-11820499,S3-32670397,S3-383892,S3-868875306
S1-951588247	S2-267995790,S3-733356015,S3-552327008
S1-951832034	S2-691046787,S2-408677307,S3-287163256,S3-51230522,S3-845426456,S3-402101530
S1-952605107	S2-831799660,S3-241249398
S1-952690804	S2-67496485,S3-558127027,S3-574271801
S1-952774802	S2-854387168,S2-25060208,S2-10226180,S3-880488284
S1-952825621	S2-995667092,S2-448154506,S3-171624109
S1-952865119	S2-740817160,S2-107071192,S2-5062742,S3-17493899,S3-152288304
S1-95328301	S2-427039401,S3-446012751
S1-953976149	S2-745518024,S2-889322623,S3-994679662,S3-699071910,S3-97527019
S1-954373687	S2-105498402,S2-859847640,S2-476444971,S2-716580700,S3-160213595,S3-969374224
S1-954375751	S2-359813010,S3-977610582,S3-888121263
S1-95459299	S2-323589679,S3-904905170,S3-700780318
S1-954782176	S3-581942815,S3-858380605
S1-954820642	S2-164126185,S3-174474008
S1-95539352	S2-95752927,S3-50908973,S3-278954771,S3-72558706
S1-955596854	S2-740083571,S2-731118828,S3-310417710,S3-16906411
S1-955841937	S3-303712116,S3-709155747
S1-955906277	S2-854997143,S2-962675020
S1-956068321	S2-490232316,S3-391936800
S1-956518050	S2-888435851,S2-251519529,S3-14698536
S1-9568196	S2-114881528,S2-316408957,S3-45978255
S1-956955306	S2-220050184,S2-435514026,S2-747354862,S3-799945408
S1-95744127	S2-727073536,S2-656541052,S3-179312137,S3-379039764
S1-95746959	S2-992497532,S2-808273792,S2-997826504,S3-587027140
S1-957761249	S2-914840273,S2-281389714,S2-250660112,S2-614273598,S3-457633140,S3-528200984,S3-94986780,S3-550859210,S3-291848866
S1-957906203	S2-977720807,S3-227447751
S1-958016851	S2-526135,S2-763374177,S2-765180306,S2-879399136,S3-222487454,S3-394292531
S1-958297307	S2-753140238,S2-180499790,S3-103154542,S3-278439020
S1-959140734	
S1-959226634	S2-385952453,S3-264970951
S1-959240622	S2-655641471,S3-242006340,S3-816170892,S3-388872178
S1-959596193	
S1-959673805	S2-965431294,S2-260843358,S3-936302297,S3-565138211,S3-80197339
S1-959952628	S2-647695665,S2-533731798,S2-249055847,S3-125985129
S1-960182443	S2-457877771,S2-850046906,S3-886122066
S1-960187011	S2-143703340,S2-692739547,S3-399858001
S1-960355473	S2-443666785,S2-610636944,S3-558846856,S3-763567873,S3-6697299
S1-9606988	S2-681517374,S3-667075096
S1-961185762	S3-591126416,S3-943595684
S1-961234533	S2-648390444,S2-169302112,S2-913946536,S2-408754016,S3-323332349,S3-118368016
S1-961351838	S2-209993110,S3-102679277,S3-226337568
S1-96157898	S2-965235353,S2-802733223,S3-76794699
S1-961623290	S2-759961153,S2-92087070,S3-934672681,S3-355784820
S1-961750321	S2-337466544,S2-870034033,S2-500124057,S3-397026696
S1-963274337	S2-446930748,S2-272873790,S3-940110775
S1-963433189	S2-737275836,S2-782436015,S3-858504044,S3-434848749,S3-234832766,S3-833197204
S1-963573260	S2-269005803,S3-956972725,S3-346286357
S1-963616173	S2-161426547,S2-538415264
S1-963920547	S2-306472331,S3-875101178,S3-748801481
S1-963966855	S2-102591665,S2-515944275,S3-439655698,S3-164195993
S1-964043943	S2-134576009,S3-688260510
S1-964134328	S2-83225130,S2-44600069,S2-540026918,S2-881235722,S3-839835016
S1-96425143	S3-984609390
S1-964942400	S2-443951308,S3-201730973,S3-924954226
S1-965220880	S2-702719930,S3-555129043,S3-27905705,S3-599211801
S1-965347336	S2-557766441,S2-948261120,S3-98001854,S3-502583744,S3-25309804
S1-965524997	
S1-966430807	S2-216457041,S3-341141517
S1-966975112	S2-364415515,S2-12932737,S2-360515249,S3-92747296
S1-967115736	S2-554421398,S2-895941351,S2-878252099,S3-740537362
S1-967259125	S2-328025070,S2-132770114,S2-418780768,S2-337443772,S3-442695830
S1-967303502	S2-984365715,S3-64405343,S3-484487622,S3-943110723
S1-967691965	S2-54860080,S2-718965433,S3-631051227,S3-975625117
S1-967751721	S2-375000485,S2-99444040,S3-240664491
S1-967754583	S2-151283905,S3-219555830
S1-968139069	S2-651179410,S2-217125403,S2-809924899,S2-189429254,S3-163295180
S1-968250858	S2-629904139,S2-67032606,S3-118428975
S1-968410007	S2-961482694,S3-12892049,S3-826522159,S3-954091636
S1-968779768	S2-828929870,S2-813198646,S3-949120296,S3-212887984
S1-969403285	S2-357075986,S2-779346514,S2-545662886,S3-867737351
S1-969793169	S2-222503340,S2-776472199,S2-784328059,S3-502179780,S3-950476804,S3-892224292
S1-970563629	S2-190885081,S2-920063574,S2-463453189,S3-898975774,S3-45379951,S3-544181169
S1-970668602	S2-635128509,S2-367870783,S3-668549929,S3-649315307,S3-435609770
S1-970720582	S2-692525816,S3-925315481
S1-970880601	S2-313445742,S2-480254318,S3-802222211
S1-970887052	S2-570122076,S2-63504948
S1-971090829	S2-457075197,S2-158966225,S2-121866160,S2-579363869,S3-116701715
S1-97176033	S2-70702077,S2-682551972,S3-920892404,S3-325382850,S3-581985190
S1-972452680	S2-524713333,S2-534126090,S2-979134871,S3-625003577,S3-69294053,S3-170757399
S1-972717766	
S1-973078151	S2-613224956,S2-979310766,S2-517469621,S3-544763532,S3-559728240,S3-439312690
S1-9730963	S2-768021392,S2-165977841
S1-973332353	
S1-973583761	
S1-973936431	S2-59673302,S2-343303661,S3-341693750
S1-974637492	S2-568725776,S2-810335919,S3-392401742,S3-77064501,S3-387207245
S1-974697730	S2-556487790,S3-684774357,S3-655287132,S3-245671664
S1-974705552	S2-128521927,S2-863181586,S3-526090800
S1-974907683	S2-134743238,S2-313155520,S3-904326456,S3-9667402
S1-97540739	S2-516339815,S2-368525598,S2-791392248,S3-373736395,S3-728964461,S3-776493699,S3-903685016,S3-872864359
S1-975412735	S2-160071093,S2-688089654,S2-784038194,S3-454316628
S1-975797180	S2-789778292
S1-975869163	S2-907804452,S2-332168227,S2-878232031,S2-465241102,S3-922181967,S3-656006972
S1-976150307	S2-837655809,S2-748109409,S3-76612097,S3-388057833,S3-137263496,S3-760045667
S1-976426209	S2-248147134,S2-343029609,S2-28575462,S3-107454799,S3-678744696
S1-976485117	S2-742581448,S3-920032449,S3-229686554,S3-158047009,S3-76938773,S3-300802275
S1-976918844	S2-608363667,S2-151787972,S3-688417919
S1-977157917	S2-538173441,S3-731084170,S3-16941816
S1-977171705	S2-377234765,S2-354306523,S2-708417474,S2-824882560,S3-688334220,S3-291067615,S3-421379229
S1-978280958	S3-275203112,S3-209596990
S1-978632804	S2-913101766,S2-112226025
S1-978639418	S2-796650437,S2-23007693,S3-552927272,S3-690978549,S3-502486849,S3-777976415
S1-978737847	S2-42618521,S3-382498451,S3-989245223,S3-4204995
S1-97942542	S2-904188636,S3-301989623,S3-223764583,S3-719303312,S3-125936517
S1-979621542	S2-12991038,S2-658300587,S2-829775943,S3-809456175,S3-536475049,S3-999133820,S3-315989076,S3-681736651
S1-980390394	S3-768457140
S1-980481856	S2-491411370,S3-457505674
S1-980571025	
S1-981623181	S2-105776510,S3-363498976,S3-309174052
S1-981830962	S2-659652431,S3-591075568
S1-981924649	S2-435575363,S2-557364800,S3-987478345,S3-320763150,S3-259820583
S1-981925901	S2-835576642,S3-68295852,S3-308381813
S1-981994556	S2-989076315,S3-603379227,S3-324843811
S1-98225343	S2-189716766,S3-957287320
S1-982291788	S2-896131179,S3-273912917,S3-325415312
S1-982416165	S2-243763104,S2-394251351,S3-571412606,S3-663561526
S1-98259133	S2-473757647,S3-611287589
S1-982974585	S2-4505397,S3-250741188,S3-446083997
S1-983198006	S2-715901202
S1-98323209	S2-899557202,S2-31507054,S3-763434414,S3-658731440
S1-983248998	S2-431560599,S2-72906543,S3-980810877,S3-525743501,S3-693477857,S3-171164351
S1-983540069	S2-859028958,S2-4190133,S3-435171628,S3-18925596,S3-611345729,S3-128967763
S1-983771160	S2-973618083,S3-250206434,S3-61594739
S1-98402215	S2-246033188,S2-993240138,S2-602829533,S3-624465228,S3-953773645
S1-984025934	S2-507287370,S2-966386143,S2-628091481,S3-86793640,S3-97838567,S3-990195188,S3-313079213
S1-984429646	S2-220749359,S2-862561867,S3-975024769,S3-887261962,S3-458617417
S1-984672426	S2-368160337,S3-409671238,S3-655998217,S3-259796469
S1-984787640	S2-431570928,S2-584642909,S3-723804103,S3-958788557,S3-473339922
S1-985126345	S2-785263624,S2-607920583,S2-79091552,S3-791551715,S3-843224623,S3-812625536
S1-985197852	S2-24726458,S2-58659003,S3-811721598
S1-985652160	S2-406642416,S3-504496235,S3-615826091
S1-985791571	S2-95670065,S3-733737440,S3-116283256
S1-986199922	S2-4604478,S2-491493619,S3-457572992,S3-97181667
S1-986470370	S2-250449115,S2-170348684,S3-381950181,S3-953558147
S1-986793668	S2-239944107,S2-129329029,S3-320972710,S3-764608293
S1-986840295	S2-299296375,S2-434170203,S3-881497081,S3-656046610
S1-986996515	S2-382275728,S3-683307909,S3-96164280,S3-550163316,S3-622742174
S1-987633901	S2-269075136,S3-520331981,S3-722473188,S3-530317684
S1-987749650	S2-143283850,S2-691121487,S2-617068074,S3-479052524,S3-524054267
S1-988224648	S2-496328612,S2-84023353,S3-322151311
S1-988630610	S2-667928423,S2-512114912,S2-326068794,S3-826255001
S1-988708229	S2-894790939,S2-707158229
S1-990032352	
S1-990135066	S3-863995751
S1-990408697	S2-610496532,S2-222659857,S3-590499701
S1-990775370	
S1-990962376	S2-447958878,S2-355563140,S3-303884770,S3-68341590,S3-687431893,S3-747386951
S1-992548042	S2-916280192,S2-362327253,S2-42198318,S3-601342762,S3-378044678
S1-992567987	S2-947950779,S2-957936048,S2-901223558,S3-210848250,S3-687213973,S3-614360710
S1-992735302	S3-93367042
S1-993002499	S2-49296907
S1-993033030	S2-757297488,S2-292614725,S3-838049202,S3-354428837,S3-613357270
S1-994289509	S3-648282718
S1-994417851	S2-645708553,S3-552934419
S1-994632458	S2-707204211,S2-827814365
S1-994634360	S2-375768956,S2-500818259,S3-555559408,S3-295684289,S3-543148981
S1-995723024	S2-43833170,S2-823629319
S1-996425196	S2-841861544,S2-22383943,S2-608169002,S3-138681824
S1-996507806	S2-847992560,S2-116324647,S3-241703178,S3-717246589
S1-996966863	S2-721194052,S2-878795478,S3-842080279,S3-597801641,S3-279978205
S1-997120663	S2-994370228,S2-507750810,S3-272539764,S3-670359773,S3-93858821
S1-997417869	S2-674549647,S3-950188607,S3-941535803,S3-733099800
S1-997580527	S2-382686301,S2-540673118,S2-839824103,S3-822476660
S1-997708003	S3-719149749,S3-35381348
S1-997731506	S2-208204396,S2-749005505,S2-998213271,S2-583784624,S3-856698930,S3-905077097,S3-55748859
S1-998104207	S2-385507502,S2-707835705,S2-226592108,S3-781386412
S1-998643184	S2-808746499,S3-156524979
S1-998932505	S2-683206454,S2-357403624,S3-983221162
S1-999927080	S2-512865236,S3-814573886
